/*
This file is part of Giswater 3
The program is free software: you can redistribute it and/or modify it under the terms of the GNU General Public License as published by the Free Software Foundation, either version 3 of the License, or (at your option) any later version.
This version of Giswater is provided by Giswater Association
*/

SET search_path = "SCHEMA_NAME", public, pg_catalog;


INSERT INTO inp_conduit VALUES ('A133', NULL, NULL, NULL, NULL, NULL, NULL, NULL, NULL, NULL, NULL);
INSERT INTO inp_conduit VALUES ('A134', NULL, NULL, NULL, NULL, NULL, NULL, NULL, NULL, NULL, NULL);
INSERT INTO inp_conduit VALUES ('A135', NULL, NULL, NULL, NULL, NULL, NULL, NULL, NULL, NULL, NULL);
INSERT INTO inp_conduit VALUES ('A136', NULL, NULL, NULL, NULL, NULL, NULL, NULL, NULL, NULL, NULL);
INSERT INTO inp_conduit VALUES ('A137', NULL, NULL, NULL, NULL, NULL, NULL, NULL, NULL, NULL, NULL);
INSERT INTO inp_conduit VALUES ('A138', NULL, NULL, NULL, NULL, NULL, NULL, NULL, NULL, NULL, NULL);
INSERT INTO inp_conduit VALUES ('A139', NULL, NULL, NULL, NULL, NULL, NULL, NULL, NULL, NULL, NULL);
INSERT INTO inp_conduit VALUES ('A140', NULL, NULL, NULL, NULL, NULL, NULL, NULL, NULL, NULL, NULL);
INSERT INTO inp_conduit VALUES ('A141', NULL, NULL, NULL, NULL, NULL, NULL, NULL, NULL, NULL, NULL);
INSERT INTO inp_conduit VALUES ('A142', NULL, NULL, NULL, NULL, NULL, NULL, NULL, NULL, NULL, NULL);
INSERT INTO inp_conduit VALUES ('A143', NULL, NULL, NULL, NULL, NULL, NULL, NULL, NULL, NULL, NULL);
INSERT INTO inp_conduit VALUES ('A144', NULL, NULL, NULL, NULL, NULL, NULL, NULL, NULL, NULL, NULL);
INSERT INTO inp_conduit VALUES ('A145', NULL, NULL, NULL, NULL, NULL, NULL, NULL, NULL, NULL, NULL);
INSERT INTO inp_conduit VALUES ('A146', NULL, NULL, NULL, NULL, NULL, NULL, NULL, NULL, NULL, NULL);
INSERT INTO inp_conduit VALUES ('A147', NULL, NULL, NULL, NULL, NULL, NULL, NULL, NULL, NULL, NULL);
INSERT INTO inp_conduit VALUES ('A148', NULL, NULL, NULL, NULL, NULL, NULL, NULL, NULL, NULL, NULL);
INSERT INTO inp_conduit VALUES ('A149', NULL, NULL, NULL, NULL, NULL, NULL, NULL, NULL, NULL, NULL);
INSERT INTO inp_conduit VALUES ('A150', NULL, NULL, NULL, NULL, NULL, NULL, NULL, NULL, NULL, NULL);
INSERT INTO inp_conduit VALUES ('A151', NULL, NULL, NULL, NULL, NULL, NULL, NULL, NULL, NULL, NULL);
INSERT INTO inp_conduit VALUES ('A152', NULL, NULL, NULL, NULL, NULL, NULL, NULL, NULL, NULL, NULL);
INSERT INTO inp_conduit VALUES ('A153', NULL, NULL, NULL, NULL, NULL, NULL, NULL, NULL, NULL, NULL);
INSERT INTO inp_conduit VALUES ('A154', NULL, NULL, NULL, NULL, NULL, NULL, NULL, NULL, NULL, NULL);
INSERT INTO inp_conduit VALUES ('A155', NULL, NULL, NULL, NULL, NULL, NULL, NULL, NULL, NULL, NULL);
INSERT INTO inp_conduit VALUES ('A156', NULL, NULL, NULL, NULL, NULL, NULL, NULL, NULL, NULL, NULL);
INSERT INTO inp_conduit VALUES ('A158', NULL, NULL, NULL, NULL, NULL, NULL, NULL, NULL, NULL, NULL);
INSERT INTO inp_conduit VALUES ('A159', NULL, NULL, NULL, NULL, NULL, NULL, NULL, NULL, NULL, NULL);
INSERT INTO inp_conduit VALUES ('A160', NULL, NULL, NULL, NULL, NULL, NULL, NULL, NULL, NULL, NULL);
INSERT INTO inp_conduit VALUES ('A161', NULL, NULL, NULL, NULL, NULL, NULL, NULL, NULL, NULL, NULL);
INSERT INTO inp_conduit VALUES ('A163', NULL, NULL, NULL, NULL, NULL, NULL, NULL, NULL, NULL, NULL);
INSERT INTO inp_conduit VALUES ('A164', NULL, NULL, NULL, NULL, NULL, NULL, NULL, NULL, NULL, NULL);
INSERT INTO inp_conduit VALUES ('A165', NULL, NULL, NULL, NULL, NULL, NULL, NULL, NULL, NULL, NULL);
INSERT INTO inp_conduit VALUES ('A166', NULL, NULL, NULL, NULL, NULL, NULL, NULL, NULL, NULL, NULL);
INSERT INTO inp_conduit VALUES ('A167', NULL, NULL, NULL, NULL, NULL, NULL, NULL, NULL, NULL, NULL);
INSERT INTO inp_conduit VALUES ('A168', NULL, NULL, NULL, NULL, NULL, NULL, NULL, NULL, NULL, NULL);
INSERT INTO inp_conduit VALUES ('A169', NULL, NULL, NULL, NULL, NULL, NULL, NULL, NULL, NULL, NULL);
INSERT INTO inp_conduit VALUES ('A170', NULL, NULL, NULL, NULL, NULL, NULL, NULL, NULL, NULL, NULL);
INSERT INTO inp_conduit VALUES ('A171', NULL, NULL, NULL, NULL, NULL, NULL, NULL, NULL, NULL, NULL);
INSERT INTO inp_conduit VALUES ('A172', NULL, NULL, NULL, NULL, NULL, NULL, NULL, NULL, NULL, NULL);
INSERT INTO inp_conduit VALUES ('A173', NULL, NULL, NULL, NULL, NULL, NULL, NULL, NULL, NULL, NULL);
INSERT INTO inp_conduit VALUES ('A174', NULL, NULL, NULL, NULL, NULL, NULL, NULL, NULL, NULL, NULL);
INSERT INTO inp_conduit VALUES ('A175', NULL, NULL, NULL, NULL, NULL, NULL, NULL, NULL, NULL, NULL);
INSERT INTO inp_conduit VALUES ('A176', NULL, NULL, NULL, NULL, NULL, NULL, NULL, NULL, NULL, NULL);
INSERT INTO inp_conduit VALUES ('A177', NULL, NULL, NULL, NULL, NULL, NULL, NULL, NULL, NULL, NULL);
INSERT INTO inp_conduit VALUES ('A178', NULL, NULL, NULL, NULL, NULL, NULL, NULL, NULL, NULL, NULL);
INSERT INTO inp_conduit VALUES ('A179', NULL, NULL, NULL, NULL, NULL, NULL, NULL, NULL, NULL, NULL);
INSERT INTO inp_conduit VALUES ('A180', NULL, NULL, NULL, NULL, NULL, NULL, NULL, NULL, NULL, NULL);
INSERT INTO inp_conduit VALUES ('A181', NULL, NULL, NULL, NULL, NULL, NULL, NULL, NULL, NULL, NULL);
INSERT INTO inp_conduit VALUES ('A182', NULL, NULL, NULL, NULL, NULL, NULL, NULL, NULL, NULL, NULL);
INSERT INTO inp_conduit VALUES ('A183', NULL, NULL, NULL, NULL, NULL, NULL, NULL, NULL, NULL, NULL);
INSERT INTO inp_conduit VALUES ('A184', NULL, NULL, NULL, NULL, NULL, NULL, NULL, NULL, NULL, NULL);
INSERT INTO inp_conduit VALUES ('A185', NULL, NULL, NULL, NULL, NULL, NULL, NULL, NULL, NULL, NULL);
INSERT INTO inp_conduit VALUES ('A186', NULL, NULL, NULL, NULL, NULL, NULL, NULL, NULL, NULL, NULL);
INSERT INTO inp_conduit VALUES ('A187', NULL, NULL, NULL, NULL, NULL, NULL, NULL, NULL, NULL, NULL);
INSERT INTO inp_conduit VALUES ('A188', NULL, NULL, NULL, NULL, NULL, NULL, NULL, NULL, NULL, NULL);
INSERT INTO inp_conduit VALUES ('A189', NULL, NULL, NULL, NULL, NULL, NULL, NULL, NULL, NULL, NULL);
INSERT INTO inp_conduit VALUES ('A190', NULL, NULL, NULL, NULL, NULL, NULL, NULL, NULL, NULL, NULL);
INSERT INTO inp_conduit VALUES ('A191', NULL, NULL, NULL, NULL, NULL, NULL, NULL, NULL, NULL, NULL);
INSERT INTO inp_conduit VALUES ('A192', NULL, NULL, NULL, NULL, NULL, NULL, NULL, NULL, NULL, NULL);
INSERT INTO inp_conduit VALUES ('A193', NULL, NULL, NULL, NULL, NULL, NULL, NULL, NULL, NULL, NULL);
INSERT INTO inp_conduit VALUES ('A194', NULL, NULL, NULL, NULL, NULL, NULL, NULL, NULL, NULL, NULL);
INSERT INTO inp_conduit VALUES ('A195', NULL, NULL, NULL, NULL, NULL, NULL, NULL, NULL, NULL, NULL);
INSERT INTO inp_conduit VALUES ('A196', NULL, NULL, NULL, NULL, NULL, NULL, NULL, NULL, NULL, NULL);
INSERT INTO inp_conduit VALUES ('A197', NULL, NULL, NULL, NULL, NULL, NULL, NULL, NULL, NULL, NULL);
INSERT INTO inp_conduit VALUES ('A198', NULL, NULL, NULL, NULL, NULL, NULL, NULL, NULL, NULL, NULL);
INSERT INTO inp_conduit VALUES ('A199', NULL, NULL, NULL, NULL, NULL, NULL, NULL, NULL, NULL, NULL);
INSERT INTO inp_conduit VALUES ('A200', NULL, NULL, NULL, NULL, NULL, NULL, NULL, NULL, NULL, NULL);
INSERT INTO inp_conduit VALUES ('A201', NULL, NULL, NULL, NULL, NULL, NULL, NULL, NULL, NULL, NULL);
INSERT INTO inp_conduit VALUES ('A202', NULL, NULL, NULL, NULL, NULL, NULL, NULL, NULL, NULL, NULL);
INSERT INTO inp_conduit VALUES ('A203', NULL, NULL, NULL, NULL, NULL, NULL, NULL, NULL, NULL, NULL);
INSERT INTO inp_conduit VALUES ('A204', NULL, NULL, NULL, NULL, NULL, NULL, NULL, NULL, NULL, NULL);
INSERT INTO inp_conduit VALUES ('A205', NULL, NULL, NULL, NULL, NULL, NULL, NULL, NULL, NULL, NULL);
INSERT INTO inp_conduit VALUES ('A206', NULL, NULL, NULL, NULL, NULL, NULL, NULL, NULL, NULL, NULL);
INSERT INTO inp_conduit VALUES ('A207', NULL, NULL, NULL, NULL, NULL, NULL, NULL, NULL, NULL, NULL);
INSERT INTO inp_conduit VALUES ('A210', NULL, NULL, NULL, NULL, NULL, NULL, NULL, NULL, NULL, NULL);
INSERT INTO inp_conduit VALUES ('A211', NULL, NULL, NULL, NULL, NULL, NULL, NULL, NULL, NULL, NULL);
INSERT INTO inp_conduit VALUES ('A212', NULL, NULL, NULL, NULL, NULL, NULL, NULL, NULL, NULL, NULL);
INSERT INTO inp_conduit VALUES ('A213', NULL, NULL, NULL, NULL, NULL, NULL, NULL, NULL, NULL, NULL);
INSERT INTO inp_conduit VALUES ('A214', NULL, NULL, NULL, NULL, NULL, NULL, NULL, NULL, NULL, NULL);
INSERT INTO inp_conduit VALUES ('A215', NULL, NULL, NULL, NULL, NULL, NULL, NULL, NULL, NULL, NULL);
INSERT INTO inp_conduit VALUES ('A216', NULL, NULL, NULL, NULL, NULL, NULL, NULL, NULL, NULL, NULL);
INSERT INTO inp_conduit VALUES ('A217', NULL, NULL, NULL, NULL, NULL, NULL, NULL, NULL, NULL, NULL);
INSERT INTO inp_conduit VALUES ('A218', NULL, NULL, NULL, NULL, NULL, NULL, NULL, NULL, NULL, NULL);
INSERT INTO inp_conduit VALUES ('A219', NULL, NULL, NULL, NULL, NULL, NULL, NULL, NULL, NULL, NULL);
INSERT INTO inp_conduit VALUES ('A220', NULL, NULL, NULL, NULL, NULL, NULL, NULL, NULL, NULL, NULL);
INSERT INTO inp_conduit VALUES ('A221', NULL, NULL, NULL, NULL, NULL, NULL, NULL, NULL, NULL, NULL);
INSERT INTO inp_conduit VALUES ('A222', NULL, NULL, NULL, NULL, NULL, NULL, NULL, NULL, NULL, NULL);
INSERT INTO inp_conduit VALUES ('A223', NULL, NULL, NULL, NULL, NULL, NULL, NULL, NULL, NULL, NULL);
INSERT INTO inp_conduit VALUES ('A224', NULL, NULL, NULL, NULL, NULL, NULL, NULL, NULL, NULL, NULL);
INSERT INTO inp_conduit VALUES ('A225', NULL, NULL, NULL, NULL, NULL, NULL, NULL, NULL, NULL, NULL);
INSERT INTO inp_conduit VALUES ('A226', NULL, NULL, NULL, NULL, NULL, NULL, NULL, NULL, NULL, NULL);
INSERT INTO inp_conduit VALUES ('A227', NULL, NULL, NULL, NULL, NULL, NULL, NULL, NULL, NULL, NULL);
INSERT INTO inp_conduit VALUES ('A228', NULL, NULL, NULL, NULL, NULL, NULL, NULL, NULL, NULL, NULL);
INSERT INTO inp_conduit VALUES ('A229', NULL, NULL, NULL, NULL, NULL, NULL, NULL, NULL, NULL, NULL);
INSERT INTO inp_conduit VALUES ('A231', NULL, NULL, NULL, NULL, NULL, NULL, NULL, NULL, NULL, NULL);
INSERT INTO inp_conduit VALUES ('A232', NULL, NULL, NULL, NULL, NULL, NULL, NULL, NULL, NULL, NULL);
INSERT INTO inp_conduit VALUES ('A235', NULL, NULL, NULL, NULL, NULL, NULL, NULL, NULL, NULL, NULL);
INSERT INTO inp_conduit VALUES ('A236', NULL, NULL, NULL, NULL, NULL, NULL, NULL, NULL, NULL, NULL);
INSERT INTO inp_conduit VALUES ('A237', NULL, NULL, NULL, NULL, NULL, NULL, NULL, NULL, NULL, NULL);
INSERT INTO inp_conduit VALUES ('A238', NULL, NULL, NULL, NULL, NULL, NULL, NULL, NULL, NULL, NULL);
INSERT INTO inp_conduit VALUES ('A239', NULL, NULL, NULL, NULL, NULL, NULL, NULL, NULL, NULL, NULL);
INSERT INTO inp_conduit VALUES ('A240', NULL, NULL, NULL, NULL, NULL, NULL, NULL, NULL, NULL, NULL);
INSERT INTO inp_conduit VALUES ('A242', NULL, NULL, NULL, NULL, NULL, NULL, NULL, NULL, NULL, NULL);
INSERT INTO inp_conduit VALUES ('A244', NULL, NULL, NULL, NULL, NULL, NULL, NULL, NULL, NULL, NULL);
INSERT INTO inp_conduit VALUES ('A245', NULL, NULL, NULL, NULL, NULL, NULL, NULL, NULL, NULL, NULL);
INSERT INTO inp_conduit VALUES ('A246', NULL, NULL, NULL, NULL, NULL, NULL, NULL, NULL, NULL, NULL);
INSERT INTO inp_conduit VALUES ('A251', NULL, NULL, NULL, NULL, NULL, NULL, NULL, NULL, NULL, NULL);
INSERT INTO inp_conduit VALUES ('A157', NULL, NULL, NULL, NULL, NULL, NULL, NULL, NULL, NULL, NULL);
INSERT INTO inp_conduit VALUES ('A252', NULL, NULL, NULL, NULL, NULL, NULL, NULL, NULL, NULL, NULL);
INSERT INTO inp_conduit VALUES ('18776', NULL, NULL, NULL, NULL, NULL, NULL, NULL, NULL, NULL, NULL);
INSERT INTO inp_conduit VALUES ('18777', NULL, NULL, NULL, NULL, NULL, NULL, NULL, NULL, NULL, NULL);
INSERT INTO inp_conduit VALUES ('18889', NULL, NULL, NULL, NULL, NULL, NULL, 0.0000, 0.0000, NULL, NULL);
INSERT INTO inp_conduit VALUES ('18890', NULL, NULL, NULL, NULL, NULL, NULL, 0.0000, 0.0000, NULL, NULL);
INSERT INTO inp_conduit VALUES ('18891', NULL, NULL, NULL, NULL, NULL, NULL, 0.0000, 0.0000, NULL, NULL);
INSERT INTO inp_conduit VALUES ('18892', NULL, NULL, NULL, NULL, NULL, NULL, 0.0000, 0.0000, NULL, NULL);
INSERT INTO inp_conduit VALUES ('18893', NULL, NULL, NULL, NULL, NULL, NULL, 0.0000, 0.0000, NULL, NULL);
INSERT INTO inp_conduit VALUES ('18894', NULL, NULL, NULL, NULL, NULL, NULL, 0.0000, 0.0000, NULL, NULL);
INSERT INTO inp_conduit VALUES ('18895', NULL, NULL, NULL, NULL, NULL, NULL, 0.0000, 0.0000, NULL, NULL);
INSERT INTO inp_conduit VALUES ('18898', NULL, NULL, NULL, NULL, NULL, NULL, 0.0000, 0.0000, NULL, NULL);
INSERT INTO inp_conduit VALUES ('18899', NULL, NULL, NULL, NULL, NULL, NULL, 0.0000, 0.0000, NULL, NULL);
INSERT INTO inp_conduit VALUES ('18900', NULL, NULL, NULL, NULL, NULL, NULL, 0.0000, 0.0000, NULL, NULL);
INSERT INTO inp_conduit VALUES ('18901', NULL, NULL, NULL, NULL, NULL, NULL, 0.0000, 0.0000, NULL, NULL);
INSERT INTO inp_conduit VALUES ('18902', NULL, NULL, NULL, NULL, NULL, NULL, 0.0000, 0.0000, NULL, NULL);
INSERT INTO inp_conduit VALUES ('18903', NULL, NULL, NULL, NULL, NULL, NULL, 0.0000, 0.0000, NULL, NULL);
INSERT INTO inp_conduit VALUES ('18904', NULL, NULL, NULL, NULL, NULL, NULL, 0.0000, 0.0000, NULL, NULL);
INSERT INTO inp_conduit VALUES ('18905', NULL, NULL, NULL, NULL, NULL, NULL, 0.0000, 0.0000, NULL, NULL);
INSERT INTO inp_conduit VALUES ('18906', NULL, NULL, NULL, NULL, NULL, NULL, 0.0000, 0.0000, NULL, NULL);
INSERT INTO inp_conduit VALUES ('18907', NULL, NULL, NULL, NULL, NULL, NULL, 0.0000, 0.0000, NULL, NULL);
INSERT INTO inp_conduit VALUES ('18909', NULL, NULL, NULL, NULL, NULL, NULL, 0.0000, 0.0000, NULL, NULL);
INSERT INTO inp_conduit VALUES ('18910', NULL, NULL, NULL, NULL, NULL, NULL, 0.0000, 0.0000, NULL, NULL);
INSERT INTO inp_conduit VALUES ('18914', NULL, NULL, NULL, NULL, NULL, NULL, 0.0000, 0.0000, NULL, NULL);
INSERT INTO inp_conduit VALUES ('18915', NULL, NULL, NULL, NULL, NULL, NULL, 0.0000, 0.0000, NULL, NULL);
INSERT INTO inp_conduit VALUES ('18916', NULL, NULL, NULL, NULL, NULL, NULL, 0.0000, 0.0000, NULL, NULL);
INSERT INTO inp_conduit VALUES ('18917', NULL, NULL, NULL, NULL, NULL, NULL, 0.0000, 0.0000, NULL, NULL);
INSERT INTO inp_conduit VALUES ('18918', NULL, NULL, NULL, NULL, NULL, NULL, 0.0000, 0.0000, NULL, NULL);
INSERT INTO inp_conduit VALUES ('18919', NULL, NULL, NULL, NULL, NULL, NULL, 0.0000, 0.0000, NULL, NULL);
INSERT INTO inp_conduit VALUES ('18920', NULL, NULL, NULL, NULL, NULL, NULL, 0.0000, 0.0000, NULL, NULL);
INSERT INTO inp_conduit VALUES ('18921', NULL, NULL, NULL, NULL, NULL, NULL, 0.0000, 0.0000, NULL, NULL);
INSERT INTO inp_conduit VALUES ('18922', NULL, NULL, NULL, NULL, NULL, NULL, 0.0000, 0.0000, NULL, NULL);
INSERT INTO inp_conduit VALUES ('18923', NULL, NULL, NULL, NULL, NULL, NULL, 0.0000, 0.0000, NULL, NULL);
INSERT INTO inp_conduit VALUES ('18924', NULL, NULL, NULL, NULL, NULL, NULL, 0.0000, 0.0000, NULL, NULL);
INSERT INTO inp_conduit VALUES ('18925', NULL, NULL, NULL, NULL, NULL, NULL, 0.0000, 0.0000, NULL, NULL);
INSERT INTO inp_conduit VALUES ('18926', NULL, NULL, NULL, NULL, NULL, NULL, 0.0000, 0.0000, NULL, NULL);
INSERT INTO inp_conduit VALUES ('18927', NULL, NULL, NULL, NULL, NULL, NULL, 0.0000, 0.0000, NULL, NULL);
INSERT INTO inp_conduit VALUES ('18928', NULL, NULL, NULL, NULL, NULL, NULL, 0.0000, 0.0000, NULL, NULL);
INSERT INTO inp_conduit VALUES ('18929', NULL, NULL, NULL, NULL, NULL, NULL, 0.0000, 0.0000, NULL, NULL);
INSERT INTO inp_conduit VALUES ('18930', NULL, NULL, NULL, NULL, NULL, NULL, 0.0000, 0.0000, NULL, NULL);
INSERT INTO inp_conduit VALUES ('18931', NULL, NULL, NULL, NULL, NULL, NULL, 0.0000, 0.0000, NULL, NULL);
INSERT INTO inp_conduit VALUES ('18932', NULL, NULL, NULL, NULL, NULL, NULL, 0.0000, 0.0000, NULL, NULL);
INSERT INTO inp_conduit VALUES ('18933', NULL, NULL, NULL, NULL, NULL, NULL, 0.0000, 0.0000, NULL, NULL);
INSERT INTO inp_conduit VALUES ('18934', NULL, NULL, NULL, NULL, NULL, NULL, 0.0000, 0.0000, NULL, NULL);
INSERT INTO inp_conduit VALUES ('18935', NULL, NULL, NULL, NULL, NULL, NULL, 0.0000, 0.0000, NULL, NULL);
INSERT INTO inp_conduit VALUES ('18936', NULL, NULL, NULL, NULL, NULL, NULL, 0.0000, 0.0000, NULL, NULL);
INSERT INTO inp_conduit VALUES ('18937', NULL, NULL, NULL, NULL, NULL, NULL, 0.0000, 0.0000, NULL, NULL);
INSERT INTO inp_conduit VALUES ('18938', NULL, NULL, NULL, NULL, NULL, NULL, 0.0000, 0.0000, NULL, NULL);
INSERT INTO inp_conduit VALUES ('18939', NULL, NULL, NULL, NULL, NULL, NULL, 0.0000, 0.0000, NULL, NULL);
INSERT INTO inp_conduit VALUES ('18940', NULL, NULL, NULL, NULL, NULL, NULL, 0.0000, 0.0000, NULL, NULL);
INSERT INTO inp_conduit VALUES ('18941', NULL, NULL, NULL, NULL, NULL, NULL, 0.0000, 0.0000, NULL, NULL);
INSERT INTO inp_conduit VALUES ('18942', NULL, NULL, NULL, NULL, NULL, NULL, 0.0000, 0.0000, NULL, NULL);
INSERT INTO inp_conduit VALUES ('18944', NULL, NULL, NULL, NULL, NULL, NULL, 0.0000, 0.0000, NULL, NULL);
INSERT INTO inp_conduit VALUES ('18945', NULL, NULL, NULL, NULL, NULL, NULL, 0.0000, 0.0000, NULL, NULL);
INSERT INTO inp_conduit VALUES ('18946', NULL, NULL, NULL, NULL, NULL, NULL, 0.0000, 0.0000, NULL, NULL);
INSERT INTO inp_conduit VALUES ('18947', NULL, NULL, NULL, NULL, NULL, NULL, 0.0000, 0.0000, NULL, NULL);
INSERT INTO inp_conduit VALUES ('18948', NULL, NULL, NULL, NULL, NULL, NULL, 0.0000, 0.0000, NULL, NULL);
INSERT INTO inp_conduit VALUES ('18949', NULL, NULL, NULL, NULL, NULL, NULL, 0.0000, 0.0000, NULL, NULL);
INSERT INTO inp_conduit VALUES ('18950', NULL, NULL, NULL, NULL, NULL, NULL, 0.0000, 0.0000, NULL, NULL);
INSERT INTO inp_conduit VALUES ('18951', NULL, NULL, NULL, NULL, NULL, NULL, 0.0000, 0.0000, NULL, NULL);
INSERT INTO inp_conduit VALUES ('18952', NULL, NULL, NULL, NULL, NULL, NULL, 0.0000, 0.0000, NULL, NULL);
INSERT INTO inp_conduit VALUES ('18953', NULL, NULL, NULL, NULL, NULL, NULL, 0.0000, 0.0000, NULL, NULL);
INSERT INTO inp_conduit VALUES ('18954', NULL, NULL, NULL, NULL, NULL, NULL, 0.0000, 0.0000, NULL, NULL);
INSERT INTO inp_conduit VALUES ('18955', NULL, NULL, NULL, NULL, NULL, NULL, 0.0000, 0.0000, NULL, NULL);
INSERT INTO inp_conduit VALUES ('18957', NULL, NULL, NULL, NULL, NULL, NULL, 0.0000, 0.0000, NULL, NULL);
INSERT INTO inp_conduit VALUES ('18958', NULL, NULL, NULL, NULL, NULL, NULL, 0.0000, 0.0000, NULL, NULL);
INSERT INTO inp_conduit VALUES ('18959', NULL, NULL, NULL, NULL, NULL, NULL, 0.0000, 0.0000, NULL, NULL);
INSERT INTO inp_conduit VALUES ('18961', NULL, NULL, NULL, NULL, NULL, NULL, NULL, NULL, NULL, NULL);
INSERT INTO inp_conduit VALUES ('18962', NULL, NULL, NULL, NULL, NULL, NULL, NULL, NULL, NULL, NULL);
INSERT INTO inp_conduit VALUES ('18966', NULL, NULL, NULL, NULL, NULL, NULL, 0.0000, 0.0000, NULL, NULL);
INSERT INTO inp_conduit VALUES ('18969', NULL, NULL, NULL, NULL, NULL, NULL, 0.0000, 0.0000, NULL, NULL);
INSERT INTO inp_conduit VALUES ('18979', NULL, NULL, NULL, NULL, NULL, NULL, 0.0000, 0.0000, NULL, NULL);
INSERT INTO inp_conduit VALUES ('20576', NULL, NULL, NULL, NULL, NULL, NULL, NULL, NULL, NULL, NULL);
INSERT INTO inp_conduit VALUES ('20583', NULL, NULL, NULL, NULL, NULL, NULL, NULL, NULL, NULL, NULL);
INSERT INTO inp_conduit VALUES ('20588', NULL, NULL, NULL, NULL, NULL, NULL, NULL, NULL, NULL, NULL);
INSERT INTO inp_conduit VALUES ('20595', NULL, NULL, NULL, NULL, NULL, NULL, NULL, NULL, NULL, NULL);
INSERT INTO inp_conduit VALUES ('A209', NULL, NULL, NULL, NULL, NULL, NULL, NULL, NULL, NULL, NULL);
INSERT INTO inp_conduit VALUES ('20602', NULL, NULL, NULL, NULL, NULL, NULL, 0.0000, 0.0000, NULL, NULL);
INSERT INTO inp_conduit VALUES ('20603', NULL, NULL, NULL, NULL, NULL, NULL, 0.0000, 0.0000, NULL, NULL);
INSERT INTO inp_conduit VALUES ('20604', NULL, NULL, NULL, NULL, NULL, NULL, 0.0000, 0.0000, NULL, NULL);
INSERT INTO inp_conduit VALUES ('20605', NULL, NULL, NULL, NULL, NULL, NULL, 0.0000, 0.0000, NULL, NULL);
INSERT INTO inp_conduit VALUES ('20606', NULL, NULL, NULL, NULL, NULL, NULL, 0.0000, 0.0000, NULL, NULL);
INSERT INTO inp_conduit VALUES ('20608', NULL, NULL, NULL, NULL, NULL, NULL, NULL, NULL, NULL, NULL);

INSERT INTO inp_curve_id VALUES ('PUMP-01', 'PUMP2');
INSERT INTO inp_curve_id VALUES ('EBAR-01', 'STORAGE');
INSERT INTO inp_curve_id VALUES ('EBAR-02', 'STORAGE');
INSERT INTO inp_curve_id VALUES ('PUMP-02', 'PUMP2');

INSERT INTO inp_curve VALUES (8, 'EBAR-01', 0.000000, 17.500000);
INSERT INTO inp_curve VALUES (9, 'EBAR-01', 10.000000, 17.500000);
INSERT INTO inp_curve VALUES (1, 'PUMP-01', 10.000000, 0.016000);
INSERT INTO inp_curve VALUES (2, 'PUMP-01', 20.000000, 0.015000);
INSERT INTO inp_curve VALUES (3, 'PUMP-01', 30.000000, 0.013000);
INSERT INTO inp_curve VALUES (4, 'PUMP-01', 40.000000, 0.008000);
INSERT INTO inp_curve VALUES (14, 'EBAR-02', 0.000000, 15.000000);
INSERT INTO inp_curve VALUES (15, 'EBAR-02', 10.000000, 15.000000);
INSERT INTO inp_curve VALUES (10, 'PUMP-02', 10.000000, 0.045000);
INSERT INTO inp_curve VALUES (11, 'PUMP-02', 20.000000, 0.038000);
INSERT INTO inp_curve VALUES (12, 'PUMP-02', 30.000000, 0.035000);
INSERT INTO inp_curve VALUES (13, 'PUMP-02', 40.000000, 0.033000);


INSERT INTO inp_flwreg_pump VALUES (3, 'N238', 'A303', 1, 1, 'PUMP-01', 'ON', 2.0000, 0.4000);
INSERT INTO inp_flwreg_pump VALUES (4, 'N238', 'A303', 2, 1, 'PUMP-01', 'ON', 2.0000, 0.4000);
INSERT INTO inp_flwreg_pump VALUES (2, '18828', '18964', 1, 1, 'PUMP-02', 'ON', 2.0000, 0.4000);
INSERT INTO inp_flwreg_pump VALUES (7, 'N238', 'A303', 3, 1, 'PUMP-01', 'ON', 2.0000, 0.4000);

INSERT INTO inp_flwreg_weir VALUES (1, 'N237', 'A300', 1, 0.5, 'TRANSVERSE', 16.3500, 1.5000, NULL, NULL, 'NO', 2.0000, 2.0000, 0.0000, 0.0000, NULL);
INSERT INTO inp_flwreg_weir VALUES (2, 'N238', 'A301', 1, 1, 'TRANSVERSE', 29.0000, 1.5000, NULL, NULL, 'NO', 1.0000, 1.0000, 0.0000, 0.0000, NULL);
INSERT INTO inp_flwreg_weir VALUES (3, '18828', '18968', 1, 0.5, 'TRANSVERSE', 17.1500, 1.5000, NULL, NULL, 'NO', 1.0000, 1.0000, 0.0000, 0.0000, NULL);

INSERT INTO inp_junction VALUES ('20598', 0.0000, 0.0000, 0.0000);
INSERT INTO inp_junction VALUES ('20599', 0.0000, 0.0000, 0.0000);
INSERT INTO inp_junction VALUES ('20607', 0.0000, 0.0000, 0.0000);
INSERT INTO inp_junction VALUES ('N48', 0.0000, 0.0000, 0.0000);
INSERT INTO inp_junction VALUES ('N49', 0.0000, 0.0000, 0.0000);
INSERT INTO inp_junction VALUES ('N29', 0.0000, 0.0000, 0.0000);
INSERT INTO inp_junction VALUES ('N30', 0.0000, 0.0000, 0.0000);
INSERT INTO inp_junction VALUES ('N237', 0.0000, 0.0000, 0.0000);
INSERT INTO inp_junction VALUES ('N116', 0.0000, 0.0000, 0.0000);
INSERT INTO inp_junction VALUES ('N31', 0.0000, 0.0000, 0.0000);
INSERT INTO inp_junction VALUES ('N107', 0.0000, 0.0000, 0.0000);
INSERT INTO inp_junction VALUES ('N117', 0.0000, 0.0000, 0.0000);
INSERT INTO inp_junction VALUES ('N118', 0.0000, 0.0000, 0.0000);
INSERT INTO inp_junction VALUES ('N119', 0.0000, 0.0000, 0.0000);
INSERT INTO inp_junction VALUES ('N120', 0.0000, 0.0000, 0.0000);
INSERT INTO inp_junction VALUES ('N43', 0.0000, 0.0000, 0.0000);
INSERT INTO inp_junction VALUES ('N35', 0.0000, 0.0000, 0.0000);
INSERT INTO inp_junction VALUES ('N36', 0.0000, 0.0000, 0.0000);
INSERT INTO inp_junction VALUES ('N44', 0.0000, 0.0000, 0.0000);
INSERT INTO inp_junction VALUES ('N106', 0.0000, 0.0000, 0.0000);
INSERT INTO inp_junction VALUES ('N37', 0.0000, 0.0000, 0.0000);
INSERT INTO inp_junction VALUES ('N38', 0.0000, 0.0000, 0.0000);
INSERT INTO inp_junction VALUES ('N39', 0.0000, 0.0000, 0.0000);
INSERT INTO inp_junction VALUES ('N40', 0.0000, 0.0000, 0.0000);
INSERT INTO inp_junction VALUES ('N41', 0.0000, 0.0000, 0.0000);
INSERT INTO inp_junction VALUES ('N42', 0.0000, 0.0000, 0.0000);
INSERT INTO inp_junction VALUES ('N112', 0.0000, 0.0000, 0.0000);
INSERT INTO inp_junction VALUES ('N75', 0.0000, 0.0000, 0.0000);
INSERT INTO inp_junction VALUES ('N76', 0.0000, 0.0000, 0.0000);
INSERT INTO inp_junction VALUES ('N79', 0.0000, 0.0000, 0.0000);
INSERT INTO inp_junction VALUES ('N77', 0.0000, 0.0000, 0.0000);
INSERT INTO inp_junction VALUES ('N78', 0.0000, 0.0000, 0.0000);
INSERT INTO inp_junction VALUES ('N80', 0.0000, 0.0000, 0.0000);
INSERT INTO inp_junction VALUES ('N90', 0.0000, 0.0000, 0.0000);
INSERT INTO inp_junction VALUES ('N91', 0.0000, 0.0000, 0.0000);
INSERT INTO inp_junction VALUES ('N92', 0.0000, 0.0000, 0.0000);
INSERT INTO inp_junction VALUES ('N113', 0.0000, 0.0000, 0.0000);
INSERT INTO inp_junction VALUES ('N114', 0.0000, 0.0000, 0.0000);
INSERT INTO inp_junction VALUES ('N115', 0.0000, 0.0000, 0.0000);
INSERT INTO inp_junction VALUES ('N87', 0.0000, 0.0000, 0.0000);
INSERT INTO inp_junction VALUES ('N45', 0.0000, 0.0000, 0.0000);
INSERT INTO inp_junction VALUES ('N71', 0.0000, 0.0000, 0.0000);
INSERT INTO inp_junction VALUES ('N72', 0.0000, 0.0000, 0.0000);
INSERT INTO inp_junction VALUES ('N55', 0.0000, 0.0000, 0.0000);
INSERT INTO inp_junction VALUES ('N52', 0.0000, 0.0000, 0.0000);
INSERT INTO inp_junction VALUES ('N54', 0.0000, 0.0000, 0.0000);
INSERT INTO inp_junction VALUES ('N57', 0.0000, 0.0000, 0.0000);
INSERT INTO inp_junction VALUES ('N58', 0.0000, 0.0000, 0.0000);
INSERT INTO inp_junction VALUES ('N59', 0.0000, 0.0000, 0.0000);
INSERT INTO inp_junction VALUES ('N60', 0.0000, 0.0000, 0.0000);
INSERT INTO inp_junction VALUES ('N61', 0.0000, 0.0000, 0.0000);
INSERT INTO inp_junction VALUES ('N62', 0.0000, 0.0000, 0.0000);
INSERT INTO inp_junction VALUES ('N63', 0.0000, 0.0000, 0.0000);
INSERT INTO inp_junction VALUES ('N64', 0.0000, 0.0000, 0.0000);
INSERT INTO inp_junction VALUES ('N104', 0.0000, 0.0000, 0.0000);
INSERT INTO inp_junction VALUES ('N105', 0.0000, 0.0000, 0.0000);
INSERT INTO inp_junction VALUES ('N235', 0.0000, 0.0000, 0.0000);
INSERT INTO inp_junction VALUES ('N32', 0.0000, 0.0000, 0.0000);
INSERT INTO inp_junction VALUES ('N33', 0.0000, 0.0000, 0.0000);
INSERT INTO inp_junction VALUES ('N34', 0.0000, 0.0000, 0.0000);
INSERT INTO inp_junction VALUES ('N46', 0.0000, 0.0000, 0.0000);
INSERT INTO inp_junction VALUES ('N47', 0.0000, 0.0000, 0.0000);
INSERT INTO inp_junction VALUES ('N50', 0.0000, 0.0000, 0.0000);
INSERT INTO inp_junction VALUES ('N51', 0.0000, 0.0000, 0.0000);
INSERT INTO inp_junction VALUES ('N53', 0.0000, 0.0000, 0.0000);
INSERT INTO inp_junction VALUES ('N65', 0.0000, 0.0000, 0.0000);
INSERT INTO inp_junction VALUES ('N66', 0.0000, 0.0000, 0.0000);
INSERT INTO inp_junction VALUES ('N67', 0.0000, 0.0000, 0.0000);
INSERT INTO inp_junction VALUES ('N68', 0.0000, 0.0000, 0.0000);
INSERT INTO inp_junction VALUES ('N69', 0.0000, 0.0000, 0.0000);
INSERT INTO inp_junction VALUES ('N70', 0.0000, 0.0000, 0.0000);
INSERT INTO inp_junction VALUES ('N73', 0.0000, 0.0000, 0.0000);
INSERT INTO inp_junction VALUES ('N74', 0.0000, 0.0000, 0.0000);
INSERT INTO inp_junction VALUES ('N83', 0.0000, 0.0000, 0.0000);
INSERT INTO inp_junction VALUES ('N81', 0.0000, 0.0000, 0.0000);
INSERT INTO inp_junction VALUES ('N56', 0.0000, 0.0000, 0.0000);
INSERT INTO inp_junction VALUES ('N108', 0.0000, 0.0000, 0.0000);
INSERT INTO inp_junction VALUES ('N110', 0.0000, 0.0000, 0.0000);
INSERT INTO inp_junction VALUES ('N233', 0.0000, 0.0000, 0.0000);
INSERT INTO inp_junction VALUES ('N82', 0.0000, 0.0000, 0.0000);
INSERT INTO inp_junction VALUES ('N101', 0.0000, 0.0000, 0.0000);
INSERT INTO inp_junction VALUES ('N102', 0.0000, 0.0000, 0.0000);
INSERT INTO inp_junction VALUES ('N126', 0.0000, 0.0000, 0.0000);
INSERT INTO inp_junction VALUES ('N127', 0.0000, 0.0000, 0.0000);
INSERT INTO inp_junction VALUES ('N128', 0.0000, 0.0000, 0.0000);
INSERT INTO inp_junction VALUES ('N129', 0.0000, 0.0000, 0.0000);
INSERT INTO inp_junction VALUES ('N130', 0.0000, 0.0000, 0.0000);
INSERT INTO inp_junction VALUES ('N131', 0.0000, 0.0000, 0.0000);
INSERT INTO inp_junction VALUES ('N132', 0.0000, 0.0000, 0.0000);
INSERT INTO inp_junction VALUES ('N94', 0.0000, 0.0000, 0.0000);
INSERT INTO inp_junction VALUES ('N95', 0.0000, 0.0000, 0.0000);
INSERT INTO inp_junction VALUES ('N96', 0.0000, 0.0000, 0.0000);
INSERT INTO inp_junction VALUES ('N97', 0.0000, 0.0000, 0.0000);
INSERT INTO inp_junction VALUES ('N98', 0.0000, 0.0000, 0.0000);
INSERT INTO inp_junction VALUES ('N99', 0.0000, 0.0000, 0.0000);
INSERT INTO inp_junction VALUES ('N86', 0.0000, 0.0000, 0.0000);
INSERT INTO inp_junction VALUES ('N88', 0.0000, 0.0000, 0.0000);
INSERT INTO inp_junction VALUES ('N89', 0.0000, 0.0000, 0.0000);
INSERT INTO inp_junction VALUES ('N100', 0.0000, 0.0000, 0.0000);
INSERT INTO inp_junction VALUES ('N111', 0.0000, 0.0000, 0.0000);
INSERT INTO inp_junction VALUES ('N125', 0.0000, 0.0000, 0.0000);
INSERT INTO inp_junction VALUES ('N123', 0.0000, 0.0000, 0.0000);
INSERT INTO inp_junction VALUES ('N84', 0.0000, 0.0000, 0.0000);
INSERT INTO inp_junction VALUES ('N85', 0.0000, 0.0000, 0.0000);
INSERT INTO inp_junction VALUES ('N109', 0.0000, 0.0000, 0.0000);
INSERT INTO inp_junction VALUES ('N93', 0.0000, 0.0000, 0.0000);
INSERT INTO inp_junction VALUES ('N234', 0.0000, 0.0000, 0.0000);
INSERT INTO inp_junction VALUES ('N124', 0.0000, 0.0000, 0.0000);
INSERT INTO inp_junction VALUES ('N239', 0.0000, 0.0000, 0.0000);
INSERT INTO inp_junction VALUES ('N250', 0.0000, 0.0000, 0.0000);
INSERT INTO inp_junction VALUES ('N301', 0.0000, 0.0000, 0.0000);
INSERT INTO inp_junction VALUES ('18775', 0.0000, 0.0000, 0.0000);
INSERT INTO inp_junction VALUES ('18830', 0.0000, 0.0000, 0.0000);
INSERT INTO inp_junction VALUES ('18832', 0.0000, 0.0000, 0.0000);
INSERT INTO inp_junction VALUES ('18833', 0.0000, 0.0000, 0.0000);
INSERT INTO inp_junction VALUES ('18834', 0.0000, 0.0000, 0.0000);
INSERT INTO inp_junction VALUES ('18835', 0.0000, 0.0000, 0.0000);
INSERT INTO inp_junction VALUES ('18836', 0.0000, 0.0000, 0.0000);
INSERT INTO inp_junction VALUES ('18837', 0.0000, 0.0000, 0.0000);
INSERT INTO inp_junction VALUES ('18838', 0.0000, 0.0000, 0.0000);
INSERT INTO inp_junction VALUES ('18839', 0.0000, 0.0000, 0.0000);
INSERT INTO inp_junction VALUES ('18840', 0.0000, 0.0000, 0.0000);
INSERT INTO inp_junction VALUES ('18841', 0.0000, 0.0000, 0.0000);
INSERT INTO inp_junction VALUES ('18842', 0.0000, 0.0000, 0.0000);
INSERT INTO inp_junction VALUES ('18843', 0.0000, 0.0000, 0.0000);
INSERT INTO inp_junction VALUES ('18844', 0.0000, 0.0000, 0.0000);
INSERT INTO inp_junction VALUES ('18845', 0.0000, 0.0000, 0.0000);
INSERT INTO inp_junction VALUES ('18846', 0.0000, 0.0000, 0.0000);
INSERT INTO inp_junction VALUES ('18847', 0.0000, 0.0000, 0.0000);
INSERT INTO inp_junction VALUES ('18848', 0.0000, 0.0000, 0.0000);
INSERT INTO inp_junction VALUES ('18849', 0.0000, 0.0000, 0.0000);
INSERT INTO inp_junction VALUES ('18850', 0.0000, 0.0000, 0.0000);
INSERT INTO inp_junction VALUES ('18851', 0.0000, 0.0000, 0.0000);
INSERT INTO inp_junction VALUES ('18852', 0.0000, 0.0000, 0.0000);
INSERT INTO inp_junction VALUES ('18853', 0.0000, 0.0000, 0.0000);
INSERT INTO inp_junction VALUES ('18854', 0.0000, 0.0000, 0.0000);
INSERT INTO inp_junction VALUES ('18855', 0.0000, 0.0000, 0.0000);
INSERT INTO inp_junction VALUES ('18856', 0.0000, 0.0000, 0.0000);
INSERT INTO inp_junction VALUES ('18857', 0.0000, 0.0000, 0.0000);
INSERT INTO inp_junction VALUES ('18858', 0.0000, 0.0000, 0.0000);
INSERT INTO inp_junction VALUES ('18859', 0.0000, 0.0000, 0.0000);
INSERT INTO inp_junction VALUES ('18860', 0.0000, 0.0000, 0.0000);
INSERT INTO inp_junction VALUES ('18861', 0.0000, 0.0000, 0.0000);
INSERT INTO inp_junction VALUES ('18862', 0.0000, 0.0000, 0.0000);
INSERT INTO inp_junction VALUES ('18863', 0.0000, 0.0000, 0.0000);
INSERT INTO inp_junction VALUES ('18864', 0.0000, 0.0000, 0.0000);
INSERT INTO inp_junction VALUES ('18865', 0.0000, 0.0000, 0.0000);
INSERT INTO inp_junction VALUES ('18866', 0.0000, 0.0000, 0.0000);
INSERT INTO inp_junction VALUES ('18867', 0.0000, 0.0000, 0.0000);
INSERT INTO inp_junction VALUES ('18868', 0.0000, 0.0000, 0.0000);
INSERT INTO inp_junction VALUES ('18869', 0.0000, 0.0000, 0.0000);
INSERT INTO inp_junction VALUES ('18870', 0.0000, 0.0000, 0.0000);
INSERT INTO inp_junction VALUES ('18871', 0.0000, 0.0000, 0.0000);
INSERT INTO inp_junction VALUES ('18872', 0.0000, 0.0000, 0.0000);
INSERT INTO inp_junction VALUES ('18873', 0.0000, 0.0000, 0.0000);
INSERT INTO inp_junction VALUES ('18874', 0.0000, 0.0000, 0.0000);
INSERT INTO inp_junction VALUES ('18875', 0.0000, 0.0000, 0.0000);
INSERT INTO inp_junction VALUES ('18876', 0.0000, 0.0000, 0.0000);
INSERT INTO inp_junction VALUES ('18877', 0.0000, 0.0000, 0.0000);
INSERT INTO inp_junction VALUES ('18878', 0.0000, 0.0000, 0.0000);
INSERT INTO inp_junction VALUES ('18879', 0.0000, 0.0000, 0.0000);
INSERT INTO inp_junction VALUES ('18880', 0.0000, 0.0000, 0.0000);
INSERT INTO inp_junction VALUES ('18881', 0.0000, 0.0000, 0.0000);
INSERT INTO inp_junction VALUES ('18882', 0.0000, 0.0000, 0.0000);
INSERT INTO inp_junction VALUES ('18883', 0.0000, 0.0000, 0.0000);
INSERT INTO inp_junction VALUES ('18884', 0.0000, 0.0000, 0.0000);
INSERT INTO inp_junction VALUES ('18885', 0.0000, 0.0000, 0.0000);
INSERT INTO inp_junction VALUES ('18886', 0.0000, 0.0000, 0.0000);
INSERT INTO inp_junction VALUES ('18887', 0.0000, 0.0000, 0.0000);
INSERT INTO inp_junction VALUES ('18911', 0.0000, 0.0000, 0.0000);
INSERT INTO inp_junction VALUES ('18912', 0.0000, 0.0000, 0.0000);
INSERT INTO inp_junction VALUES ('18913', 0.0000, 0.0000, 0.0000);
INSERT INTO inp_junction VALUES ('18960', 0.0000, 0.0000, 0.0000);
INSERT INTO inp_junction VALUES ('18963', 0.0000, 0.0000, 0.0000);
INSERT INTO inp_junction VALUES ('18965', 0.0000, 0.0000, 0.0000);
INSERT INTO inp_junction VALUES ('18973', 0.0000, 0.0000, 0.0000);
INSERT INTO inp_junction VALUES ('18976', 0.0000, 0.0000, 0.0000);
INSERT INTO inp_junction VALUES ('20575', 0.0000, 0.0000, 0.0000);
INSERT INTO inp_junction VALUES ('20582', 0.0000, 0.0000, 0.0000);
INSERT INTO inp_junction VALUES ('20587', 0.0000, 0.0000, 0.0000);
INSERT INTO inp_junction VALUES ('20590', 0.0000, 0.0000, 0.0000);
INSERT INTO inp_junction VALUES ('20593', 0.0000, 0.0000, 0.0000);
INSERT INTO inp_junction VALUES ('N302', 0.0000, 0.0000, 0.0000);
INSERT INTO inp_junction VALUES ('20596', 0.0000, 0.0000, 0.0000);
INSERT INTO inp_junction VALUES ('20597', 0.0000, 0.0000, 0.0000);


INSERT INTO inp_outfall VALUES ('18888', 'NORMAL');
INSERT INTO inp_outfall VALUES ('18967', 'NORMAL');
INSERT INTO inp_outfall VALUES ('N236', 'NORMAL');
INSERT INTO inp_outfall VALUES ('N240', 'NORMAL');

INSERT INTO inp_pattern VALUES ('pattern_02');

INSERT INTO inp_project_id VALUES ('title', NULL, 'Dec-2017');

INSERT INTO inp_selector_hydrology VALUES ('1', '1', 'postgres');

INSERT INTO inp_selector_result VALUES ('120', 'testing', 'postgres');


INSERT INTO inp_storage VALUES ('18828', 'TABULAR', 'EBAR-02', NULL, NULL, NULL, NULL, NULL, NULL, NULL, 0.0000, 0.0000, 0.0000);
INSERT INTO inp_storage VALUES ('N238', 'TABULAR', 'EBAR-01', NULL, NULL, NULL, NULL, NULL, NULL, NULL, 0.0000, 0.0000, 0.0000);

INSERT INTO inp_timser_id VALUES ('T10-5m', 'Rainfall', 'RELATIVE');
INSERT INTO inp_timser_id VALUES ('T5-5m', 'Rainfall', 'RELATIVE');

INSERT INTO inp_timeseries VALUES (1, 'T5-5m', NULL, NULL, '0:00', 0.7800, NULL);
INSERT INTO inp_timeseries VALUES (2, 'T5-5m', NULL, NULL, '0:05', 1.1500, NULL);
INSERT INTO inp_timeseries VALUES (3, 'T5-5m', NULL, NULL, '0:10', 2.2200, NULL);
INSERT INTO inp_timeseries VALUES (4, 'T5-5m', NULL, NULL, '0:15', 3.9900, NULL);
INSERT INTO inp_timeseries VALUES (5, 'T5-5m', NULL, NULL, '0:20', 4.8800, NULL);
INSERT INTO inp_timeseries VALUES (6, 'T5-5m', NULL, NULL, '0:25', 8.7500, NULL);
INSERT INTO inp_timeseries VALUES (7, 'T5-5m', NULL, NULL, '0:30', 5.1500, NULL);
INSERT INTO inp_timeseries VALUES (8, 'T5-5m', NULL, NULL, '0:35', 3.2000, NULL);
INSERT INTO inp_timeseries VALUES (9, 'T5-5m', NULL, NULL, '0:40', 2.2500, NULL);
INSERT INTO inp_timeseries VALUES (10, 'T5-5m', NULL, NULL, '0:45', 1.2500, NULL);
INSERT INTO inp_timeseries VALUES (11, 'T5-5m', NULL, NULL, '0:50', 0.9200, NULL);
INSERT INTO inp_timeseries VALUES (12, 'T5-5m', NULL, NULL, '0:55', 0.4900, NULL);
INSERT INTO inp_timeseries VALUES (13, 'T10-5m', NULL, NULL, '0:00', 1.7800, NULL);
INSERT INTO inp_timeseries VALUES (14, 'T10-5m', NULL, NULL, '0:05', 2.0800, NULL);
INSERT INTO inp_timeseries VALUES (15, 'T10-5m', NULL, NULL, '0:10', 2.5200, NULL);
INSERT INTO inp_timeseries VALUES (16, 'T10-5m', NULL, NULL, '0:15', 3.2500, NULL);
INSERT INTO inp_timeseries VALUES (17, 'T10-5m', NULL, NULL, '0:20', 4.7800, NULL);
INSERT INTO inp_timeseries VALUES (18, 'T10-5m', NULL, NULL, '0:25', 15.5200, NULL);
INSERT INTO inp_timeseries VALUES (19, 'T10-5m', NULL, NULL, '0:30', 6.5800, NULL);
INSERT INTO inp_timeseries VALUES (20, 'T10-5m', NULL, NULL, '0:35', 3.8400, NULL);
INSERT INTO inp_timeseries VALUES (21, 'T10-5m', NULL, NULL, '0:40', 2.8300, NULL);
INSERT INTO inp_timeseries VALUES (22, 'T10-5m', NULL, NULL, '0:45', 2.2800, NULL);
INSERT INTO inp_timeseries VALUES (23, 'T10-5m', NULL, NULL, '0:50', 1.9200, NULL);
INSERT INTO inp_timeseries VALUES (24, 'T10-5m', NULL, NULL, '0:55', 1.6600, NULL);


INSERT INTO inp_virtual VALUES ('18968', '18965', false);
INSERT INTO inp_virtual VALUES ('18964', '18963', false);
INSERT INTO inp_virtual VALUES ('20584', '20582', false);
INSERT INTO inp_virtual VALUES ('20577', '20575', false);
INSERT INTO inp_virtual VALUES ('A301', 'N301', false);
INSERT INTO inp_virtual VALUES ('A300', 'N250', false);
INSERT INTO inp_virtual VALUES ('A303', 'N302', false);
INSERT INTO inp_virtual VALUES ('20589', '20587', false);
INSERT INTO inp_virtual VALUES ('20591', '20590', false);
INSERT INTO inp_virtual VALUES ('20594', '20593', false);






