/*
This file is part of Giswater 2.0
The program is free software: you can redistribute it and/or modify it under the terms of the GNU General Public License as published by the Free Software Foundation, either version 3 of the License, or (at your option) any later version.
This version of Giswater is provided by Giswater Association
*/

SET search_path = "SCHEMA_NAME", public, pg_catalog;


INSERT INTO plan_arc_x_pavement VALUES (1, '2001', 'Asphalt', 1.00);
INSERT INTO plan_arc_x_pavement VALUES (2, '2002', 'Asphalt', 1.00);
INSERT INTO plan_arc_x_pavement VALUES (3, '2003', 'Asphalt', 1.00);
INSERT INTO plan_arc_x_pavement VALUES (4, '2004', 'Asphalt', 1.00);
INSERT INTO plan_arc_x_pavement VALUES (5, '2005', 'Asphalt', 1.00);
INSERT INTO plan_arc_x_pavement VALUES (6, '2006', 'Asphalt', 1.00);
INSERT INTO plan_arc_x_pavement VALUES (7, '2007', 'Asphalt', 1.00);
INSERT INTO plan_arc_x_pavement VALUES (8, '2008', 'Asphalt', 1.00);
INSERT INTO plan_arc_x_pavement VALUES (9, '2009', 'Asphalt', 1.00);
INSERT INTO plan_arc_x_pavement VALUES (10, '2010', 'Asphalt', 1.00);
INSERT INTO plan_arc_x_pavement VALUES (11, '2011', 'Asphalt', 1.00);
INSERT INTO plan_arc_x_pavement VALUES (12, '2012', 'Asphalt', 1.00);
INSERT INTO plan_arc_x_pavement VALUES (13, '2013', 'Asphalt', 1.00);
INSERT INTO plan_arc_x_pavement VALUES (14, '2014', 'Asphalt', 1.00);
INSERT INTO plan_arc_x_pavement VALUES (15, '2015', 'Asphalt', 1.00);
INSERT INTO plan_arc_x_pavement VALUES (16, '2016', 'Asphalt', 1.00);
INSERT INTO plan_arc_x_pavement VALUES (17, '2017', 'Asphalt', 1.00);
INSERT INTO plan_arc_x_pavement VALUES (18, '2018', 'Asphalt', 1.00);
INSERT INTO plan_arc_x_pavement VALUES (19, '2019', 'Asphalt', 1.00);
INSERT INTO plan_arc_x_pavement VALUES (20, '2020', 'Asphalt', 1.00);
INSERT INTO plan_arc_x_pavement VALUES (21, '2021', 'Asphalt', 1.00);
INSERT INTO plan_arc_x_pavement VALUES (22, '2022', 'Asphalt', 1.00);
INSERT INTO plan_arc_x_pavement VALUES (23, '2023', 'Asphalt', 1.00);
INSERT INTO plan_arc_x_pavement VALUES (24, '2024', 'Asphalt', 1.00);
INSERT INTO plan_arc_x_pavement VALUES (25, '2025', 'Asphalt', 1.00);
INSERT INTO plan_arc_x_pavement VALUES (26, '2026', 'Asphalt', 1.00);
INSERT INTO plan_arc_x_pavement VALUES (27, '2027', 'Asphalt', 1.00);
INSERT INTO plan_arc_x_pavement VALUES (28, '2028', 'Asphalt', 1.00);
INSERT INTO plan_arc_x_pavement VALUES (29, '2029', 'Asphalt', 1.00);
INSERT INTO plan_arc_x_pavement VALUES (30, '2030', 'Asphalt', 1.00);
INSERT INTO plan_arc_x_pavement VALUES (31, '2031', 'Asphalt', 1.00);
INSERT INTO plan_arc_x_pavement VALUES (32, '2032', 'Asphalt', 1.00);
INSERT INTO plan_arc_x_pavement VALUES (33, '2033', 'Asphalt', 1.00);
INSERT INTO plan_arc_x_pavement VALUES (34, '2034', 'Asphalt', 1.00);
INSERT INTO plan_arc_x_pavement VALUES (35, '2035', 'Asphalt', 1.00);
INSERT INTO plan_arc_x_pavement VALUES (36, '2036', 'Asphalt', 1.00);
INSERT INTO plan_arc_x_pavement VALUES (37, '2037', 'Asphalt', 1.00);
INSERT INTO plan_arc_x_pavement VALUES (38, '2038', 'Asphalt', 1.00);
INSERT INTO plan_arc_x_pavement VALUES (39, '2039', 'Asphalt', 1.00);
INSERT INTO plan_arc_x_pavement VALUES (40, '2040', 'Asphalt', 1.00);
INSERT INTO plan_arc_x_pavement VALUES (41, '2041', 'Asphalt', 1.00);
INSERT INTO plan_arc_x_pavement VALUES (42, '2042', 'Asphalt', 1.00);
INSERT INTO plan_arc_x_pavement VALUES (43, '2043', 'Asphalt', 1.00);
INSERT INTO plan_arc_x_pavement VALUES (45, '2045', 'Asphalt', 1.00);
INSERT INTO plan_arc_x_pavement VALUES (46, '2046', 'Asphalt', 1.00);
INSERT INTO plan_arc_x_pavement VALUES (47, '2047', 'Asphalt', 1.00);
INSERT INTO plan_arc_x_pavement VALUES (48, '2048', 'Asphalt', 1.00);
INSERT INTO plan_arc_x_pavement VALUES (49, '2049', 'Asphalt', 1.00);
INSERT INTO plan_arc_x_pavement VALUES (50, '2050', 'Asphalt', 1.00);
INSERT INTO plan_arc_x_pavement VALUES (51, '2051', 'Asphalt', 1.00);
INSERT INTO plan_arc_x_pavement VALUES (52, '2052', 'Asphalt', 1.00);
INSERT INTO plan_arc_x_pavement VALUES (53, '2053', 'Asphalt', 1.00);
INSERT INTO plan_arc_x_pavement VALUES (54, '2054', 'Asphalt', 1.00);
INSERT INTO plan_arc_x_pavement VALUES (55, '2055', 'Asphalt', 1.00);
INSERT INTO plan_arc_x_pavement VALUES (56, '2056', 'Asphalt', 1.00);
INSERT INTO plan_arc_x_pavement VALUES (58, '2058', 'Asphalt', 1.00);
INSERT INTO plan_arc_x_pavement VALUES (59, '2059', 'Asphalt', 1.00);
INSERT INTO plan_arc_x_pavement VALUES (60, '2060', 'Asphalt', 1.00);
INSERT INTO plan_arc_x_pavement VALUES (61, '2061', 'Asphalt', 1.00);
INSERT INTO plan_arc_x_pavement VALUES (62, '2062', 'Asphalt', 1.00);
INSERT INTO plan_arc_x_pavement VALUES (63, '2063', 'Asphalt', 1.00);
INSERT INTO plan_arc_x_pavement VALUES (68, '2068', 'Asphalt', 1.00);
INSERT INTO plan_arc_x_pavement VALUES (69, '2069', 'Asphalt', 1.00);
INSERT INTO plan_arc_x_pavement VALUES (70, '2070', 'Asphalt', 1.00);
INSERT INTO plan_arc_x_pavement VALUES (71, '2071', 'Asphalt', 1.00);
INSERT INTO plan_arc_x_pavement VALUES (72, '2072', 'Asphalt', 1.00);
INSERT INTO plan_arc_x_pavement VALUES (73, '2073', 'Asphalt', 1.00);
INSERT INTO plan_arc_x_pavement VALUES (74, '2074', 'Asphalt', 1.00);
INSERT INTO plan_arc_x_pavement VALUES (75, '2075', 'Asphalt', 1.00);
INSERT INTO plan_arc_x_pavement VALUES (76, '2076', 'Asphalt', 1.00);
INSERT INTO plan_arc_x_pavement VALUES (77, '2077', 'Asphalt', 1.00);
INSERT INTO plan_arc_x_pavement VALUES (80, '2080', 'Asphalt', 1.00);
INSERT INTO plan_arc_x_pavement VALUES (81, '2081', 'Asphalt', 1.00);
INSERT INTO plan_arc_x_pavement VALUES (82, '2082', 'Asphalt', 1.00);
INSERT INTO plan_arc_x_pavement VALUES (83, '2083', 'Asphalt', 1.00);
INSERT INTO plan_arc_x_pavement VALUES (88, '2088', 'Asphalt', 1.00);
INSERT INTO plan_arc_x_pavement VALUES (89, '2089', 'Asphalt', 1.00);
INSERT INTO plan_arc_x_pavement VALUES (90, '2090', 'Asphalt', 1.00);
INSERT INTO plan_arc_x_pavement VALUES (91, '2091', 'Asphalt', 1.00);
INSERT INTO plan_arc_x_pavement VALUES (92, '2092', 'Asphalt', 1.00);
INSERT INTO plan_arc_x_pavement VALUES (93, '2093', 'Asphalt', 1.00);
INSERT INTO plan_arc_x_pavement VALUES (94, '2094', 'Asphalt', 1.00);
INSERT INTO plan_arc_x_pavement VALUES (95, '2095', 'Asphalt', 1.00);
INSERT INTO plan_arc_x_pavement VALUES (96, '2096', 'Asphalt', 1.00);
INSERT INTO plan_arc_x_pavement VALUES (97, '2097', 'Asphalt', 1.00);
INSERT INTO plan_arc_x_pavement VALUES (98, '2098', 'Asphalt', 1.00);
INSERT INTO plan_arc_x_pavement VALUES (99, '2099', 'Asphalt', 1.00);
INSERT INTO plan_arc_x_pavement VALUES (100, '2100', 'Asphalt', 1.00);
INSERT INTO plan_arc_x_pavement VALUES (101, '2101', 'Asphalt', 1.00);
INSERT INTO plan_arc_x_pavement VALUES (102, '2102', 'Asphalt', 1.00);
INSERT INTO plan_arc_x_pavement VALUES (103, '2103', 'Asphalt', 1.00);
INSERT INTO plan_arc_x_pavement VALUES (104, '2104', 'Asphalt', 1.00);
INSERT INTO plan_arc_x_pavement VALUES (105, '2105', 'Asphalt', 1.00);
INSERT INTO plan_arc_x_pavement VALUES (106, '2106', 'Asphalt', 1.00);
INSERT INTO plan_arc_x_pavement VALUES (107, '2107', 'Asphalt', 1.00);
INSERT INTO plan_arc_x_pavement VALUES (108, '2108', 'Asphalt', 1.00);
INSERT INTO plan_arc_x_pavement VALUES (109, '2057', 'Asphalt', 1.00);
INSERT INTO plan_arc_x_pavement VALUES (110, '2064', 'Asphalt', 1.00);
INSERT INTO plan_arc_x_pavement VALUES (111, '2065_b', 'Asphalt', 1.00);
INSERT INTO plan_arc_x_pavement VALUES (112, '2066', 'Asphalt', 1.00);
INSERT INTO plan_arc_x_pavement VALUES (113, '2067', 'Asphalt', 1.00);
INSERT INTO plan_arc_x_pavement VALUES (114, '2078', 'Asphalt', 1.00);
INSERT INTO plan_arc_x_pavement VALUES (115, '2079', 'Asphalt', 1.00);
INSERT INTO plan_arc_x_pavement VALUES (116, '2084', 'Asphalt', 1.00);
INSERT INTO plan_arc_x_pavement VALUES (117, '2085_b', 'Asphalt', 1.00);
INSERT INTO plan_arc_x_pavement VALUES (118, '2086_b', 'Asphalt', 1.00);
INSERT INTO plan_arc_x_pavement VALUES (119, '2087', 'Asphalt', 1.00);
INSERT INTO plan_arc_x_pavement VALUES (120, '2202', 'Asphalt', 1.00);
INSERT INTO plan_arc_x_pavement VALUES (121, '2205', 'Asphalt', 1.00);
INSERT INTO plan_arc_x_pavement VALUES (122, '2206', 'Asphalt', 1.00);
INSERT INTO plan_arc_x_pavement VALUES (123, '2207', 'Asphalt', 1.00);
INSERT INTO plan_arc_x_pavement VALUES (124, '2208', 'Asphalt', 1.00);
INSERT INTO plan_arc_x_pavement VALUES (125, '2209', 'Asphalt', 1.00);
INSERT INTO plan_arc_x_pavement VALUES (1001, '2213', NULL, 1.00);
INSERT INTO plan_arc_x_pavement VALUES (1002, '2214', NULL, 1.00);
INSERT INTO plan_arc_x_pavement VALUES (1003, '2215', NULL, 1.00);
INSERT INTO plan_arc_x_pavement VALUES (1004, '2216', NULL, 1.00);
INSERT INTO plan_arc_x_pavement VALUES (1005, '2217', NULL, 1.00);
INSERT INTO plan_arc_x_pavement VALUES (1006, '2218', NULL, 1.00);
INSERT INTO plan_arc_x_pavement VALUES (1007, '2219', NULL, 1.00);
INSERT INTO plan_arc_x_pavement VALUES (1008, '2220', NULL, 1.00);


INSERT INTO plan_psector VALUES ('ACT_01_F1', 'Expanding the capacity of the pipes located on Francesc Layret street.', 'NORMAL_PRIORITY', NULL, NULL, 'Action caused by the headloss of the pipe.', NULL, 750.00, 'sector_01', '01', 19.00, 21.00, NULL, '0106000020E7640000010000000103000000010000000500000062EBC6A727941941B58BF9D6467551417EBB5BC63A961941B58BF9D6467551417EBB5BC63A961941057CDEC53675514162EBC6A727941941047CDEC53675514162EBC6A727941941B58BF9D646755141');
INSERT INTO plan_psector VALUES ('ACT_02_F2', 'Expanding the capacity of the pipes located on Legalitat street.', 'LOW_PRIORITY', NULL, NULL, 'Action caused by the headloss of the pipe.', 90.0000, 750.00, 'sector_01', '02', 19.00, 21.00, NULL, '0106000020E7640000010000000103000000010000000500000076C2E9BF34941941DBAB60D39875514166D2E9BF34941941DA5E77A17775514166D738AE339319415E5E77A17775514166C738AE339319415FAB60D39875514176C2E9BF34941941DBAB60D398755141');



INSERT INTO plan_arc_x_psector VALUES (1, '2085_b', 'ACT_01_F1', '01', NULL);
INSERT INTO plan_arc_x_psector VALUES (2, '2086_b', 'ACT_01_F1', '01', NULL);
INSERT INTO plan_arc_x_psector VALUES (4, '2065_b', 'ACT_02_F2', '02', NULL);

INSERT INTO plan_node_x_psector VALUES (2, '1076_b', 'ACT_01_F1', '01', NULL);


INSERT INTO plan_other_x_psector VALUES (1, 'SECURITY_HEALTH', 9360.12, 'ACT_01_F1', '01', 'Safety and health in works');
INSERT INTO plan_other_x_psector VALUES (2, 'PROTEC_SERVIS', 9360.12, 'ACT_01_F1', '01', 'Proteccion of existing services');
INSERT INTO plan_other_x_psector VALUES (3, 'N_T110-63_PN16', 1.00, 'ACT_01_F1', '01', 'Reconstruct node type T110-63-63 mm');
INSERT INTO plan_other_x_psector VALUES (4, 'N_T110-110_PN16', 1.00, 'ACT_01_F1', '01', 'Reconstruct node type T110-110-110 mm');
INSERT INTO plan_other_x_psector VALUES (5, 'SECURITY_HEALTH', 5991.72, 'ACT_02_F2', '02', 'Safety and health in works');
INSERT INTO plan_other_x_psector VALUES (8, 'N_T160-110_PN16', 1.00, 'ACT_02_F2', '02', 'Reconstruct node type T150-150-110 mm');
INSERT INTO plan_other_x_psector VALUES (7, 'N_T110-63_PN16', 1.00, 'ACT_02_F2', '02', 'Reconstruct node type T110-63-63 mm');
INSERT INTO plan_other_x_psector VALUES (6, 'PROTEC_SERVIS', 5991.72, 'ACT_02_F2', '02', 'Proteccion of existing services');

INSERT INTO plan_value_ps_priority VALUES ('HIGH_PRIORITY', NULL);
INSERT INTO plan_value_ps_priority VALUES ('NORMAL_PRIORITY', NULL);
INSERT INTO plan_value_ps_priority VALUES ('LOW_PRIORITY', NULL);



SELECT pg_catalog.setval('plan_arc_x_pavement_seq', 1008, true);
SELECT pg_catalog.setval('plan_arc_x_psector_seq', 4, true);
SELECT pg_catalog.setval('plan_node_x_psector_seq', 5, true);
SELECT pg_catalog.setval('plan_other_x_psector_seq', 9, true);