/*
This file is part of Giswater
The program is free software: you can redistribute it and/or modify it under the terms of the GNU
General Public License as published by the Free Software Foundation, either version 3 of the License,
or (at your option) any later version.
*/


SET search_path = "SCHEMA_NAME", public, pg_catalog;

--
-- Name: ve_arc_conduit; Type: VIEW; Schema: ; Owner: -
--

CREATE VIEW ve_arc_conduit AS
 SELECT ve_arc.arc_id,
    ve_arc.code,
    ve_arc.node_1,
    ve_arc.nodetype_1,
    ve_arc.y1,
    ve_arc.custom_y1,
    ve_arc.elev1,
    ve_arc.custom_elev1,
    ve_arc.sys_elev1,
    ve_arc.sys_y1,
    ve_arc.r1,
    ve_arc.z1,
    ve_arc.node_2,
    ve_arc.nodetype_2,
    ve_arc.y2,
    ve_arc.custom_y2,
    ve_arc.elev2,
    ve_arc.custom_elev2,
    ve_arc.sys_elev2,
    ve_arc.sys_y2,
    ve_arc.r2,
    ve_arc.z2,
    ve_arc.slope,
    ve_arc.arc_type,
    ve_arc.sys_type,
    ve_arc.arccat_id,
    ve_arc.matcat_id,
    ve_arc.cat_shape,
    ve_arc.cat_geom1,
    ve_arc.cat_geom2,
    ve_arc.width,
    ve_arc.epa_type,
    ve_arc.expl_id,
    ve_arc.macroexpl_id,
    ve_arc.sector_id,
    ve_arc.macrosector_id,
    ve_arc.state,
    ve_arc.state_type,
    ve_arc.annotation,
    ve_arc.gis_length,
    ve_arc.custom_length,
    ve_arc.inverted_slope,
    ve_arc.observ,
    ve_arc.comment,
    ve_arc.dma_id,
    ve_arc.macrodma_id,
    ve_arc.soilcat_id,
    ve_arc.function_type,
    ve_arc.category_type,
    ve_arc.fluid_type,
    ve_arc.location_type,
    ve_arc.workcat_id,
    ve_arc.workcat_id_end,
    ve_arc.builtdate,
    ve_arc.enddate,
    ve_arc.buildercat_id,
    ve_arc.ownercat_id,
    ve_arc.muni_id,
    ve_arc.postcode,
    ve_arc.district_id,
    ve_arc.streetname,
    ve_arc.postnumber,
    ve_arc.postcomplement,
    ve_arc.streetname2,
    ve_arc.postnumber2,
    ve_arc.postcomplement2,
    ve_arc.descript,
    ve_arc.link,
    ve_arc.verified,
    ve_arc.undelete,
    ve_arc.label,
    ve_arc.label_x,
    ve_arc.label_y,
    ve_arc.label_rotation,
    ve_arc.publish,
    ve_arc.inventory,
    ve_arc.uncertain,
    ve_arc.num_value,
    ve_arc.tstamp,
    ve_arc.insert_user,
    ve_arc.lastupdate,
    ve_arc.lastupdate_user,
    ve_arc.the_geom,
    ve_arc.workcat_id_plan,
    ve_arc.asset_id,
    ve_arc.pavcat_id,
    ve_arc.drainzone_id,
    ve_arc.cat_area,
    ve_arc.parent_id,
    ve_arc.expl_id2,
    ve_arc.is_operative,
    ve_arc.region_id,
    ve_arc.province_id,
    ve_arc.adate,
    ve_arc.adescript,
    ve_arc.visitability,
    man_conduit.inlet_offset,
    man_conduit.bottom_mat
   FROM (ve_arc
     JOIN man_conduit ON (((man_conduit.arc_id)::text = (ve_arc.arc_id)::text)))
  WHERE ((ve_arc.arc_type)::text = 'CONDUIT'::text);


--
-- Name: ve_arc_pump_pipe; Type: VIEW; Schema: ; Owner: -
--

CREATE VIEW ve_arc_pump_pipe AS
 SELECT ve_arc.arc_id,
    ve_arc.code,
    ve_arc.node_1,
    ve_arc.nodetype_1,
    ve_arc.y1,
    ve_arc.custom_y1,
    ve_arc.elev1,
    ve_arc.custom_elev1,
    ve_arc.sys_elev1,
    ve_arc.sys_y1,
    ve_arc.r1,
    ve_arc.z1,
    ve_arc.node_2,
    ve_arc.nodetype_2,
    ve_arc.y2,
    ve_arc.custom_y2,
    ve_arc.elev2,
    ve_arc.custom_elev2,
    ve_arc.sys_elev2,
    ve_arc.sys_y2,
    ve_arc.r2,
    ve_arc.z2,
    ve_arc.slope,
    ve_arc.arc_type,
    ve_arc.sys_type,
    ve_arc.arccat_id,
    ve_arc.matcat_id,
    ve_arc.cat_shape,
    ve_arc.cat_geom1,
    ve_arc.cat_geom2,
    ve_arc.width,
    ve_arc.epa_type,
    ve_arc.expl_id,
    ve_arc.macroexpl_id,
    ve_arc.sector_id,
    ve_arc.macrosector_id,
    ve_arc.state,
    ve_arc.state_type,
    ve_arc.annotation,
    ve_arc.gis_length,
    ve_arc.custom_length,
    ve_arc.inverted_slope,
    ve_arc.observ,
    ve_arc.comment,
    ve_arc.dma_id,
    ve_arc.macrodma_id,
    ve_arc.soilcat_id,
    ve_arc.function_type,
    ve_arc.category_type,
    ve_arc.fluid_type,
    ve_arc.location_type,
    ve_arc.workcat_id,
    ve_arc.workcat_id_end,
    ve_arc.builtdate,
    ve_arc.enddate,
    ve_arc.buildercat_id,
    ve_arc.ownercat_id,
    ve_arc.muni_id,
    ve_arc.postcode,
    ve_arc.district_id,
    ve_arc.streetname,
    ve_arc.postnumber,
    ve_arc.postcomplement,
    ve_arc.streetname2,
    ve_arc.postnumber2,
    ve_arc.postcomplement2,
    ve_arc.descript,
    ve_arc.link,
    ve_arc.verified,
    ve_arc.undelete,
    ve_arc.label,
    ve_arc.label_x,
    ve_arc.label_y,
    ve_arc.label_rotation,
    ve_arc.publish,
    ve_arc.inventory,
    ve_arc.uncertain,
    ve_arc.num_value,
    ve_arc.tstamp,
    ve_arc.insert_user,
    ve_arc.lastupdate,
    ve_arc.lastupdate_user,
    ve_arc.the_geom,
    ve_arc.workcat_id_plan,
    ve_arc.asset_id,
    ve_arc.pavcat_id,
    ve_arc.drainzone_id,
    ve_arc.cat_area,
    ve_arc.parent_id,
    ve_arc.expl_id2,
    ve_arc.is_operative,
    ve_arc.region_id,
    ve_arc.province_id,
    ve_arc.adate,
    ve_arc.adescript,
    ve_arc.visitability,
    man_conduit.inlet_offset,
    man_conduit.bottom_mat
   FROM (ve_arc
     JOIN man_conduit ON (((man_conduit.arc_id)::text = (ve_arc.arc_id)::text)))
  WHERE ((ve_arc.arc_type)::text = 'PUMP_PIPE'::text);


--
-- Name: ve_arc_siphon; Type: VIEW; Schema: ; Owner: -
--

CREATE VIEW ve_arc_siphon AS
 SELECT ve_arc.arc_id,
    ve_arc.code,
    ve_arc.node_1,
    ve_arc.nodetype_1,
    ve_arc.y1,
    ve_arc.custom_y1,
    ve_arc.elev1,
    ve_arc.custom_elev1,
    ve_arc.sys_elev1,
    ve_arc.sys_y1,
    ve_arc.r1,
    ve_arc.z1,
    ve_arc.node_2,
    ve_arc.nodetype_2,
    ve_arc.y2,
    ve_arc.custom_y2,
    ve_arc.elev2,
    ve_arc.custom_elev2,
    ve_arc.sys_elev2,
    ve_arc.sys_y2,
    ve_arc.r2,
    ve_arc.z2,
    ve_arc.slope,
    ve_arc.arc_type,
    ve_arc.sys_type,
    ve_arc.arccat_id,
    ve_arc.matcat_id,
    ve_arc.cat_shape,
    ve_arc.cat_geom1,
    ve_arc.cat_geom2,
    ve_arc.width,
    ve_arc.epa_type,
    ve_arc.expl_id,
    ve_arc.macroexpl_id,
    ve_arc.sector_id,
    ve_arc.macrosector_id,
    ve_arc.state,
    ve_arc.state_type,
    ve_arc.annotation,
    ve_arc.gis_length,
    ve_arc.custom_length,
    ve_arc.inverted_slope,
    ve_arc.observ,
    ve_arc.comment,
    ve_arc.dma_id,
    ve_arc.macrodma_id,
    ve_arc.soilcat_id,
    ve_arc.function_type,
    ve_arc.category_type,
    ve_arc.fluid_type,
    ve_arc.location_type,
    ve_arc.workcat_id,
    ve_arc.workcat_id_end,
    ve_arc.builtdate,
    ve_arc.enddate,
    ve_arc.buildercat_id,
    ve_arc.ownercat_id,
    ve_arc.muni_id,
    ve_arc.postcode,
    ve_arc.district_id,
    ve_arc.streetname,
    ve_arc.postnumber,
    ve_arc.postcomplement,
    ve_arc.streetname2,
    ve_arc.postnumber2,
    ve_arc.postcomplement2,
    ve_arc.descript,
    ve_arc.link,
    ve_arc.verified,
    ve_arc.undelete,
    ve_arc.label,
    ve_arc.label_x,
    ve_arc.label_y,
    ve_arc.label_rotation,
    ve_arc.publish,
    ve_arc.inventory,
    ve_arc.uncertain,
    ve_arc.num_value,
    ve_arc.tstamp,
    ve_arc.insert_user,
    ve_arc.lastupdate,
    ve_arc.lastupdate_user,
    ve_arc.the_geom,
    ve_arc.workcat_id_plan,
    ve_arc.asset_id,
    ve_arc.pavcat_id,
    ve_arc.drainzone_id,
    ve_arc.cat_area,
    ve_arc.parent_id,
    ve_arc.expl_id2,
    ve_arc.is_operative,
    ve_arc.region_id,
    ve_arc.province_id,
    ve_arc.adate,
    ve_arc.adescript,
    ve_arc.visitability,
    man_siphon.name
   FROM (ve_arc
     JOIN man_siphon ON (((man_siphon.arc_id)::text = (ve_arc.arc_id)::text)))
  WHERE ((ve_arc.arc_type)::text = 'SIPHON'::text);


--
-- Name: ve_arc_varc; Type: VIEW; Schema: ; Owner: -
--

CREATE VIEW ve_arc_varc AS
 SELECT ve_arc.arc_id,
    ve_arc.code,
    ve_arc.node_1,
    ve_arc.nodetype_1,
    ve_arc.y1,
    ve_arc.custom_y1,
    ve_arc.elev1,
    ve_arc.custom_elev1,
    ve_arc.sys_elev1,
    ve_arc.sys_y1,
    ve_arc.r1,
    ve_arc.z1,
    ve_arc.node_2,
    ve_arc.nodetype_2,
    ve_arc.y2,
    ve_arc.custom_y2,
    ve_arc.elev2,
    ve_arc.custom_elev2,
    ve_arc.sys_elev2,
    ve_arc.sys_y2,
    ve_arc.r2,
    ve_arc.z2,
    ve_arc.slope,
    ve_arc.arc_type,
    ve_arc.sys_type,
    ve_arc.arccat_id,
    ve_arc.matcat_id,
    ve_arc.cat_shape,
    ve_arc.cat_geom1,
    ve_arc.cat_geom2,
    ve_arc.width,
    ve_arc.epa_type,
    ve_arc.expl_id,
    ve_arc.macroexpl_id,
    ve_arc.sector_id,
    ve_arc.macrosector_id,
    ve_arc.state,
    ve_arc.state_type,
    ve_arc.annotation,
    ve_arc.gis_length,
    ve_arc.custom_length,
    ve_arc.inverted_slope,
    ve_arc.observ,
    ve_arc.comment,
    ve_arc.dma_id,
    ve_arc.macrodma_id,
    ve_arc.soilcat_id,
    ve_arc.function_type,
    ve_arc.category_type,
    ve_arc.fluid_type,
    ve_arc.location_type,
    ve_arc.workcat_id,
    ve_arc.workcat_id_end,
    ve_arc.builtdate,
    ve_arc.enddate,
    ve_arc.buildercat_id,
    ve_arc.ownercat_id,
    ve_arc.muni_id,
    ve_arc.postcode,
    ve_arc.district_id,
    ve_arc.streetname,
    ve_arc.postnumber,
    ve_arc.postcomplement,
    ve_arc.streetname2,
    ve_arc.postnumber2,
    ve_arc.postcomplement2,
    ve_arc.descript,
    ve_arc.link,
    ve_arc.verified,
    ve_arc.undelete,
    ve_arc.label,
    ve_arc.label_x,
    ve_arc.label_y,
    ve_arc.label_rotation,
    ve_arc.publish,
    ve_arc.inventory,
    ve_arc.uncertain,
    ve_arc.num_value,
    ve_arc.tstamp,
    ve_arc.insert_user,
    ve_arc.lastupdate,
    ve_arc.lastupdate_user,
    ve_arc.the_geom,
    ve_arc.workcat_id_plan,
    ve_arc.asset_id,
    ve_arc.pavcat_id,
    ve_arc.drainzone_id,
    ve_arc.cat_area,
    ve_arc.parent_id,
    ve_arc.expl_id2,
    ve_arc.is_operative,
    ve_arc.region_id,
    ve_arc.province_id,
    ve_arc.adate,
    ve_arc.adescript,
    ve_arc.visitability
   FROM (ve_arc
     JOIN man_varc ON (((man_varc.arc_id)::text = (ve_arc.arc_id)::text)))
  WHERE ((ve_arc.arc_type)::text = 'VARC'::text);


--
-- Name: ve_arc_waccel; Type: VIEW; Schema: ; Owner: -
--

CREATE VIEW ve_arc_waccel AS
 SELECT ve_arc.arc_id,
    ve_arc.code,
    ve_arc.node_1,
    ve_arc.nodetype_1,
    ve_arc.y1,
    ve_arc.custom_y1,
    ve_arc.elev1,
    ve_arc.custom_elev1,
    ve_arc.sys_elev1,
    ve_arc.sys_y1,
    ve_arc.r1,
    ve_arc.z1,
    ve_arc.node_2,
    ve_arc.nodetype_2,
    ve_arc.y2,
    ve_arc.custom_y2,
    ve_arc.elev2,
    ve_arc.custom_elev2,
    ve_arc.sys_elev2,
    ve_arc.sys_y2,
    ve_arc.r2,
    ve_arc.z2,
    ve_arc.slope,
    ve_arc.arc_type,
    ve_arc.sys_type,
    ve_arc.arccat_id,
    ve_arc.matcat_id,
    ve_arc.cat_shape,
    ve_arc.cat_geom1,
    ve_arc.cat_geom2,
    ve_arc.width,
    ve_arc.epa_type,
    ve_arc.expl_id,
    ve_arc.macroexpl_id,
    ve_arc.sector_id,
    ve_arc.macrosector_id,
    ve_arc.state,
    ve_arc.state_type,
    ve_arc.annotation,
    ve_arc.gis_length,
    ve_arc.custom_length,
    ve_arc.inverted_slope,
    ve_arc.observ,
    ve_arc.comment,
    ve_arc.dma_id,
    ve_arc.macrodma_id,
    ve_arc.soilcat_id,
    ve_arc.function_type,
    ve_arc.category_type,
    ve_arc.fluid_type,
    ve_arc.location_type,
    ve_arc.workcat_id,
    ve_arc.workcat_id_end,
    ve_arc.builtdate,
    ve_arc.enddate,
    ve_arc.buildercat_id,
    ve_arc.ownercat_id,
    ve_arc.muni_id,
    ve_arc.postcode,
    ve_arc.district_id,
    ve_arc.streetname,
    ve_arc.postnumber,
    ve_arc.postcomplement,
    ve_arc.streetname2,
    ve_arc.postnumber2,
    ve_arc.postcomplement2,
    ve_arc.descript,
    ve_arc.link,
    ve_arc.verified,
    ve_arc.undelete,
    ve_arc.label,
    ve_arc.label_x,
    ve_arc.label_y,
    ve_arc.label_rotation,
    ve_arc.publish,
    ve_arc.inventory,
    ve_arc.uncertain,
    ve_arc.num_value,
    ve_arc.tstamp,
    ve_arc.insert_user,
    ve_arc.lastupdate,
    ve_arc.lastupdate_user,
    ve_arc.the_geom,
    ve_arc.workcat_id_plan,
    ve_arc.asset_id,
    ve_arc.pavcat_id,
    ve_arc.drainzone_id,
    ve_arc.cat_area,
    ve_arc.parent_id,
    ve_arc.expl_id2,
    ve_arc.is_operative,
    ve_arc.region_id,
    ve_arc.province_id,
    ve_arc.adate,
    ve_arc.adescript,
    ve_arc.visitability,
    man_waccel.sander_length,
    man_waccel.sander_depth,
    man_waccel.prot_surface,
    man_waccel.accessibility,
    man_waccel.name
   FROM (ve_arc
     JOIN man_waccel ON (((man_waccel.arc_id)::text = (ve_arc.arc_id)::text)))
  WHERE ((ve_arc.arc_type)::text = 'WACCEL'::text);



--
-- Name: ve_connec_connec; Type: VIEW; Schema: ; Owner: -
--

CREATE VIEW ve_connec_connec AS
 SELECT ve_connec.connec_id,
    ve_connec.code,
    ve_connec.customer_code,
    ve_connec.top_elev,
    ve_connec.y1,
    ve_connec.y2,
    ve_connec.connecat_id,
    ve_connec.connec_type,
    ve_connec.sys_type,
    ve_connec.private_connecat_id,
    ve_connec.matcat_id,
    ve_connec.expl_id,
    ve_connec.macroexpl_id,
    ve_connec.sector_id,
    ve_connec.macrosector_id,
    ve_connec.demand,
    ve_connec.state,
    ve_connec.state_type,
    ve_connec.connec_depth,
    ve_connec.connec_length,
    ve_connec.arc_id,
    ve_connec.annotation,
    ve_connec.observ,
    ve_connec.comment,
    ve_connec.dma_id,
    ve_connec.macrodma_id,
    ve_connec.soilcat_id,
    ve_connec.function_type,
    ve_connec.category_type,
    ve_connec.fluid_type,
    ve_connec.location_type,
    ve_connec.workcat_id,
    ve_connec.workcat_id_end,
    ve_connec.buildercat_id,
    ve_connec.builtdate,
    ve_connec.enddate,
    ve_connec.ownercat_id,
    ve_connec.muni_id,
    ve_connec.postcode,
    ve_connec.district_id,
    ve_connec.streetname,
    ve_connec.postnumber,
    ve_connec.postcomplement,
    ve_connec.streetname2,
    ve_connec.postnumber2,
    ve_connec.postcomplement2,
    ve_connec.descript,
    ve_connec.svg,
    ve_connec.rotation,
    ve_connec.link,
    ve_connec.verified,
    ve_connec.undelete,
    ve_connec.label,
    ve_connec.label_x,
    ve_connec.label_y,
    ve_connec.label_rotation,
    ve_connec.accessibility,
    ve_connec.diagonal,
    ve_connec.publish,
    ve_connec.inventory,
    ve_connec.uncertain,
    ve_connec.num_value,
    ve_connec.pjoint_id,
    ve_connec.pjoint_type,
    ve_connec.tstamp,
    ve_connec.insert_user,
    ve_connec.lastupdate,
    ve_connec.lastupdate_user,
    ve_connec.the_geom,
    ve_connec.workcat_id_plan,
    ve_connec.asset_id,
    ve_connec.drainzone_id,
    ve_connec.expl_id2,
    ve_connec.is_operative,
    ve_connec.region_id,
    ve_connec.province_id,
    ve_connec.adate,
    ve_connec.adescript,
    ve_connec.plot_code
   FROM ve_connec
  WHERE ((ve_connec.connec_type)::text = 'CONNEC'::text);


--
-- Name: ve_connec_vconnec; Type: VIEW; Schema: ; Owner: -
--

CREATE VIEW ve_connec_vconnec AS
 SELECT ve_connec.connec_id,
    ve_connec.code,
    ve_connec.customer_code,
    ve_connec.top_elev,
    ve_connec.y1,
    ve_connec.y2,
    ve_connec.connecat_id,
    ve_connec.connec_type,
    ve_connec.sys_type,
    ve_connec.private_connecat_id,
    ve_connec.matcat_id,
    ve_connec.expl_id,
    ve_connec.macroexpl_id,
    ve_connec.sector_id,
    ve_connec.macrosector_id,
    ve_connec.demand,
    ve_connec.state,
    ve_connec.state_type,
    ve_connec.connec_depth,
    ve_connec.connec_length,
    ve_connec.arc_id,
    ve_connec.annotation,
    ve_connec.observ,
    ve_connec.comment,
    ve_connec.dma_id,
    ve_connec.macrodma_id,
    ve_connec.soilcat_id,
    ve_connec.function_type,
    ve_connec.category_type,
    ve_connec.fluid_type,
    ve_connec.location_type,
    ve_connec.workcat_id,
    ve_connec.workcat_id_end,
    ve_connec.buildercat_id,
    ve_connec.builtdate,
    ve_connec.enddate,
    ve_connec.ownercat_id,
    ve_connec.muni_id,
    ve_connec.postcode,
    ve_connec.district_id,
    ve_connec.streetname,
    ve_connec.postnumber,
    ve_connec.postcomplement,
    ve_connec.streetname2,
    ve_connec.postnumber2,
    ve_connec.postcomplement2,
    ve_connec.descript,
    ve_connec.svg,
    ve_connec.rotation,
    ve_connec.link,
    ve_connec.verified,
    ve_connec.undelete,
    ve_connec.label,
    ve_connec.label_x,
    ve_connec.label_y,
    ve_connec.label_rotation,
    ve_connec.accessibility,
    ve_connec.diagonal,
    ve_connec.publish,
    ve_connec.inventory,
    ve_connec.uncertain,
    ve_connec.num_value,
    ve_connec.pjoint_id,
    ve_connec.pjoint_type,
    ve_connec.tstamp,
    ve_connec.insert_user,
    ve_connec.lastupdate,
    ve_connec.lastupdate_user,
    ve_connec.the_geom,
    ve_connec.workcat_id_plan,
    ve_connec.asset_id,
    ve_connec.drainzone_id,
    ve_connec.expl_id2,
    ve_connec.is_operative,
    ve_connec.region_id,
    ve_connec.province_id,
    ve_connec.adate,
    ve_connec.adescript,
    ve_connec.plot_code
   FROM ve_connec
  WHERE ((ve_connec.connec_type)::text = 'VCONNEC'::text);


--
-- Name: ve_node_chamber; Type: VIEW; Schema: ; Owner: -
--

CREATE VIEW ve_node_chamber AS
 SELECT ve_node.node_id,
    ve_node.code,
    ve_node.top_elev,
    ve_node.custom_top_elev,
    ve_node.sys_top_elev,
    ve_node.ymax,
    ve_node.custom_ymax,
    ve_node.sys_ymax,
    ve_node.elev,
    ve_node.custom_elev,
    ve_node.sys_elev,
    ve_node.node_type,
    ve_node.sys_type,
    ve_node.nodecat_id,
    ve_node.matcat_id,
    ve_node.epa_type,
    ve_node.expl_id,
    ve_node.macroexpl_id,
    ve_node.sector_id,
    ve_node.macrosector_id,
    ve_node.state,
    ve_node.state_type,
    ve_node.annotation,
    ve_node.observ,
    ve_node.comment,
    ve_node.dma_id,
    ve_node.macrodma_id,
    ve_node.soilcat_id,
    ve_node.function_type,
    ve_node.category_type,
    ve_node.fluid_type,
    ve_node.location_type,
    ve_node.workcat_id,
    ve_node.workcat_id_end,
    ve_node.buildercat_id,
    ve_node.builtdate,
    ve_node.enddate,
    ve_node.ownercat_id,
    ve_node.muni_id,
    ve_node.postcode,
    ve_node.district_id,
    ve_node.streetname,
    ve_node.postnumber,
    ve_node.postcomplement,
    ve_node.streetname2,
    ve_node.postnumber2,
    ve_node.postcomplement2,
    ve_node.descript,
    ve_node.svg,
    ve_node.rotation,
    ve_node.link,
    ve_node.verified,
    ve_node.the_geom,
    ve_node.undelete,
    ve_node.label,
    ve_node.label_x,
    ve_node.label_y,
    ve_node.label_rotation,
    ve_node.publish,
    ve_node.inventory,
    ve_node.uncertain,
    ve_node.xyz_date,
    ve_node.unconnected,
    ve_node.num_value,
    ve_node.tstamp,
    ve_node.insert_user,
    ve_node.lastupdate,
    ve_node.lastupdate_user,
    ve_node.workcat_id_plan,
    ve_node.asset_id,
    ve_node.drainzone_id,
    ve_node.parent_id,
    ve_node.arc_id,
    ve_node.expl_id2,
    ve_node.is_operative,
    ve_node.region_id,
    ve_node.province_id,
    ve_node.adate,
    ve_node.adescript,
    man_chamber.length,
    man_chamber.width,
    man_chamber.sander_depth,
    man_chamber.max_volume,
    man_chamber.util_volume,
    man_chamber.inlet,
    man_chamber.bottom_channel,
    man_chamber.accessibility,
    man_chamber.name,
    man_chamber.bottom_mat,
    man_chamber.slope
   FROM (ve_node
     JOIN man_chamber ON (((man_chamber.node_id)::text = (ve_node.node_id)::text)))
  WHERE ((ve_node.node_type)::text = 'CHAMBER'::text);


--
-- Name: ve_node_change; Type: VIEW; Schema: ; Owner: -
--

CREATE VIEW ve_node_change AS
 SELECT ve_node.node_id,
    ve_node.code,
    ve_node.top_elev,
    ve_node.custom_top_elev,
    ve_node.sys_top_elev,
    ve_node.ymax,
    ve_node.custom_ymax,
    ve_node.sys_ymax,
    ve_node.elev,
    ve_node.custom_elev,
    ve_node.sys_elev,
    ve_node.node_type,
    ve_node.sys_type,
    ve_node.nodecat_id,
    ve_node.matcat_id,
    ve_node.epa_type,
    ve_node.expl_id,
    ve_node.macroexpl_id,
    ve_node.sector_id,
    ve_node.macrosector_id,
    ve_node.state,
    ve_node.state_type,
    ve_node.annotation,
    ve_node.observ,
    ve_node.comment,
    ve_node.dma_id,
    ve_node.macrodma_id,
    ve_node.soilcat_id,
    ve_node.function_type,
    ve_node.category_type,
    ve_node.fluid_type,
    ve_node.location_type,
    ve_node.workcat_id,
    ve_node.workcat_id_end,
    ve_node.buildercat_id,
    ve_node.builtdate,
    ve_node.enddate,
    ve_node.ownercat_id,
    ve_node.muni_id,
    ve_node.postcode,
    ve_node.district_id,
    ve_node.streetname,
    ve_node.postnumber,
    ve_node.postcomplement,
    ve_node.streetname2,
    ve_node.postnumber2,
    ve_node.postcomplement2,
    ve_node.descript,
    ve_node.svg,
    ve_node.rotation,
    ve_node.link,
    ve_node.verified,
    ve_node.the_geom,
    ve_node.undelete,
    ve_node.label,
    ve_node.label_x,
    ve_node.label_y,
    ve_node.label_rotation,
    ve_node.publish,
    ve_node.inventory,
    ve_node.uncertain,
    ve_node.xyz_date,
    ve_node.unconnected,
    ve_node.num_value,
    ve_node.tstamp,
    ve_node.insert_user,
    ve_node.lastupdate,
    ve_node.lastupdate_user,
    ve_node.workcat_id_plan,
    ve_node.asset_id,
    ve_node.drainzone_id,
    ve_node.parent_id,
    ve_node.arc_id,
    ve_node.expl_id2,
    ve_node.is_operative,
    ve_node.region_id,
    ve_node.province_id,
    ve_node.adate,
    ve_node.adescript
   FROM (ve_node
     JOIN man_junction ON (((man_junction.node_id)::text = (ve_node.node_id)::text)))
  WHERE ((ve_node.node_type)::text = 'CHANGE'::text);


--
-- Name: ve_node_circ_manhole; Type: VIEW; Schema: ; Owner: -
--

CREATE VIEW ve_node_circ_manhole AS
 SELECT ve_node.node_id,
    ve_node.code,
    ve_node.top_elev,
    ve_node.custom_top_elev,
    ve_node.sys_top_elev,
    ve_node.ymax,
    ve_node.custom_ymax,
    ve_node.sys_ymax,
    ve_node.elev,
    ve_node.custom_elev,
    ve_node.sys_elev,
    ve_node.node_type,
    ve_node.sys_type,
    ve_node.nodecat_id,
    ve_node.matcat_id,
    ve_node.epa_type,
    ve_node.expl_id,
    ve_node.macroexpl_id,
    ve_node.sector_id,
    ve_node.macrosector_id,
    ve_node.state,
    ve_node.state_type,
    ve_node.annotation,
    ve_node.observ,
    ve_node.comment,
    ve_node.dma_id,
    ve_node.macrodma_id,
    ve_node.soilcat_id,
    ve_node.function_type,
    ve_node.category_type,
    ve_node.fluid_type,
    ve_node.location_type,
    ve_node.workcat_id,
    ve_node.workcat_id_end,
    ve_node.buildercat_id,
    ve_node.builtdate,
    ve_node.enddate,
    ve_node.ownercat_id,
    ve_node.muni_id,
    ve_node.postcode,
    ve_node.district_id,
    ve_node.streetname,
    ve_node.postnumber,
    ve_node.postcomplement,
    ve_node.streetname2,
    ve_node.postnumber2,
    ve_node.postcomplement2,
    ve_node.descript,
    ve_node.svg,
    ve_node.rotation,
    ve_node.link,
    ve_node.verified,
    ve_node.the_geom,
    ve_node.undelete,
    ve_node.label,
    ve_node.label_x,
    ve_node.label_y,
    ve_node.label_rotation,
    ve_node.publish,
    ve_node.inventory,
    ve_node.uncertain,
    ve_node.xyz_date,
    ve_node.unconnected,
    ve_node.num_value,
    ve_node.tstamp,
    ve_node.insert_user,
    ve_node.lastupdate,
    ve_node.lastupdate_user,
    ve_node.workcat_id_plan,
    ve_node.asset_id,
    ve_node.drainzone_id,
    ve_node.parent_id,
    ve_node.arc_id,
    ve_node.expl_id2,
    ve_node.is_operative,
    ve_node.region_id,
    ve_node.province_id,
    ve_node.adate,
    ve_node.adescript,
    man_manhole.length,
    man_manhole.width,
    man_manhole.sander_depth,
    man_manhole.prot_surface,
    man_manhole.inlet,
    man_manhole.bottom_channel,
    man_manhole.accessibility,
    man_manhole.step_pp,
    man_manhole.step_fe,
    man_manhole.step_replace,
    man_manhole.cover,
    man_manhole.bottom_mat
   FROM (ve_node
     JOIN man_manhole ON (((man_manhole.node_id)::text = (ve_node.node_id)::text)))
  WHERE ((ve_node.node_type)::text = 'CIRC_MANHOLE'::text);


--
-- Name: ve_node_highpoint; Type: VIEW; Schema: ; Owner: -
--

CREATE VIEW ve_node_highpoint AS
 SELECT ve_node.node_id,
    ve_node.code,
    ve_node.top_elev,
    ve_node.custom_top_elev,
    ve_node.sys_top_elev,
    ve_node.ymax,
    ve_node.custom_ymax,
    ve_node.sys_ymax,
    ve_node.elev,
    ve_node.custom_elev,
    ve_node.sys_elev,
    ve_node.node_type,
    ve_node.sys_type,
    ve_node.nodecat_id,
    ve_node.matcat_id,
    ve_node.epa_type,
    ve_node.expl_id,
    ve_node.macroexpl_id,
    ve_node.sector_id,
    ve_node.macrosector_id,
    ve_node.state,
    ve_node.state_type,
    ve_node.annotation,
    ve_node.observ,
    ve_node.comment,
    ve_node.dma_id,
    ve_node.macrodma_id,
    ve_node.soilcat_id,
    ve_node.function_type,
    ve_node.category_type,
    ve_node.fluid_type,
    ve_node.location_type,
    ve_node.workcat_id,
    ve_node.workcat_id_end,
    ve_node.buildercat_id,
    ve_node.builtdate,
    ve_node.enddate,
    ve_node.ownercat_id,
    ve_node.muni_id,
    ve_node.postcode,
    ve_node.district_id,
    ve_node.streetname,
    ve_node.postnumber,
    ve_node.postcomplement,
    ve_node.streetname2,
    ve_node.postnumber2,
    ve_node.postcomplement2,
    ve_node.descript,
    ve_node.svg,
    ve_node.rotation,
    ve_node.link,
    ve_node.verified,
    ve_node.the_geom,
    ve_node.undelete,
    ve_node.label,
    ve_node.label_x,
    ve_node.label_y,
    ve_node.label_rotation,
    ve_node.publish,
    ve_node.inventory,
    ve_node.uncertain,
    ve_node.xyz_date,
    ve_node.unconnected,
    ve_node.num_value,
    ve_node.tstamp,
    ve_node.insert_user,
    ve_node.lastupdate,
    ve_node.lastupdate_user,
    ve_node.workcat_id_plan,
    ve_node.asset_id,
    ve_node.drainzone_id,
    ve_node.parent_id,
    ve_node.arc_id,
    ve_node.expl_id2,
    ve_node.is_operative,
    ve_node.region_id,
    ve_node.province_id,
    ve_node.adate,
    ve_node.adescript
   FROM (ve_node
     JOIN man_junction ON (((man_junction.node_id)::text = (ve_node.node_id)::text)))
  WHERE ((ve_node.node_type)::text = 'HIGHPOINT'::text);


--
-- Name: ve_node_jump; Type: VIEW; Schema: ; Owner: -
--

CREATE VIEW ve_node_jump AS
 SELECT ve_node.node_id,
    ve_node.code,
    ve_node.top_elev,
    ve_node.custom_top_elev,
    ve_node.sys_top_elev,
    ve_node.ymax,
    ve_node.custom_ymax,
    ve_node.sys_ymax,
    ve_node.elev,
    ve_node.custom_elev,
    ve_node.sys_elev,
    ve_node.node_type,
    ve_node.sys_type,
    ve_node.nodecat_id,
    ve_node.matcat_id,
    ve_node.epa_type,
    ve_node.expl_id,
    ve_node.macroexpl_id,
    ve_node.sector_id,
    ve_node.macrosector_id,
    ve_node.state,
    ve_node.state_type,
    ve_node.annotation,
    ve_node.observ,
    ve_node.comment,
    ve_node.dma_id,
    ve_node.macrodma_id,
    ve_node.soilcat_id,
    ve_node.function_type,
    ve_node.category_type,
    ve_node.fluid_type,
    ve_node.location_type,
    ve_node.workcat_id,
    ve_node.workcat_id_end,
    ve_node.buildercat_id,
    ve_node.builtdate,
    ve_node.enddate,
    ve_node.ownercat_id,
    ve_node.muni_id,
    ve_node.postcode,
    ve_node.district_id,
    ve_node.streetname,
    ve_node.postnumber,
    ve_node.postcomplement,
    ve_node.streetname2,
    ve_node.postnumber2,
    ve_node.postcomplement2,
    ve_node.descript,
    ve_node.svg,
    ve_node.rotation,
    ve_node.link,
    ve_node.verified,
    ve_node.the_geom,
    ve_node.undelete,
    ve_node.label,
    ve_node.label_x,
    ve_node.label_y,
    ve_node.label_rotation,
    ve_node.publish,
    ve_node.inventory,
    ve_node.uncertain,
    ve_node.xyz_date,
    ve_node.unconnected,
    ve_node.num_value,
    ve_node.tstamp,
    ve_node.insert_user,
    ve_node.lastupdate,
    ve_node.lastupdate_user,
    ve_node.workcat_id_plan,
    ve_node.asset_id,
    ve_node.drainzone_id,
    ve_node.parent_id,
    ve_node.arc_id,
    ve_node.expl_id2,
    ve_node.is_operative,
    ve_node.region_id,
    ve_node.province_id,
    ve_node.adate,
    ve_node.adescript,
    man_wjump.length,
    man_wjump.width,
    man_wjump.sander_depth,
    man_wjump.prot_surface,
    man_wjump.accessibility,
    man_wjump.name
   FROM (ve_node
     JOIN man_wjump ON (((man_wjump.node_id)::text = (ve_node.node_id)::text)))
  WHERE ((ve_node.node_type)::text = 'JUMP'::text);


--
-- Name: ve_node_junction; Type: VIEW; Schema: ; Owner: -
--

CREATE VIEW ve_node_junction AS
 SELECT ve_node.node_id,
    ve_node.code,
    ve_node.top_elev,
    ve_node.custom_top_elev,
    ve_node.sys_top_elev,
    ve_node.ymax,
    ve_node.custom_ymax,
    ve_node.sys_ymax,
    ve_node.elev,
    ve_node.custom_elev,
    ve_node.sys_elev,
    ve_node.node_type,
    ve_node.sys_type,
    ve_node.nodecat_id,
    ve_node.matcat_id,
    ve_node.epa_type,
    ve_node.expl_id,
    ve_node.macroexpl_id,
    ve_node.sector_id,
    ve_node.macrosector_id,
    ve_node.state,
    ve_node.state_type,
    ve_node.annotation,
    ve_node.observ,
    ve_node.comment,
    ve_node.dma_id,
    ve_node.macrodma_id,
    ve_node.soilcat_id,
    ve_node.function_type,
    ve_node.category_type,
    ve_node.fluid_type,
    ve_node.location_type,
    ve_node.workcat_id,
    ve_node.workcat_id_end,
    ve_node.buildercat_id,
    ve_node.builtdate,
    ve_node.enddate,
    ve_node.ownercat_id,
    ve_node.muni_id,
    ve_node.postcode,
    ve_node.district_id,
    ve_node.streetname,
    ve_node.postnumber,
    ve_node.postcomplement,
    ve_node.streetname2,
    ve_node.postnumber2,
    ve_node.postcomplement2,
    ve_node.descript,
    ve_node.svg,
    ve_node.rotation,
    ve_node.link,
    ve_node.verified,
    ve_node.the_geom,
    ve_node.undelete,
    ve_node.label,
    ve_node.label_x,
    ve_node.label_y,
    ve_node.label_rotation,
    ve_node.publish,
    ve_node.inventory,
    ve_node.uncertain,
    ve_node.xyz_date,
    ve_node.unconnected,
    ve_node.num_value,
    ve_node.tstamp,
    ve_node.insert_user,
    ve_node.lastupdate,
    ve_node.lastupdate_user,
    ve_node.workcat_id_plan,
    ve_node.asset_id,
    ve_node.drainzone_id,
    ve_node.parent_id,
    ve_node.arc_id,
    ve_node.expl_id2,
    ve_node.is_operative,
    ve_node.region_id,
    ve_node.province_id,
    ve_node.adate,
    ve_node.adescript
   FROM (ve_node
     JOIN man_junction ON (((man_junction.node_id)::text = (ve_node.node_id)::text)))
  WHERE ((ve_node.node_type)::text = 'JUNCTION'::text);


--
-- Name: ve_node_netelement; Type: VIEW; Schema: ; Owner: -
--

CREATE VIEW ve_node_netelement AS
 SELECT ve_node.node_id,
    ve_node.code,
    ve_node.top_elev,
    ve_node.custom_top_elev,
    ve_node.sys_top_elev,
    ve_node.ymax,
    ve_node.custom_ymax,
    ve_node.sys_ymax,
    ve_node.elev,
    ve_node.custom_elev,
    ve_node.sys_elev,
    ve_node.node_type,
    ve_node.sys_type,
    ve_node.nodecat_id,
    ve_node.matcat_id,
    ve_node.epa_type,
    ve_node.expl_id,
    ve_node.macroexpl_id,
    ve_node.sector_id,
    ve_node.macrosector_id,
    ve_node.state,
    ve_node.state_type,
    ve_node.annotation,
    ve_node.observ,
    ve_node.comment,
    ve_node.dma_id,
    ve_node.macrodma_id,
    ve_node.soilcat_id,
    ve_node.function_type,
    ve_node.category_type,
    ve_node.fluid_type,
    ve_node.location_type,
    ve_node.workcat_id,
    ve_node.workcat_id_end,
    ve_node.buildercat_id,
    ve_node.builtdate,
    ve_node.enddate,
    ve_node.ownercat_id,
    ve_node.muni_id,
    ve_node.postcode,
    ve_node.district_id,
    ve_node.streetname,
    ve_node.postnumber,
    ve_node.postcomplement,
    ve_node.streetname2,
    ve_node.postnumber2,
    ve_node.postcomplement2,
    ve_node.descript,
    ve_node.svg,
    ve_node.rotation,
    ve_node.link,
    ve_node.verified,
    ve_node.the_geom,
    ve_node.undelete,
    ve_node.label,
    ve_node.label_x,
    ve_node.label_y,
    ve_node.label_rotation,
    ve_node.publish,
    ve_node.inventory,
    ve_node.uncertain,
    ve_node.xyz_date,
    ve_node.unconnected,
    ve_node.num_value,
    ve_node.tstamp,
    ve_node.insert_user,
    ve_node.lastupdate,
    ve_node.lastupdate_user,
    ve_node.workcat_id_plan,
    ve_node.asset_id,
    ve_node.drainzone_id,
    ve_node.parent_id,
    ve_node.arc_id,
    ve_node.expl_id2,
    ve_node.is_operative,
    ve_node.region_id,
    ve_node.province_id,
    ve_node.adate,
    ve_node.adescript,
    man_netelement.serial_number
   FROM (ve_node
     JOIN man_netelement ON (((man_netelement.node_id)::text = (ve_node.node_id)::text)))
  WHERE ((ve_node.node_type)::text = 'NETELEMENT'::text);


--
-- Name: ve_node_netgully; Type: VIEW; Schema: ; Owner: -
--

CREATE VIEW ve_node_netgully AS
 SELECT ve_node.node_id,
    ve_node.code,
    ve_node.top_elev,
    ve_node.custom_top_elev,
    ve_node.sys_top_elev,
    ve_node.ymax,
    ve_node.custom_ymax,
    ve_node.sys_ymax,
    ve_node.elev,
    ve_node.custom_elev,
    ve_node.sys_elev,
    ve_node.node_type,
    ve_node.sys_type,
    ve_node.nodecat_id,
    ve_node.matcat_id,
    ve_node.epa_type,
    ve_node.expl_id,
    ve_node.macroexpl_id,
    ve_node.sector_id,
    ve_node.macrosector_id,
    ve_node.state,
    ve_node.state_type,
    ve_node.annotation,
    ve_node.observ,
    ve_node.comment,
    ve_node.dma_id,
    ve_node.macrodma_id,
    ve_node.soilcat_id,
    ve_node.function_type,
    ve_node.category_type,
    ve_node.fluid_type,
    ve_node.location_type,
    ve_node.workcat_id,
    ve_node.workcat_id_end,
    ve_node.buildercat_id,
    ve_node.builtdate,
    ve_node.enddate,
    ve_node.ownercat_id,
    ve_node.muni_id,
    ve_node.postcode,
    ve_node.district_id,
    ve_node.streetname,
    ve_node.postnumber,
    ve_node.postcomplement,
    ve_node.streetname2,
    ve_node.postnumber2,
    ve_node.postcomplement2,
    ve_node.descript,
    ve_node.svg,
    ve_node.rotation,
    ve_node.link,
    ve_node.verified,
    ve_node.the_geom,
    ve_node.undelete,
    ve_node.label,
    ve_node.label_x,
    ve_node.label_y,
    ve_node.label_rotation,
    ve_node.publish,
    ve_node.inventory,
    ve_node.uncertain,
    ve_node.xyz_date,
    ve_node.unconnected,
    ve_node.num_value,
    ve_node.tstamp,
    ve_node.insert_user,
    ve_node.lastupdate,
    ve_node.lastupdate_user,
    ve_node.workcat_id_plan,
    ve_node.asset_id,
    ve_node.drainzone_id,
    ve_node.parent_id,
    ve_node.arc_id,
    ve_node.expl_id2,
    ve_node.is_operative,
    ve_node.region_id,
    ve_node.province_id,
    ve_node.adate,
    ve_node.adescript,
    man_netgully.sander_depth,
    man_netgully.gratecat_id,
    man_netgully.units,
    man_netgully.groove,
    man_netgully.siphon,
    man_netgully.gratecat2_id,
    man_netgully.groove_height,
    man_netgully.groove_length,
    man_netgully.units_placement
   FROM (ve_node
     JOIN man_netgully ON (((man_netgully.node_id)::text = (ve_node.node_id)::text)))
  WHERE ((ve_node.node_type)::text = 'NETGULLY'::text);


--
-- Name: ve_node_netinit; Type: VIEW; Schema: ; Owner: -
--

CREATE VIEW ve_node_netinit AS
 SELECT ve_node.node_id,
    ve_node.code,
    ve_node.top_elev,
    ve_node.custom_top_elev,
    ve_node.sys_top_elev,
    ve_node.ymax,
    ve_node.custom_ymax,
    ve_node.sys_ymax,
    ve_node.elev,
    ve_node.custom_elev,
    ve_node.sys_elev,
    ve_node.node_type,
    ve_node.sys_type,
    ve_node.nodecat_id,
    ve_node.matcat_id,
    ve_node.epa_type,
    ve_node.expl_id,
    ve_node.macroexpl_id,
    ve_node.sector_id,
    ve_node.macrosector_id,
    ve_node.state,
    ve_node.state_type,
    ve_node.annotation,
    ve_node.observ,
    ve_node.comment,
    ve_node.dma_id,
    ve_node.macrodma_id,
    ve_node.soilcat_id,
    ve_node.function_type,
    ve_node.category_type,
    ve_node.fluid_type,
    ve_node.location_type,
    ve_node.workcat_id,
    ve_node.workcat_id_end,
    ve_node.buildercat_id,
    ve_node.builtdate,
    ve_node.enddate,
    ve_node.ownercat_id,
    ve_node.muni_id,
    ve_node.postcode,
    ve_node.district_id,
    ve_node.streetname,
    ve_node.postnumber,
    ve_node.postcomplement,
    ve_node.streetname2,
    ve_node.postnumber2,
    ve_node.postcomplement2,
    ve_node.descript,
    ve_node.svg,
    ve_node.rotation,
    ve_node.link,
    ve_node.verified,
    ve_node.the_geom,
    ve_node.undelete,
    ve_node.label,
    ve_node.label_x,
    ve_node.label_y,
    ve_node.label_rotation,
    ve_node.publish,
    ve_node.inventory,
    ve_node.uncertain,
    ve_node.xyz_date,
    ve_node.unconnected,
    ve_node.num_value,
    ve_node.tstamp,
    ve_node.insert_user,
    ve_node.lastupdate,
    ve_node.lastupdate_user,
    ve_node.workcat_id_plan,
    ve_node.asset_id,
    ve_node.drainzone_id,
    ve_node.parent_id,
    ve_node.arc_id,
    ve_node.expl_id2,
    ve_node.is_operative,
    ve_node.region_id,
    ve_node.province_id,
    ve_node.adate,
    ve_node.adescript,
    man_netinit.length,
    man_netinit.width,
    man_netinit.inlet,
    man_netinit.bottom_channel,
    man_netinit.accessibility,
    man_netinit.name,
    man_netinit.sander_depth
   FROM (ve_node
     JOIN man_netinit ON (((man_netinit.node_id)::text = (ve_node.node_id)::text)))
  WHERE ((ve_node.node_type)::text = 'NETINIT'::text);


--
-- Name: ve_node_outfall; Type: VIEW; Schema: ; Owner: -
--

CREATE VIEW ve_node_outfall AS
 SELECT ve_node.node_id,
    ve_node.code,
    ve_node.top_elev,
    ve_node.custom_top_elev,
    ve_node.sys_top_elev,
    ve_node.ymax,
    ve_node.custom_ymax,
    ve_node.sys_ymax,
    ve_node.elev,
    ve_node.custom_elev,
    ve_node.sys_elev,
    ve_node.node_type,
    ve_node.sys_type,
    ve_node.nodecat_id,
    ve_node.matcat_id,
    ve_node.epa_type,
    ve_node.expl_id,
    ve_node.macroexpl_id,
    ve_node.sector_id,
    ve_node.macrosector_id,
    ve_node.state,
    ve_node.state_type,
    ve_node.annotation,
    ve_node.observ,
    ve_node.comment,
    ve_node.dma_id,
    ve_node.macrodma_id,
    ve_node.soilcat_id,
    ve_node.function_type,
    ve_node.category_type,
    ve_node.fluid_type,
    ve_node.location_type,
    ve_node.workcat_id,
    ve_node.workcat_id_end,
    ve_node.buildercat_id,
    ve_node.builtdate,
    ve_node.enddate,
    ve_node.ownercat_id,
    ve_node.muni_id,
    ve_node.postcode,
    ve_node.district_id,
    ve_node.streetname,
    ve_node.postnumber,
    ve_node.postcomplement,
    ve_node.streetname2,
    ve_node.postnumber2,
    ve_node.postcomplement2,
    ve_node.descript,
    ve_node.svg,
    ve_node.rotation,
    ve_node.link,
    ve_node.verified,
    ve_node.the_geom,
    ve_node.undelete,
    ve_node.label,
    ve_node.label_x,
    ve_node.label_y,
    ve_node.label_rotation,
    ve_node.publish,
    ve_node.inventory,
    ve_node.uncertain,
    ve_node.xyz_date,
    ve_node.unconnected,
    ve_node.num_value,
    ve_node.tstamp,
    ve_node.insert_user,
    ve_node.lastupdate,
    ve_node.lastupdate_user,
    ve_node.workcat_id_plan,
    ve_node.asset_id,
    ve_node.drainzone_id,
    ve_node.parent_id,
    ve_node.arc_id,
    ve_node.expl_id2,
    ve_node.is_operative,
    ve_node.region_id,
    ve_node.province_id,
    ve_node.adate,
    ve_node.adescript,
    man_outfall.name
   FROM (ve_node
     JOIN man_outfall ON (((man_outfall.node_id)::text = (ve_node.node_id)::text)))
  WHERE ((ve_node.node_type)::text = 'OUTFALL'::text);


--
-- Name: ve_node_owerflow_storage; Type: VIEW; Schema: ; Owner: -
--

CREATE VIEW ve_node_owerflow_storage AS
 SELECT ve_node.node_id,
    ve_node.code,
    ve_node.top_elev,
    ve_node.custom_top_elev,
    ve_node.sys_top_elev,
    ve_node.ymax,
    ve_node.custom_ymax,
    ve_node.sys_ymax,
    ve_node.elev,
    ve_node.custom_elev,
    ve_node.sys_elev,
    ve_node.node_type,
    ve_node.sys_type,
    ve_node.nodecat_id,
    ve_node.matcat_id,
    ve_node.epa_type,
    ve_node.expl_id,
    ve_node.macroexpl_id,
    ve_node.sector_id,
    ve_node.macrosector_id,
    ve_node.state,
    ve_node.state_type,
    ve_node.annotation,
    ve_node.observ,
    ve_node.comment,
    ve_node.dma_id,
    ve_node.macrodma_id,
    ve_node.soilcat_id,
    ve_node.function_type,
    ve_node.category_type,
    ve_node.fluid_type,
    ve_node.location_type,
    ve_node.workcat_id,
    ve_node.workcat_id_end,
    ve_node.buildercat_id,
    ve_node.builtdate,
    ve_node.enddate,
    ve_node.ownercat_id,
    ve_node.muni_id,
    ve_node.postcode,
    ve_node.district_id,
    ve_node.streetname,
    ve_node.postnumber,
    ve_node.postcomplement,
    ve_node.streetname2,
    ve_node.postnumber2,
    ve_node.postcomplement2,
    ve_node.descript,
    ve_node.svg,
    ve_node.rotation,
    ve_node.link,
    ve_node.verified,
    ve_node.the_geom,
    ve_node.undelete,
    ve_node.label,
    ve_node.label_x,
    ve_node.label_y,
    ve_node.label_rotation,
    ve_node.publish,
    ve_node.inventory,
    ve_node.uncertain,
    ve_node.xyz_date,
    ve_node.unconnected,
    ve_node.num_value,
    ve_node.tstamp,
    ve_node.insert_user,
    ve_node.lastupdate,
    ve_node.lastupdate_user,
    ve_node.workcat_id_plan,
    ve_node.asset_id,
    ve_node.drainzone_id,
    ve_node.parent_id,
    ve_node.arc_id,
    ve_node.expl_id2,
    ve_node.is_operative,
    ve_node.region_id,
    ve_node.province_id,
    ve_node.adate,
    ve_node.adescript,
    man_storage.length,
    man_storage.width,
    man_storage.custom_area,
    man_storage.max_volume,
    man_storage.util_volume,
    man_storage.min_height,
    man_storage.accessibility,
    man_storage.name
   FROM (ve_node
     JOIN man_storage ON (((man_storage.node_id)::text = (ve_node.node_id)::text)))
  WHERE ((ve_node.node_type)::text = 'OWERFLOW_STORAGE'::text);


--
-- Name: ve_node_pump_station; Type: VIEW; Schema: ; Owner: -
--

CREATE VIEW ve_node_pump_station AS
 SELECT ve_node.node_id,
    ve_node.code,
    ve_node.top_elev,
    ve_node.custom_top_elev,
    ve_node.sys_top_elev,
    ve_node.ymax,
    ve_node.custom_ymax,
    ve_node.sys_ymax,
    ve_node.elev,
    ve_node.custom_elev,
    ve_node.sys_elev,
    ve_node.node_type,
    ve_node.sys_type,
    ve_node.nodecat_id,
    ve_node.matcat_id,
    ve_node.epa_type,
    ve_node.expl_id,
    ve_node.macroexpl_id,
    ve_node.sector_id,
    ve_node.macrosector_id,
    ve_node.state,
    ve_node.state_type,
    ve_node.annotation,
    ve_node.observ,
    ve_node.comment,
    ve_node.dma_id,
    ve_node.macrodma_id,
    ve_node.soilcat_id,
    ve_node.function_type,
    ve_node.category_type,
    ve_node.fluid_type,
    ve_node.location_type,
    ve_node.workcat_id,
    ve_node.workcat_id_end,
    ve_node.buildercat_id,
    ve_node.builtdate,
    ve_node.enddate,
    ve_node.ownercat_id,
    ve_node.muni_id,
    ve_node.postcode,
    ve_node.district_id,
    ve_node.streetname,
    ve_node.postnumber,
    ve_node.postcomplement,
    ve_node.streetname2,
    ve_node.postnumber2,
    ve_node.postcomplement2,
    ve_node.descript,
    ve_node.svg,
    ve_node.rotation,
    ve_node.link,
    ve_node.verified,
    ve_node.the_geom,
    ve_node.undelete,
    ve_node.label,
    ve_node.label_x,
    ve_node.label_y,
    ve_node.label_rotation,
    ve_node.publish,
    ve_node.inventory,
    ve_node.uncertain,
    ve_node.xyz_date,
    ve_node.unconnected,
    ve_node.num_value,
    ve_node.tstamp,
    ve_node.insert_user,
    ve_node.lastupdate,
    ve_node.lastupdate_user,
    ve_node.workcat_id_plan,
    ve_node.asset_id,
    ve_node.drainzone_id,
    ve_node.parent_id,
    ve_node.arc_id,
    ve_node.expl_id2,
    ve_node.is_operative,
    ve_node.region_id,
    ve_node.province_id,
    ve_node.adate,
    ve_node.adescript,
    man_chamber.length,
    man_chamber.width,
    man_chamber.sander_depth,
    man_chamber.max_volume,
    man_chamber.util_volume,
    man_chamber.inlet,
    man_chamber.bottom_channel,
    man_chamber.accessibility,
    man_chamber.name,
    man_chamber.bottom_mat,
    man_chamber.slope
   FROM (ve_node
     JOIN man_chamber ON (((man_chamber.node_id)::text = (ve_node.node_id)::text)))
  WHERE ((ve_node.node_type)::text = 'PUMP_STATION'::text);


--
-- Name: ve_node_rect_manhole; Type: VIEW; Schema: ; Owner: -
--

CREATE VIEW ve_node_rect_manhole AS
 SELECT ve_node.node_id,
    ve_node.code,
    ve_node.top_elev,
    ve_node.custom_top_elev,
    ve_node.sys_top_elev,
    ve_node.ymax,
    ve_node.custom_ymax,
    ve_node.sys_ymax,
    ve_node.elev,
    ve_node.custom_elev,
    ve_node.sys_elev,
    ve_node.node_type,
    ve_node.sys_type,
    ve_node.nodecat_id,
    ve_node.matcat_id,
    ve_node.epa_type,
    ve_node.expl_id,
    ve_node.macroexpl_id,
    ve_node.sector_id,
    ve_node.macrosector_id,
    ve_node.state,
    ve_node.state_type,
    ve_node.annotation,
    ve_node.observ,
    ve_node.comment,
    ve_node.dma_id,
    ve_node.macrodma_id,
    ve_node.soilcat_id,
    ve_node.function_type,
    ve_node.category_type,
    ve_node.fluid_type,
    ve_node.location_type,
    ve_node.workcat_id,
    ve_node.workcat_id_end,
    ve_node.buildercat_id,
    ve_node.builtdate,
    ve_node.enddate,
    ve_node.ownercat_id,
    ve_node.muni_id,
    ve_node.postcode,
    ve_node.district_id,
    ve_node.streetname,
    ve_node.postnumber,
    ve_node.postcomplement,
    ve_node.streetname2,
    ve_node.postnumber2,
    ve_node.postcomplement2,
    ve_node.descript,
    ve_node.svg,
    ve_node.rotation,
    ve_node.link,
    ve_node.verified,
    ve_node.the_geom,
    ve_node.undelete,
    ve_node.label,
    ve_node.label_x,
    ve_node.label_y,
    ve_node.label_rotation,
    ve_node.publish,
    ve_node.inventory,
    ve_node.uncertain,
    ve_node.xyz_date,
    ve_node.unconnected,
    ve_node.num_value,
    ve_node.tstamp,
    ve_node.insert_user,
    ve_node.lastupdate,
    ve_node.lastupdate_user,
    ve_node.workcat_id_plan,
    ve_node.asset_id,
    ve_node.drainzone_id,
    ve_node.parent_id,
    ve_node.arc_id,
    ve_node.expl_id2,
    ve_node.is_operative,
    ve_node.region_id,
    ve_node.province_id,
    ve_node.adate,
    ve_node.adescript,
    man_manhole.length,
    man_manhole.width,
    man_manhole.sander_depth,
    man_manhole.prot_surface,
    man_manhole.inlet,
    man_manhole.bottom_channel,
    man_manhole.accessibility,
    man_manhole.step_pp,
    man_manhole.step_fe,
    man_manhole.step_replace,
    man_manhole.cover,
    man_manhole.bottom_mat
   FROM (ve_node
     JOIN man_manhole ON (((man_manhole.node_id)::text = (ve_node.node_id)::text)))
  WHERE ((ve_node.node_type)::text = 'RECT_MANHOLE'::text);


--
-- Name: ve_node_register; Type: VIEW; Schema: ; Owner: -
--

CREATE VIEW ve_node_register AS
 SELECT ve_node.node_id,
    ve_node.code,
    ve_node.top_elev,
    ve_node.custom_top_elev,
    ve_node.sys_top_elev,
    ve_node.ymax,
    ve_node.custom_ymax,
    ve_node.sys_ymax,
    ve_node.elev,
    ve_node.custom_elev,
    ve_node.sys_elev,
    ve_node.node_type,
    ve_node.sys_type,
    ve_node.nodecat_id,
    ve_node.matcat_id,
    ve_node.epa_type,
    ve_node.expl_id,
    ve_node.macroexpl_id,
    ve_node.sector_id,
    ve_node.macrosector_id,
    ve_node.state,
    ve_node.state_type,
    ve_node.annotation,
    ve_node.observ,
    ve_node.comment,
    ve_node.dma_id,
    ve_node.macrodma_id,
    ve_node.soilcat_id,
    ve_node.function_type,
    ve_node.category_type,
    ve_node.fluid_type,
    ve_node.location_type,
    ve_node.workcat_id,
    ve_node.workcat_id_end,
    ve_node.buildercat_id,
    ve_node.builtdate,
    ve_node.enddate,
    ve_node.ownercat_id,
    ve_node.muni_id,
    ve_node.postcode,
    ve_node.district_id,
    ve_node.streetname,
    ve_node.postnumber,
    ve_node.postcomplement,
    ve_node.streetname2,
    ve_node.postnumber2,
    ve_node.postcomplement2,
    ve_node.descript,
    ve_node.svg,
    ve_node.rotation,
    ve_node.link,
    ve_node.verified,
    ve_node.the_geom,
    ve_node.undelete,
    ve_node.label,
    ve_node.label_x,
    ve_node.label_y,
    ve_node.label_rotation,
    ve_node.publish,
    ve_node.inventory,
    ve_node.uncertain,
    ve_node.xyz_date,
    ve_node.unconnected,
    ve_node.num_value,
    ve_node.tstamp,
    ve_node.insert_user,
    ve_node.lastupdate,
    ve_node.lastupdate_user,
    ve_node.workcat_id_plan,
    ve_node.asset_id,
    ve_node.drainzone_id,
    ve_node.parent_id,
    ve_node.arc_id,
    ve_node.expl_id2,
    ve_node.is_operative,
    ve_node.region_id,
    ve_node.province_id,
    ve_node.adate,
    ve_node.adescript
   FROM (ve_node
     JOIN man_junction ON (((man_junction.node_id)::text = (ve_node.node_id)::text)))
  WHERE ((ve_node.node_type)::text = 'REGISTER'::text);


--
-- Name: ve_node_sandbox; Type: VIEW; Schema: ; Owner: -
--

CREATE VIEW ve_node_sandbox AS
 SELECT ve_node.node_id,
    ve_node.code,
    ve_node.top_elev,
    ve_node.custom_top_elev,
    ve_node.sys_top_elev,
    ve_node.ymax,
    ve_node.custom_ymax,
    ve_node.sys_ymax,
    ve_node.elev,
    ve_node.custom_elev,
    ve_node.sys_elev,
    ve_node.node_type,
    ve_node.sys_type,
    ve_node.nodecat_id,
    ve_node.matcat_id,
    ve_node.epa_type,
    ve_node.expl_id,
    ve_node.macroexpl_id,
    ve_node.sector_id,
    ve_node.macrosector_id,
    ve_node.state,
    ve_node.state_type,
    ve_node.annotation,
    ve_node.observ,
    ve_node.comment,
    ve_node.dma_id,
    ve_node.macrodma_id,
    ve_node.soilcat_id,
    ve_node.function_type,
    ve_node.category_type,
    ve_node.fluid_type,
    ve_node.location_type,
    ve_node.workcat_id,
    ve_node.workcat_id_end,
    ve_node.buildercat_id,
    ve_node.builtdate,
    ve_node.enddate,
    ve_node.ownercat_id,
    ve_node.muni_id,
    ve_node.postcode,
    ve_node.district_id,
    ve_node.streetname,
    ve_node.postnumber,
    ve_node.postcomplement,
    ve_node.streetname2,
    ve_node.postnumber2,
    ve_node.postcomplement2,
    ve_node.descript,
    ve_node.svg,
    ve_node.rotation,
    ve_node.link,
    ve_node.verified,
    ve_node.the_geom,
    ve_node.undelete,
    ve_node.label,
    ve_node.label_x,
    ve_node.label_y,
    ve_node.label_rotation,
    ve_node.publish,
    ve_node.inventory,
    ve_node.uncertain,
    ve_node.xyz_date,
    ve_node.unconnected,
    ve_node.num_value,
    ve_node.tstamp,
    ve_node.insert_user,
    ve_node.lastupdate,
    ve_node.lastupdate_user,
    ve_node.workcat_id_plan,
    ve_node.asset_id,
    ve_node.drainzone_id,
    ve_node.parent_id,
    ve_node.arc_id,
    ve_node.expl_id2,
    ve_node.is_operative,
    ve_node.region_id,
    ve_node.province_id,
    ve_node.adate,
    ve_node.adescript,
    man_manhole.length,
    man_manhole.width,
    man_manhole.sander_depth,
    man_manhole.prot_surface,
    man_manhole.inlet,
    man_manhole.bottom_channel,
    man_manhole.accessibility,
    man_manhole.step_pp,
    man_manhole.step_fe,
    man_manhole.step_replace,
    man_manhole.cover,
    man_manhole.bottom_mat
   FROM (ve_node
     JOIN man_manhole ON (((man_manhole.node_id)::text = (ve_node.node_id)::text)))
  WHERE ((ve_node.node_type)::text = 'SANDBOX'::text);


--
-- Name: ve_node_sewer_storage; Type: VIEW; Schema: ; Owner: -
--

CREATE VIEW ve_node_sewer_storage AS
 SELECT ve_node.node_id,
    ve_node.code,
    ve_node.top_elev,
    ve_node.custom_top_elev,
    ve_node.sys_top_elev,
    ve_node.ymax,
    ve_node.custom_ymax,
    ve_node.sys_ymax,
    ve_node.elev,
    ve_node.custom_elev,
    ve_node.sys_elev,
    ve_node.node_type,
    ve_node.sys_type,
    ve_node.nodecat_id,
    ve_node.matcat_id,
    ve_node.epa_type,
    ve_node.expl_id,
    ve_node.macroexpl_id,
    ve_node.sector_id,
    ve_node.macrosector_id,
    ve_node.state,
    ve_node.state_type,
    ve_node.annotation,
    ve_node.observ,
    ve_node.comment,
    ve_node.dma_id,
    ve_node.macrodma_id,
    ve_node.soilcat_id,
    ve_node.function_type,
    ve_node.category_type,
    ve_node.fluid_type,
    ve_node.location_type,
    ve_node.workcat_id,
    ve_node.workcat_id_end,
    ve_node.buildercat_id,
    ve_node.builtdate,
    ve_node.enddate,
    ve_node.ownercat_id,
    ve_node.muni_id,
    ve_node.postcode,
    ve_node.district_id,
    ve_node.streetname,
    ve_node.postnumber,
    ve_node.postcomplement,
    ve_node.streetname2,
    ve_node.postnumber2,
    ve_node.postcomplement2,
    ve_node.descript,
    ve_node.svg,
    ve_node.rotation,
    ve_node.link,
    ve_node.verified,
    ve_node.the_geom,
    ve_node.undelete,
    ve_node.label,
    ve_node.label_x,
    ve_node.label_y,
    ve_node.label_rotation,
    ve_node.publish,
    ve_node.inventory,
    ve_node.uncertain,
    ve_node.xyz_date,
    ve_node.unconnected,
    ve_node.num_value,
    ve_node.tstamp,
    ve_node.insert_user,
    ve_node.lastupdate,
    ve_node.lastupdate_user,
    ve_node.workcat_id_plan,
    ve_node.asset_id,
    ve_node.drainzone_id,
    ve_node.parent_id,
    ve_node.arc_id,
    ve_node.expl_id2,
    ve_node.is_operative,
    ve_node.region_id,
    ve_node.province_id,
    ve_node.adate,
    ve_node.adescript,
    man_storage.length,
    man_storage.width,
    man_storage.custom_area,
    man_storage.max_volume,
    man_storage.util_volume,
    man_storage.min_height,
    man_storage.accessibility,
    man_storage.name
   FROM (ve_node
     JOIN man_storage ON (((man_storage.node_id)::text = (ve_node.node_id)::text)))
  WHERE ((ve_node.node_type)::text = 'SEWER_STORAGE'::text);


--
-- Name: ve_node_valve; Type: VIEW; Schema: ; Owner: -
--

CREATE VIEW ve_node_valve AS
 SELECT ve_node.node_id,
    ve_node.code,
    ve_node.top_elev,
    ve_node.custom_top_elev,
    ve_node.sys_top_elev,
    ve_node.ymax,
    ve_node.custom_ymax,
    ve_node.sys_ymax,
    ve_node.elev,
    ve_node.custom_elev,
    ve_node.sys_elev,
    ve_node.node_type,
    ve_node.sys_type,
    ve_node.nodecat_id,
    ve_node.matcat_id,
    ve_node.epa_type,
    ve_node.expl_id,
    ve_node.macroexpl_id,
    ve_node.sector_id,
    ve_node.macrosector_id,
    ve_node.state,
    ve_node.state_type,
    ve_node.annotation,
    ve_node.observ,
    ve_node.comment,
    ve_node.dma_id,
    ve_node.macrodma_id,
    ve_node.soilcat_id,
    ve_node.function_type,
    ve_node.category_type,
    ve_node.fluid_type,
    ve_node.location_type,
    ve_node.workcat_id,
    ve_node.workcat_id_end,
    ve_node.buildercat_id,
    ve_node.builtdate,
    ve_node.enddate,
    ve_node.ownercat_id,
    ve_node.muni_id,
    ve_node.postcode,
    ve_node.district_id,
    ve_node.streetname,
    ve_node.postnumber,
    ve_node.postcomplement,
    ve_node.streetname2,
    ve_node.postnumber2,
    ve_node.postcomplement2,
    ve_node.descript,
    ve_node.svg,
    ve_node.rotation,
    ve_node.link,
    ve_node.verified,
    ve_node.the_geom,
    ve_node.undelete,
    ve_node.label,
    ve_node.label_x,
    ve_node.label_y,
    ve_node.label_rotation,
    ve_node.publish,
    ve_node.inventory,
    ve_node.uncertain,
    ve_node.xyz_date,
    ve_node.unconnected,
    ve_node.num_value,
    ve_node.tstamp,
    ve_node.insert_user,
    ve_node.lastupdate,
    ve_node.lastupdate_user,
    ve_node.workcat_id_plan,
    ve_node.asset_id,
    ve_node.drainzone_id,
    ve_node.parent_id,
    ve_node.arc_id,
    ve_node.expl_id2,
    ve_node.is_operative,
    ve_node.region_id,
    ve_node.province_id,
    ve_node.adate,
    ve_node.adescript,
    man_valve.name
   FROM (ve_node
     JOIN man_valve ON (((man_valve.node_id)::text = (ve_node.node_id)::text)))
  WHERE ((ve_node.node_type)::text = 'VALVE'::text);


--
-- Name: ve_node_virtual_node; Type: VIEW; Schema: ; Owner: -
--

CREATE VIEW ve_node_virtual_node AS
 SELECT ve_node.node_id,
    ve_node.code,
    ve_node.top_elev,
    ve_node.custom_top_elev,
    ve_node.sys_top_elev,
    ve_node.ymax,
    ve_node.custom_ymax,
    ve_node.sys_ymax,
    ve_node.elev,
    ve_node.custom_elev,
    ve_node.sys_elev,
    ve_node.node_type,
    ve_node.sys_type,
    ve_node.nodecat_id,
    ve_node.matcat_id,
    ve_node.epa_type,
    ve_node.expl_id,
    ve_node.macroexpl_id,
    ve_node.sector_id,
    ve_node.macrosector_id,
    ve_node.state,
    ve_node.state_type,
    ve_node.annotation,
    ve_node.observ,
    ve_node.comment,
    ve_node.dma_id,
    ve_node.macrodma_id,
    ve_node.soilcat_id,
    ve_node.function_type,
    ve_node.category_type,
    ve_node.fluid_type,
    ve_node.location_type,
    ve_node.workcat_id,
    ve_node.workcat_id_end,
    ve_node.buildercat_id,
    ve_node.builtdate,
    ve_node.enddate,
    ve_node.ownercat_id,
    ve_node.muni_id,
    ve_node.postcode,
    ve_node.district_id,
    ve_node.streetname,
    ve_node.postnumber,
    ve_node.postcomplement,
    ve_node.streetname2,
    ve_node.postnumber2,
    ve_node.postcomplement2,
    ve_node.descript,
    ve_node.svg,
    ve_node.rotation,
    ve_node.link,
    ve_node.verified,
    ve_node.the_geom,
    ve_node.undelete,
    ve_node.label,
    ve_node.label_x,
    ve_node.label_y,
    ve_node.label_rotation,
    ve_node.publish,
    ve_node.inventory,
    ve_node.uncertain,
    ve_node.xyz_date,
    ve_node.unconnected,
    ve_node.num_value,
    ve_node.tstamp,
    ve_node.insert_user,
    ve_node.lastupdate,
    ve_node.lastupdate_user,
    ve_node.workcat_id_plan,
    ve_node.asset_id,
    ve_node.drainzone_id,
    ve_node.parent_id,
    ve_node.arc_id,
    ve_node.expl_id2,
    ve_node.is_operative,
    ve_node.region_id,
    ve_node.province_id,
    ve_node.adate,
    ve_node.adescript
   FROM (ve_node
     JOIN man_junction ON (((man_junction.node_id)::text = (ve_node.node_id)::text)))
  WHERE ((ve_node.node_type)::text = 'VIRTUAL_NODE'::text);


--
-- Name: ve_node_weir; Type: VIEW; Schema: ; Owner: -
--

CREATE VIEW ve_node_weir AS
 SELECT ve_node.node_id,
    ve_node.code,
    ve_node.top_elev,
    ve_node.custom_top_elev,
    ve_node.sys_top_elev,
    ve_node.ymax,
    ve_node.custom_ymax,
    ve_node.sys_ymax,
    ve_node.elev,
    ve_node.custom_elev,
    ve_node.sys_elev,
    ve_node.node_type,
    ve_node.sys_type,
    ve_node.nodecat_id,
    ve_node.matcat_id,
    ve_node.epa_type,
    ve_node.expl_id,
    ve_node.macroexpl_id,
    ve_node.sector_id,
    ve_node.macrosector_id,
    ve_node.state,
    ve_node.state_type,
    ve_node.annotation,
    ve_node.observ,
    ve_node.comment,
    ve_node.dma_id,
    ve_node.macrodma_id,
    ve_node.soilcat_id,
    ve_node.function_type,
    ve_node.category_type,
    ve_node.fluid_type,
    ve_node.location_type,
    ve_node.workcat_id,
    ve_node.workcat_id_end,
    ve_node.buildercat_id,
    ve_node.builtdate,
    ve_node.enddate,
    ve_node.ownercat_id,
    ve_node.muni_id,
    ve_node.postcode,
    ve_node.district_id,
    ve_node.streetname,
    ve_node.postnumber,
    ve_node.postcomplement,
    ve_node.streetname2,
    ve_node.postnumber2,
    ve_node.postcomplement2,
    ve_node.descript,
    ve_node.svg,
    ve_node.rotation,
    ve_node.link,
    ve_node.verified,
    ve_node.the_geom,
    ve_node.undelete,
    ve_node.label,
    ve_node.label_x,
    ve_node.label_y,
    ve_node.label_rotation,
    ve_node.publish,
    ve_node.inventory,
    ve_node.uncertain,
    ve_node.xyz_date,
    ve_node.unconnected,
    ve_node.num_value,
    ve_node.tstamp,
    ve_node.insert_user,
    ve_node.lastupdate,
    ve_node.lastupdate_user,
    ve_node.workcat_id_plan,
    ve_node.asset_id,
    ve_node.drainzone_id,
    ve_node.parent_id,
    ve_node.arc_id,
    ve_node.expl_id2,
    ve_node.is_operative,
    ve_node.region_id,
    ve_node.province_id,
    ve_node.adate,
    ve_node.adescript,
    man_chamber.length,
    man_chamber.width,
    man_chamber.sander_depth,
    man_chamber.max_volume,
    man_chamber.util_volume,
    man_chamber.inlet,
    man_chamber.bottom_channel,
    man_chamber.accessibility,
    man_chamber.name,
    man_chamber.bottom_mat,
    man_chamber.slope
   FROM (ve_node
     JOIN man_chamber ON (((man_chamber.node_id)::text = (ve_node.node_id)::text)))
  WHERE ((ve_node.node_type)::text = 'WEIR'::text);


--
-- Name: ve_node_wwtp; Type: VIEW; Schema: ; Owner: -
--

CREATE VIEW ve_node_wwtp AS
 SELECT ve_node.node_id,
    ve_node.code,
    ve_node.top_elev,
    ve_node.custom_top_elev,
    ve_node.sys_top_elev,
    ve_node.ymax,
    ve_node.custom_ymax,
    ve_node.sys_ymax,
    ve_node.elev,
    ve_node.custom_elev,
    ve_node.sys_elev,
    ve_node.node_type,
    ve_node.sys_type,
    ve_node.nodecat_id,
    ve_node.matcat_id,
    ve_node.epa_type,
    ve_node.expl_id,
    ve_node.macroexpl_id,
    ve_node.sector_id,
    ve_node.macrosector_id,
    ve_node.state,
    ve_node.state_type,
    ve_node.annotation,
    ve_node.observ,
    ve_node.comment,
    ve_node.dma_id,
    ve_node.macrodma_id,
    ve_node.soilcat_id,
    ve_node.function_type,
    ve_node.category_type,
    ve_node.fluid_type,
    ve_node.location_type,
    ve_node.workcat_id,
    ve_node.workcat_id_end,
    ve_node.buildercat_id,
    ve_node.builtdate,
    ve_node.enddate,
    ve_node.ownercat_id,
    ve_node.muni_id,
    ve_node.postcode,
    ve_node.district_id,
    ve_node.streetname,
    ve_node.postnumber,
    ve_node.postcomplement,
    ve_node.streetname2,
    ve_node.postnumber2,
    ve_node.postcomplement2,
    ve_node.descript,
    ve_node.svg,
    ve_node.rotation,
    ve_node.link,
    ve_node.verified,
    ve_node.the_geom,
    ve_node.undelete,
    ve_node.label,
    ve_node.label_x,
    ve_node.label_y,
    ve_node.label_rotation,
    ve_node.publish,
    ve_node.inventory,
    ve_node.uncertain,
    ve_node.xyz_date,
    ve_node.unconnected,
    ve_node.num_value,
    ve_node.tstamp,
    ve_node.insert_user,
    ve_node.lastupdate,
    ve_node.lastupdate_user,
    ve_node.workcat_id_plan,
    ve_node.asset_id,
    ve_node.drainzone_id,
    ve_node.parent_id,
    ve_node.arc_id,
    ve_node.expl_id2,
    ve_node.is_operative,
    ve_node.region_id,
    ve_node.province_id,
    ve_node.adate,
    ve_node.adescript,
    man_wwtp.name
   FROM (ve_node
     JOIN man_wwtp ON (((man_wwtp.node_id)::text = (ve_node.node_id)::text)))
  WHERE ((ve_node.node_type)::text = 'WWTP'::text);

--
-- Name: ve_gully_gully; Type: VIEW; Schema: ; Owner: -
--

CREATE VIEW ve_gully_gully AS
 SELECT ve_gully.gully_id,
    ve_gully.code,
    ve_gully.top_elev,
    ve_gully.ymax,
    ve_gully.sandbox,
    ve_gully.matcat_id,
    ve_gully.gully_type,
    ve_gully.sys_type,
    ve_gully.gratecat_id,
    ve_gully.cat_grate_matcat,
    ve_gully.units,
    ve_gully.groove,
    ve_gully.siphon,
    ve_gully.connec_arccat_id,
    ve_gully.connec_length,
    ve_gully.connec_depth,
    ve_gully.arc_id,
    ve_gully.expl_id,
    ve_gully.macroexpl_id,
    ve_gully.sector_id,
    ve_gully.macrosector_id,
    ve_gully.state,
    ve_gully.state_type,
    ve_gully.annotation,
    ve_gully.observ,
    ve_gully.comment,
    ve_gully.dma_id,
    ve_gully.macrodma_id,
    ve_gully.soilcat_id,
    ve_gully.function_type,
    ve_gully.category_type,
    ve_gully.fluid_type,
    ve_gully.location_type,
    ve_gully.workcat_id,
    ve_gully.workcat_id_end,
    ve_gully.buildercat_id,
    ve_gully.builtdate,
    ve_gully.enddate,
    ve_gully.ownercat_id,
    ve_gully.muni_id,
    ve_gully.postcode,
    ve_gully.district_id,
    ve_gully.streetname,
    ve_gully.postnumber,
    ve_gully.postcomplement,
    ve_gully.streetname2,
    ve_gully.postnumber2,
    ve_gully.postcomplement2,
    ve_gully.descript,
    ve_gully.svg,
    ve_gully.rotation,
    ve_gully.link,
    ve_gully.verified,
    ve_gully.undelete,
    ve_gully.label,
    ve_gully.label_x,
    ve_gully.label_y,
    ve_gully.label_rotation,
    ve_gully.publish,
    ve_gully.inventory,
    ve_gully.uncertain,
    ve_gully.num_value,
    ve_gully.pjoint_id,
    ve_gully.pjoint_type,
    ve_gully.tstamp,
    ve_gully.insert_user,
    ve_gully.lastupdate,
    ve_gully.lastupdate_user,
    ve_gully.the_geom,
    ve_gully.workcat_id_plan,
    ve_gully.asset_id,
    ve_gully.connec_matcat_id,
    ve_gully.gratecat2_id,
    ve_gully.connec_y1,
    ve_gully.connec_y2,
    ve_gully.epa_type,
    ve_gully.groove_height,
    ve_gully.groove_length,
    ve_gully.grate_width,
    ve_gully.grate_length,
    ve_gully.units_placement,
    ve_gully.drainzone_id,
    ve_gully.expl_id2,
    ve_gully.is_operative,
    ve_gully.region_id,
    ve_gully.province_id,
    ve_gully.adate,
    ve_gully.adescript,
    ve_gully.siphon_type,
    ve_gully.odorflap
   FROM ve_gully
  WHERE ((ve_gully.gully_type)::text = 'GULLY'::text);


--
-- Name: ve_gully_pgully; Type: VIEW; Schema: ; Owner: -
--

CREATE VIEW ve_gully_pgully AS
 SELECT ve_gully.gully_id,
    ve_gully.code,
    ve_gully.top_elev,
    ve_gully.ymax,
    ve_gully.sandbox,
    ve_gully.matcat_id,
    ve_gully.gully_type,
    ve_gully.sys_type,
    ve_gully.gratecat_id,
    ve_gully.cat_grate_matcat,
    ve_gully.units,
    ve_gully.groove,
    ve_gully.siphon,
    ve_gully.connec_arccat_id,
    ve_gully.connec_length,
    ve_gully.connec_depth,
    ve_gully.arc_id,
    ve_gully.expl_id,
    ve_gully.macroexpl_id,
    ve_gully.sector_id,
    ve_gully.macrosector_id,
    ve_gully.state,
    ve_gully.state_type,
    ve_gully.annotation,
    ve_gully.observ,
    ve_gully.comment,
    ve_gully.dma_id,
    ve_gully.macrodma_id,
    ve_gully.soilcat_id,
    ve_gully.function_type,
    ve_gully.category_type,
    ve_gully.fluid_type,
    ve_gully.location_type,
    ve_gully.workcat_id,
    ve_gully.workcat_id_end,
    ve_gully.buildercat_id,
    ve_gully.builtdate,
    ve_gully.enddate,
    ve_gully.ownercat_id,
    ve_gully.muni_id,
    ve_gully.postcode,
    ve_gully.district_id,
    ve_gully.streetname,
    ve_gully.postnumber,
    ve_gully.postcomplement,
    ve_gully.streetname2,
    ve_gully.postnumber2,
    ve_gully.postcomplement2,
    ve_gully.descript,
    ve_gully.svg,
    ve_gully.rotation,
    ve_gully.link,
    ve_gully.verified,
    ve_gully.undelete,
    ve_gully.label,
    ve_gully.label_x,
    ve_gully.label_y,
    ve_gully.label_rotation,
    ve_gully.publish,
    ve_gully.inventory,
    ve_gully.uncertain,
    ve_gully.num_value,
    ve_gully.pjoint_id,
    ve_gully.pjoint_type,
    ve_gully.tstamp,
    ve_gully.insert_user,
    ve_gully.lastupdate,
    ve_gully.lastupdate_user,
    ve_gully.the_geom,
    ve_gully.workcat_id_plan,
    ve_gully.asset_id,
    ve_gully.connec_matcat_id,
    ve_gully.gratecat2_id,
    ve_gully.connec_y1,
    ve_gully.connec_y2,
    ve_gully.epa_type,
    ve_gully.groove_height,
    ve_gully.groove_length,
    ve_gully.grate_width,
    ve_gully.grate_length,
    ve_gully.units_placement,
    ve_gully.drainzone_id,
    ve_gully.expl_id2,
    ve_gully.is_operative,
    ve_gully.region_id,
    ve_gully.province_id,
    ve_gully.adate,
    ve_gully.adescript,
    ve_gully.siphon_type,
    ve_gully.odorflap
   FROM ve_gully
  WHERE ((ve_gully.gully_type)::text = 'PGULLY'::text);


--
-- Name: ve_gully_vgully; Type: VIEW; Schema: ; Owner: -
--

CREATE VIEW ve_gully_vgully AS
 SELECT ve_gully.gully_id,
    ve_gully.code,
    ve_gully.top_elev,
    ve_gully.ymax,
    ve_gully.sandbox,
    ve_gully.matcat_id,
    ve_gully.gully_type,
    ve_gully.sys_type,
    ve_gully.gratecat_id,
    ve_gully.cat_grate_matcat,
    ve_gully.units,
    ve_gully.groove,
    ve_gully.siphon,
    ve_gully.connec_arccat_id,
    ve_gully.connec_length,
    ve_gully.connec_depth,
    ve_gully.arc_id,
    ve_gully.expl_id,
    ve_gully.macroexpl_id,
    ve_gully.sector_id,
    ve_gully.macrosector_id,
    ve_gully.state,
    ve_gully.state_type,
    ve_gully.annotation,
    ve_gully.observ,
    ve_gully.comment,
    ve_gully.dma_id,
    ve_gully.macrodma_id,
    ve_gully.soilcat_id,
    ve_gully.function_type,
    ve_gully.category_type,
    ve_gully.fluid_type,
    ve_gully.location_type,
    ve_gully.workcat_id,
    ve_gully.workcat_id_end,
    ve_gully.buildercat_id,
    ve_gully.builtdate,
    ve_gully.enddate,
    ve_gully.ownercat_id,
    ve_gully.muni_id,
    ve_gully.postcode,
    ve_gully.district_id,
    ve_gully.streetname,
    ve_gully.postnumber,
    ve_gully.postcomplement,
    ve_gully.streetname2,
    ve_gully.postnumber2,
    ve_gully.postcomplement2,
    ve_gully.descript,
    ve_gully.svg,
    ve_gully.rotation,
    ve_gully.link,
    ve_gully.verified,
    ve_gully.undelete,
    ve_gully.label,
    ve_gully.label_x,
    ve_gully.label_y,
    ve_gully.label_rotation,
    ve_gully.publish,
    ve_gully.inventory,
    ve_gully.uncertain,
    ve_gully.num_value,
    ve_gully.pjoint_id,
    ve_gully.pjoint_type,
    ve_gully.tstamp,
    ve_gully.insert_user,
    ve_gully.lastupdate,
    ve_gully.lastupdate_user,
    ve_gully.the_geom,
    ve_gully.workcat_id_plan,
    ve_gully.asset_id,
    ve_gully.connec_matcat_id,
    ve_gully.gratecat2_id,
    ve_gully.connec_y1,
    ve_gully.connec_y2,
    ve_gully.epa_type,
    ve_gully.groove_height,
    ve_gully.groove_length,
    ve_gully.grate_width,
    ve_gully.grate_length,
    ve_gully.units_placement,
    ve_gully.drainzone_id,
    ve_gully.expl_id2,
    ve_gully.is_operative,
    ve_gully.region_id,
    ve_gully.province_id,
    ve_gully.adate,
    ve_gully.adescript,
    ve_gully.siphon_type,
    ve_gully.odorflap
   FROM ve_gully
  WHERE ((ve_gully.gully_type)::text = 'VGULLY'::text);


--
-- Data for Name: config_info_layer_x_type; Type: TABLE DATA; Schema: ; Owner: -
--

INSERT INTO config_info_layer_x_type VALUES ('ve_connec_connec', 1, 've_connec_connec');
INSERT INTO config_info_layer_x_type VALUES ('ve_connec_vconnec', 1, 've_connec_vconnec');
INSERT INTO config_info_layer_x_type VALUES ('ve_node_chamber', 1, 've_node_chamber');
INSERT INTO config_info_layer_x_type VALUES ('ve_node_change', 1, 've_node_change');
INSERT INTO config_info_layer_x_type VALUES ('ve_node_circ_manhole', 1, 've_node_circ_manhole');
INSERT INTO config_info_layer_x_type VALUES ('ve_arc_conduit', 1, 've_arc_conduit');
INSERT INTO config_info_layer_x_type VALUES ('ve_gully_gully', 1, 've_gully_gully');
INSERT INTO config_info_layer_x_type VALUES ('ve_node_highpoint', 1, 've_node_highpoint');
INSERT INTO config_info_layer_x_type VALUES ('ve_node_jump', 1, 've_node_jump');
INSERT INTO config_info_layer_x_type VALUES ('ve_node_junction', 1, 've_node_junction');
INSERT INTO config_info_layer_x_type VALUES ('ve_node_netelement', 1, 've_node_netelement');
INSERT INTO config_info_layer_x_type VALUES ('ve_node_netgully', 1, 've_node_netgully');
INSERT INTO config_info_layer_x_type VALUES ('ve_node_netinit', 1, 've_node_netinit');
INSERT INTO config_info_layer_x_type VALUES ('ve_node_outfall', 1, 've_node_outfall');
INSERT INTO config_info_layer_x_type VALUES ('ve_node_owerflow_storage', 1, 've_node_owerflow_storage');
INSERT INTO config_info_layer_x_type VALUES ('ve_gully_pgully', 1, 've_gully_pgully');
INSERT INTO config_info_layer_x_type VALUES ('ve_arc_pump_pipe', 1, 've_arc_pump_pipe');
INSERT INTO config_info_layer_x_type VALUES ('ve_node_pump_station', 1, 've_node_pump_station');
INSERT INTO config_info_layer_x_type VALUES ('ve_node_rect_manhole', 1, 've_node_rect_manhole');
INSERT INTO config_info_layer_x_type VALUES ('ve_node_register', 1, 've_node_register');
INSERT INTO config_info_layer_x_type VALUES ('ve_node_sandbox', 1, 've_node_sandbox');
INSERT INTO config_info_layer_x_type VALUES ('ve_node_sewer_storage', 1, 've_node_sewer_storage');
INSERT INTO config_info_layer_x_type VALUES ('ve_arc_siphon', 1, 've_arc_siphon');
INSERT INTO config_info_layer_x_type VALUES ('ve_node_valve', 1, 've_node_valve');
INSERT INTO config_info_layer_x_type VALUES ('ve_arc_varc', 1, 've_arc_varc');
INSERT INTO config_info_layer_x_type VALUES ('ve_gully_vgully', 1, 've_gully_vgully');
INSERT INTO config_info_layer_x_type VALUES ('ve_node_virtual_node', 1, 've_node_virtual_node');
INSERT INTO config_info_layer_x_type VALUES ('ve_arc_waccel', 1, 've_arc_waccel');
INSERT INTO config_info_layer_x_type VALUES ('ve_node_weir', 1, 've_node_weir');
INSERT INTO config_info_layer_x_type VALUES ('ve_node_wwtp', 1, 've_node_wwtp');


INSERT INTO config_form_fields (formname, formtype, tabname, columnname, layoutname, layoutorder, "datatype", widgettype, "label", tooltip, placeholder, ismandatory, isparent, iseditable, isautoupdate, isfilter, dv_querytext, dv_orderby_id, dv_isnullvalue, dv_parent_id, dv_querytext_filterc, stylesheet, widgetcontrols, widgetfunction, linkedobject, hidden, web_layoutorder) VALUES('ve_connec_connec', 'form_feature', 'tab_data', 'region_id', 'lyt_data_3', 9, 'integer', 'combo', 'Region', 'region_id', NULL, false, false, false, false, NULL, 'SELECT region_id as id, name as idval FROM ext_region WHERE region_id IS NOT NULL', true, true, NULL, NULL, NULL, NULL, NULL, NULL, true, NULL);
INSERT INTO config_form_fields (formname, formtype, tabname, columnname, layoutname, layoutorder, "datatype", widgettype, "label", tooltip, placeholder, ismandatory, isparent, iseditable, isautoupdate, isfilter, dv_querytext, dv_orderby_id, dv_isnullvalue, dv_parent_id, dv_querytext_filterc, stylesheet, widgetcontrols, widgetfunction, linkedobject, hidden, web_layoutorder) VALUES('ve_connec_vconnec', 'form_feature', 'tab_data', 'region_id', 'lyt_data_3', 9, 'integer', 'combo', 'Region', 'region_id', NULL, false, false, false, false, NULL, 'SELECT region_id as id, name as idval FROM ext_region WHERE region_id IS NOT NULL', true, true, NULL, NULL, NULL, NULL, NULL, NULL, true, NULL);
INSERT INTO config_form_fields (formname, formtype, tabname, columnname, layoutname, layoutorder, "datatype", widgettype, "label", tooltip, placeholder, ismandatory, isparent, iseditable, isautoupdate, isfilter, dv_querytext, dv_orderby_id, dv_isnullvalue, dv_parent_id, dv_querytext_filterc, stylesheet, widgetcontrols, widgetfunction, linkedobject, hidden, web_layoutorder) VALUES('ve_node_chamber', 'form_feature', 'tab_data', 'region_id', 'lyt_data_3', 9, 'integer', 'combo', 'Region', 'region_id', NULL, false, false, false, false, NULL, 'SELECT region_id as id, name as idval FROM ext_region WHERE region_id IS NOT NULL', true, true, NULL, NULL, NULL, NULL, NULL, NULL, true, NULL);
INSERT INTO config_form_fields (formname, formtype, tabname, columnname, layoutname, layoutorder, "datatype", widgettype, "label", tooltip, placeholder, ismandatory, isparent, iseditable, isautoupdate, isfilter, dv_querytext, dv_orderby_id, dv_isnullvalue, dv_parent_id, dv_querytext_filterc, stylesheet, widgetcontrols, widgetfunction, linkedobject, hidden, web_layoutorder) VALUES('ve_node_change', 'form_feature', 'tab_data', 'region_id', 'lyt_data_3', 9, 'integer', 'combo', 'Region', 'region_id', NULL, false, false, false, false, NULL, 'SELECT region_id as id, name as idval FROM ext_region WHERE region_id IS NOT NULL', true, true, NULL, NULL, NULL, NULL, NULL, NULL, true, NULL);
INSERT INTO config_form_fields (formname, formtype, tabname, columnname, layoutname, layoutorder, "datatype", widgettype, "label", tooltip, placeholder, ismandatory, isparent, iseditable, isautoupdate, isfilter, dv_querytext, dv_orderby_id, dv_isnullvalue, dv_parent_id, dv_querytext_filterc, stylesheet, widgetcontrols, widgetfunction, linkedobject, hidden, web_layoutorder) VALUES('ve_node_circ_manhole', 'form_feature', 'tab_data', 'region_id', 'lyt_data_3', 9, 'integer', 'combo', 'Region', 'region_id', NULL, false, false, false, false, NULL, 'SELECT region_id as id, name as idval FROM ext_region WHERE region_id IS NOT NULL', true, true, NULL, NULL, NULL, NULL, NULL, NULL, true, NULL);
INSERT INTO config_form_fields (formname, formtype, tabname, columnname, layoutname, layoutorder, "datatype", widgettype, "label", tooltip, placeholder, ismandatory, isparent, iseditable, isautoupdate, isfilter, dv_querytext, dv_orderby_id, dv_isnullvalue, dv_parent_id, dv_querytext_filterc, stylesheet, widgetcontrols, widgetfunction, linkedobject, hidden, web_layoutorder) VALUES('ve_arc_conduit', 'form_feature', 'tab_data', 'region_id', 'lyt_data_3', 8, 'integer', 'combo', 'Region', 'region_id', NULL, false, false, false, false, NULL, 'SELECT region_id as id, name as idval FROM ext_region WHERE region_id IS NOT NULL', true, true, NULL, NULL, NULL, NULL, NULL, NULL, true, NULL);
INSERT INTO config_form_fields (formname, formtype, tabname, columnname, layoutname, layoutorder, "datatype", widgettype, "label", tooltip, placeholder, ismandatory, isparent, iseditable, isautoupdate, isfilter, dv_querytext, dv_orderby_id, dv_isnullvalue, dv_parent_id, dv_querytext_filterc, stylesheet, widgetcontrols, widgetfunction, linkedobject, hidden, web_layoutorder) VALUES('ve_gully_gully', 'form_feature', 'tab_data', 'region_id', 'lyt_data_3', 8, 'integer', 'combo', 'Region', 'region_id', NULL, false, false, false, false, NULL, 'SELECT region_id as id, name as idval FROM ext_region WHERE region_id IS NOT NULL', true, true, NULL, NULL, NULL, NULL, NULL, NULL, true, NULL);
INSERT INTO config_form_fields (formname, formtype, tabname, columnname, layoutname, layoutorder, "datatype", widgettype, "label", tooltip, placeholder, ismandatory, isparent, iseditable, isautoupdate, isfilter, dv_querytext, dv_orderby_id, dv_isnullvalue, dv_parent_id, dv_querytext_filterc, stylesheet, widgetcontrols, widgetfunction, linkedobject, hidden, web_layoutorder) VALUES('ve_node_highpoint', 'form_feature', 'tab_data', 'region_id', 'lyt_data_3', 9, 'integer', 'combo', 'Region', 'region_id', NULL, false, false, false, false, NULL, 'SELECT region_id as id, name as idval FROM ext_region WHERE region_id IS NOT NULL', true, true, NULL, NULL, NULL, NULL, NULL, NULL, true, NULL);
INSERT INTO config_form_fields (formname, formtype, tabname, columnname, layoutname, layoutorder, "datatype", widgettype, "label", tooltip, placeholder, ismandatory, isparent, iseditable, isautoupdate, isfilter, dv_querytext, dv_orderby_id, dv_isnullvalue, dv_parent_id, dv_querytext_filterc, stylesheet, widgetcontrols, widgetfunction, linkedobject, hidden, web_layoutorder) VALUES('ve_node_jump', 'form_feature', 'tab_data', 'region_id', 'lyt_data_3', 9, 'integer', 'combo', 'Region', 'region_id', NULL, false, false, false, false, NULL, 'SELECT region_id as id, name as idval FROM ext_region WHERE region_id IS NOT NULL', true, true, NULL, NULL, NULL, NULL, NULL, NULL, true, NULL);
INSERT INTO config_form_fields (formname, formtype, tabname, columnname, layoutname, layoutorder, "datatype", widgettype, "label", tooltip, placeholder, ismandatory, isparent, iseditable, isautoupdate, isfilter, dv_querytext, dv_orderby_id, dv_isnullvalue, dv_parent_id, dv_querytext_filterc, stylesheet, widgetcontrols, widgetfunction, linkedobject, hidden, web_layoutorder) VALUES('ve_node_junction', 'form_feature', 'tab_data', 'region_id', 'lyt_data_3', 9, 'integer', 'combo', 'Region', 'region_id', NULL, false, false, false, false, NULL, 'SELECT region_id as id, name as idval FROM ext_region WHERE region_id IS NOT NULL', true, true, NULL, NULL, NULL, NULL, NULL, NULL, true, NULL);
INSERT INTO config_form_fields (formname, formtype, tabname, columnname, layoutname, layoutorder, "datatype", widgettype, "label", tooltip, placeholder, ismandatory, isparent, iseditable, isautoupdate, isfilter, dv_querytext, dv_orderby_id, dv_isnullvalue, dv_parent_id, dv_querytext_filterc, stylesheet, widgetcontrols, widgetfunction, linkedobject, hidden, web_layoutorder) VALUES('ve_node_netelement', 'form_feature', 'tab_data', 'region_id', 'lyt_data_3', 9, 'integer', 'combo', 'Region', 'region_id', NULL, false, false, false, false, NULL, 'SELECT region_id as id, name as idval FROM ext_region WHERE region_id IS NOT NULL', true, true, NULL, NULL, NULL, NULL, NULL, NULL, true, NULL);
INSERT INTO config_form_fields (formname, formtype, tabname, columnname, layoutname, layoutorder, "datatype", widgettype, "label", tooltip, placeholder, ismandatory, isparent, iseditable, isautoupdate, isfilter, dv_querytext, dv_orderby_id, dv_isnullvalue, dv_parent_id, dv_querytext_filterc, stylesheet, widgetcontrols, widgetfunction, linkedobject, hidden, web_layoutorder) VALUES('ve_node_netgully', 'form_feature', 'tab_data', 'region_id', 'lyt_data_3', 9, 'integer', 'combo', 'Region', 'region_id', NULL, false, false, false, false, NULL, 'SELECT region_id as id, name as idval FROM ext_region WHERE region_id IS NOT NULL', true, true, NULL, NULL, NULL, NULL, NULL, NULL, true, NULL);
INSERT INTO config_form_fields (formname, formtype, tabname, columnname, layoutname, layoutorder, "datatype", widgettype, "label", tooltip, placeholder, ismandatory, isparent, iseditable, isautoupdate, isfilter, dv_querytext, dv_orderby_id, dv_isnullvalue, dv_parent_id, dv_querytext_filterc, stylesheet, widgetcontrols, widgetfunction, linkedobject, hidden, web_layoutorder) VALUES('ve_node_netinit', 'form_feature', 'tab_data', 'region_id', 'lyt_data_3', 9, 'integer', 'combo', 'Region', 'region_id', NULL, false, false, false, false, NULL, 'SELECT region_id as id, name as idval FROM ext_region WHERE region_id IS NOT NULL', true, true, NULL, NULL, NULL, NULL, NULL, NULL, true, NULL);
INSERT INTO config_form_fields (formname, formtype, tabname, columnname, layoutname, layoutorder, "datatype", widgettype, "label", tooltip, placeholder, ismandatory, isparent, iseditable, isautoupdate, isfilter, dv_querytext, dv_orderby_id, dv_isnullvalue, dv_parent_id, dv_querytext_filterc, stylesheet, widgetcontrols, widgetfunction, linkedobject, hidden, web_layoutorder) VALUES('ve_node_outfall', 'form_feature', 'tab_data', 'region_id', 'lyt_data_3', 9, 'integer', 'combo', 'Region', 'region_id', NULL, false, false, false, false, NULL, 'SELECT region_id as id, name as idval FROM ext_region WHERE region_id IS NOT NULL', true, true, NULL, NULL, NULL, NULL, NULL, NULL, true, NULL);
INSERT INTO config_form_fields (formname, formtype, tabname, columnname, layoutname, layoutorder, "datatype", widgettype, "label", tooltip, placeholder, ismandatory, isparent, iseditable, isautoupdate, isfilter, dv_querytext, dv_orderby_id, dv_isnullvalue, dv_parent_id, dv_querytext_filterc, stylesheet, widgetcontrols, widgetfunction, linkedobject, hidden, web_layoutorder) VALUES('ve_node_owerflow_storage', 'form_feature', 'tab_data', 'region_id', 'lyt_data_3', 9, 'integer', 'combo', 'Region', 'region_id', NULL, false, false, false, false, NULL, 'SELECT region_id as id, name as idval FROM ext_region WHERE region_id IS NOT NULL', true, true, NULL, NULL, NULL, NULL, NULL, NULL, true, NULL);
INSERT INTO config_form_fields (formname, formtype, tabname, columnname, layoutname, layoutorder, "datatype", widgettype, "label", tooltip, placeholder, ismandatory, isparent, iseditable, isautoupdate, isfilter, dv_querytext, dv_orderby_id, dv_isnullvalue, dv_parent_id, dv_querytext_filterc, stylesheet, widgetcontrols, widgetfunction, linkedobject, hidden, web_layoutorder) VALUES('ve_gully_pgully', 'form_feature', 'tab_data', 'region_id', 'lyt_data_3', 8, 'integer', 'combo', 'Region', 'region_id', NULL, false, false, false, false, NULL, 'SELECT region_id as id, name as idval FROM ext_region WHERE region_id IS NOT NULL', true, true, NULL, NULL, NULL, NULL, NULL, NULL, true, NULL);
INSERT INTO config_form_fields (formname, formtype, tabname, columnname, layoutname, layoutorder, "datatype", widgettype, "label", tooltip, placeholder, ismandatory, isparent, iseditable, isautoupdate, isfilter, dv_querytext, dv_orderby_id, dv_isnullvalue, dv_parent_id, dv_querytext_filterc, stylesheet, widgetcontrols, widgetfunction, linkedobject, hidden, web_layoutorder) VALUES('ve_arc_pump_pipe', 'form_feature', 'tab_data', 'region_id', 'lyt_data_3', 8, 'integer', 'combo', 'Region', 'region_id', NULL, false, false, false, false, NULL, 'SELECT region_id as id, name as idval FROM ext_region WHERE region_id IS NOT NULL', true, true, NULL, NULL, NULL, NULL, NULL, NULL, true, NULL);
INSERT INTO config_form_fields (formname, formtype, tabname, columnname, layoutname, layoutorder, "datatype", widgettype, "label", tooltip, placeholder, ismandatory, isparent, iseditable, isautoupdate, isfilter, dv_querytext, dv_orderby_id, dv_isnullvalue, dv_parent_id, dv_querytext_filterc, stylesheet, widgetcontrols, widgetfunction, linkedobject, hidden, web_layoutorder) VALUES('ve_node_pump_station', 'form_feature', 'tab_data', 'region_id', 'lyt_data_3', 9, 'integer', 'combo', 'Region', 'region_id', NULL, false, false, false, false, NULL, 'SELECT region_id as id, name as idval FROM ext_region WHERE region_id IS NOT NULL', true, true, NULL, NULL, NULL, NULL, NULL, NULL, true, NULL);
INSERT INTO config_form_fields (formname, formtype, tabname, columnname, layoutname, layoutorder, "datatype", widgettype, "label", tooltip, placeholder, ismandatory, isparent, iseditable, isautoupdate, isfilter, dv_querytext, dv_orderby_id, dv_isnullvalue, dv_parent_id, dv_querytext_filterc, stylesheet, widgetcontrols, widgetfunction, linkedobject, hidden, web_layoutorder) VALUES('ve_node_rect_manhole', 'form_feature', 'tab_data', 'region_id', 'lyt_data_3', 9, 'integer', 'combo', 'Region', 'region_id', NULL, false, false, false, false, NULL, 'SELECT region_id as id, name as idval FROM ext_region WHERE region_id IS NOT NULL', true, true, NULL, NULL, NULL, NULL, NULL, NULL, true, NULL);
INSERT INTO config_form_fields (formname, formtype, tabname, columnname, layoutname, layoutorder, "datatype", widgettype, "label", tooltip, placeholder, ismandatory, isparent, iseditable, isautoupdate, isfilter, dv_querytext, dv_orderby_id, dv_isnullvalue, dv_parent_id, dv_querytext_filterc, stylesheet, widgetcontrols, widgetfunction, linkedobject, hidden, web_layoutorder) VALUES('ve_node_register', 'form_feature', 'tab_data', 'region_id', 'lyt_data_3', 9, 'integer', 'combo', 'Region', 'region_id', NULL, false, false, false, false, NULL, 'SELECT region_id as id, name as idval FROM ext_region WHERE region_id IS NOT NULL', true, true, NULL, NULL, NULL, NULL, NULL, NULL, true, NULL);
INSERT INTO config_form_fields (formname, formtype, tabname, columnname, layoutname, layoutorder, "datatype", widgettype, "label", tooltip, placeholder, ismandatory, isparent, iseditable, isautoupdate, isfilter, dv_querytext, dv_orderby_id, dv_isnullvalue, dv_parent_id, dv_querytext_filterc, stylesheet, widgetcontrols, widgetfunction, linkedobject, hidden, web_layoutorder) VALUES('ve_node_sandbox', 'form_feature', 'tab_data', 'region_id', 'lyt_data_3', 9, 'integer', 'combo', 'Region', 'region_id', NULL, false, false, false, false, NULL, 'SELECT region_id as id, name as idval FROM ext_region WHERE region_id IS NOT NULL', true, true, NULL, NULL, NULL, NULL, NULL, NULL, true, NULL);
INSERT INTO config_form_fields (formname, formtype, tabname, columnname, layoutname, layoutorder, "datatype", widgettype, "label", tooltip, placeholder, ismandatory, isparent, iseditable, isautoupdate, isfilter, dv_querytext, dv_orderby_id, dv_isnullvalue, dv_parent_id, dv_querytext_filterc, stylesheet, widgetcontrols, widgetfunction, linkedobject, hidden, web_layoutorder) VALUES('ve_node_sewer_storage', 'form_feature', 'tab_data', 'region_id', 'lyt_data_3', 9, 'integer', 'combo', 'Region', 'region_id', NULL, false, false, false, false, NULL, 'SELECT region_id as id, name as idval FROM ext_region WHERE region_id IS NOT NULL', true, true, NULL, NULL, NULL, NULL, NULL, NULL, true, NULL);
INSERT INTO config_form_fields (formname, formtype, tabname, columnname, layoutname, layoutorder, "datatype", widgettype, "label", tooltip, placeholder, ismandatory, isparent, iseditable, isautoupdate, isfilter, dv_querytext, dv_orderby_id, dv_isnullvalue, dv_parent_id, dv_querytext_filterc, stylesheet, widgetcontrols, widgetfunction, linkedobject, hidden, web_layoutorder) VALUES('ve_arc_siphon', 'form_feature', 'tab_data', 'region_id', 'lyt_data_3', 8, 'integer', 'combo', 'Region', 'region_id', NULL, false, false, false, false, NULL, 'SELECT region_id as id, name as idval FROM ext_region WHERE region_id IS NOT NULL', true, true, NULL, NULL, NULL, NULL, NULL, NULL, true, NULL);
INSERT INTO config_form_fields (formname, formtype, tabname, columnname, layoutname, layoutorder, "datatype", widgettype, "label", tooltip, placeholder, ismandatory, isparent, iseditable, isautoupdate, isfilter, dv_querytext, dv_orderby_id, dv_isnullvalue, dv_parent_id, dv_querytext_filterc, stylesheet, widgetcontrols, widgetfunction, linkedobject, hidden, web_layoutorder) VALUES('ve_node_valve', 'form_feature', 'tab_data', 'region_id', 'lyt_data_3', 9, 'integer', 'combo', 'Region', 'region_id', NULL, false, false, false, false, NULL, 'SELECT region_id as id, name as idval FROM ext_region WHERE region_id IS NOT NULL', true, true, NULL, NULL, NULL, NULL, NULL, NULL, true, NULL);
INSERT INTO config_form_fields (formname, formtype, tabname, columnname, layoutname, layoutorder, "datatype", widgettype, "label", tooltip, placeholder, ismandatory, isparent, iseditable, isautoupdate, isfilter, dv_querytext, dv_orderby_id, dv_isnullvalue, dv_parent_id, dv_querytext_filterc, stylesheet, widgetcontrols, widgetfunction, linkedobject, hidden, web_layoutorder) VALUES('ve_arc_varc', 'form_feature', 'tab_data', 'region_id', 'lyt_data_3', 8, 'integer', 'combo', 'Region', 'region_id', NULL, false, false, false, false, NULL, 'SELECT region_id as id, name as idval FROM ext_region WHERE region_id IS NOT NULL', true, true, NULL, NULL, NULL, NULL, NULL, NULL, true, NULL);
INSERT INTO config_form_fields (formname, formtype, tabname, columnname, layoutname, layoutorder, "datatype", widgettype, "label", tooltip, placeholder, ismandatory, isparent, iseditable, isautoupdate, isfilter, dv_querytext, dv_orderby_id, dv_isnullvalue, dv_parent_id, dv_querytext_filterc, stylesheet, widgetcontrols, widgetfunction, linkedobject, hidden, web_layoutorder) VALUES('ve_gully_vgully', 'form_feature', 'tab_data', 'region_id', 'lyt_data_3', 8, 'integer', 'combo', 'Region', 'region_id', NULL, false, false, false, false, NULL, 'SELECT region_id as id, name as idval FROM ext_region WHERE region_id IS NOT NULL', true, true, NULL, NULL, NULL, NULL, NULL, NULL, true, NULL);
INSERT INTO config_form_fields (formname, formtype, tabname, columnname, layoutname, layoutorder, "datatype", widgettype, "label", tooltip, placeholder, ismandatory, isparent, iseditable, isautoupdate, isfilter, dv_querytext, dv_orderby_id, dv_isnullvalue, dv_parent_id, dv_querytext_filterc, stylesheet, widgetcontrols, widgetfunction, linkedobject, hidden, web_layoutorder) VALUES('ve_node_virtual_node', 'form_feature', 'tab_data', 'region_id', 'lyt_data_3', 9, 'integer', 'combo', 'Region', 'region_id', NULL, false, false, false, false, NULL, 'SELECT region_id as id, name as idval FROM ext_region WHERE region_id IS NOT NULL', true, true, NULL, NULL, NULL, NULL, NULL, NULL, true, NULL);
INSERT INTO config_form_fields (formname, formtype, tabname, columnname, layoutname, layoutorder, "datatype", widgettype, "label", tooltip, placeholder, ismandatory, isparent, iseditable, isautoupdate, isfilter, dv_querytext, dv_orderby_id, dv_isnullvalue, dv_parent_id, dv_querytext_filterc, stylesheet, widgetcontrols, widgetfunction, linkedobject, hidden, web_layoutorder) VALUES('ve_arc_waccel', 'form_feature', 'tab_data', 'region_id', 'lyt_data_3', 8, 'integer', 'combo', 'Region', 'region_id', NULL, false, false, false, false, NULL, 'SELECT region_id as id, name as idval FROM ext_region WHERE region_id IS NOT NULL', true, true, NULL, NULL, NULL, NULL, NULL, NULL, true, NULL);
INSERT INTO config_form_fields (formname, formtype, tabname, columnname, layoutname, layoutorder, "datatype", widgettype, "label", tooltip, placeholder, ismandatory, isparent, iseditable, isautoupdate, isfilter, dv_querytext, dv_orderby_id, dv_isnullvalue, dv_parent_id, dv_querytext_filterc, stylesheet, widgetcontrols, widgetfunction, linkedobject, hidden, web_layoutorder) VALUES('ve_node_weir', 'form_feature', 'tab_data', 'region_id', 'lyt_data_3', 9, 'integer', 'combo', 'Region', 'region_id', NULL, false, false, false, false, NULL, 'SELECT region_id as id, name as idval FROM ext_region WHERE region_id IS NOT NULL', true, true, NULL, NULL, NULL, NULL, NULL, NULL, true, NULL);
INSERT INTO config_form_fields (formname, formtype, tabname, columnname, layoutname, layoutorder, "datatype", widgettype, "label", tooltip, placeholder, ismandatory, isparent, iseditable, isautoupdate, isfilter, dv_querytext, dv_orderby_id, dv_isnullvalue, dv_parent_id, dv_querytext_filterc, stylesheet, widgetcontrols, widgetfunction, linkedobject, hidden, web_layoutorder) VALUES('ve_node_wwtp', 'form_feature', 'tab_data', 'region_id', 'lyt_data_3', 9, 'integer', 'combo', 'Region', 'region_id', NULL, false, false, false, false, NULL, 'SELECT region_id as id, name as idval FROM ext_region WHERE region_id IS NOT NULL', true, true, NULL, NULL, NULL, NULL, NULL, NULL, true, NULL);

INSERT INTO config_form_fields (formname, formtype, tabname, columnname, layoutname, layoutorder, "datatype", widgettype, "label", tooltip, placeholder, ismandatory, isparent, iseditable, isautoupdate, isfilter, dv_querytext, dv_orderby_id, dv_isnullvalue, dv_parent_id, dv_querytext_filterc, stylesheet, widgetcontrols, widgetfunction, linkedobject, hidden, web_layoutorder) VALUES('ve_connec_connec', 'form_feature', 'tab_data', 'province_id', 'lyt_data_3', 10, 'integer', 'combo', 'Province', 'province_id', NULL, false, false, false, false, NULL, 'SELECT province_id as id, name as idval FROM ext_province WHERE province_id IS NOT NULL', true, true, NULL, NULL, NULL, NULL, NULL, NULL, true, NULL);
INSERT INTO config_form_fields (formname, formtype, tabname, columnname, layoutname, layoutorder, "datatype", widgettype, "label", tooltip, placeholder, ismandatory, isparent, iseditable, isautoupdate, isfilter, dv_querytext, dv_orderby_id, dv_isnullvalue, dv_parent_id, dv_querytext_filterc, stylesheet, widgetcontrols, widgetfunction, linkedobject, hidden, web_layoutorder) VALUES('ve_connec_vconnec', 'form_feature', 'tab_data', 'province_id', 'lyt_data_3', 10, 'integer', 'combo', 'Province', 'province_id', NULL, false, false, false, false, NULL, 'SELECT province_id as id, name as idval FROM ext_province WHERE province_id IS NOT NULL', true, true, NULL, NULL, NULL, NULL, NULL, NULL, true, NULL);
INSERT INTO config_form_fields (formname, formtype, tabname, columnname, layoutname, layoutorder, "datatype", widgettype, "label", tooltip, placeholder, ismandatory, isparent, iseditable, isautoupdate, isfilter, dv_querytext, dv_orderby_id, dv_isnullvalue, dv_parent_id, dv_querytext_filterc, stylesheet, widgetcontrols, widgetfunction, linkedobject, hidden, web_layoutorder) VALUES('ve_node_chamber', 'form_feature', 'tab_data', 'province_id', 'lyt_data_3', 10, 'integer', 'combo', 'Province', 'province_id', NULL, false, false, false, false, NULL, 'SELECT province_id as id, name as idval FROM ext_province WHERE province_id IS NOT NULL', true, true, NULL, NULL, NULL, NULL, NULL, NULL, true, NULL);
INSERT INTO config_form_fields (formname, formtype, tabname, columnname, layoutname, layoutorder, "datatype", widgettype, "label", tooltip, placeholder, ismandatory, isparent, iseditable, isautoupdate, isfilter, dv_querytext, dv_orderby_id, dv_isnullvalue, dv_parent_id, dv_querytext_filterc, stylesheet, widgetcontrols, widgetfunction, linkedobject, hidden, web_layoutorder) VALUES('ve_node_change', 'form_feature', 'tab_data', 'province_id', 'lyt_data_3', 10, 'integer', 'combo', 'Province', 'province_id', NULL, false, false, false, false, NULL, 'SELECT province_id as id, name as idval FROM ext_province WHERE province_id IS NOT NULL', true, true, NULL, NULL, NULL, NULL, NULL, NULL, true, NULL);
INSERT INTO config_form_fields (formname, formtype, tabname, columnname, layoutname, layoutorder, "datatype", widgettype, "label", tooltip, placeholder, ismandatory, isparent, iseditable, isautoupdate, isfilter, dv_querytext, dv_orderby_id, dv_isnullvalue, dv_parent_id, dv_querytext_filterc, stylesheet, widgetcontrols, widgetfunction, linkedobject, hidden, web_layoutorder) VALUES('ve_node_circ_manhole', 'form_feature', 'tab_data', 'province_id', 'lyt_data_3', 10, 'integer', 'combo', 'Province', 'province_id', NULL, false, false, false, false, NULL, 'SELECT province_id as id, name as idval FROM ext_province WHERE province_id IS NOT NULL', true, true, NULL, NULL, NULL, NULL, NULL, NULL, true, NULL);
INSERT INTO config_form_fields (formname, formtype, tabname, columnname, layoutname, layoutorder, "datatype", widgettype, "label", tooltip, placeholder, ismandatory, isparent, iseditable, isautoupdate, isfilter, dv_querytext, dv_orderby_id, dv_isnullvalue, dv_parent_id, dv_querytext_filterc, stylesheet, widgetcontrols, widgetfunction, linkedobject, hidden, web_layoutorder) VALUES('ve_arc_conduit', 'form_feature', 'tab_data', 'province_id', 'lyt_data_3', 9, 'integer', 'combo', 'Province', 'province_id', NULL, false, false, false, false, NULL, 'SELECT province_id as id, name as idval FROM ext_province WHERE province_id IS NOT NULL', true, true, NULL, NULL, NULL, NULL, NULL, NULL, true, NULL);
INSERT INTO config_form_fields (formname, formtype, tabname, columnname, layoutname, layoutorder, "datatype", widgettype, "label", tooltip, placeholder, ismandatory, isparent, iseditable, isautoupdate, isfilter, dv_querytext, dv_orderby_id, dv_isnullvalue, dv_parent_id, dv_querytext_filterc, stylesheet, widgetcontrols, widgetfunction, linkedobject, hidden, web_layoutorder) VALUES('ve_gully_gully', 'form_feature', 'tab_data', 'province_id', 'lyt_data_3', 9, 'integer', 'combo', 'Province', 'province_id', NULL, false, false, false, false, NULL, 'SELECT province_id as id, name as idval FROM ext_province WHERE province_id IS NOT NULL', true, true, NULL, NULL, NULL, NULL, NULL, NULL, true, NULL);
INSERT INTO config_form_fields (formname, formtype, tabname, columnname, layoutname, layoutorder, "datatype", widgettype, "label", tooltip, placeholder, ismandatory, isparent, iseditable, isautoupdate, isfilter, dv_querytext, dv_orderby_id, dv_isnullvalue, dv_parent_id, dv_querytext_filterc, stylesheet, widgetcontrols, widgetfunction, linkedobject, hidden, web_layoutorder) VALUES('ve_node_highpoint', 'form_feature', 'tab_data', 'province_id', 'lyt_data_3', 10, 'integer', 'combo', 'Province', 'province_id', NULL, false, false, false, false, NULL, 'SELECT province_id as id, name as idval FROM ext_province WHERE province_id IS NOT NULL', true, true, NULL, NULL, NULL, NULL, NULL, NULL, true, NULL);
INSERT INTO config_form_fields (formname, formtype, tabname, columnname, layoutname, layoutorder, "datatype", widgettype, "label", tooltip, placeholder, ismandatory, isparent, iseditable, isautoupdate, isfilter, dv_querytext, dv_orderby_id, dv_isnullvalue, dv_parent_id, dv_querytext_filterc, stylesheet, widgetcontrols, widgetfunction, linkedobject, hidden, web_layoutorder) VALUES('ve_node_jump', 'form_feature', 'tab_data', 'province_id', 'lyt_data_3', 10, 'integer', 'combo', 'Province', 'province_id', NULL, false, false, false, false, NULL, 'SELECT province_id as id, name as idval FROM ext_province WHERE province_id IS NOT NULL', true, true, NULL, NULL, NULL, NULL, NULL, NULL, true, NULL);
INSERT INTO config_form_fields (formname, formtype, tabname, columnname, layoutname, layoutorder, "datatype", widgettype, "label", tooltip, placeholder, ismandatory, isparent, iseditable, isautoupdate, isfilter, dv_querytext, dv_orderby_id, dv_isnullvalue, dv_parent_id, dv_querytext_filterc, stylesheet, widgetcontrols, widgetfunction, linkedobject, hidden, web_layoutorder) VALUES('ve_node_junction', 'form_feature', 'tab_data', 'province_id', 'lyt_data_3', 10, 'integer', 'combo', 'Province', 'province_id', NULL, false, false, false, false, NULL, 'SELECT province_id as id, name as idval FROM ext_province WHERE province_id IS NOT NULL', true, true, NULL, NULL, NULL, NULL, NULL, NULL, true, NULL);
INSERT INTO config_form_fields (formname, formtype, tabname, columnname, layoutname, layoutorder, "datatype", widgettype, "label", tooltip, placeholder, ismandatory, isparent, iseditable, isautoupdate, isfilter, dv_querytext, dv_orderby_id, dv_isnullvalue, dv_parent_id, dv_querytext_filterc, stylesheet, widgetcontrols, widgetfunction, linkedobject, hidden, web_layoutorder) VALUES('ve_node_netelement', 'form_feature', 'tab_data', 'province_id', 'lyt_data_3', 10, 'integer', 'combo', 'Province', 'province_id', NULL, false, false, false, false, NULL, 'SELECT province_id as id, name as idval FROM ext_province WHERE province_id IS NOT NULL', true, true, NULL, NULL, NULL, NULL, NULL, NULL, true, NULL);
INSERT INTO config_form_fields (formname, formtype, tabname, columnname, layoutname, layoutorder, "datatype", widgettype, "label", tooltip, placeholder, ismandatory, isparent, iseditable, isautoupdate, isfilter, dv_querytext, dv_orderby_id, dv_isnullvalue, dv_parent_id, dv_querytext_filterc, stylesheet, widgetcontrols, widgetfunction, linkedobject, hidden, web_layoutorder) VALUES('ve_node_netgully', 'form_feature', 'tab_data', 'province_id', 'lyt_data_3', 10, 'integer', 'combo', 'Province', 'province_id', NULL, false, false, false, false, NULL, 'SELECT province_id as id, name as idval FROM ext_province WHERE province_id IS NOT NULL', true, true, NULL, NULL, NULL, NULL, NULL, NULL, true, NULL);
INSERT INTO config_form_fields (formname, formtype, tabname, columnname, layoutname, layoutorder, "datatype", widgettype, "label", tooltip, placeholder, ismandatory, isparent, iseditable, isautoupdate, isfilter, dv_querytext, dv_orderby_id, dv_isnullvalue, dv_parent_id, dv_querytext_filterc, stylesheet, widgetcontrols, widgetfunction, linkedobject, hidden, web_layoutorder) VALUES('ve_node_netinit', 'form_feature', 'tab_data', 'province_id', 'lyt_data_3', 10, 'integer', 'combo', 'Province', 'province_id', NULL, false, false, false, false, NULL, 'SELECT province_id as id, name as idval FROM ext_province WHERE province_id IS NOT NULL', true, true, NULL, NULL, NULL, NULL, NULL, NULL, true, NULL);
INSERT INTO config_form_fields (formname, formtype, tabname, columnname, layoutname, layoutorder, "datatype", widgettype, "label", tooltip, placeholder, ismandatory, isparent, iseditable, isautoupdate, isfilter, dv_querytext, dv_orderby_id, dv_isnullvalue, dv_parent_id, dv_querytext_filterc, stylesheet, widgetcontrols, widgetfunction, linkedobject, hidden, web_layoutorder) VALUES('ve_node_outfall', 'form_feature', 'tab_data', 'province_id', 'lyt_data_3', 10, 'integer', 'combo', 'Province', 'province_id', NULL, false, false, false, false, NULL, 'SELECT province_id as id, name as idval FROM ext_province WHERE province_id IS NOT NULL', true, true, NULL, NULL, NULL, NULL, NULL, NULL, true, NULL);
INSERT INTO config_form_fields (formname, formtype, tabname, columnname, layoutname, layoutorder, "datatype", widgettype, "label", tooltip, placeholder, ismandatory, isparent, iseditable, isautoupdate, isfilter, dv_querytext, dv_orderby_id, dv_isnullvalue, dv_parent_id, dv_querytext_filterc, stylesheet, widgetcontrols, widgetfunction, linkedobject, hidden, web_layoutorder) VALUES('ve_node_owerflow_storage', 'form_feature', 'tab_data', 'province_id', 'lyt_data_3', 10, 'integer', 'combo', 'Province', 'province_id', NULL, false, false, false, false, NULL, 'SELECT province_id as id, name as idval FROM ext_province WHERE province_id IS NOT NULL', true, true, NULL, NULL, NULL, NULL, NULL, NULL, true, NULL);
INSERT INTO config_form_fields (formname, formtype, tabname, columnname, layoutname, layoutorder, "datatype", widgettype, "label", tooltip, placeholder, ismandatory, isparent, iseditable, isautoupdate, isfilter, dv_querytext, dv_orderby_id, dv_isnullvalue, dv_parent_id, dv_querytext_filterc, stylesheet, widgetcontrols, widgetfunction, linkedobject, hidden, web_layoutorder) VALUES('ve_gully_pgully', 'form_feature', 'tab_data', 'province_id', 'lyt_data_3', 9, 'integer', 'combo', 'Province', 'province_id', NULL, false, false, false, false, NULL, 'SELECT province_id as id, name as idval FROM ext_province WHERE province_id IS NOT NULL', true, true, NULL, NULL, NULL, NULL, NULL, NULL, true, NULL);
INSERT INTO config_form_fields (formname, formtype, tabname, columnname, layoutname, layoutorder, "datatype", widgettype, "label", tooltip, placeholder, ismandatory, isparent, iseditable, isautoupdate, isfilter, dv_querytext, dv_orderby_id, dv_isnullvalue, dv_parent_id, dv_querytext_filterc, stylesheet, widgetcontrols, widgetfunction, linkedobject, hidden, web_layoutorder) VALUES('ve_arc_pump_pipe', 'form_feature', 'tab_data', 'province_id', 'lyt_data_3', 9, 'integer', 'combo', 'Province', 'province_id', NULL, false, false, false, false, NULL, 'SELECT province_id as id, name as idval FROM ext_province WHERE province_id IS NOT NULL', true, true, NULL, NULL, NULL, NULL, NULL, NULL, true, NULL);
INSERT INTO config_form_fields (formname, formtype, tabname, columnname, layoutname, layoutorder, "datatype", widgettype, "label", tooltip, placeholder, ismandatory, isparent, iseditable, isautoupdate, isfilter, dv_querytext, dv_orderby_id, dv_isnullvalue, dv_parent_id, dv_querytext_filterc, stylesheet, widgetcontrols, widgetfunction, linkedobject, hidden, web_layoutorder) VALUES('ve_node_pump_station', 'form_feature', 'tab_data', 'province_id', 'lyt_data_3', 10, 'integer', 'combo', 'Province', 'province_id', NULL, false, false, false, false, NULL, 'SELECT province_id as id, name as idval FROM ext_province WHERE province_id IS NOT NULL', true, true, NULL, NULL, NULL, NULL, NULL, NULL, true, NULL);
INSERT INTO config_form_fields (formname, formtype, tabname, columnname, layoutname, layoutorder, "datatype", widgettype, "label", tooltip, placeholder, ismandatory, isparent, iseditable, isautoupdate, isfilter, dv_querytext, dv_orderby_id, dv_isnullvalue, dv_parent_id, dv_querytext_filterc, stylesheet, widgetcontrols, widgetfunction, linkedobject, hidden, web_layoutorder) VALUES('ve_node_rect_manhole', 'form_feature', 'tab_data', 'province_id', 'lyt_data_3', 10, 'integer', 'combo', 'Province', 'province_id', NULL, false, false, false, false, NULL, 'SELECT province_id as id, name as idval FROM ext_province WHERE province_id IS NOT NULL', true, true, NULL, NULL, NULL, NULL, NULL, NULL, true, NULL);
INSERT INTO config_form_fields (formname, formtype, tabname, columnname, layoutname, layoutorder, "datatype", widgettype, "label", tooltip, placeholder, ismandatory, isparent, iseditable, isautoupdate, isfilter, dv_querytext, dv_orderby_id, dv_isnullvalue, dv_parent_id, dv_querytext_filterc, stylesheet, widgetcontrols, widgetfunction, linkedobject, hidden, web_layoutorder) VALUES('ve_node_register', 'form_feature', 'tab_data', 'province_id', 'lyt_data_3', 10, 'integer', 'combo', 'Province', 'province_id', NULL, false, false, false, false, NULL, 'SELECT province_id as id, name as idval FROM ext_province WHERE province_id IS NOT NULL', true, true, NULL, NULL, NULL, NULL, NULL, NULL, true, NULL);
INSERT INTO config_form_fields (formname, formtype, tabname, columnname, layoutname, layoutorder, "datatype", widgettype, "label", tooltip, placeholder, ismandatory, isparent, iseditable, isautoupdate, isfilter, dv_querytext, dv_orderby_id, dv_isnullvalue, dv_parent_id, dv_querytext_filterc, stylesheet, widgetcontrols, widgetfunction, linkedobject, hidden, web_layoutorder) VALUES('ve_node_sandbox', 'form_feature', 'tab_data', 'province_id', 'lyt_data_3', 10, 'integer', 'combo', 'Province', 'province_id', NULL, false, false, false, false, NULL, 'SELECT province_id as id, name as idval FROM ext_province WHERE province_id IS NOT NULL', true, true, NULL, NULL, NULL, NULL, NULL, NULL, true, NULL);
INSERT INTO config_form_fields (formname, formtype, tabname, columnname, layoutname, layoutorder, "datatype", widgettype, "label", tooltip, placeholder, ismandatory, isparent, iseditable, isautoupdate, isfilter, dv_querytext, dv_orderby_id, dv_isnullvalue, dv_parent_id, dv_querytext_filterc, stylesheet, widgetcontrols, widgetfunction, linkedobject, hidden, web_layoutorder) VALUES('ve_node_sewer_storage', 'form_feature', 'tab_data', 'province_id', 'lyt_data_3', 10, 'integer', 'combo', 'Province', 'province_id', NULL, false, false, false, false, NULL, 'SELECT province_id as id, name as idval FROM ext_province WHERE province_id IS NOT NULL', true, true, NULL, NULL, NULL, NULL, NULL, NULL, true, NULL);
INSERT INTO config_form_fields (formname, formtype, tabname, columnname, layoutname, layoutorder, "datatype", widgettype, "label", tooltip, placeholder, ismandatory, isparent, iseditable, isautoupdate, isfilter, dv_querytext, dv_orderby_id, dv_isnullvalue, dv_parent_id, dv_querytext_filterc, stylesheet, widgetcontrols, widgetfunction, linkedobject, hidden, web_layoutorder) VALUES('ve_arc_siphon', 'form_feature', 'tab_data', 'province_id', 'lyt_data_3', 9, 'integer', 'combo', 'Province', 'province_id', NULL, false, false, false, false, NULL, 'SELECT province_id as id, name as idval FROM ext_province WHERE province_id IS NOT NULL', true, true, NULL, NULL, NULL, NULL, NULL, NULL, true, NULL);
INSERT INTO config_form_fields (formname, formtype, tabname, columnname, layoutname, layoutorder, "datatype", widgettype, "label", tooltip, placeholder, ismandatory, isparent, iseditable, isautoupdate, isfilter, dv_querytext, dv_orderby_id, dv_isnullvalue, dv_parent_id, dv_querytext_filterc, stylesheet, widgetcontrols, widgetfunction, linkedobject, hidden, web_layoutorder) VALUES('ve_node_valve', 'form_feature', 'tab_data', 'province_id', 'lyt_data_3', 10, 'integer', 'combo', 'Province', 'province_id', NULL, false, false, false, false, NULL, 'SELECT province_id as id, name as idval FROM ext_province WHERE province_id IS NOT NULL', true, true, NULL, NULL, NULL, NULL, NULL, NULL, true, NULL);
INSERT INTO config_form_fields (formname, formtype, tabname, columnname, layoutname, layoutorder, "datatype", widgettype, "label", tooltip, placeholder, ismandatory, isparent, iseditable, isautoupdate, isfilter, dv_querytext, dv_orderby_id, dv_isnullvalue, dv_parent_id, dv_querytext_filterc, stylesheet, widgetcontrols, widgetfunction, linkedobject, hidden, web_layoutorder) VALUES('ve_arc_varc', 'form_feature', 'tab_data', 'province_id', 'lyt_data_3', 9, 'integer', 'combo', 'Province', 'province_id', NULL, false, false, false, false, NULL, 'SELECT province_id as id, name as idval FROM ext_province WHERE province_id IS NOT NULL', true, true, NULL, NULL, NULL, NULL, NULL, NULL, true, NULL);
INSERT INTO config_form_fields (formname, formtype, tabname, columnname, layoutname, layoutorder, "datatype", widgettype, "label", tooltip, placeholder, ismandatory, isparent, iseditable, isautoupdate, isfilter, dv_querytext, dv_orderby_id, dv_isnullvalue, dv_parent_id, dv_querytext_filterc, stylesheet, widgetcontrols, widgetfunction, linkedobject, hidden, web_layoutorder) VALUES('ve_gully_vgully', 'form_feature', 'tab_data', 'province_id', 'lyt_data_3', 9, 'integer', 'combo', 'Province', 'province_id', NULL, false, false, false, false, NULL, 'SELECT province_id as id, name as idval FROM ext_province WHERE province_id IS NOT NULL', true, true, NULL, NULL, NULL, NULL, NULL, NULL, true, NULL);
INSERT INTO config_form_fields (formname, formtype, tabname, columnname, layoutname, layoutorder, "datatype", widgettype, "label", tooltip, placeholder, ismandatory, isparent, iseditable, isautoupdate, isfilter, dv_querytext, dv_orderby_id, dv_isnullvalue, dv_parent_id, dv_querytext_filterc, stylesheet, widgetcontrols, widgetfunction, linkedobject, hidden, web_layoutorder) VALUES('ve_node_virtual_node', 'form_feature', 'tab_data', 'province_id', 'lyt_data_3', 10, 'integer', 'combo', 'Province', 'province_id', NULL, false, false, false, false, NULL, 'SELECT province_id as id, name as idval FROM ext_province WHERE province_id IS NOT NULL', true, true, NULL, NULL, NULL, NULL, NULL, NULL, true, NULL);
INSERT INTO config_form_fields (formname, formtype, tabname, columnname, layoutname, layoutorder, "datatype", widgettype, "label", tooltip, placeholder, ismandatory, isparent, iseditable, isautoupdate, isfilter, dv_querytext, dv_orderby_id, dv_isnullvalue, dv_parent_id, dv_querytext_filterc, stylesheet, widgetcontrols, widgetfunction, linkedobject, hidden, web_layoutorder) VALUES('ve_arc_waccel', 'form_feature', 'tab_data', 'province_id', 'lyt_data_3', 9, 'integer', 'combo', 'Province', 'province_id', NULL, false, false, false, false, NULL, 'SELECT province_id as id, name as idval FROM ext_province WHERE province_id IS NOT NULL', true, true, NULL, NULL, NULL, NULL, NULL, NULL, true, NULL);
INSERT INTO config_form_fields (formname, formtype, tabname, columnname, layoutname, layoutorder, "datatype", widgettype, "label", tooltip, placeholder, ismandatory, isparent, iseditable, isautoupdate, isfilter, dv_querytext, dv_orderby_id, dv_isnullvalue, dv_parent_id, dv_querytext_filterc, stylesheet, widgetcontrols, widgetfunction, linkedobject, hidden, web_layoutorder) VALUES('ve_node_weir', 'form_feature', 'tab_data', 'province_id', 'lyt_data_3', 10, 'integer', 'combo', 'Province', 'province_id', NULL, false, false, false, false, NULL, 'SELECT province_id as id, name as idval FROM ext_province WHERE province_id IS NOT NULL', true, true, NULL, NULL, NULL, NULL, NULL, NULL, true, NULL);
INSERT INTO config_form_fields (formname, formtype, tabname, columnname, layoutname, layoutorder, "datatype", widgettype, "label", tooltip, placeholder, ismandatory, isparent, iseditable, isautoupdate, isfilter, dv_querytext, dv_orderby_id, dv_isnullvalue, dv_parent_id, dv_querytext_filterc, stylesheet, widgetcontrols, widgetfunction, linkedobject, hidden, web_layoutorder) VALUES('ve_node_wwtp', 'form_feature', 'tab_data', 'province_id', 'lyt_data_3', 10, 'integer', 'combo', 'Province', 'province_id', NULL, false, false, false, false, NULL, 'SELECT province_id as id, name as idval FROM ext_province WHERE province_id IS NOT NULL', true, true, NULL, NULL, NULL, NULL, NULL, NULL, true, NULL);

-- triggers
DROP TRIGGER IF EXISTS gw_trg_edit_arc ON v_edit_arc;
CREATE TRIGGER gw_trg_edit_arc INSTEAD OF INSERT OR DELETE OR UPDATE ON v_edit_arc FOR EACH ROW EXECUTE FUNCTION gw_trg_edit_arc('parent');

DROP TRIGGER IF EXISTS gw_trg_edit_arc_conduit ON ve_arc_conduit;
CREATE TRIGGER gw_trg_edit_arc_conduit INSTEAD OF INSERT OR DELETE OR UPDATE ON ve_arc_conduit FOR EACH ROW EXECUTE FUNCTION gw_trg_edit_arc('CONDUIT');

DROP TRIGGER IF EXISTS gw_trg_edit_arc_pump_pipe ON ve_arc_pump_pipe;
CREATE TRIGGER gw_trg_edit_arc_pump_pipe INSTEAD OF INSERT OR DELETE OR UPDATE ON ve_arc_pump_pipe FOR EACH ROW EXECUTE FUNCTION gw_trg_edit_arc('PUMP_PIPE');

DROP TRIGGER IF EXISTS gw_trg_edit_arc_siphon ON ve_arc_siphon;
CREATE TRIGGER gw_trg_edit_arc_siphon INSTEAD OF INSERT OR DELETE OR UPDATE ON ve_arc_siphon FOR EACH ROW EXECUTE FUNCTION gw_trg_edit_arc('SIPHON');

DROP TRIGGER IF EXISTS gw_trg_edit_arc_varc ON ve_arc_varc;
CREATE TRIGGER gw_trg_edit_arc_varc INSTEAD OF INSERT OR DELETE OR UPDATE ON ve_arc_varc FOR EACH ROW EXECUTE FUNCTION gw_trg_edit_arc('VARC');

DROP TRIGGER IF EXISTS gw_trg_edit_arc_waccel ON ve_arc_waccel;
CREATE TRIGGER gw_trg_edit_arc_waccel INSTEAD OF INSERT OR DELETE OR UPDATE ON ve_arc_waccel FOR EACH ROW EXECUTE FUNCTION gw_trg_edit_arc('WACCEL');

DROP TRIGGER IF EXISTS gw_trg_edit_connec ON v_edit_connec;
CREATE TRIGGER gw_trg_edit_connec INSTEAD OF INSERT OR DELETE OR UPDATE ON v_edit_connec FOR EACH ROW EXECUTE FUNCTION gw_trg_edit_connec('parent');

DROP TRIGGER IF EXISTS gw_trg_edit_connec_connec ON ve_connec_connec;
CREATE TRIGGER gw_trg_edit_connec_connec INSTEAD OF INSERT OR DELETE OR UPDATE ON ve_connec_connec FOR EACH ROW EXECUTE FUNCTION gw_trg_edit_connec('CONNEC');

DROP TRIGGER IF EXISTS gw_trg_edit_connec_vconnec ON ve_connec_vconnec;
CREATE TRIGGER gw_trg_edit_connec_vconnec INSTEAD OF INSERT OR DELETE OR UPDATE ON ve_connec_vconnec FOR EACH ROW EXECUTE FUNCTION gw_trg_edit_connec('VCONNEC');

DROP TRIGGER IF EXISTS gw_trg_edit_gully ON v_edit_gully;
CREATE TRIGGER gw_trg_edit_gully INSTEAD OF INSERT OR DELETE OR UPDATE ON v_edit_gully FOR EACH ROW EXECUTE FUNCTION gw_trg_edit_gully('parent');

DROP TRIGGER IF EXISTS gw_trg_edit_gully_gully ON ve_gully_gully;
CREATE TRIGGER gw_trg_edit_gully_gully INSTEAD OF INSERT OR DELETE OR UPDATE ON ve_gully_gully FOR EACH ROW EXECUTE FUNCTION gw_trg_edit_gully('GULLY');

DROP TRIGGER IF EXISTS gw_trg_edit_gully_pgully ON ve_gully_pgully;
CREATE TRIGGER gw_trg_edit_gully_pgully INSTEAD OF INSERT OR DELETE OR UPDATE ON ve_gully_pgully FOR EACH ROW EXECUTE FUNCTION gw_trg_edit_gully('PGULLY');

DROP TRIGGER IF EXISTS gw_trg_edit_gully_vgully ON ve_gully_vgully;
CREATE TRIGGER gw_trg_edit_gully_vgully INSTEAD OF INSERT OR DELETE OR UPDATE ON ve_gully_vgully FOR EACH ROW EXECUTE FUNCTION gw_trg_edit_gully('VGULLY');

DROP TRIGGER IF EXISTS gw_trg_edit_node ON v_edit_node;
CREATE TRIGGER gw_trg_edit_node INSTEAD OF INSERT OR DELETE OR UPDATE ON v_edit_node FOR EACH ROW EXECUTE FUNCTION gw_trg_edit_node('parent');

DROP TRIGGER IF EXISTS gw_trg_edit_node_chamber ON ve_node_chamber;
CREATE TRIGGER gw_trg_edit_node_chamber INSTEAD OF INSERT OR DELETE OR UPDATE ON ve_node_chamber FOR EACH ROW EXECUTE FUNCTION gw_trg_edit_node('CHAMBER');

DROP TRIGGER IF EXISTS gw_trg_edit_node_change ON ve_node_change;
CREATE TRIGGER gw_trg_edit_node_change INSTEAD OF INSERT OR DELETE OR UPDATE ON ve_node_change FOR EACH ROW EXECUTE FUNCTION gw_trg_edit_node('CHANGE');

DROP TRIGGER IF EXISTS gw_trg_edit_node_circ_manhole ON ve_node_circ_manhole;
CREATE TRIGGER gw_trg_edit_node_circ_manhole INSTEAD OF INSERT OR DELETE OR UPDATE ON ve_node_circ_manhole FOR EACH ROW EXECUTE FUNCTION gw_trg_edit_node('CIRC_MANHOLE');

DROP TRIGGER IF EXISTS gw_trg_edit_node_highpoint ON ve_node_highpoint;
CREATE TRIGGER gw_trg_edit_node_highpoint INSTEAD OF INSERT OR DELETE OR UPDATE ON ve_node_highpoint FOR EACH ROW EXECUTE FUNCTION gw_trg_edit_node('HIGHPOINT');

DROP TRIGGER IF EXISTS gw_trg_edit_node_jump ON ve_node_jump;
CREATE TRIGGER gw_trg_edit_node_jump INSTEAD OF INSERT OR DELETE OR UPDATE ON ve_node_jump FOR EACH ROW EXECUTE FUNCTION gw_trg_edit_node('JUMP');

DROP TRIGGER IF EXISTS gw_trg_edit_node_junction ON ve_node_junction;
CREATE TRIGGER gw_trg_edit_node_junction INSTEAD OF INSERT OR DELETE OR UPDATE ON ve_node_junction FOR EACH ROW EXECUTE FUNCTION gw_trg_edit_node('JUNCTION');

DROP TRIGGER IF EXISTS gw_trg_edit_node_netelement ON ve_node_netelement;
CREATE TRIGGER gw_trg_edit_node_netelement INSTEAD OF INSERT OR DELETE OR UPDATE ON ve_node_netelement FOR EACH ROW EXECUTE FUNCTION gw_trg_edit_node('NETELEMENT');

DROP TRIGGER IF EXISTS gw_trg_edit_node_netgully ON ve_node_netgully;
CREATE TRIGGER gw_trg_edit_node_netgully INSTEAD OF INSERT OR DELETE OR UPDATE ON ve_node_netgully FOR EACH ROW EXECUTE FUNCTION gw_trg_edit_node('NETGULLY');

DROP TRIGGER IF EXISTS gw_trg_edit_node_netinit ON ve_node_netinit;
CREATE TRIGGER gw_trg_edit_node_netinit INSTEAD OF INSERT OR DELETE OR UPDATE ON ve_node_netinit FOR EACH ROW EXECUTE FUNCTION gw_trg_edit_node('NETINIT');

DROP TRIGGER IF EXISTS gw_trg_edit_node_outfall ON ve_node_outfall;
CREATE TRIGGER gw_trg_edit_node_outfall INSTEAD OF INSERT OR DELETE OR UPDATE ON ve_node_outfall FOR EACH ROW EXECUTE FUNCTION gw_trg_edit_node('OUTFALL');

DROP TRIGGER IF EXISTS gw_trg_edit_node_owerflow_storage ON ve_node_owerflow_storage;
CREATE TRIGGER gw_trg_edit_node_owerflow_storage INSTEAD OF INSERT OR DELETE OR UPDATE ON ve_node_owerflow_storage FOR EACH ROW EXECUTE FUNCTION gw_trg_edit_node('OWERFLOW_STORAGE');

DROP TRIGGER IF EXISTS gw_trg_edit_node_pump_station ON ve_node_pump_station;
CREATE TRIGGER gw_trg_edit_node_pump_station INSTEAD OF INSERT OR DELETE OR UPDATE ON ve_node_pump_station FOR EACH ROW EXECUTE FUNCTION gw_trg_edit_node('PUMP_STATION');

DROP TRIGGER IF EXISTS gw_trg_edit_node_rect_manhole ON ve_node_rect_manhole;
CREATE TRIGGER gw_trg_edit_node_rect_manhole INSTEAD OF INSERT OR DELETE OR UPDATE ON ve_node_rect_manhole FOR EACH ROW EXECUTE FUNCTION gw_trg_edit_node('RECT_MANHOLE');

DROP TRIGGER IF EXISTS gw_trg_edit_node_register ON ve_node_register;
CREATE TRIGGER gw_trg_edit_node_register INSTEAD OF INSERT OR DELETE OR UPDATE ON ve_node_register FOR EACH ROW EXECUTE FUNCTION gw_trg_edit_node('REGISTER');

DROP TRIGGER IF EXISTS gw_trg_edit_node_sandbox ON ve_node_sandbox;
CREATE TRIGGER gw_trg_edit_node_sandbox INSTEAD OF INSERT OR DELETE OR UPDATE ON ve_node_sandbox FOR EACH ROW EXECUTE FUNCTION gw_trg_edit_node('SANDBOX');

DROP TRIGGER IF EXISTS gw_trg_edit_node_sewer_storage ON ve_node_sewer_storage;
CREATE TRIGGER gw_trg_edit_node_sewer_storage INSTEAD OF INSERT OR DELETE OR UPDATE ON ve_node_sewer_storage FOR EACH ROW EXECUTE FUNCTION gw_trg_edit_node('SEWER_STORAGE');

DROP TRIGGER IF EXISTS gw_trg_edit_node_valve ON ve_node_valve;
CREATE TRIGGER gw_trg_edit_node_valve INSTEAD OF INSERT OR DELETE OR UPDATE ON ve_node_valve FOR EACH ROW EXECUTE FUNCTION gw_trg_edit_node('VALVE');

DROP TRIGGER IF EXISTS gw_trg_edit_node_virtual_node ON ve_node_virtual_node;
CREATE TRIGGER gw_trg_edit_node_virtual_node INSTEAD OF INSERT OR DELETE OR UPDATE ON ve_node_virtual_node FOR EACH ROW EXECUTE FUNCTION gw_trg_edit_node('VIRTUAL_NODE');

DROP TRIGGER IF EXISTS gw_trg_edit_node_weir ON ve_node_weir;
CREATE TRIGGER gw_trg_edit_node_weir INSTEAD OF INSERT OR DELETE OR UPDATE ON ve_node_weir FOR EACH ROW EXECUTE FUNCTION gw_trg_edit_node('WEIR');

DROP TRIGGER IF EXISTS gw_trg_edit_node_wwtp ON ve_node_wwtp;
CREATE TRIGGER gw_trg_edit_node_wwtp INSTEAD OF INSERT OR DELETE OR UPDATE ON ve_node_wwtp FOR EACH ROW EXECUTE FUNCTION gw_trg_edit_node('WWTP');


-- sys_table
INSERT INTO sys_table VALUES ('ve_connec_connec', 'Custom editable view for CONNEC', 'role_edit', 0, '{"level_1":"INVENTORY","level_2":"NETWORK","level_3":"CONNEC"}', NULL, 'Connec', NULL, NULL, NULL, NULL, NULL, NULL);
INSERT INTO sys_table VALUES ('ve_connec_vconnec', 'Custom editable view for VCONNEC', 'role_edit', 0, '{"level_1":"INVENTORY","level_2":"NETWORK","level_3":"CONNEC"}', NULL, 'VConnec', NULL, NULL, NULL, NULL, NULL, NULL);
INSERT INTO sys_table VALUES ('ve_node_chamber', 'Custom editable view for CHAMBER', 'role_edit', 0, '{"level_1":"INVENTORY","level_2":"NETWORK","level_3":"NODE"}', NULL, 'Chamber', NULL, NULL, NULL, NULL, NULL, NULL);
INSERT INTO sys_table VALUES ('ve_node_change', 'Custom editable view for CHANGE', 'role_edit', 0, '{"level_1":"INVENTORY","level_2":"NETWORK","level_3":"NODE"}', NULL, 'Change', NULL, NULL, NULL, NULL, NULL, NULL);
INSERT INTO sys_table VALUES ('ve_node_circ_manhole', 'Custom editable view for CIRC_MANHOLE', 'role_edit', 0, '{"level_1":"INVENTORY","level_2":"NETWORK","level_3":"NODE"}', NULL, 'Circ_Manhole', NULL, NULL, NULL, NULL, NULL, NULL);
INSERT INTO sys_table VALUES ('ve_arc_conduit', 'Custom editable view for CONDUIT', 'role_edit', 0, '{"level_1":"INVENTORY","level_2":"NETWORK","level_3":"ARC"}', NULL, 'Conduit', NULL, NULL, NULL, NULL, NULL, NULL);
INSERT INTO sys_table VALUES ('ve_gully_gully', 'Custom editable view for GULLY', 'role_edit', 0, '{"level_1":"INVENTORY","level_2":"NETWORK","level_3":"GULLY"}', NULL, 'Gully child', NULL, NULL, NULL, NULL, NULL, NULL);
INSERT INTO sys_table VALUES ('ve_node_highpoint', 'Custom editable view for HIGHPOINT', 'role_edit', 0, '{"level_1":"INVENTORY","level_2":"NETWORK","level_3":"NODE"}', NULL, 'Highpoint', NULL, NULL, NULL, NULL, NULL, NULL);
INSERT INTO sys_table VALUES ('ve_node_jump', 'Custom editable view for JUMP', 'role_edit', 0, '{"level_1":"INVENTORY","level_2":"NETWORK","level_3":"NODE"}', NULL, 'Jump', NULL, NULL, NULL, NULL, NULL, NULL);
INSERT INTO sys_table VALUES ('ve_node_junction', 'Custom editable view for JUNCTION', 'role_edit', 0, '{"level_1":"INVENTORY","level_2":"NETWORK","level_3":"NODE"}', NULL, 'Junction', NULL, NULL, NULL, NULL, NULL, NULL);
INSERT INTO sys_table VALUES ('ve_node_netelement', 'Custom editable view for NETELEMENT', 'role_edit', 0, '{"level_1":"INVENTORY","level_2":"NETWORK","level_3":"NODE"}', NULL, 'Netelement', NULL, NULL, NULL, NULL, NULL, NULL);
INSERT INTO sys_table VALUES ('ve_node_netgully', 'Custom editable view for NETGULLY', 'role_edit', 0, '{"level_1":"INVENTORY","level_2":"NETWORK","level_3":"NODE"}', NULL, 'Netgully', NULL, NULL, NULL, NULL, NULL, NULL);
INSERT INTO sys_table VALUES ('ve_node_netinit', 'Custom editable view for NETINIT', 'role_edit', 0, '{"level_1":"INVENTORY","level_2":"NETWORK","level_3":"NODE"}', NULL, 'Netinit', NULL, NULL, NULL, NULL, NULL, NULL);
INSERT INTO sys_table VALUES ('ve_node_outfall', 'Custom editable view for OUTFALL', 'role_edit', 0, '{"level_1":"INVENTORY","level_2":"NETWORK","level_3":"NODE"}', NULL, 'Outfall', NULL, NULL, NULL, NULL, NULL, NULL);
INSERT INTO sys_table VALUES ('ve_node_owerflow_storage', 'Custom editable view for OWERFLOW_STORAGE', 'role_edit', 0, '{"level_1":"INVENTORY","level_2":"NETWORK","level_3":"NODE"}', NULL, 'Owerflow_Storage', NULL, NULL, NULL, NULL, NULL, NULL);
INSERT INTO sys_table VALUES ('ve_gully_pgully', 'Custom editable view for PGULLY', 'role_edit', 0, '{"level_1":"INVENTORY","level_2":"NETWORK","level_3":"GULLY"}', NULL, 'Pgully', NULL, NULL, NULL, NULL, NULL, NULL);
INSERT INTO sys_table VALUES ('ve_arc_pump_pipe', 'Custom editable view for PUMP_PIPE', 'role_edit', 0, '{"level_1":"INVENTORY","level_2":"NETWORK","level_3":"ARC"}', NULL, 'Pump_Pipe', NULL, NULL, NULL, NULL, NULL, NULL);
INSERT INTO sys_table VALUES ('ve_node_pump_station', 'Custom editable view for PUMP_STATION', 'role_edit', 0, '{"level_1":"INVENTORY","level_2":"NETWORK","level_3":"NODE"}', NULL, 'Pump_Station', NULL, NULL, NULL, NULL, NULL, NULL);
INSERT INTO sys_table VALUES ('ve_node_rect_manhole', 'Custom editable view for RECT_MANHOLE', 'role_edit', 0, '{"level_1":"INVENTORY","level_2":"NETWORK","level_3":"NODE"}', NULL, 'Rect_Manhole', NULL, NULL, NULL, NULL, NULL, NULL);
INSERT INTO sys_table VALUES ('ve_node_register', 'Custom editable view for REGISTER', 'role_edit', 0, '{"level_1":"INVENTORY","level_2":"NETWORK","level_3":"NODE"}', NULL, 'Register', NULL, NULL, NULL, NULL, NULL, NULL);
INSERT INTO sys_table VALUES ('ve_node_sandbox', 'Custom editable view for SANDBOX', 'role_edit', 0, '{"level_1":"INVENTORY","level_2":"NETWORK","level_3":"NODE"}', NULL, 'Sandbox', NULL, NULL, NULL, NULL, NULL, NULL);
INSERT INTO sys_table VALUES ('ve_node_sewer_storage', 'Custom editable view for SEWER_STORAGE', 'role_edit', 0, '{"level_1":"INVENTORY","level_2":"NETWORK","level_3":"NODE"}', NULL, 'Sewer_Storage', NULL, NULL, NULL, NULL, NULL, NULL);
INSERT INTO sys_table VALUES ('ve_arc_siphon', 'Custom editable view for SIPHON', 'role_edit', 0, '{"level_1":"INVENTORY","level_2":"NETWORK","level_3":"ARC"}', NULL, 'Siphon', NULL, NULL, NULL, NULL, NULL, NULL);
INSERT INTO sys_table VALUES ('ve_node_valve', 'Custom editable view for VALVE', 'role_edit', 0, '{"level_1":"INVENTORY","level_2":"NETWORK","level_3":"NODE"}', NULL, 'Valve', NULL, NULL, NULL, NULL, NULL, NULL);
INSERT INTO sys_table VALUES ('ve_arc_varc', 'Custom editable view for VARC', 'role_edit', 0, '{"level_1":"INVENTORY","level_2":"NETWORK","level_3":"ARC"}', NULL, 'Varc', NULL, NULL, NULL, NULL, NULL, NULL);
INSERT INTO sys_table VALUES ('ve_gully_vgully', 'Custom editable view for VGULLY', 'role_edit', 0, '{"level_1":"INVENTORY","level_2":"NETWORK","level_3":"GULLY"}', NULL, 'Vgully', NULL, NULL, NULL, NULL, NULL, NULL);
INSERT INTO sys_table VALUES ('ve_node_virtual_node', 'Custom editable view for VIRTUAL_NODE', 'role_edit', 0, '{"level_1":"INVENTORY","level_2":"NETWORK","level_3":"NODE"}', NULL, 'Virtual_Node', NULL, NULL, NULL, NULL, NULL, NULL);
INSERT INTO sys_table VALUES ('ve_arc_waccel', 'Custom editable view for WACCEL', 'role_edit', 0, '{"level_1":"INVENTORY","level_2":"NETWORK","level_3":"ARC"}', NULL, 'Waccel', NULL, NULL, NULL, NULL, NULL, NULL);
INSERT INTO sys_table VALUES ('ve_node_weir', 'Custom editable view for WEIR', 'role_edit', 0, '{"level_1":"INVENTORY","level_2":"NETWORK","level_3":"NODE"}', NULL, 'Weir', NULL, NULL, NULL, NULL, NULL, NULL);
INSERT INTO sys_table VALUES ('ve_node_wwtp', 'Custom editable view for WWTP', 'role_edit', 0, '{"level_1":"INVENTORY","level_2":"NETWORK","level_3":"NODE"}', NULL, 'Wwtp', NULL, NULL, NULL, NULL, NULL, NULL);
