/*
This file is part of Giswater 2.0
The program is free software: you can redistribute it and/or modify it under the terms of the GNU General Public License as published by the Free Software Foundation, either version 3 of the License, or (at your option) any later version.
This version of Giswater is provided by Giswater Association
*/


INSERT INTO SCHEMA_NAME.sector VALUES ('sector_01', 'sector_project_ud', '0106000020E76400000100000001030000000100000053000000F260BC2365901941A4667AD58C75514113E36F696590194146223B108F75514192F4D9C569901941EA9EB23697755141A7635D7E6E901941F096C7649D7551413E3A67D074901941E66A3822A1755141F8835349829019411B408CE5A375514191181E679990194105FAE7ACA67551416E11C055A79019411ADE45CFA7755141623B6DEDE39019411E6D9E0BAB755141AEF82EB605911941B8128B50AC755141E9DACB7832911941EC52A071AD755141CD1C1AAF5B911941186B5700AE7551417758F07C68911941A40B5740AE755141F3D2CEF5709119413C248C56AF75514199496689BE9119411BC1D1B7B27551415EA607FCEE911941B455093CB075514113EB0728FD911941E123C30DAF755141413B0BD71B9219419A81B3B8AB755141CA7549E43392194169315030A9755141B5BE46E8AD921941115C602EA475514174517EC7BD9219414640F37EA37551413252FCBE16941941AC9DABDF94755141C78F577EA29419415AE606D58E755141FCEF873869951941DBF9848086755141114DD84014971941AECC76AE9B755141D925BEF5699719412AD212C89575514189511551F7951941687B6FCC8375514180418E5E1E9719410DB4455077755141BECAECA74B9719411BE8BBD475755141B5A622DE9F971941F38760E471755141B2D286421C981941A78541066B755141A5999229A598194198F9CAAD637551412D135FBE78991941097EB71258755141C3900FF7C0991941BBC29E2D54755141943954CDE6991941D8A9395152755141ED883F53229A1941B1855AE44F7551415CC1D2A0A69A1941BF0A1D5F4A75514147EEA939219B194120A15B7E457551412C3A024B009C1941AC5277C43C7551413F1A4348C69C1941A59375D23475514153A172111C9D1941017BF4453175514157C4FCAFD09C1941F144F8C729755141E0F4D551269C19418EBDCB1931755141A6A3A7874C9B1941B49860F339755141B7346A7D2F9B1941799E0F533A7551413D107B81139B1941F5B4F1B539755141377F18D1989A1941BEE9A2FD32755141F999F5F96A9A194180BE95783075514164903A95B799194170541B8E2675514130650477C19819413352401319755141922284EF22981941B8B9FE5C107551419CE08C75EF9719418BD2A17A0D75514106736A86EC96194154B7DF4BFF745141ED0F9892B8961941A4944D6BFC745141B2AE38BB19961941A169C8B9F374514147E5B82CD495194134955D5AEF745141CBC22EC1BC951941527A9105EF745141D6D7D6B2959519417289B548EF74514194A5AEAB7C9519411F1BD5F5EF745141027A5E7266951941D18BC53DF1745141BEEC10BC4995194190769F9CF074514150E3EB2BD9941941401BACC8F97451415C5A0852729419413182684F027551414DE707A582941941A522E7D903755141DCE1D4EF6B94194131C106B705755141D8319504EC931941F8E70F1D10755141F1E448C7A1931941A4154AA615755141BB5A404474931941CA065A7B17755141D1BA81A24E9319415BFD9E7E19755141960B789E0B9319417276D03B1C75514126BEE9ADDA921941B77B03941F75514156B34008D6911941D5BF0E472A755141AD598392B49119410189555D2B7551410BAB6459B6901941B3C112DE35755141517295B4749019416032C5783875514169EECA68629019410ED27338387551419CDDD08E46901941FD3EF8F03C755141EB4E0D394A9019411149B107457551413374D99850901941912A11325775514104E9248D589019411BA70AE6697551414CF9E15E62901941DE719AF5847551411A96283C6390194160FE50E987755141F260BC2365901941A4667AD58C755141');



INSERT INTO SCHEMA_NAME.dma VALUES ('dma_01', 'sector_01', NULL, NULL, '0106000020E76400000100000001030000000100000054000000F260BC2365901941A4667AD58C75514113E36F696590194146223B108F75514192F4D9C569901941EA9EB23697755141A7635D7E6E901941F096C7649D7551413E3A67D074901941E66A3822A1755141F8835349829019411B408CE5A375514191181E679990194105FAE7ACA67551416E11C055A79019411ADE45CFA7755141623B6DEDE39019411E6D9E0BAB755141AEF82EB605911941B8128B50AC755141E9DACB7832911941EC52A071AD755141CD1C1AAF5B911941186B5700AE7551417758F07C68911941A40B5740AE755141F3D2CEF5709119413C248C56AF75514199496689BE9119411BC1D1B7B27551415EA607FCEE911941B455093CB075514113EB0728FD911941E123C30DAF755141413B0BD71B9219419A81B3B8AB755141CA7549E43392194169315030A9755141B5BE46E8AD921941115C602EA475514174517EC7BD9219414640F37EA37551413252FCBE16941941AC9DABDF94755141C78F577EA29419415AE606D58E755141FCEF873869951941DBF9848086755141114DD84014971941AECC76AE9B755141D925BEF5699719412AD212C89575514189511551F7951941687B6FCC8375514180418E5E1E9719410DB4455077755141BECAECA74B9719411BE8BBD475755141B5A622DE9F971941F38760E471755141B2D286421C981941A78541066B755141A5999229A598194198F9CAAD637551412D135FBE78991941097EB71258755141C3900FF7C0991941BBC29E2D54755141943954CDE6991941D8A9395152755141ED883F53229A1941B1855AE44F7551415CC1D2A0A69A1941BF0A1D5F4A75514142C8DF236B9B1941E4C16799427551412C3A024B009C1941AC5277C43C7551413F1A4348C69C1941A59375D23475514153A172111C9D1941017BF4453175514157C4FCAFD09C1941F144F8C729755141E0F4D551269C19418EBDCB1931755141EAE67282AE9B1941FBE7A8EA35755141A6A3A7874C9B1941B49860F339755141B7346A7D2F9B1941799E0F533A7551413D107B81139B1941F5B4F1B539755141377F18D1989A1941BEE9A2FD32755141F999F5F96A9A194180BE95783075514164903A95B799194170541B8E2675514130650477C19819413352401319755141922284EF22981941B8B9FE5C107551419CE08C75EF9719418BD2A17A0D75514106736A86EC96194154B7DF4BFF745141ED0F9892B8961941A4944D6BFC745141B2AE38BB19961941A169C8B9F374514147E5B82CD495194134955D5AEF745141CBC22EC1BC951941527A9105EF745141D6D7D6B2959519417289B548EF74514194A5AEAB7C9519411F1BD5F5EF745141027A5E7266951941D18BC53DF1745141BEEC10BC4995194190769F9CF074514150E3EB2BD9941941401BACC8F97451415C5A0852729419413182684F027551414DE707A582941941A522E7D903755141DCE1D4EF6B94194131C106B705755141D8319504EC931941F8E70F1D10755141F1E448C7A1931941A4154AA615755141BB5A404474931941CA065A7B17755141D1BA81A24E9319415BFD9E7E19755141960B789E0B9319417276D03B1C75514126BEE9ADDA921941B77B03941F75514156B34008D6911941D5BF0E472A755141AD598392B49119410189555D2B7551410BAB6459B6901941B3C112DE35755141517295B4749019416032C5783875514169EECA68629019410ED27338387551419CDDD08E46901941FD3EF8F03C755141EB4E0D394A9019411149B107457551413374D99850901941912A11325775514104E9248D589019411BA70AE6697551414CF9E15E62901941DE719AF5847551411A96283C6390194160FE50E987755141F260BC2365901941A4667AD58C755141');



INSERT INTO SCHEMA_NAME.node VALUES ('N85', 45.6700, 1.6800, 43.9900, 'RECT_MANHOLE', 'R_MANHOLE-BR100', 'JUNCTION', 'sector_01', 'ON_SERVICE', NULL, NULL, NULL, 'dma_01', 'SOIL NO DATA', 'NO CATEGORY DATA', 'NO FLUID DATA', 'NO LOCATION DATA', 'WORK NO DATA', 'BUILDER NO DATA', NULL, 'OWNER NO DATA', NULL, NULL, NULL, NULL, false, NULL, NULL, NULL, 'TO REVIEW', '0101000020E7640000448B6CE772941941F6285C5F42755141');
INSERT INTO SCHEMA_NAME.node VALUES ('N238', 19.2000, 4.7500, 14.4500, 'SEWER STORAGE', 'SEW_STORAGE-01', 'STORAGE', 'sector_01', 'ON_SERVICE', NULL, NULL, NULL, 'dma_01', 'SOIL NO DATA', 'NO CATEGORY DATA', 'NO FLUID DATA', 'NO LOCATION DATA', 'WORK NO DATA', 'BUILDER NO DATA', NULL, 'OWNER NO DATA', NULL, NULL, NULL, NULL, false, NULL, NULL, NULL, 'TO REVIEW', '0101000020E7640000F28216DC8F9C194148D4A19F34755141');
INSERT INTO SCHEMA_NAME.node VALUES ('N48', 58.7100, 2.6000, 56.1100, 'CIRC_MANHOLE', 'C_MANHOLE-CON80', 'JUNCTION', 'sector_01', 'ON_SERVICE', NULL, NULL, NULL, 'dma_01', 'SOIL NO DATA', 'NO CATEGORY DATA', 'NO FLUID DATA', 'NO LOCATION DATA', 'WORK NO DATA', 'BUILDER NO DATA', NULL, 'OWNER NO DATA', NULL, NULL, NULL, NULL, false, NULL, NULL, NULL, 'TO REVIEW', '0101000020E76400006891ED7C74901941713D0A974F755141');
INSERT INTO SCHEMA_NAME.node VALUES ('N49', 57.7600, 1.1100, 56.6500, 'CIRC_MANHOLE', 'C_MANHOLE-CON80', 'JUNCTION', 'sector_01', 'ON_SERVICE', NULL, NULL, NULL, 'dma_01', 'SOIL NO DATA', 'NO CATEGORY DATA', 'NO FLUID DATA', 'NO LOCATION DATA', 'WORK NO DATA', 'BUILDER NO DATA', NULL, 'OWNER NO DATA', NULL, NULL, NULL, NULL, false, NULL, NULL, NULL, 'TO REVIEW', '0101000020E7640000295C8FC26F90194185EB519845755141');
INSERT INTO SCHEMA_NAME.node VALUES ('N29', 61.0300, 2.9100, 58.1200, 'CIRC_MANHOLE', 'C_MANHOLE-CON80', 'JUNCTION', 'sector_01', 'ON_SERVICE', NULL, NULL, NULL, 'dma_01', 'SOIL NO DATA', 'NO CATEGORY DATA', 'NO FLUID DATA', 'NO LOCATION DATA', 'WORK NO DATA', 'BUILDER NO DATA', NULL, 'OWNER NO DATA', NULL, NULL, NULL, NULL, false, NULL, NULL, NULL, 'TO REVIEW', '0101000020E764000023DBF9FEC49019415C8FC215A7755141');
INSERT INTO SCHEMA_NAME.node VALUES ('N30', 59.8100, 2.2100, 57.6000, 'CIRC_MANHOLE', 'C_MANHOLE-CON80', 'JUNCTION', 'sector_01', 'ON_SERVICE', NULL, NULL, NULL, 'dma_01', 'SOIL NO DATA', 'NO CATEGORY DATA', 'NO FLUID DATA', 'NO LOCATION DATA', 'WORK NO DATA', 'BUILDER NO DATA', NULL, 'OWNER NO DATA', NULL, NULL, NULL, NULL, false, NULL, NULL, NULL, 'TO REVIEW', '0101000020E764000004560EAD919019415C8FC28595755141');
INSERT INTO SCHEMA_NAME.node VALUES ('N237', 19.7500, 3.0000, 16.7500, 'RECT_MANHOLE', 'R_MANHOLE-CON200', 'JUNCTION', 'sector_01', 'ON_SERVICE', NULL, NULL, NULL, 'dma_01', 'SOIL NO DATA', 'NO CATEGORY DATA', 'NO FLUID DATA', 'NO LOCATION DATA', 'WORK NO DATA', 'BUILDER NO DATA', NULL, 'OWNER NO DATA', NULL, NULL, NULL, NULL, false, NULL, NULL, NULL, 'TO REVIEW', '0101000020E764000040CF5EE0369C1941973AF72833755141');
INSERT INTO SCHEMA_NAME.node VALUES ('N116', 49.2800, 2.1100, 47.1700, 'CIRC_MANHOLE', 'C_MANHOLE-CON100', 'JUNCTION', 'sector_01', 'ON_SERVICE', NULL, NULL, NULL, 'dma_01', 'SOIL NO DATA', 'NO CATEGORY DATA', 'NO FLUID DATA', 'NO LOCATION DATA', 'WORK NO DATA', 'BUILDER NO DATA', NULL, 'OWNER NO DATA', NULL, NULL, NULL, NULL, false, NULL, NULL, NULL, 'TO REVIEW', '0101000020E7640000BE9F1AAF5D9419419A9999C98E755141');
INSERT INTO SCHEMA_NAME.node VALUES ('N31', 58.0600, 2.2000, 55.8600, 'CIRC_MANHOLE', 'C_MANHOLE-CON80', 'JUNCTION', 'sector_01', 'ON_SERVICE', NULL, NULL, NULL, 'dma_01', 'SOIL NO DATA', 'NO CATEGORY DATA', 'NO FLUID DATA', 'NO LOCATION DATA', 'WORK NO DATA', 'BUILDER NO DATA', NULL, 'OWNER NO DATA', NULL, NULL, NULL, NULL, false, NULL, NULL, NULL, 'TO REVIEW', '0101000020E7640000CBA145B68D901941A4703D8A8B755141');
INSERT INTO SCHEMA_NAME.node VALUES ('N107', 30.2700, 1.6500, 28.6200, 'RECT_MANHOLE', 'R_MANHOLE-CON100', 'JUNCTION', 'sector_01', 'ON_SERVICE', NULL, NULL, NULL, 'dma_01', 'SOIL NO DATA', 'NO CATEGORY DATA', 'NO FLUID DATA', 'NO LOCATION DATA', 'WORK NO DATA', 'BUILDER NO DATA', NULL, 'OWNER NO DATA', NULL, NULL, NULL, NULL, false, NULL, NULL, NULL, 'TO REVIEW', '0101000020E76400009EEFA74690981941AE47E1DA42755141');
INSERT INTO SCHEMA_NAME.node VALUES ('N117', 46.5900, 2.0000, 44.5900, 'CIRC_MANHOLE', 'C_MANHOLE-CON100', 'JUNCTION', 'sector_01', 'ON_SERVICE', NULL, NULL, NULL, 'dma_01', 'SOIL NO DATA', 'NO CATEGORY DATA', 'NO FLUID DATA', 'NO LOCATION DATA', 'WORK NO DATA', 'BUILDER NO DATA', NULL, 'OWNER NO DATA', NULL, NULL, NULL, NULL, false, NULL, NULL, NULL, 'TO REVIEW', '0101000020E7640000E5D022DBE2941941EC51B83E89755141');
INSERT INTO SCHEMA_NAME.node VALUES ('N58', 50.6800, 1.8600, 48.8200, 'CIRC_MANHOLE', 'C_MANHOLE-CON100', 'JUNCTION', 'sector_01', 'ON_SERVICE', NULL, NULL, NULL, 'dma_01', 'SOIL NO DATA', 'NO CATEGORY DATA', 'NO FLUID DATA', 'NO LOCATION DATA', 'WORK NO DATA', 'BUILDER NO DATA', NULL, 'OWNER NO DATA', NULL, NULL, NULL, NULL, false, NULL, NULL, NULL, 'TO REVIEW', '0101000020E7640000BE9F1A2F0293194148E17A0484755141');
INSERT INTO SCHEMA_NAME.node VALUES ('N59', 49.8000, 1.9000, 47.9000, 'CIRC_MANHOLE', 'C_MANHOLE-CON100', 'JUNCTION', 'sector_01', 'ON_SERVICE', NULL, NULL, NULL, 'dma_01', 'SOIL NO DATA', 'NO CATEGORY DATA', 'NO FLUID DATA', 'NO LOCATION DATA', 'WORK NO DATA', 'BUILDER NO DATA', NULL, 'OWNER NO DATA', NULL, NULL, NULL, NULL, false, NULL, NULL, NULL, 'TO REVIEW', '0101000020E76400009A9999998593194114AE471182755141');
INSERT INTO SCHEMA_NAME.node VALUES ('N60', 50.0600, 1.9000, 48.1600, 'CIRC_MANHOLE', 'C_MANHOLE-CON100', 'JUNCTION', 'sector_01', 'ON_SERVICE', NULL, NULL, NULL, 'dma_01', 'SOIL NO DATA', 'NO CATEGORY DATA', 'NO FLUID DATA', 'NO LOCATION DATA', 'WORK NO DATA', 'BUILDER NO DATA', NULL, 'OWNER NO DATA', NULL, NULL, NULL, NULL, false, NULL, NULL, NULL, 'TO REVIEW', '0101000020E76400009A999999F19319415C8FC2958C755141');
INSERT INTO SCHEMA_NAME.node VALUES ('N61', 49.6200, 2.1000, 47.5200, 'CIRC_MANHOLE', 'C_MANHOLE-CON100', 'JUNCTION', 'sector_01', 'ON_SERVICE', NULL, NULL, NULL, 'dma_01', 'SOIL NO DATA', 'NO CATEGORY DATA', 'NO FLUID DATA', 'NO LOCATION DATA', 'WORK NO DATA', 'BUILDER NO DATA', NULL, 'OWNER NO DATA', NULL, NULL, NULL, NULL, false, NULL, NULL, NULL, 'TO REVIEW', '0101000020E76400004C3789C16693194114AE474178755141');
INSERT INTO SCHEMA_NAME.node VALUES ('N62', 47.6400, 1.8400, 45.8000, 'CIRC_MANHOLE', 'C_MANHOLE-CON100', 'JUNCTION', 'sector_01', 'ON_SERVICE', NULL, NULL, NULL, 'dma_01', 'SOIL NO DATA', 'NO CATEGORY DATA', 'NO FLUID DATA', 'NO LOCATION DATA', 'WORK NO DATA', 'BUILDER NO DATA', NULL, 'OWNER NO DATA', NULL, NULL, NULL, NULL, false, NULL, NULL, NULL, 'TO REVIEW', '0101000020E764000021B072E84793194114AE47716E755141');
INSERT INTO SCHEMA_NAME.node VALUES ('N63', 45.0000, 1.8500, 43.1500, 'CIRC_MANHOLE', 'C_MANHOLE-CON100', 'JUNCTION', 'sector_01', 'ON_SERVICE', NULL, NULL, NULL, 'dma_01', 'SOIL NO DATA', 'NO CATEGORY DATA', 'NO FLUID DATA', 'NO LOCATION DATA', 'WORK NO DATA', 'BUILDER NO DATA', NULL, 'OWNER NO DATA', NULL, NULL, NULL, NULL, false, NULL, NULL, NULL, 'TO REVIEW', '0101000020E7640000736891EDB39319413333334363755141');
INSERT INTO SCHEMA_NAME.node VALUES ('N64', 43.7400, 1.8000, 41.9400, 'CIRC_MANHOLE', 'C_MANHOLE-CON100', 'JUNCTION', 'sector_01', 'ON_SERVICE', NULL, NULL, NULL, 'dma_01', 'SOIL NO DATA', 'NO CATEGORY DATA', 'NO FLUID DATA', 'NO LOCATION DATA', 'WORK NO DATA', 'BUILDER NO DATA', NULL, 'OWNER NO DATA', NULL, NULL, NULL, NULL, false, NULL, NULL, NULL, 'TO REVIEW', '0101000020E764000060E5D0223D941941A4703D8A61755141');
INSERT INTO SCHEMA_NAME.node VALUES ('N33', 55.1800, 2.0700, 53.1100, 'CIRC_MANHOLE', 'C_MANHOLE-CON100', 'JUNCTION', 'sector_01', 'ON_SERVICE', NULL, NULL, NULL, 'dma_01', 'SOIL NO DATA', 'NO CATEGORY DATA', 'NO FLUID DATA', 'NO LOCATION DATA', 'WORK NO DATA', 'BUILDER NO DATA', NULL, 'OWNER NO DATA', NULL, NULL, NULL, NULL, false, NULL, NULL, NULL, 'TO REVIEW', '0101000020E7640000C1CAA145869019410000009077755141');
INSERT INTO SCHEMA_NAME.node VALUES ('N34', 54.7500, 2.2000, 52.5500, 'CIRC_MANHOLE', 'C_MANHOLE-CON100', 'JUNCTION', 'sector_01', 'ON_SERVICE', NULL, NULL, NULL, 'dma_01', 'SOIL NO DATA', 'NO CATEGORY DATA', 'NO FLUID DATA', 'NO LOCATION DATA', 'WORK NO DATA', 'BUILDER NO DATA', NULL, 'OWNER NO DATA', NULL, NULL, NULL, NULL, false, NULL, NULL, NULL, 'TO REVIEW', '0101000020E7640000273108AC829019413D0AD7936D755141');
INSERT INTO SCHEMA_NAME.node VALUES ('N46', 54.6400, 1.6600, 52.9800, 'CIRC_MANHOLE', 'C_MANHOLE-CON100', 'JUNCTION', 'sector_01', 'ON_SERVICE', NULL, NULL, NULL, 'dma_01', 'SOIL NO DATA', 'NO CATEGORY DATA', 'NO FLUID DATA', 'NO LOCATION DATA', 'WORK NO DATA', 'BUILDER NO DATA', NULL, 'OWNER NO DATA', NULL, NULL, NULL, NULL, false, NULL, NULL, NULL, 'TO REVIEW', '0101000020E7640000E7FBA9F17D90194152B81E9563755141');
INSERT INTO SCHEMA_NAME.node VALUES ('N47', 57.7900, 2.0700, 55.7200, 'CIRC_MANHOLE', 'C_MANHOLE-CON100', 'JUNCTION', 'sector_01', 'ON_SERVICE', NULL, NULL, NULL, 'dma_01', 'SOIL NO DATA', 'NO CATEGORY DATA', 'NO FLUID DATA', 'NO LOCATION DATA', 'WORK NO DATA', 'BUILDER NO DATA', NULL, 'OWNER NO DATA', NULL, NULL, NULL, NULL, false, NULL, NULL, NULL, 'TO REVIEW', '0101000020E7640000A8C64B37799019416666669659755141');
INSERT INTO SCHEMA_NAME.node VALUES ('N50', 58.1900, 2.5600, 55.6300, 'CIRC_MANHOLE', 'C_MANHOLE-CON100', 'JUNCTION', 'sector_01', 'ON_SERVICE', NULL, NULL, NULL, 'dma_01', 'SOIL NO DATA', 'NO CATEGORY DATA', 'NO FLUID DATA', 'NO LOCATION DATA', 'WORK NO DATA', 'BUILDER NO DATA', NULL, 'OWNER NO DATA', NULL, NULL, NULL, NULL, false, NULL, NULL, NULL, 'TO REVIEW', '0101000020E76400001F85EBD191901941333333533A755141');
INSERT INTO SCHEMA_NAME.node VALUES ('N51', 52.9000, 2.0800, 50.8200, 'CIRC_MANHOLE', 'C_MANHOLE-CON100', 'JUNCTION', 'sector_01', 'ON_SERVICE', NULL, NULL, NULL, 'dma_01', 'SOIL NO DATA', 'NO CATEGORY DATA', 'NO FLUID DATA', 'NO LOCATION DATA', 'WORK NO DATA', 'BUILDER NO DATA', NULL, 'OWNER NO DATA', NULL, NULL, NULL, NULL, false, NULL, NULL, NULL, 'TO REVIEW', '0101000020E7640000666666E633911941C3F5289C6B755141');
INSERT INTO SCHEMA_NAME.node VALUES ('N53', 55.8700, 2.0700, 53.8000, 'CIRC_MANHOLE', 'C_MANHOLE-CON100', 'JUNCTION', 'sector_01', 'ON_SERVICE', NULL, NULL, NULL, 'dma_01', 'SOIL NO DATA', 'NO CATEGORY DATA', 'NO FLUID DATA', 'NO LOCATION DATA', 'WORK NO DATA', 'BUILDER NO DATA', NULL, 'OWNER NO DATA', NULL, NULL, NULL, NULL, false, NULL, NULL, NULL, 'TO REVIEW', '0101000020E764000021B072682B91194185EB51D889755141');
INSERT INTO SCHEMA_NAME.node VALUES ('N65', 55.3100, 2.2400, 53.0700, 'CIRC_MANHOLE', 'C_MANHOLE-CON100', 'JUNCTION', 'sector_01', 'ON_SERVICE', NULL, NULL, NULL, 'dma_01', 'SOIL NO DATA', 'NO CATEGORY DATA', 'NO FLUID DATA', 'NO LOCATION DATA', 'WORK NO DATA', 'BUILDER NO DATA', NULL, 'OWNER NO DATA', NULL, NULL, NULL, NULL, false, NULL, NULL, NULL, 'TO REVIEW', '0101000020E7640000C74B3789179119415C8FC2D534755141');
INSERT INTO SCHEMA_NAME.node VALUES ('N66', 53.2200, 2.2300, 50.9900, 'CIRC_MANHOLE', 'C_MANHOLE-CON100', 'JUNCTION', 'sector_01', 'ON_SERVICE', NULL, NULL, NULL, 'dma_01', 'SOIL NO DATA', 'NO CATEGORY DATA', 'NO FLUID DATA', 'NO LOCATION DATA', 'WORK NO DATA', 'BUILDER NO DATA', NULL, 'OWNER NO DATA', NULL, NULL, NULL, NULL, false, NULL, NULL, NULL, 'TO REVIEW', '0101000020E76400004C3789419D9119417B14AE572F755141');
INSERT INTO SCHEMA_NAME.node VALUES ('N67', 53.3900, 2.0200, 51.3700, 'CIRC_MANHOLE', 'C_MANHOLE-CON100', 'JUNCTION', 'sector_01', 'ON_SERVICE', NULL, NULL, NULL, 'dma_01', 'SOIL NO DATA', 'NO CATEGORY DATA', 'NO FLUID DATA', 'NO LOCATION DATA', 'WORK NO DATA', 'BUILDER NO DATA', NULL, 'OWNER NO DATA', NULL, NULL, NULL, NULL, false, NULL, NULL, NULL, 'TO REVIEW', '0101000020E7640000643BDF4F1B9219411F85EB414E755141');
INSERT INTO SCHEMA_NAME.node VALUES ('N68', 51.2700, 1.8200, 49.4500, 'CIRC_MANHOLE', 'C_MANHOLE-CON100', 'JUNCTION', 'sector_01', 'ON_SERVICE', NULL, NULL, NULL, 'dma_01', 'SOIL NO DATA', 'NO CATEGORY DATA', 'NO FLUID DATA', 'NO LOCATION DATA', 'WORK NO DATA', 'BUILDER NO DATA', NULL, 'OWNER NO DATA', NULL, NULL, NULL, NULL, false, NULL, NULL, NULL, 'TO REVIEW', '0101000020E76400000C022B07C392194114AE477147755141');
INSERT INTO SCHEMA_NAME.node VALUES ('N69', 54.4600, 2.2800, 52.1800, 'CIRC_MANHOLE', 'C_MANHOLE-CON100', 'JUNCTION', 'sector_01', 'ON_SERVICE', NULL, NULL, NULL, 'dma_01', 'SOIL NO DATA', 'NO CATEGORY DATA', 'NO FLUID DATA', 'NO LOCATION DATA', 'WORK NO DATA', 'BUILDER NO DATA', NULL, 'OWNER NO DATA', NULL, NULL, NULL, NULL, false, NULL, NULL, NULL, 'TO REVIEW', '0101000020E7640000D34D6210759119413D0AD73355755141');
INSERT INTO SCHEMA_NAME.node VALUES ('N70', 54.9000, 2.2300, 52.6700, 'CIRC_MANHOLE', 'C_MANHOLE-CON100', 'JUNCTION', 'sector_01', 'ON_SERVICE', NULL, NULL, NULL, 'dma_01', 'SOIL NO DATA', 'NO CATEGORY DATA', 'NO FLUID DATA', 'NO LOCATION DATA', 'WORK NO DATA', 'BUILDER NO DATA', NULL, 'OWNER NO DATA', NULL, NULL, NULL, NULL, false, NULL, NULL, NULL, 'TO REVIEW', '0101000020E7640000A01A2FDDCE9019417B14AE275C755141');
INSERT INTO SCHEMA_NAME.node VALUES ('N73', 54.2600, 1.6000, 52.6600, 'CIRC_MANHOLE', 'C_MANHOLE-CON100', 'JUNCTION', 'sector_01', 'ON_SERVICE', NULL, NULL, NULL, 'dma_01', 'SOIL NO DATA', 'NO CATEGORY DATA', 'NO FLUID DATA', 'NO LOCATION DATA', 'WORK NO DATA', 'BUILDER NO DATA', NULL, 'OWNER NO DATA', NULL, NULL, NULL, NULL, false, NULL, NULL, NULL, 'TO REVIEW', '0101000020E7640000448B6C6758921941E17A14DE3C755141');
INSERT INTO SCHEMA_NAME.node VALUES ('N74', 53.9900, 1.1000, 52.8900, 'CIRC_MANHOLE', 'C_MANHOLE-CON100', 'JUNCTION', 'sector_01', 'ON_SERVICE', NULL, NULL, NULL, 'dma_01', 'SOIL NO DATA', 'NO CATEGORY DATA', 'NO FLUID DATA', 'NO LOCATION DATA', 'WORK NO DATA', 'BUILDER NO DATA', NULL, 'OWNER NO DATA', NULL, NULL, NULL, NULL, false, NULL, NULL, NULL, 'TO REVIEW', '0101000020E7640000D34D6210EA91194114AE477132755141');
INSERT INTO SCHEMA_NAME.node VALUES ('N83', 43.9200, 1.5500, 42.3700, 'RECT_MANHOLE', 'R_MANHOLE-BR100', 'JUNCTION', 'sector_01', 'ON_SERVICE', NULL, NULL, NULL, 'dma_01', 'SOIL NO DATA', 'NO CATEGORY DATA', 'NO FLUID DATA', 'NO LOCATION DATA', 'WORK NO DATA', 'BUILDER NO DATA', NULL, 'OWNER NO DATA', NULL, NULL, NULL, NULL, false, NULL, NULL, NULL, 'TO REVIEW', '0101000020E7640000B4C876BEB4941941666666F655755141');
INSERT INTO SCHEMA_NAME.node VALUES ('N81', 44.3900, 1.2000, 43.1900, 'RECT_MANHOLE', 'R_MANHOLE-BR100', 'JUNCTION', 'sector_01', 'ON_SERVICE', NULL, NULL, NULL, 'dma_01', 'SOIL NO DATA', 'NO CATEGORY DATA', 'NO FLUID DATA', 'NO LOCATION DATA', 'WORK NO DATA', 'BUILDER NO DATA', NULL, 'OWNER NO DATA', NULL, NULL, NULL, NULL, false, NULL, NULL, NULL, 'TO REVIEW', '0101000020E7640000C520B0F2D69419419A99996935755141');
INSERT INTO SCHEMA_NAME.node VALUES ('N56', 55.3000, 1.8700, 53.4300, 'CIRC_MANHOLE', 'C_MANHOLE-CON80', 'JUNCTION', 'sector_01', 'ON_SERVICE', NULL, NULL, NULL, 'dma_01', 'SOIL NO DATA', 'NO CATEGORY DATA', 'NO FLUID DATA', 'NO LOCATION DATA', 'WORK NO DATA', 'BUILDER NO DATA', NULL, 'OWNER NO DATA', NULL, NULL, NULL, NULL, false, NULL, NULL, NULL, 'TO REVIEW', '0101000020E7640000560E2DB28C92194114AE47019B755141');
INSERT INTO SCHEMA_NAME.node VALUES ('N108', 32.3500, 1.6000, 30.7500, 'RECT_MANHOLE', 'R_MANHOLE-CON100', 'JUNCTION', 'sector_01', 'ON_SERVICE', NULL, NULL, NULL, 'dma_01', 'SOIL NO DATA', 'NO CATEGORY DATA', 'NO FLUID DATA', 'NO LOCATION DATA', 'WORK NO DATA', 'BUILDER NO DATA', NULL, 'OWNER NO DATA', NULL, NULL, NULL, NULL, false, NULL, NULL, NULL, 'TO REVIEW', '0101000020E7640000BA490C82189819419A9999393C755141');
INSERT INTO SCHEMA_NAME.node VALUES ('N110', 36.2100, 1.5400, 34.6700, 'RECT_MANHOLE', 'R_MANHOLE-CON100', 'JUNCTION', 'sector_01', 'ON_SERVICE', NULL, NULL, NULL, 'dma_01', 'SOIL NO DATA', 'NO CATEGORY DATA', 'NO FLUID DATA', 'NO LOCATION DATA', 'WORK NO DATA', 'BUILDER NO DATA', NULL, 'OWNER NO DATA', NULL, NULL, NULL, NULL, false, NULL, NULL, NULL, 'TO REVIEW', '0101000020E7640000D9CEF7531897194114AE47412E755141');
INSERT INTO SCHEMA_NAME.node VALUES ('N233', 38.8900, 2.0500, 36.8400, 'RECT_MANHOLE', 'R_MANHOLE-CON100', 'JUNCTION', 'sector_01', 'ON_SERVICE', NULL, NULL, NULL, 'dma_01', 'SOIL NO DATA', 'NO CATEGORY DATA', 'NO FLUID DATA', 'NO LOCATION DATA', 'WORK NO DATA', 'BUILDER NO DATA', NULL, 'OWNER NO DATA', NULL, NULL, NULL, NULL, false, NULL, NULL, NULL, 'TO REVIEW', '0101000020E7640000E926318879961941713D0A072D755141');
INSERT INTO SCHEMA_NAME.node VALUES ('N126', 32.2800, 2.1200, 30.1600, 'CIRC_MANHOLE', 'C_MANHOLE-CON100', 'JUNCTION', 'sector_01', 'ON_SERVICE', NULL, NULL, NULL, 'dma_01', 'SOIL NO DATA', 'NO CATEGORY DATA', 'NO FLUID DATA', 'NO LOCATION DATA', 'WORK NO DATA', 'BUILDER NO DATA', NULL, 'OWNER NO DATA', NULL, NULL, NULL, NULL, false, NULL, NULL, NULL, 'TO REVIEW', '0101000020E7640000E3A59BC497971941666666A60E755141');
INSERT INTO SCHEMA_NAME.node VALUES ('N118', 44.5500, 2.0100, 42.5400, 'CIRC_MANHOLE', 'C_MANHOLE-CON100', 'JUNCTION', 'sector_01', 'ON_SERVICE', NULL, NULL, NULL, 'dma_01', 'SOIL NO DATA', 'NO CATEGORY DATA', 'NO FLUID DATA', 'NO LOCATION DATA', 'WORK NO DATA', 'BUILDER NO DATA', NULL, 'OWNER NO DATA', NULL, NULL, NULL, NULL, false, NULL, NULL, NULL, 'TO REVIEW', '0101000020E7640000E9263108689519413D0AD7B383755141');
INSERT INTO SCHEMA_NAME.node VALUES ('N119', 42.1700, 2.0200, 40.1500, 'CIRC_MANHOLE', 'C_MANHOLE-CON100', 'JUNCTION', 'sector_01', 'ON_SERVICE', NULL, NULL, NULL, 'dma_01', 'SOIL NO DATA', 'NO CATEGORY DATA', 'NO FLUID DATA', 'NO LOCATION DATA', 'WORK NO DATA', 'BUILDER NO DATA', NULL, 'OWNER NO DATA', NULL, NULL, NULL, NULL, false, NULL, NULL, NULL, 'TO REVIEW', '0101000020E764000010583934ED9519418FC2F5287E755141');
INSERT INTO SCHEMA_NAME.node VALUES ('N120', 39.5600, 1.8100, 37.7500, 'CIRC_MANHOLE', 'C_MANHOLE-CON100', 'JUNCTION', 'sector_01', 'ON_SERVICE', NULL, NULL, NULL, 'dma_01', 'SOIL NO DATA', 'NO CATEGORY DATA', 'NO FLUID DATA', 'NO LOCATION DATA', 'WORK NO DATA', 'BUILDER NO DATA', NULL, 'OWNER NO DATA', NULL, NULL, NULL, NULL, false, NULL, NULL, NULL, 'TO REVIEW', '0101000020E76400003789416072961941E17A149E78755141');
INSERT INTO SCHEMA_NAME.node VALUES ('N121', 36.8600, 1.8000, 35.0600, 'CIRC_MANHOLE', 'C_MANHOLE-CON100', 'JUNCTION', 'sector_01', 'ON_SERVICE', NULL, NULL, NULL, 'dma_01', 'SOIL NO DATA', 'NO CATEGORY DATA', 'NO FLUID DATA', 'NO LOCATION DATA', 'WORK NO DATA', 'BUILDER NO DATA', NULL, 'OWNER NO DATA', NULL, NULL, NULL, NULL, false, NULL, NULL, NULL, 'TO REVIEW', '0101000020E76400005EBA498CF79619413333331373755141');
INSERT INTO SCHEMA_NAME.node VALUES ('N127', 30.9700, 2.1500, 28.8200, 'CIRC_MANHOLE', 'C_MANHOLE-CON100', 'JUNCTION', 'sector_01', 'ON_SERVICE', NULL, NULL, NULL, 'dma_01', 'SOIL NO DATA', 'NO CATEGORY DATA', 'NO FLUID DATA', 'NO LOCATION DATA', 'WORK NO DATA', 'BUILDER NO DATA', NULL, 'OWNER NO DATA', NULL, NULL, NULL, NULL, false, NULL, NULL, NULL, 'TO REVIEW', '0101000020E7640000EE7C3F3510981941B81E853B15755141');
INSERT INTO SCHEMA_NAME.node VALUES ('N128', 29.7000, 2.0000, 27.7000, 'CIRC_MANHOLE', 'C_MANHOLE-CON100', 'JUNCTION', 'sector_01', 'ON_SERVICE', NULL, NULL, NULL, 'dma_01', 'SOIL NO DATA', 'NO CATEGORY DATA', 'NO FLUID DATA', 'NO LOCATION DATA', 'WORK NO DATA', 'BUILDER NO DATA', NULL, 'OWNER NO DATA', NULL, NULL, NULL, NULL, false, NULL, NULL, NULL, 'TO REVIEW', '0101000020E764000046B6F3FD87981941CDCCCCDC1B755141');
INSERT INTO SCHEMA_NAME.node VALUES ('N129', 27.8900, 2.0000, 25.8900, 'CIRC_MANHOLE', 'C_MANHOLE-CON100', 'JUNCTION', 'sector_01', 'ON_SERVICE', NULL, NULL, NULL, 'dma_01', 'SOIL NO DATA', 'NO CATEGORY DATA', 'NO FLUID DATA', 'NO LOCATION DATA', 'WORK NO DATA', 'BUILDER NO DATA', NULL, 'OWNER NO DATA', NULL, NULL, NULL, NULL, false, NULL, NULL, NULL, 'TO REVIEW', '0101000020E7640000FA7E6ABCFF981941EC51B87E22755141');
INSERT INTO SCHEMA_NAME.node VALUES ('N130', 25.9800, 2.0200, 23.9600, 'CIRC_MANHOLE', 'C_MANHOLE-CON100', 'JUNCTION', 'sector_01', 'ON_SERVICE', NULL, NULL, NULL, 'dma_01', 'SOIL NO DATA', 'NO CATEGORY DATA', 'NO FLUID DATA', 'NO LOCATION DATA', 'WORK NO DATA', 'BUILDER NO DATA', NULL, 'OWNER NO DATA', NULL, NULL, NULL, NULL, false, NULL, NULL, NULL, 'TO REVIEW', '0101000020E764000033333333799919410AD7A30029755141');
INSERT INTO SCHEMA_NAME.node VALUES ('N131', 25.2100, 1.8500, 23.3600, 'CIRC_MANHOLE', 'C_MANHOLE-CON100', 'JUNCTION', 'sector_01', 'ON_SERVICE', NULL, NULL, NULL, 'dma_01', 'SOIL NO DATA', 'NO CATEGORY DATA', 'NO FLUID DATA', 'NO LOCATION DATA', 'WORK NO DATA', 'BUILDER NO DATA', NULL, 'OWNER NO DATA', NULL, NULL, NULL, NULL, false, NULL, NULL, NULL, 'TO REVIEW', '0101000020E7640000378941E0F09919413D0AD7A32F755141');
INSERT INTO SCHEMA_NAME.node VALUES ('N132', 22.6600, 1.8900, 20.7700, 'CIRC_MANHOLE', 'C_MANHOLE-CON100', 'JUNCTION', 'sector_01', 'ON_SERVICE', NULL, NULL, NULL, 'dma_01', 'SOIL NO DATA', 'NO CATEGORY DATA', 'NO FLUID DATA', 'NO LOCATION DATA', 'WORK NO DATA', 'BUILDER NO DATA', NULL, 'OWNER NO DATA', NULL, NULL, NULL, NULL, false, NULL, NULL, NULL, 'TO REVIEW', '0101000020E7640000F853E3A5789A1941713D0A0737755141');
INSERT INTO SCHEMA_NAME.node VALUES ('N94', 36.5700, 1.8700, 34.7000, 'CIRC_MANHOLE', 'C_MANHOLE-CON100', 'JUNCTION', 'sector_01', 'ON_SERVICE', NULL, NULL, NULL, 'dma_01', 'SOIL NO DATA', 'NO CATEGORY DATA', 'NO FLUID DATA', 'NO LOCATION DATA', 'WORK NO DATA', 'BUILDER NO DATA', NULL, 'OWNER NO DATA', NULL, NULL, NULL, NULL, false, NULL, NULL, NULL, 'TO REVIEW', '0101000020E7640000D578E926FB9519417B14AE67FD745141');
INSERT INTO SCHEMA_NAME.node VALUES ('N95', 34.8300, 1.8600, 32.9700, 'CIRC_MANHOLE', 'C_MANHOLE-CON100', 'JUNCTION', 'sector_01', 'ON_SERVICE', NULL, NULL, NULL, 'dma_01', 'SOIL NO DATA', 'NO CATEGORY DATA', 'NO FLUID DATA', 'NO LOCATION DATA', 'WORK NO DATA', 'BUILDER NO DATA', NULL, 'OWNER NO DATA', NULL, NULL, NULL, NULL, false, NULL, NULL, NULL, 'TO REVIEW', '0101000020E76400001904560E9B961941B81E858B02755141');
INSERT INTO SCHEMA_NAME.node VALUES ('N96', 37.6900, 1.5900, 36.1000, 'CIRC_MANHOLE', 'C_MANHOLE-CON100', 'JUNCTION', 'sector_01', 'ON_SERVICE', NULL, NULL, NULL, 'dma_01', 'SOIL NO DATA', 'NO CATEGORY DATA', 'NO FLUID DATA', 'NO LOCATION DATA', 'WORK NO DATA', 'BUILDER NO DATA', NULL, 'OWNER NO DATA', NULL, NULL, NULL, NULL, false, NULL, NULL, NULL, 'TO REVIEW', '0101000020E764000054E3A51B01961941713D0A1706755141');
INSERT INTO SCHEMA_NAME.node VALUES ('N97', 39.5500, 1.6700, 37.8800, 'CIRC_MANHOLE', 'C_MANHOLE-CON100', 'JUNCTION', 'sector_01', 'ON_SERVICE', NULL, NULL, NULL, 'dma_01', 'SOIL NO DATA', 'NO CATEGORY DATA', 'NO FLUID DATA', 'NO LOCATION DATA', 'WORK NO DATA', 'BUILDER NO DATA', NULL, 'OWNER NO DATA', NULL, NULL, NULL, NULL, false, NULL, NULL, NULL, 'TO REVIEW', '0101000020E7640000BC7493980A9619413333339312755141');
INSERT INTO SCHEMA_NAME.node VALUES ('N98', 39.6600, 1.9000, 37.7600, 'CIRC_MANHOLE', 'C_MANHOLE-CON100', 'JUNCTION', 'sector_01', 'ON_SERVICE', NULL, NULL, NULL, 'dma_01', 'SOIL NO DATA', 'NO CATEGORY DATA', 'NO FLUID DATA', 'NO LOCATION DATA', 'WORK NO DATA', 'BUILDER NO DATA', NULL, 'OWNER NO DATA', NULL, NULL, NULL, NULL, false, NULL, NULL, NULL, 'TO REVIEW', '0101000020E76400009EEFA7C61096194114AE47911C755141');
INSERT INTO SCHEMA_NAME.node VALUES ('N99', 39.7000, 1.5000, 38.2000, 'CIRC_MANHOLE', 'C_MANHOLE-CON100', 'JUNCTION', 'sector_01', 'ON_SERVICE', NULL, NULL, NULL, 'dma_01', 'SOIL NO DATA', 'NO CATEGORY DATA', 'NO FLUID DATA', 'NO LOCATION DATA', 'WORK NO DATA', 'BUILDER NO DATA', NULL, 'OWNER NO DATA', NULL, NULL, NULL, NULL, false, NULL, NULL, NULL, 'TO REVIEW', '0101000020E7640000B81E856B18961941EC51B88E26755141');
INSERT INTO SCHEMA_NAME.node VALUES ('N86', 46.2500, 2.0500, 44.2000, 'CIRC_MANHOLE', 'C_MANHOLE-CON100', 'JUNCTION', 'sector_01', 'ON_SERVICE', NULL, NULL, NULL, 'dma_01', 'SOIL NO DATA', 'NO CATEGORY DATA', 'NO FLUID DATA', 'NO LOCATION DATA', 'WORK NO DATA', 'BUILDER NO DATA', NULL, 'OWNER NO DATA', NULL, NULL, NULL, NULL, false, NULL, NULL, NULL, 'TO REVIEW', '0101000020E7640000378941607A94194114AE47513C755141');
INSERT INTO SCHEMA_NAME.node VALUES ('N88', 39.7100, 2.1000, 37.6100, 'CIRC_MANHOLE', 'C_MANHOLE-CON100', 'JUNCTION', 'sector_01', 'ON_SERVICE', NULL, NULL, NULL, 'dma_01', 'SOIL NO DATA', 'NO CATEGORY DATA', 'NO FLUID DATA', 'NO LOCATION DATA', 'WORK NO DATA', 'BUILDER NO DATA', NULL, 'OWNER NO DATA', NULL, NULL, NULL, NULL, false, NULL, NULL, NULL, 'TO REVIEW', '0101000020E7640000E926318828961941EC51B80E3A755141');
INSERT INTO SCHEMA_NAME.node VALUES ('N89', 41.4100, 1.8100, 39.6000, 'CIRC_MANHOLE', 'C_MANHOLE-CON100', 'JUNCTION', 'sector_01', 'ON_SERVICE', NULL, NULL, NULL, 'dma_01', 'SOIL NO DATA', 'NO CATEGORY DATA', 'NO FLUID DATA', 'NO LOCATION DATA', 'WORK NO DATA', 'BUILDER NO DATA', NULL, 'OWNER NO DATA', NULL, NULL, NULL, NULL, false, NULL, NULL, NULL, 'TO REVIEW', '0101000020E7640000273108ACA095194114AE47713A755141');
INSERT INTO SCHEMA_NAME.node VALUES ('N100', 33.5900, 2.2600, 31.3300, 'CIRC_MANHOLE', 'C_MANHOLE-CON100', 'JUNCTION', 'sector_01', 'ON_SERVICE', NULL, NULL, NULL, 'dma_01', 'SOIL NO DATA', 'NO CATEGORY DATA', 'NO FLUID DATA', 'NO LOCATION DATA', 'WORK NO DATA', 'BUILDER NO DATA', NULL, 'OWNER NO DATA', NULL, NULL, NULL, NULL, false, NULL, NULL, NULL, 'TO REVIEW', '0101000020E7640000F0A7C64B21971941D7A370ED07755141');
INSERT INTO SCHEMA_NAME.node VALUES ('N111', 59.4500, 2.5500, 56.9000, 'CIRC_MANHOLE', 'C_MANHOLE-CON100', 'JUNCTION', 'sector_01', 'ON_SERVICE', NULL, NULL, NULL, 'dma_01', 'SOIL NO DATA', 'NO CATEGORY DATA', 'NO FLUID DATA', 'NO LOCATION DATA', 'WORK NO DATA', 'BUILDER NO DATA', NULL, 'OWNER NO DATA', NULL, NULL, NULL, NULL, false, NULL, NULL, NULL, 'TO REVIEW', '0101000020E76400001F85EBD1C39119410AD7A380AA755141');
INSERT INTO SCHEMA_NAME.node VALUES ('N125', 23.8800, 2.6400, 21.2400, 'RECT_MANHOLE', 'R_MANHOLE-CON150', 'JUNCTION', 'sector_01', 'ON_SERVICE', NULL, NULL, NULL, 'dma_01', 'SOIL NO DATA', 'NO CATEGORY DATA', 'NO FLUID DATA', 'NO LOCATION DATA', 'WORK NO DATA', 'BUILDER NO DATA', NULL, 'OWNER NO DATA', NULL, NULL, NULL, NULL, false, NULL, NULL, NULL, 'TO REVIEW', '0101000020E76400009CC420B07E9A19416666664645755141');
INSERT INTO SCHEMA_NAME.node VALUES ('N123', 22.1100, 3.0000, 19.1100, 'RECT_MANHOLE', 'R_MANHOLE-CON150', 'JUNCTION', 'sector_01', 'ON_SERVICE', NULL, NULL, NULL, 'dma_01', 'SOIL NO DATA', 'NO CATEGORY DATA', 'NO FLUID DATA', 'NO LOCATION DATA', 'WORK NO DATA', 'BUILDER NO DATA', NULL, 'OWNER NO DATA', NULL, NULL, NULL, NULL, false, NULL, NULL, NULL, 'TO REVIEW', '0101000020E7640000355EBA49079B1941713D0AD73E755141');
INSERT INTO SCHEMA_NAME.node VALUES ('N84', 44.7700, 1.6500, 43.1200, 'RECT_MANHOLE', 'R_MANHOLE-BR100', 'JUNCTION', 'sector_01', 'ON_SERVICE', NULL, NULL, NULL, 'dma_01', 'SOIL NO DATA', 'NO CATEGORY DATA', 'NO FLUID DATA', 'NO LOCATION DATA', 'WORK NO DATA', 'BUILDER NO DATA', NULL, 'OWNER NO DATA', NULL, NULL, NULL, NULL, false, NULL, NULL, NULL, 'TO REVIEW', '0101000020E76400000681954393941941F6285C2F4C755141');
INSERT INTO SCHEMA_NAME.node VALUES ('N239', 18.3500, 3.1500, 15.2000, 'RECT_MANHOLE', 'R_MANHOLE-CON200', 'OUTFALL', 'sector_01', 'ON_SERVICE', NULL, NULL, NULL, 'dma_01', 'SOIL NO DATA', 'NO CATEGORY DATA', 'NO FLUID DATA', 'NO LOCATION DATA', 'WORK NO DATA', 'BUILDER NO DATA', NULL, 'OWNER NO DATA', NULL, NULL, NULL, NULL, false, NULL, NULL, NULL, 'TO REVIEW', '0101000020E7640000DE1F148CC49C19412135B3BE2D755141');
INSERT INTO SCHEMA_NAME.node VALUES ('N39', 38.4200, 1.8400, 36.5800, 'CIRC_MANHOLE', 'C_MANHOLE-CON100', 'JUNCTION', 'sector_01', 'ON_SERVICE', NULL, NULL, NULL, 'dma_01', 'SOIL NO DATA', 'NO CATEGORY DATA', 'NO FLUID DATA', 'NO LOCATION DATA', 'WORK NO DATA', 'BUILDER NO DATA', NULL, 'OWNER NO DATA', NULL, NULL, NULL, NULL, false, NULL, NULL, NULL, 'TO REVIEW', '0101000020E76400002B87165906961941295C8FF25B755141');
INSERT INTO SCHEMA_NAME.node VALUES ('N43', 29.8600, 1.8300, 28.0300, 'RECT_MANHOLE', 'R_MANHOLE-CON150', 'JUNCTION', 'sector_01', 'ON_SERVICE', NULL, NULL, NULL, 'dma_01', 'SOIL NO DATA', 'NO CATEGORY DATA', 'NO FLUID DATA', 'NO LOCATION DATA', 'WORK NO DATA', 'BUILDER NO DATA', NULL, 'OWNER NO DATA', NULL, NULL, NULL, NULL, false, NULL, NULL, NULL, 'TO REVIEW', '0101000020E7640000FCA9F1D28298194185EB51285E755141');
INSERT INTO SCHEMA_NAME.node VALUES ('N122', 33.0400, 1.8200, 31.2200, 'CIRC_MANHOLE', 'C_MANHOLE-CON100', 'JUNCTION', 'sector_01', 'ON_SERVICE', NULL, NULL, NULL, 'dma_01', 'SOIL NO DATA', 'NO CATEGORY DATA', 'NO FLUID DATA', 'NO LOCATION DATA', 'WORK NO DATA', 'BUILDER NO DATA', NULL, 'OWNER NO DATA', NULL, NULL, NULL, NULL, false, NULL, NULL, NULL, 'TO REVIEW', '0101000020E7640000D34D62100198194185EB516865755141');
INSERT INTO SCHEMA_NAME.node VALUES ('N35', 48.4400, 1.5200, 46.9200, 'CIRC_MANHOLE', 'C_MANHOLE-CON100', 'JUNCTION', 'sector_01', 'ON_SERVICE', NULL, NULL, NULL, 'dma_01', 'SOIL NO DATA', 'NO CATEGORY DATA', 'NO FLUID DATA', 'NO LOCATION DATA', 'WORK NO DATA', 'BUILDER NO DATA', NULL, 'OWNER NO DATA', NULL, NULL, NULL, NULL, false, NULL, NULL, NULL, 'TO REVIEW', '0101000020E76400003D0AD72396921941AE47E1FA66755141');
INSERT INTO SCHEMA_NAME.node VALUES ('N36', 46.8000, 1.8200, 44.9800, 'CIRC_MANHOLE', 'C_MANHOLE-CON100', 'JUNCTION', 'sector_01', 'ON_SERVICE', NULL, NULL, NULL, 'dma_01', 'SOIL NO DATA', 'NO CATEGORY DATA', 'NO FLUID DATA', 'NO LOCATION DATA', 'WORK NO DATA', 'BUILDER NO DATA', NULL, 'OWNER NO DATA', NULL, NULL, NULL, NULL, false, NULL, NULL, NULL, 'TO REVIEW', '0101000020E7640000BC7493182B931941CDCCCC1C65755141');
INSERT INTO SCHEMA_NAME.node VALUES ('N44', 28.7500, 2.0000, 26.7500, 'RECT_MANHOLE', 'R_MANHOLE-CON150', 'JUNCTION', 'sector_01', 'ON_SERVICE', NULL, NULL, NULL, 'dma_01', 'SOIL NO DATA', 'NO CATEGORY DATA', 'NO FLUID DATA', 'NO LOCATION DATA', 'WORK NO DATA', 'BUILDER NO DATA', NULL, 'OWNER NO DATA', NULL, NULL, NULL, NULL, false, NULL, NULL, NULL, 'TO REVIEW', '0101000020E7640000DBF97EEAF4981941295C8F1258755141');
INSERT INTO SCHEMA_NAME.node VALUES ('N106', 28.7100, 1.8200, 26.8900, 'RECT_MANHOLE', 'R_MANHOLE-CON100', 'JUNCTION', 'sector_01', 'ON_SERVICE', NULL, NULL, NULL, 'dma_01', 'SOIL NO DATA', 'NO CATEGORY DATA', 'NO FLUID DATA', 'NO LOCATION DATA', 'WORK NO DATA', 'BUILDER NO DATA', NULL, 'OWNER NO DATA', NULL, NULL, NULL, NULL, false, NULL, NULL, NULL, 'TO REVIEW', '0101000020E7640000EC51B81EF99819418FC2F5684A755141');
INSERT INTO SCHEMA_NAME.node VALUES ('N37', 41.4800, 1.5000, 39.9800, 'CIRC_MANHOLE', 'C_MANHOLE-CON100', 'JUNCTION', 'sector_01', 'ON_SERVICE', NULL, NULL, NULL, 'dma_01', 'SOIL NO DATA', 'NO CATEGORY DATA', 'NO FLUID DATA', 'NO LOCATION DATA', 'WORK NO DATA', 'BUILDER NO DATA', NULL, 'OWNER NO DATA', NULL, NULL, NULL, NULL, false, NULL, NULL, NULL, 'TO REVIEW', '0101000020E76400003D0AD7A3D3941941666666C65F755141');
INSERT INTO SCHEMA_NAME.node VALUES ('N38', 39.8600, 2.0600, 37.8000, 'CIRC_MANHOLE', 'C_MANHOLE-CON100', 'JUNCTION', 'sector_01', 'ON_SERVICE', NULL, NULL, NULL, 'dma_01', 'SOIL NO DATA', 'NO CATEGORY DATA', 'NO FLUID DATA', 'NO LOCATION DATA', 'WORK NO DATA', 'BUILDER NO DATA', NULL, 'OWNER NO DATA', NULL, NULL, NULL, NULL, false, NULL, NULL, NULL, 'TO REVIEW', '0101000020E7640000A245B6F36E951941A4703DDA5D755141');
INSERT INTO SCHEMA_NAME.node VALUES ('N40', 35.6700, 1.5600, 34.1100, 'CIRC_MANHOLE', 'C_MANHOLE-CON100', 'JUNCTION', 'sector_01', 'ON_SERVICE', NULL, NULL, NULL, 'dma_01', 'SOIL NO DATA', 'NO CATEGORY DATA', 'NO FLUID DATA', 'NO LOCATION DATA', 'WORK NO DATA', 'BUILDER NO DATA', NULL, 'OWNER NO DATA', NULL, NULL, NULL, NULL, false, NULL, NULL, NULL, 'TO REVIEW', '0101000020E764000039B4C8F690961941C3F5284C5B755141');
INSERT INTO SCHEMA_NAME.node VALUES ('N41', 34.9500, 1.8100, 33.1400, 'CIRC_MANHOLE', 'C_MANHOLE-CON100', 'JUNCTION', 'sector_01', 'ON_SERVICE', NULL, NULL, NULL, 'dma_01', 'SOIL NO DATA', 'NO CATEGORY DATA', 'NO FLUID DATA', 'NO LOCATION DATA', 'WORK NO DATA', 'BUILDER NO DATA', NULL, 'OWNER NO DATA', NULL, NULL, NULL, NULL, false, NULL, NULL, NULL, 'TO REVIEW', '0101000020E764000017D9CE77449719411F85EB215C755141');
INSERT INTO SCHEMA_NAME.node VALUES ('N42', 32.7900, 1.8000, 30.9900, 'CIRC_MANHOLE', 'C_MANHOLE-CON100', 'JUNCTION', 'sector_01', 'ON_SERVICE', NULL, NULL, NULL, 'dma_01', 'SOIL NO DATA', 'NO CATEGORY DATA', 'NO FLUID DATA', 'NO LOCATION DATA', 'WORK NO DATA', 'BUILDER NO DATA', NULL, 'OWNER NO DATA', NULL, NULL, NULL, NULL, false, NULL, NULL, NULL, 'TO REVIEW', '0101000020E7640000F853E3A5E397194152B81E255D755141');
INSERT INTO SCHEMA_NAME.node VALUES ('N236', 44.9500, 1.8000, 43.1500, 'CIRC_MANHOLE', 'C_MANHOLE-BR100', 'JUNCTION', 'sector_01', 'ON_SERVICE', NULL, NULL, NULL, 'dma_01', 'SOIL NO DATA', 'NO CATEGORY DATA', 'NO FLUID DATA', 'NO LOCATION DATA', 'WORK NO DATA', 'BUILDER NO DATA', NULL, 'OWNER NO DATA', NULL, NULL, NULL, NULL, false, NULL, NULL, NULL, 'TO REVIEW', '0101000020E7640000DA0B67F5169719413A30EAA496755141');
INSERT INTO SCHEMA_NAME.node VALUES ('N109', 34.5400, 1.6300, 32.9100, 'RECT_MANHOLE', 'R_MANHOLE-CON100', 'JUNCTION', 'sector_01', 'ON_SERVICE', NULL, NULL, NULL, 'dma_01', 'SOIL NO DATA', 'NO CATEGORY DATA', 'NO FLUID DATA', 'NO LOCATION DATA', 'WORK NO DATA', 'BUILDER NO DATA', NULL, 'OWNER NO DATA', NULL, NULL, NULL, NULL, false, NULL, NULL, NULL, 'TO REVIEW', '0101000020E76400003F355EBA9F971941AE47E1AA35755141');
INSERT INTO SCHEMA_NAME.node VALUES ('N112', 56.6800, 2.2500, 54.4300, 'CIRC_MANHOLE', 'C_MANHOLE-CON100', 'JUNCTION', 'sector_01', 'ON_SERVICE', NULL, NULL, NULL, 'dma_01', 'SOIL NO DATA', 'NO CATEGORY DATA', 'NO FLUID DATA', 'NO LOCATION DATA', 'WORK NO DATA', 'BUILDER NO DATA', NULL, 'OWNER NO DATA', NULL, NULL, NULL, NULL, false, NULL, NULL, NULL, 'TO REVIEW', '0101000020E764000023DBF9FE489219415C8FC2F5A4755141');
INSERT INTO SCHEMA_NAME.node VALUES ('N75', 42.2900, 1.8200, 40.4700, 'CIRC_MANHOLE', 'C_MANHOLE-CON100', 'JUNCTION', 'sector_01', 'ON_SERVICE', NULL, NULL, NULL, 'dma_01', 'SOIL NO DATA', 'NO CATEGORY DATA', 'NO FLUID DATA', 'NO LOCATION DATA', 'WORK NO DATA', 'BUILDER NO DATA', NULL, 'OWNER NO DATA', NULL, NULL, NULL, NULL, false, NULL, NULL, NULL, 'TO REVIEW', '0101000020E76400001283C04AC79319419A99998918755141');
INSERT INTO SCHEMA_NAME.node VALUES ('N76', 51.3900, 2.3000, 49.0900, 'CIRC_MANHOLE', 'C_MANHOLE-CON100', 'JUNCTION', 'sector_01', 'ON_SERVICE', NULL, NULL, NULL, 'dma_01', 'SOIL NO DATA', 'NO CATEGORY DATA', 'NO FLUID DATA', 'NO LOCATION DATA', 'WORK NO DATA', 'BUILDER NO DATA', NULL, 'OWNER NO DATA', NULL, NULL, NULL, NULL, false, NULL, NULL, NULL, 'TO REVIEW', '0101000020E7640000B29DEFA7269219415C8FC28529755141');
INSERT INTO SCHEMA_NAME.node VALUES ('N79', 44.5600, 1.7600, 42.8000, 'RECT_MANHOLE', 'R_MANHOLE-BR100', 'JUNCTION', 'sector_01', 'ON_SERVICE', NULL, NULL, NULL, 'dma_01', 'SOIL NO DATA', 'NO CATEGORY DATA', 'NO FLUID DATA', 'NO LOCATION DATA', 'WORK NO DATA', 'BUILDER NO DATA', NULL, 'OWNER NO DATA', NULL, NULL, NULL, NULL, false, NULL, NULL, NULL, 'TO REVIEW', '0101000020E76400009CC42030269419416666669620755141');
INSERT INTO SCHEMA_NAME.node VALUES ('N77', 47.3400, 2.0000, 45.3400, 'CIRC_MANHOLE', 'C_MANHOLE-CON100', 'JUNCTION', 'sector_01', 'ON_SERVICE', NULL, NULL, NULL, 'dma_01', 'SOIL NO DATA', 'NO CATEGORY DATA', 'NO FLUID DATA', 'NO LOCATION DATA', 'WORK NO DATA', 'BUILDER NO DATA', NULL, 'OWNER NO DATA', NULL, NULL, NULL, NULL, false, NULL, NULL, NULL, 'TO REVIEW', '0101000020E764000025068195AB921941713D0AF723755141');
INSERT INTO SCHEMA_NAME.node VALUES ('N78', 44.9300, 1.8500, 43.0800, 'CIRC_MANHOLE', 'C_MANHOLE-CON100', 'JUNCTION', 'sector_01', 'ON_SERVICE', NULL, NULL, NULL, 'dma_01', 'SOIL NO DATA', 'NO CATEGORY DATA', 'NO FLUID DATA', 'NO LOCATION DATA', 'WORK NO DATA', 'BUILDER NO DATA', NULL, 'OWNER NO DATA', NULL, NULL, NULL, NULL, false, NULL, NULL, NULL, 'TO REVIEW', '0101000020E76400006DE7FB2930931941F6285C5F1E755141');
INSERT INTO SCHEMA_NAME.node VALUES ('N80', 44.5400, 1.4500, 43.0900, 'RECT_MANHOLE', 'R_MANHOLE-BR100', 'JUNCTION', 'sector_01', 'ON_SERVICE', NULL, NULL, NULL, 'dma_01', 'SOIL NO DATA', 'NO CATEGORY DATA', 'NO FLUID DATA', 'NO LOCATION DATA', 'WORK NO DATA', 'BUILDER NO DATA', NULL, 'OWNER NO DATA', NULL, NULL, NULL, NULL, false, NULL, NULL, NULL, 'TO REVIEW', '0101000020E764000046B6F37D96941941B81E85EB2A755141');
INSERT INTO SCHEMA_NAME.node VALUES ('N90', 40.6800, 2.1800, 38.5000, 'CIRC_MANHOLE', 'C_MANHOLE-CON100', 'JUNCTION', 'sector_01', 'ON_SERVICE', NULL, NULL, NULL, 'dma_01', 'SOIL NO DATA', 'NO CATEGORY DATA', 'NO FLUID DATA', 'NO LOCATION DATA', 'WORK NO DATA', 'BUILDER NO DATA', NULL, 'OWNER NO DATA', NULL, NULL, NULL, NULL, false, NULL, NULL, NULL, 'TO REVIEW', '0101000020E76400002FDD24862A94194114AE47B110755141');
INSERT INTO SCHEMA_NAME.node VALUES ('N91', 39.9300, 2.1000, 37.8300, 'CIRC_MANHOLE', 'C_MANHOLE-CON100', 'JUNCTION', 'sector_01', 'ON_SERVICE', NULL, NULL, NULL, 'dma_01', 'SOIL NO DATA', 'NO CATEGORY DATA', 'NO FLUID DATA', 'NO LOCATION DATA', 'WORK NO DATA', 'BUILDER NO DATA', NULL, 'OWNER NO DATA', NULL, NULL, NULL, NULL, false, NULL, NULL, NULL, 'TO REVIEW', '0101000020E7640000DF4F8D9789941941666666A608755141');
INSERT INTO SCHEMA_NAME.node VALUES ('N92', 39.3700, 2.0800, 37.2900, 'CIRC_MANHOLE', 'C_MANHOLE-CON100', 'JUNCTION', 'sector_01', 'ON_SERVICE', NULL, NULL, NULL, 'dma_01', 'SOIL NO DATA', 'NO CATEGORY DATA', 'NO FLUID DATA', 'NO LOCATION DATA', 'WORK NO DATA', 'BUILDER NO DATA', NULL, 'OWNER NO DATA', NULL, NULL, NULL, NULL, false, NULL, NULL, NULL, 'TO REVIEW', '0101000020E76400009A999999EB941941EC51B8BE00755141');
INSERT INTO SCHEMA_NAME.node VALUES ('N113', 55.4500, 2.2100, 53.2400, 'CIRC_MANHOLE', 'C_MANHOLE-CON100', 'JUNCTION', 'sector_01', 'ON_SERVICE', NULL, NULL, NULL, 'dma_01', 'SOIL NO DATA', 'NO CATEGORY DATA', 'NO FLUID DATA', 'NO LOCATION DATA', 'WORK NO DATA', 'BUILDER NO DATA', NULL, 'OWNER NO DATA', NULL, NULL, NULL, NULL, false, NULL, NULL, NULL, 'TO REVIEW', '0101000020E76400004A0C022BCE921941AE47E16A9F755141');
INSERT INTO SCHEMA_NAME.node VALUES ('N114', 53.0200, 2.1100, 50.9100, 'CIRC_MANHOLE', 'C_MANHOLE-CON100', 'JUNCTION', 'sector_01', 'ON_SERVICE', NULL, NULL, NULL, 'dma_01', 'SOIL NO DATA', 'NO CATEGORY DATA', 'NO FLUID DATA', 'NO LOCATION DATA', 'WORK NO DATA', 'BUILDER NO DATA', NULL, 'OWNER NO DATA', NULL, NULL, NULL, NULL, false, NULL, NULL, NULL, 'TO REVIEW', '0101000020E7640000713D0A5753931941F6285CDF99755141');
INSERT INTO SCHEMA_NAME.node VALUES ('N115', 50.4700, 2.1400, 48.3300, 'CIRC_MANHOLE', 'C_MANHOLE-CON100', 'JUNCTION', 'sector_01', 'ON_SERVICE', NULL, NULL, NULL, 'dma_01', 'SOIL NO DATA', 'NO CATEGORY DATA', 'NO FLUID DATA', 'NO LOCATION DATA', 'WORK NO DATA', 'BUILDER NO DATA', NULL, 'OWNER NO DATA', NULL, NULL, NULL, NULL, false, NULL, NULL, NULL, 'TO REVIEW', '0101000020E7640000986E1283D893194148E17A5494755141');
INSERT INTO SCHEMA_NAME.node VALUES ('N87', 43.7700, 2.0700, 41.7000, 'CIRC_MANHOLE', 'C_MANHOLE-CON100', 'JUNCTION', 'sector_01', 'ON_SERVICE', NULL, NULL, NULL, 'dma_01', 'SOIL NO DATA', 'NO CATEGORY DATA', 'NO FLUID DATA', 'NO LOCATION DATA', 'WORK NO DATA', 'BUILDER NO DATA', NULL, 'OWNER NO DATA', NULL, NULL, NULL, NULL, false, NULL, NULL, NULL, 'TO REVIEW', '0101000020E7640000BC7493981895194148E17AD43A755141');
INSERT INTO SCHEMA_NAME.node VALUES ('N45', 27.0700, 2.0100, 25.0600, 'RECT_MANHOLE', 'R_MANHOLE-CON150', 'JUNCTION', 'sector_01', 'ON_SERVICE', NULL, NULL, NULL, 'dma_01', 'SOIL NO DATA', 'NO CATEGORY DATA', 'NO FLUID DATA', 'NO LOCATION DATA', 'WORK NO DATA', 'BUILDER NO DATA', NULL, 'OWNER NO DATA', NULL, NULL, NULL, NULL, false, NULL, NULL, NULL, 'TO REVIEW', '0101000020E7640000FCA9F1526699194185EB51B851755141');
INSERT INTO SCHEMA_NAME.node VALUES ('N71', 49.9500, 1.8300, 48.1200, 'CIRC_MANHOLE', 'C_MANHOLE-CON80', 'JUNCTION', 'sector_01', 'ON_SERVICE', NULL, NULL, NULL, 'dma_01', 'SOIL NO DATA', 'NO CATEGORY DATA', 'NO FLUID DATA', 'NO LOCATION DATA', 'WORK NO DATA', 'BUILDER NO DATA', NULL, 'OWNER NO DATA', NULL, NULL, NULL, NULL, false, NULL, NULL, NULL, 'TO REVIEW', '0101000020E76400007368916D76921941E17A142E5D755141');
INSERT INTO SCHEMA_NAME.node VALUES ('N72', 51.4800, 1.8100, 49.6700, 'CIRC_MANHOLE', 'C_MANHOLE-CON80', 'JUNCTION', 'sector_01', 'ON_SERVICE', NULL, NULL, NULL, 'dma_01', 'SOIL NO DATA', 'NO CATEGORY DATA', 'NO FLUID DATA', 'NO LOCATION DATA', 'WORK NO DATA', 'BUILDER NO DATA', NULL, 'OWNER NO DATA', NULL, NULL, NULL, NULL, false, NULL, NULL, NULL, 'TO REVIEW', '0101000020E7640000F853E3A54E921941E17A14EE50755141');
INSERT INTO SCHEMA_NAME.node VALUES ('N55', 54.7700, 1.8200, 52.9500, 'CIRC_MANHOLE', 'C_MANHOLE-CON80', 'JUNCTION', 'sector_01', 'ON_SERVICE', NULL, NULL, NULL, 'dma_01', 'SOIL NO DATA', 'NO CATEGORY DATA', 'NO FLUID DATA', 'NO LOCATION DATA', 'WORK NO DATA', 'BUILDER NO DATA', NULL, 'OWNER NO DATA', NULL, NULL, NULL, NULL, false, NULL, NULL, NULL, 'TO REVIEW', '0101000020E76400007B14AEC729921941000000A091755141');
INSERT INTO SCHEMA_NAME.node VALUES ('N52', 50.2900, 1.8000, 48.4900, 'CIRC_MANHOLE', 'C_MANHOLE-CON100', 'JUNCTION', 'sector_01', 'ON_SERVICE', NULL, NULL, NULL, 'dma_01', 'SOIL NO DATA', 'NO CATEGORY DATA', 'NO FLUID DATA', 'NO LOCATION DATA', 'WORK NO DATA', 'BUILDER NO DATA', NULL, 'OWNER NO DATA', NULL, NULL, NULL, NULL, false, NULL, NULL, NULL, 'TO REVIEW', '0101000020E7640000E17A142EE49119419A99994969755141');
INSERT INTO SCHEMA_NAME.node VALUES ('N54', 54.2400, 1.5200, 52.7200, 'CIRC_MANHOLE', 'C_MANHOLE-CON100', 'JUNCTION', 'sector_01', 'ON_SERVICE', NULL, NULL, NULL, 'dma_01', 'SOIL NO DATA', 'NO CATEGORY DATA', 'NO FLUID DATA', 'NO LOCATION DATA', 'WORK NO DATA', 'BUILDER NO DATA', NULL, 'OWNER NO DATA', NULL, NULL, NULL, NULL, false, NULL, NULL, NULL, 'TO REVIEW', '0101000020E7640000DF4F8D17C99119416666662688755141');
INSERT INTO SCHEMA_NAME.node VALUES ('N57', 52.1100, 1.8800, 50.2300, 'CIRC_MANHOLE', 'C_MANHOLE-CON100', 'JUNCTION', 'sector_01', 'ON_SERVICE', NULL, NULL, NULL, 'dma_01', 'SOIL NO DATA', 'NO CATEGORY DATA', 'NO FLUID DATA', 'NO LOCATION DATA', 'WORK NO DATA', 'BUILDER NO DATA', NULL, 'OWNER NO DATA', NULL, NULL, NULL, NULL, false, NULL, NULL, NULL, 'TO REVIEW', '0101000020E76400003D0AD7A36592194152B81E1586755141');
INSERT INTO SCHEMA_NAME.node VALUES ('N104', 37.1900, 1.5100, 35.6800, 'CIRC_MANHOLE', 'C_MANHOLE-CON100', 'JUNCTION', 'sector_01', 'ON_SERVICE', NULL, NULL, NULL, 'dma_01', 'SOIL NO DATA', 'NO CATEGORY DATA', 'NO FLUID DATA', 'NO LOCATION DATA', 'WORK NO DATA', 'BUILDER NO DATA', NULL, 'OWNER NO DATA', NULL, NULL, NULL, NULL, false, NULL, NULL, NULL, 'TO REVIEW', '0101000020E7640000E926318852961941295C8FA263755141');
INSERT INTO SCHEMA_NAME.node VALUES ('N105', 38.3200, 1.6600, 36.6600, 'CIRC_MANHOLE', 'C_MANHOLE-CON100', 'JUNCTION', 'sector_01', 'ON_SERVICE', NULL, NULL, NULL, 'dma_01', 'SOIL NO DATA', 'NO CATEGORY DATA', 'NO FLUID DATA', 'NO LOCATION DATA', 'WORK NO DATA', 'BUILDER NO DATA', NULL, 'OWNER NO DATA', NULL, NULL, NULL, NULL, false, NULL, NULL, NULL, 'TO REVIEW', '0101000020E7640000F4FDD47873961941713D0AF76F755141');
INSERT INTO SCHEMA_NAME.node VALUES ('N235', 44.9000, 1.6000, 43.3000, 'CIRC_MANHOLE', 'C_MANHOLE-BR100', 'JUNCTION', 'sector_01', 'ON_SERVICE', NULL, NULL, NULL, 'dma_01', 'SOIL NO DATA', 'NO CATEGORY DATA', 'NO FLUID DATA', 'NO LOCATION DATA', 'WORK NO DATA', 'BUILDER NO DATA', NULL, 'OWNER NO DATA', NULL, NULL, NULL, NULL, false, NULL, NULL, NULL, 'TO REVIEW', '0101000020E7640000D6006F5567961941757348E68D755141');
INSERT INTO SCHEMA_NAME.node VALUES ('N32', 56.8400, 2.0000, 54.8400, 'CIRC_MANHOLE', 'C_MANHOLE-CON100', 'JUNCTION', 'sector_01', 'ON_SERVICE', NULL, NULL, NULL, 'dma_01', 'SOIL NO DATA', 'NO CATEGORY DATA', 'NO FLUID DATA', 'NO LOCATION DATA', 'WORK NO DATA', 'BUILDER NO DATA', NULL, 'OWNER NO DATA', NULL, NULL, NULL, NULL, false, NULL, NULL, NULL, 'TO REVIEW', '0101000020E7640000273108AC8A901941D7A3708D81755141');
INSERT INTO SCHEMA_NAME.node VALUES ('N82', 48.8400, 2.0200, 46.8200, 'CIRC_MANHOLE', 'C_MANHOLE-CON100', 'JUNCTION', 'sector_01', 'ON_SERVICE', NULL, NULL, NULL, 'dma_01', 'SOIL NO DATA', 'NO CATEGORY DATA', 'NO FLUID DATA', 'NO LOCATION DATA', 'WORK NO DATA', 'BUILDER NO DATA', NULL, 'OWNER NO DATA', NULL, NULL, NULL, NULL, false, NULL, NULL, NULL, 'TO REVIEW', '0101000020E76400001904560EDE93194148E17A643E755141');
INSERT INTO SCHEMA_NAME.node VALUES ('N101', 39.6300, 2.0300, 37.6000, 'CIRC_MANHOLE', 'C_MANHOLE-CON100', 'JUNCTION', 'sector_01', 'ON_SERVICE', NULL, NULL, NULL, 'dma_01', 'SOIL NO DATA', 'NO CATEGORY DATA', 'NO FLUID DATA', 'NO LOCATION DATA', 'WORK NO DATA', 'BUILDER NO DATA', NULL, 'OWNER NO DATA', NULL, NULL, NULL, NULL, false, NULL, NULL, NULL, 'TO REVIEW', '0101000020E76400007F6ABCF42D961941CDCCCC0C44755141');
INSERT INTO SCHEMA_NAME.node VALUES ('N102', 39.1600, 1.8100, 37.3500, 'CIRC_MANHOLE', 'C_MANHOLE-CON100', 'JUNCTION', 'sector_01', 'ON_SERVICE', NULL, NULL, NULL, 'dma_01', 'SOIL NO DATA', 'NO CATEGORY DATA', 'NO FLUID DATA', 'NO LOCATION DATA', 'WORK NO DATA', 'BUILDER NO DATA', NULL, 'OWNER NO DATA', NULL, NULL, NULL, NULL, false, NULL, NULL, NULL, 'TO REVIEW', '0101000020E76400009CC4203035961941A4703D0A4E755141');
INSERT INTO SCHEMA_NAME.node VALUES ('N93', 39.7400, 1.7500, 37.9900, 'CIRC_MANHOLE', 'C_MANHOLE-CON100', 'JUNCTION', 'sector_01', 'ON_SERVICE', NULL, NULL, NULL, 'dma_01', 'SOIL NO DATA', 'NO CATEGORY DATA', 'NO FLUID DATA', 'NO LOCATION DATA', 'WORK NO DATA', 'BUILDER NO DATA', NULL, 'OWNER NO DATA', NULL, NULL, NULL, NULL, false, NULL, NULL, NULL, 'TO REVIEW', '0101000020E76400000C022B071F9619413333331330755141');
INSERT INTO SCHEMA_NAME.node VALUES ('N234', 20.2100, 3.0500, 17.1600, 'RECT_MANHOLE', 'R_MANHOLE-CON200', 'JUNCTION', 'sector_01', 'ON_SERVICE', NULL, NULL, NULL, 'dma_01', 'SOIL NO DATA', 'NO CATEGORY DATA', 'NO FLUID DATA', 'NO LOCATION DATA', 'WORK NO DATA', 'BUILDER NO DATA', NULL, 'OWNER NO DATA', NULL, NULL, NULL, NULL, false, NULL, NULL, NULL, 'TO REVIEW', '0101000020E764000048E17A14919B194114AE47C139755141');
INSERT INTO SCHEMA_NAME.node VALUES ('N124', 25.2700, 2.8500, 22.4200, 'RECT_MANHOLE', 'R_MANHOLE-CON150', 'JUNCTION', 'sector_01', 'ON_SERVICE', NULL, NULL, NULL, 'dma_01', 'SOIL NO DATA', 'NO CATEGORY DATA', 'NO FLUID DATA', 'NO LOCATION DATA', 'WORK NO DATA', 'BUILDER NO DATA', NULL, 'OWNER NO DATA', NULL, NULL, NULL, NULL, false, NULL, NULL, NULL, 'TO REVIEW', '0101000020E76400005A643BDFEF9919413D0AD7434B755141');



INSERT INTO SCHEMA_NAME.arc VALUES ('A166', 'N49', 'N48', 1.010, 2.490, 'CONDUIT', 'CON-CC040', 'CONDUIT', 'sector_01', 'ON_SERVICE', NULL, NULL, NULL, 'D', NULL, 'dma_01', 'SOIL NO DATA', 'NO CATEGORY DATA', 'NO FLUID DATA', 'NO LOCATION DATA', 'WORK NO DATA', 'BUILDER NO DATA', NULL, 'OWNER NO DATA', '9100C', NULL, NULL, NULL, NULL, NULL, NULL, NULL, 'TO REVIEW', '0102000020E764000002000000295C8FC26F90194185EB5198457551416891ED7C74901941713D0A974F755141');
INSERT INTO SCHEMA_NAME.arc VALUES ('A236', 'N29', 'N30', 2.810, 2.110, 'CONDUIT', 'CON-CC040', 'CONDUIT', 'sector_01', 'ON_SERVICE', NULL, NULL, NULL, 'D', NULL, 'dma_01', 'SOIL NO DATA', 'NO CATEGORY DATA', 'NO FLUID DATA', 'NO LOCATION DATA', 'WORK NO DATA', 'BUILDER NO DATA', NULL, 'OWNER NO DATA', '9100C', NULL, NULL, NULL, NULL, NULL, NULL, NULL, 'TO REVIEW', '0102000020E76400000300000023DBF9FEC49019415C8FC215A7755141EE4D624AA59019415361EC1AA475514104560EAD919019415C8FC28595755141');
INSERT INTO SCHEMA_NAME.arc VALUES ('N243', 'N237', 'N238', 3.000, 2.700, 'CONDUIT', 'PVC-CC040', 'CONDUIT', 'sector_01', 'ON_SERVICE', NULL, NULL, NULL, 'D', NULL, 'dma_01', 'SOIL NO DATA', 'NO CATEGORY DATA', 'NO FLUID DATA', 'NO LOCATION DATA', 'WORK NO DATA', 'BUILDER NO DATA', NULL, 'OWNER NO DATA', '10000C', NULL, NULL, NULL, NULL, NULL, NULL, NULL, 'TO REVIEW', '0102000020E76400000200000040CF5EE0369C1941973AF72833755141F28216DC8F9C194148D4A19F34755141');
INSERT INTO SCHEMA_NAME.arc VALUES ('A149', 'N30', 'N31', 2.110, 2.100, 'CONDUIT', 'CON-CC040', 'CONDUIT', 'sector_01', 'ON_SERVICE', NULL, NULL, NULL, 'D', NULL, 'dma_01', 'SOIL NO DATA', 'NO CATEGORY DATA', 'NO FLUID DATA', 'NO LOCATION DATA', 'WORK NO DATA', 'BUILDER NO DATA', NULL, 'OWNER NO DATA', '9100C', NULL, NULL, NULL, NULL, NULL, NULL, NULL, 'TO REVIEW', '0102000020E76400000200000004560EAD919019415C8FC28595755141CBA145B68D901941A4703D8A8B755141');
INSERT INTO SCHEMA_NAME.arc VALUES ('A138', 'N116', 'N117', 2.010, 1.900, 'CONDUIT', 'CON-CC040', 'CONDUIT', 'sector_01', 'ON_SERVICE', NULL, NULL, NULL, 'D', NULL, 'dma_01', 'SOIL NO DATA', 'NO CATEGORY DATA', 'NO FLUID DATA', 'NO LOCATION DATA', 'WORK NO DATA', 'BUILDER NO DATA', NULL, 'OWNER NO DATA', '10000C', NULL, NULL, NULL, NULL, NULL, NULL, NULL, 'TO REVIEW', '0102000020E764000002000000BE9F1AAF5D9419419A9999C98E755141E5D022DBE2941941EC51B83E89755141');
INSERT INTO SCHEMA_NAME.arc VALUES ('A231', 'N60', 'N59', 1.800, 1.800, 'CONDUIT', 'CON-CC040', 'CONDUIT', 'sector_01', 'ON_SERVICE', NULL, NULL, NULL, 'D', NULL, 'dma_01', 'SOIL NO DATA', 'NO CATEGORY DATA', 'NO FLUID DATA', 'NO LOCATION DATA', 'WORK NO DATA', 'BUILDER NO DATA', NULL, 'OWNER NO DATA', '10230C', NULL, NULL, NULL, NULL, NULL, NULL, NULL, 'TO REVIEW', '0102000020E7640000020000009A999999F19319415C8FC2958C7551419A9999998593194114AE471182755141');
INSERT INTO SCHEMA_NAME.arc VALUES ('A228', 'N59', 'N61', 1.800, 2.000, 'CONDUIT', 'CON-CC060', 'CONDUIT', 'sector_01', 'ON_SERVICE', NULL, NULL, NULL, 'D', NULL, 'dma_01', 'SOIL NO DATA', 'NO CATEGORY DATA', 'NO FLUID DATA', 'NO LOCATION DATA', 'WORK NO DATA', 'BUILDER NO DATA', NULL, 'OWNER NO DATA', '10230C', NULL, NULL, NULL, NULL, NULL, NULL, NULL, 'TO REVIEW', '0102000020E7640000020000009A9999998593194114AE4711827551414C3789C16693194114AE474178755141');
INSERT INTO SCHEMA_NAME.arc VALUES ('A229', 'N61', 'N62', 2.000, 1.740, 'CONDUIT', 'CON-CC060', 'CONDUIT', 'sector_01', 'ON_SERVICE', NULL, NULL, NULL, 'D', NULL, 'dma_01', 'SOIL NO DATA', 'NO CATEGORY DATA', 'NO FLUID DATA', 'NO LOCATION DATA', 'WORK NO DATA', 'BUILDER NO DATA', NULL, 'OWNER NO DATA', '10230C', NULL, NULL, NULL, NULL, NULL, NULL, NULL, 'TO REVIEW', '0102000020E7640000020000004C3789C16693194114AE47417875514121B072E84793194114AE47716E755141');
INSERT INTO SCHEMA_NAME.arc VALUES ('A158', 'N63', 'N64', 1.750, 1.700, 'CONDUIT', 'CON-CC080', 'CONDUIT', 'sector_01', 'ON_SERVICE', NULL, NULL, NULL, 'D', NULL, 'dma_01', 'SOIL NO DATA', 'NO CATEGORY DATA', 'NO FLUID DATA', 'NO LOCATION DATA', 'WORK NO DATA', 'BUILDER NO DATA', NULL, 'OWNER NO DATA', '11000C', NULL, NULL, NULL, NULL, NULL, NULL, NULL, 'TO REVIEW', '0102000020E764000002000000736891EDB3931941333333436375514160E5D0223D941941A4703D8A61755141');
INSERT INTO SCHEMA_NAME.arc VALUES ('A152', 'N33', 'N34', 1.970, 1.930, 'CONDUIT', 'CON-CC060', 'CONDUIT', 'sector_01', 'ON_SERVICE', NULL, NULL, NULL, 'D', NULL, 'dma_01', 'SOIL NO DATA', 'NO CATEGORY DATA', 'NO FLUID DATA', 'NO LOCATION DATA', 'WORK NO DATA', 'BUILDER NO DATA', NULL, 'OWNER NO DATA', '9100C', NULL, NULL, NULL, NULL, NULL, NULL, NULL, 'TO REVIEW', '0102000020E764000002000000C1CAA145869019410000009077755141273108AC829019413D0AD7936D755141');
INSERT INTO SCHEMA_NAME.arc VALUES ('A169', 'N46', 'N34', 1.560, 2.100, 'CONDUIT', 'CON-CC060', 'CONDUIT', 'sector_01', 'ON_SERVICE', NULL, NULL, NULL, 'D', NULL, 'dma_01', 'SOIL NO DATA', 'NO CATEGORY DATA', 'NO FLUID DATA', 'NO LOCATION DATA', 'WORK NO DATA', 'BUILDER NO DATA', NULL, 'OWNER NO DATA', '9100C', NULL, NULL, NULL, NULL, NULL, NULL, NULL, 'TO REVIEW', '0102000020E764000002000000E7FBA9F17D90194152B81E9563755141273108AC829019413D0AD7936D755141');
INSERT INTO SCHEMA_NAME.arc VALUES ('A167', 'N48', 'N47', 2.500, 1.970, 'CONDUIT', 'CON-CC040', 'CONDUIT', 'sector_01', 'ON_SERVICE', NULL, NULL, NULL, 'D', NULL, 'dma_01', 'SOIL NO DATA', 'NO CATEGORY DATA', 'NO FLUID DATA', 'NO LOCATION DATA', 'WORK NO DATA', 'BUILDER NO DATA', NULL, 'OWNER NO DATA', '9100C', NULL, NULL, NULL, NULL, NULL, NULL, NULL, 'TO REVIEW', '0102000020E7640000020000006891ED7C74901941713D0A974F755141A8C64B37799019416666669659755141');
INSERT INTO SCHEMA_NAME.arc VALUES ('A168', 'N47', 'N46', 1.970, 1.560, 'CONDUIT', 'CON-CC060', 'CONDUIT', 'sector_01', 'ON_SERVICE', NULL, NULL, NULL, 'D', NULL, 'dma_01', 'SOIL NO DATA', 'NO CATEGORY DATA', 'NO FLUID DATA', 'NO LOCATION DATA', 'WORK NO DATA', 'BUILDER NO DATA', NULL, 'OWNER NO DATA', '9100C', NULL, NULL, NULL, NULL, NULL, NULL, NULL, 'TO REVIEW', '0102000020E764000002000000A8C64B37799019416666669659755141E7FBA9F17D90194152B81E9563755141');
INSERT INTO SCHEMA_NAME.arc VALUES ('A153', 'N34', 'N51', 1.930, 1.980, 'CONDUIT', 'CON-CC060', 'CONDUIT', 'sector_01', 'ON_SERVICE', NULL, NULL, NULL, 'D', NULL, 'dma_01', 'SOIL NO DATA', 'NO CATEGORY DATA', 'NO FLUID DATA', 'NO LOCATION DATA', 'WORK NO DATA', 'BUILDER NO DATA', NULL, 'OWNER NO DATA', '11000C', NULL, NULL, NULL, NULL, NULL, NULL, NULL, 'TO REVIEW', '0102000020E764000002000000273108AC829019413D0AD7936D755141666666E633911941C3F5289C6B755141');
INSERT INTO SCHEMA_NAME.arc VALUES ('A170', 'N50', 'N65', 2.460, 2.140, 'CONDUIT', 'CON-CC040', 'CONDUIT', 'sector_01', 'ON_SERVICE', NULL, NULL, NULL, 'D', NULL, 'dma_01', 'SOIL NO DATA', 'NO CATEGORY DATA', 'NO FLUID DATA', 'NO LOCATION DATA', 'WORK NO DATA', 'BUILDER NO DATA', NULL, 'OWNER NO DATA', '9100C', NULL, NULL, NULL, NULL, NULL, NULL, NULL, 'TO REVIEW', '0102000020E7640000020000001F85EBD191901941333333533A755141C74B3789179119415C8FC2D534755141');
INSERT INTO SCHEMA_NAME.arc VALUES ('A171', 'N65', 'N66', 2.140, 2.130, 'CONDUIT', 'CON-CC040', 'CONDUIT', 'sector_01', 'ON_SERVICE', NULL, NULL, NULL, 'D', NULL, 'dma_01', 'SOIL NO DATA', 'NO CATEGORY DATA', 'NO FLUID DATA', 'NO LOCATION DATA', 'WORK NO DATA', 'BUILDER NO DATA', NULL, 'OWNER NO DATA', '9100C', NULL, NULL, NULL, NULL, NULL, NULL, NULL, 'TO REVIEW', '0102000020E764000002000000C74B3789179119415C8FC2D5347551414C3789419D9119417B14AE572F755141');
INSERT INTO SCHEMA_NAME.arc VALUES ('A200', 'N67', 'N68', 1.920, 1.720, 'CONDUIT', 'CON-CC040', 'CONDUIT', 'sector_01', 'ON_SERVICE', NULL, NULL, NULL, 'D', NULL, 'dma_01', 'SOIL NO DATA', 'NO CATEGORY DATA', 'NO FLUID DATA', 'NO LOCATION DATA', 'WORK NO DATA', 'BUILDER NO DATA', NULL, 'OWNER NO DATA', '10100C', NULL, NULL, NULL, NULL, NULL, NULL, NULL, 'TO REVIEW', '0102000020E764000002000000643BDF4F1B9219411F85EB414E7551410C022B07C392194114AE477147755141');
INSERT INTO SCHEMA_NAME.arc VALUES ('A199', 'N69', 'N67', 2.180, 1.920, 'CONDUIT', 'CON-CC040', 'CONDUIT', 'sector_01', 'ON_SERVICE', NULL, NULL, NULL, 'D', NULL, 'dma_01', 'SOIL NO DATA', 'NO CATEGORY DATA', 'NO FLUID DATA', 'NO LOCATION DATA', 'WORK NO DATA', 'BUILDER NO DATA', NULL, 'OWNER NO DATA', '10100C', NULL, NULL, NULL, NULL, NULL, NULL, NULL, 'TO REVIEW', '0102000020E764000002000000D34D6210759119413D0AD73355755141643BDF4F1B9219411F85EB414E755141');
INSERT INTO SCHEMA_NAME.arc VALUES ('A198', 'N70', 'N69', 2.130, 2.180, 'CONDUIT', 'CON-CC040', 'CONDUIT', 'sector_01', 'ON_SERVICE', NULL, NULL, NULL, 'D', NULL, 'dma_01', 'SOIL NO DATA', 'NO CATEGORY DATA', 'NO FLUID DATA', 'NO LOCATION DATA', 'WORK NO DATA', 'BUILDER NO DATA', NULL, 'OWNER NO DATA', '10100C', NULL, NULL, NULL, NULL, NULL, NULL, NULL, 'TO REVIEW', '0102000020E764000002000000A01A2FDDCE9019417B14AE275C755141D34D6210759119413D0AD73355755141');
INSERT INTO SCHEMA_NAME.arc VALUES ('A227', 'N58', 'N59', 1.760, 1.700, 'CONDUIT', 'CON-CC060', 'CONDUIT', 'sector_01', 'ON_SERVICE', NULL, NULL, NULL, 'D', NULL, 'dma_01', 'SOIL NO DATA', 'NO CATEGORY DATA', 'NO FLUID DATA', 'NO LOCATION DATA', 'WORK NO DATA', 'BUILDER NO DATA', NULL, 'OWNER NO DATA', '10220C', NULL, NULL, NULL, NULL, NULL, NULL, NULL, 'TO REVIEW', '0102000020E764000002000000BE9F1A2F0293194148E17A04847551419A9999998593194114AE471182755141');
INSERT INTO SCHEMA_NAME.arc VALUES ('A215', 'N73', 'N68', 1.500, 1.720, 'CONDUIT', 'CON-CC040', 'CONDUIT', 'sector_01', 'ON_SERVICE', NULL, NULL, NULL, 'D', NULL, 'dma_01', 'SOIL NO DATA', 'NO CATEGORY DATA', 'NO FLUID DATA', 'NO LOCATION DATA', 'WORK NO DATA', 'BUILDER NO DATA', NULL, 'OWNER NO DATA', '9110C', NULL, NULL, NULL, NULL, NULL, NULL, NULL, 'TO REVIEW', '0102000020E764000002000000448B6C6758921941E17A14DE3C7551410C022B07C392194114AE477147755141');
INSERT INTO SCHEMA_NAME.arc VALUES ('A214', 'N74', 'N73', 1.000, 1.500, 'CONDUIT', 'PVC-CC040', 'CONDUIT', 'sector_01', 'ON_SERVICE', NULL, NULL, NULL, 'D', NULL, 'dma_01', 'SOIL NO DATA', 'NO CATEGORY DATA', 'NO FLUID DATA', 'NO LOCATION DATA', 'WORK NO DATA', 'BUILDER NO DATA', NULL, 'OWNER NO DATA', '9110C', NULL, NULL, NULL, NULL, NULL, NULL, NULL, 'TO REVIEW', '0102000020E764000002000000D34D6210EA91194114AE477132755141448B6C6758921941E17A14DE3C755141');
INSERT INTO SCHEMA_NAME.arc VALUES ('A195', 'N108', 'N107', 1.500, 1.550, 'CONDUIT', 'CON-CC060', 'CONDUIT', 'sector_01', 'ON_SERVICE', NULL, NULL, NULL, 'D', NULL, 'dma_01', 'SOIL NO DATA', 'NO CATEGORY DATA', 'NO FLUID DATA', 'NO LOCATION DATA', 'WORK NO DATA', 'BUILDER NO DATA', NULL, 'OWNER NO DATA', '10240C', NULL, NULL, NULL, NULL, NULL, NULL, NULL, 'TO REVIEW', '0102000020E764000002000000BA490C82189819419A9999393C7551419EEFA74690981941AE47E1DA42755141');
INSERT INTO SCHEMA_NAME.arc VALUES ('A232', 'N233', 'N110', 1.950, 1.440, 'CONDUIT', 'CON-CC040', 'CONDUIT', 'sector_01', 'ON_SERVICE', NULL, NULL, NULL, 'D', NULL, 'dma_01', 'SOIL NO DATA', 'NO CATEGORY DATA', 'NO FLUID DATA', 'NO LOCATION DATA', 'WORK NO DATA', 'BUILDER NO DATA', NULL, 'OWNER NO DATA', '10240C', NULL, NULL, NULL, NULL, NULL, NULL, NULL, 'TO REVIEW', '0102000020E764000002000000E926318879961941713D0A072D755141D9CEF7531897194114AE47412E755141');
INSERT INTO SCHEMA_NAME.arc VALUES ('A139', 'N117', 'N118', 1.900, 1.910, 'CONDUIT', 'CON-CC040', 'CONDUIT', 'sector_01', 'ON_SERVICE', NULL, NULL, NULL, 'D', NULL, 'dma_01', 'SOIL NO DATA', 'NO CATEGORY DATA', 'NO FLUID DATA', 'NO LOCATION DATA', 'WORK NO DATA', 'BUILDER NO DATA', NULL, 'OWNER NO DATA', '10000C', NULL, NULL, NULL, NULL, NULL, NULL, NULL, 'TO REVIEW', '0102000020E764000002000000E5D022DBE2941941EC51B83E89755141E9263108689519413D0AD7B383755141');
INSERT INTO SCHEMA_NAME.arc VALUES ('A140', 'N118', 'N119', 1.910, 1.920, 'CONDUIT', 'CON-CC060', 'CONDUIT', 'sector_01', 'ON_SERVICE', NULL, NULL, NULL, 'D', NULL, 'dma_01', 'SOIL NO DATA', 'NO CATEGORY DATA', 'NO FLUID DATA', 'NO LOCATION DATA', 'WORK NO DATA', 'BUILDER NO DATA', NULL, 'OWNER NO DATA', '10000C', NULL, NULL, NULL, NULL, NULL, NULL, NULL, 'TO REVIEW', '0102000020E764000002000000E9263108689519413D0AD7B38375514110583934ED9519418FC2F5287E755141');
INSERT INTO SCHEMA_NAME.arc VALUES ('A141', 'N119', 'N120', 1.920, 1.710, 'CONDUIT', 'CON-CC060', 'CONDUIT', 'sector_01', 'ON_SERVICE', NULL, NULL, NULL, 'D', NULL, 'dma_01', 'SOIL NO DATA', 'NO CATEGORY DATA', 'NO FLUID DATA', 'NO LOCATION DATA', 'WORK NO DATA', 'BUILDER NO DATA', NULL, 'OWNER NO DATA', '10000C', NULL, NULL, NULL, NULL, NULL, NULL, NULL, 'TO REVIEW', '0102000020E76400000200000010583934ED9519418FC2F5287E7551413789416072961941E17A149E78755141');
INSERT INTO SCHEMA_NAME.arc VALUES ('A142', 'N120', 'N121', 1.710, 1.700, 'CONDUIT', 'CON-CC060', 'CONDUIT', 'sector_01', 'ON_SERVICE', NULL, NULL, NULL, 'D', NULL, 'dma_01', 'SOIL NO DATA', 'NO CATEGORY DATA', 'NO FLUID DATA', 'NO LOCATION DATA', 'WORK NO DATA', 'BUILDER NO DATA', NULL, 'OWNER NO DATA', '10000C', NULL, NULL, NULL, NULL, NULL, NULL, NULL, 'TO REVIEW', '0102000020E7640000020000003789416072961941E17A149E787551415EBA498CF79619413333331373755141');
INSERT INTO SCHEMA_NAME.arc VALUES ('A182', 'N126', 'N127', 2.020, 2.050, 'CONDUIT', 'CON-CC080', 'CONDUIT', 'sector_01', 'ON_SERVICE', NULL, NULL, NULL, 'D', NULL, 'dma_01', 'SOIL NO DATA', 'NO CATEGORY DATA', 'NO FLUID DATA', 'NO LOCATION DATA', 'WORK NO DATA', 'BUILDER NO DATA', NULL, 'OWNER NO DATA', '9150C', NULL, NULL, NULL, NULL, NULL, NULL, NULL, 'TO REVIEW', '0102000020E764000002000000E3A59BC497971941666666A60E755141EE7C3F3510981941B81E853B15755141');
INSERT INTO SCHEMA_NAME.arc VALUES ('A183', 'N127', 'N128', 2.050, 1.900, 'CONDUIT', 'CON-CC080', 'CONDUIT', 'sector_01', 'ON_SERVICE', NULL, NULL, NULL, 'D', NULL, 'dma_01', 'SOIL NO DATA', 'NO CATEGORY DATA', 'NO FLUID DATA', 'NO LOCATION DATA', 'WORK NO DATA', 'BUILDER NO DATA', NULL, 'OWNER NO DATA', '9150C', NULL, NULL, NULL, NULL, NULL, NULL, NULL, 'TO REVIEW', '0102000020E764000002000000EE7C3F3510981941B81E853B1575514146B6F3FD87981941CDCCCCDC1B755141');
INSERT INTO SCHEMA_NAME.arc VALUES ('A184', 'N128', 'N129', 1.900, 1.900, 'CONDUIT', 'CON-CC080', 'CONDUIT', 'sector_01', 'ON_SERVICE', NULL, NULL, NULL, 'D', NULL, 'dma_01', 'SOIL NO DATA', 'NO CATEGORY DATA', 'NO FLUID DATA', 'NO LOCATION DATA', 'WORK NO DATA', 'BUILDER NO DATA', NULL, 'OWNER NO DATA', '9150C', NULL, NULL, NULL, NULL, NULL, NULL, NULL, 'TO REVIEW', '0102000020E76400000200000046B6F3FD87981941CDCCCCDC1B755141FA7E6ABCFF981941EC51B87E22755141');
INSERT INTO SCHEMA_NAME.arc VALUES ('A185', 'N129', 'N130', 1.900, 1.920, 'CONDUIT', 'CON-CC080', 'CONDUIT', 'sector_01', 'ON_SERVICE', NULL, NULL, NULL, 'D', NULL, 'dma_01', 'SOIL NO DATA', 'NO CATEGORY DATA', 'NO FLUID DATA', 'NO LOCATION DATA', 'WORK NO DATA', 'BUILDER NO DATA', NULL, 'OWNER NO DATA', '9150C', NULL, NULL, NULL, NULL, NULL, NULL, NULL, 'TO REVIEW', '0102000020E764000002000000FA7E6ABCFF981941EC51B87E2275514133333333799919410AD7A30029755141');
INSERT INTO SCHEMA_NAME.arc VALUES ('A186', 'N130', 'N131', 1.920, 1.750, 'CONDUIT', 'CON-CC100', 'CONDUIT', 'sector_01', 'ON_SERVICE', NULL, NULL, NULL, 'D', NULL, 'dma_01', 'SOIL NO DATA', 'NO CATEGORY DATA', 'NO FLUID DATA', 'NO LOCATION DATA', 'WORK NO DATA', 'BUILDER NO DATA', NULL, 'OWNER NO DATA', '9150C', NULL, NULL, NULL, NULL, NULL, NULL, NULL, 'TO REVIEW', '0102000020E76400000200000033333333799919410AD7A30029755141378941E0F09919413D0AD7A32F755141');
INSERT INTO SCHEMA_NAME.arc VALUES ('A187', 'N131', 'N132', 1.750, 1.790, 'CONDUIT', 'CON-CC100', 'CONDUIT', 'sector_01', 'ON_SERVICE', NULL, NULL, NULL, 'D', NULL, 'dma_01', 'SOIL NO DATA', 'NO CATEGORY DATA', 'NO FLUID DATA', 'NO LOCATION DATA', 'WORK NO DATA', 'BUILDER NO DATA', NULL, 'OWNER NO DATA', '9150C', NULL, NULL, NULL, NULL, NULL, NULL, NULL, 'TO REVIEW', '0102000020E764000002000000378941E0F09919413D0AD7A32F755141F853E3A5789A1941713D0A0737755141');
INSERT INTO SCHEMA_NAME.arc VALUES ('A179', 'N94', 'N95', 1.770, 1.760, 'CONDUIT', 'CON-CC060', 'CONDUIT', 'sector_01', 'ON_SERVICE', NULL, NULL, NULL, 'D', NULL, 'dma_01', 'SOIL NO DATA', 'NO CATEGORY DATA', 'NO FLUID DATA', 'NO LOCATION DATA', 'WORK NO DATA', 'BUILDER NO DATA', NULL, 'OWNER NO DATA', '9150C', NULL, NULL, NULL, NULL, NULL, NULL, NULL, 'TO REVIEW', '0102000020E764000002000000D578E926FB9519417B14AE67FD7451411904560E9B961941B81E858B02755141');
INSERT INTO SCHEMA_NAME.arc VALUES ('A192', 'N96', 'N95', 1.490, 1.760, 'CONDUIT', 'CON-CC040', 'CONDUIT', 'sector_01', 'ON_SERVICE', NULL, NULL, NULL, 'D', NULL, 'dma_01', 'SOIL NO DATA', 'NO CATEGORY DATA', 'NO FLUID DATA', 'NO LOCATION DATA', 'WORK NO DATA', 'BUILDER NO DATA', NULL, 'OWNER NO DATA', '11011C', NULL, NULL, NULL, NULL, NULL, NULL, NULL, 'TO REVIEW', '0102000020E76400000200000054E3A51B01961941713D0A17067551411904560E9B961941B81E858B02755141');
INSERT INTO SCHEMA_NAME.arc VALUES ('A191', 'N97', 'N96', 1.570, 1.490, 'CONDUIT', 'CON-CC040', 'CONDUIT', 'sector_01', 'ON_SERVICE', NULL, NULL, NULL, 'D', NULL, 'dma_01', 'SOIL NO DATA', 'NO CATEGORY DATA', 'NO FLUID DATA', 'NO LOCATION DATA', 'WORK NO DATA', 'BUILDER NO DATA', NULL, 'OWNER NO DATA', '11011C', NULL, NULL, NULL, NULL, NULL, NULL, NULL, 'TO REVIEW', '0102000020E764000002000000BC7493980A961941333333931275514154E3A51B01961941713D0A1706755141');
INSERT INTO SCHEMA_NAME.arc VALUES ('A190', 'N98', 'N97', 1.510, 1.570, 'CONDUIT', 'PVC-CC040', 'CONDUIT', 'sector_01', 'ON_SERVICE', NULL, NULL, NULL, 'D', NULL, 'dma_01', 'SOIL NO DATA', 'NO CATEGORY DATA', 'NO FLUID DATA', 'NO LOCATION DATA', 'WORK NO DATA', 'BUILDER NO DATA', NULL, 'OWNER NO DATA', '11011C', NULL, NULL, NULL, NULL, NULL, NULL, NULL, 'TO REVIEW', '0102000020E7640000020000009EEFA7C61096194114AE47911C755141BC7493980A9619413333339312755141');
INSERT INTO SCHEMA_NAME.arc VALUES ('A189', 'N99', 'N98', 1.400, 1.800, 'CONDUIT', 'CON-CC040', 'CONDUIT', 'sector_01', 'ON_SERVICE', NULL, NULL, NULL, 'D', NULL, 'dma_01', 'SOIL NO DATA', 'NO CATEGORY DATA', 'NO FLUID DATA', 'NO LOCATION DATA', 'WORK NO DATA', 'BUILDER NO DATA', NULL, 'OWNER NO DATA', '11011C', NULL, NULL, NULL, NULL, NULL, NULL, NULL, 'TO REVIEW', '0102000020E764000002000000B81E856B18961941EC51B88E267551419EEFA7C61096194114AE47911C755141');
INSERT INTO SCHEMA_NAME.arc VALUES ('A204', 'N89', 'N88', 1.710, 1.780, 'CONDUIT', 'CON-CC060', 'CONDUIT', 'sector_01', 'ON_SERVICE', NULL, NULL, NULL, 'D', NULL, 'dma_01', 'SOIL NO DATA', 'NO CATEGORY DATA', 'NO FLUID DATA', 'NO LOCATION DATA', 'WORK NO DATA', 'BUILDER NO DATA', NULL, 'OWNER NO DATA', '10100C', NULL, NULL, NULL, NULL, NULL, NULL, NULL, 'TO REVIEW', '0102000020E764000002000000273108ACA095194114AE47713A755141E926318828961941EC51B80E3A755141');
INSERT INTO SCHEMA_NAME.arc VALUES ('A181', 'N100', 'N126', 2.160, 2.020, 'CONDUIT', 'CON-CC080', 'CONDUIT', 'sector_01', 'ON_SERVICE', NULL, NULL, NULL, 'D', NULL, 'dma_01', 'SOIL NO DATA', 'NO CATEGORY DATA', 'NO FLUID DATA', 'NO LOCATION DATA', 'WORK NO DATA', 'BUILDER NO DATA', NULL, 'OWNER NO DATA', '9150C', NULL, NULL, NULL, NULL, NULL, NULL, NULL, 'TO REVIEW', '0102000020E764000002000000F0A7C64B21971941D7A370ED07755141E3A59BC497971941666666A60E755141');
INSERT INTO SCHEMA_NAME.arc VALUES ('A180', 'N95', 'N100', 1.760, 2.160, 'CONDUIT', 'CON-CC080', 'CONDUIT', 'sector_01', 'ON_SERVICE', NULL, NULL, NULL, 'D', NULL, 'dma_01', 'SOIL NO DATA', 'NO CATEGORY DATA', 'NO FLUID DATA', 'NO LOCATION DATA', 'WORK NO DATA', 'BUILDER NO DATA', NULL, 'OWNER NO DATA', '9150C', NULL, NULL, NULL, NULL, NULL, NULL, NULL, 'TO REVIEW', '0102000020E7640000020000001904560E9B961941B81E858B02755141F0A7C64B21971941D7A370ED07755141');
INSERT INTO SCHEMA_NAME.arc VALUES ('A188', 'N132', 'N123', 1.790, 3.000, 'CONDUIT', 'CON-CC100', 'CONDUIT', 'sector_01', 'ON_SERVICE', NULL, NULL, NULL, 'D', NULL, 'dma_01', 'SOIL NO DATA', 'NO CATEGORY DATA', 'NO FLUID DATA', 'NO LOCATION DATA', 'WORK NO DATA', 'BUILDER NO DATA', NULL, 'OWNER NO DATA', '9150C', NULL, NULL, NULL, NULL, NULL, NULL, NULL, 'TO REVIEW', '0102000020E764000002000000F853E3A5789A1941713D0A0737755141355EBA49079B1941713D0AD73E755141');
INSERT INTO SCHEMA_NAME.arc VALUES ('A148', 'N125', 'N123', 2.540, 2.900, 'CONDUIT', 'CON-RC150', 'CONDUIT', 'sector_01', 'ON_SERVICE', NULL, NULL, NULL, 'D', NULL, 'dma_01', 'SOIL NO DATA', 'NO CATEGORY DATA', 'NO FLUID DATA', 'NO LOCATION DATA', 'WORK NO DATA', 'BUILDER NO DATA', NULL, 'OWNER NO DATA', '10000C', NULL, NULL, NULL, NULL, NULL, NULL, NULL, 'TO REVIEW', '0102000020E7640000020000009CC420B07E9A19416666664645755141355EBA49079B1941713D0AD73E755141');
INSERT INTO SCHEMA_NAME.arc VALUES ('A210', 'N84', 'N83', 1.550, 1.450, 'CONDUIT', 'CON-CC040', 'CONDUIT', 'sector_01', 'ON_SERVICE', NULL, NULL, NULL, 'D', NULL, 'dma_01', 'SOIL NO DATA', 'NO CATEGORY DATA', 'NO FLUID DATA', 'NO LOCATION DATA', 'WORK NO DATA', 'BUILDER NO DATA', NULL, 'OWNER NO DATA', '10120C', NULL, NULL, NULL, NULL, NULL, NULL, NULL, 'TO REVIEW', '0102000020E7640000020000000681954393941941F6285C2F4C755141B4C876BEB4941941666666F655755141');
INSERT INTO SCHEMA_NAME.arc VALUES ('A209', 'N85', 'N84', 1.580, 1.550, 'CONDUIT', 'CON-CC040', 'CONDUIT', 'sector_01', 'ON_SERVICE', NULL, NULL, NULL, 'D', NULL, 'dma_01', 'SOIL NO DATA', 'NO CATEGORY DATA', 'NO FLUID DATA', 'NO LOCATION DATA', 'WORK NO DATA', 'BUILDER NO DATA', NULL, 'OWNER NO DATA', '10120C', NULL, NULL, NULL, NULL, NULL, NULL, NULL, 'TO REVIEW', '0102000020E764000002000000448B6CE772941941F6285C5F427551410681954393941941F6285C2F4C755141');
INSERT INTO SCHEMA_NAME.arc VALUES ('N244', 'N238', 'N239', 3.000, 2.950, 'CONDUIT', 'PVC-CC060', 'CONDUIT', 'sector_01', 'ON_SERVICE', NULL, NULL, NULL, 'D', NULL, 'dma_01', 'SOIL NO DATA', 'NO CATEGORY DATA', 'NO FLUID DATA', 'NO LOCATION DATA', 'WORK NO DATA', 'BUILDER NO DATA', NULL, 'OWNER NO DATA', '10000C', NULL, NULL, NULL, NULL, NULL, NULL, NULL, 'TO REVIEW', '0102000020E764000002000000F28216DC8F9C194148D4A19F34755141DE1F148CC49C19412135B3BE2D755141');
INSERT INTO SCHEMA_NAME.arc VALUES ('A242', 'N237', 'N239', 2.800, 3.150, 'CONDUIT', 'CON-RC200', 'CONDUIT', 'sector_01', 'ON_SERVICE', NULL, NULL, NULL, 'D', NULL, 'dma_01', 'SOIL NO DATA', 'NO CATEGORY DATA', 'NO FLUID DATA', 'NO LOCATION DATA', 'WORK NO DATA', 'BUILDER NO DATA', NULL, 'OWNER NO DATA', '10000C', NULL, NULL, NULL, NULL, NULL, NULL, NULL, 'TO REVIEW', '0102000020E76400000200000040CF5EE0369C1941973AF72833755141DE1F148CC49C19412135B3BE2D755141');
INSERT INTO SCHEMA_NAME.arc VALUES ('A237', 'N121', 'N122', 1.700, 1.720, 'CONDUIT', 'CON-CC080', 'CONDUIT', 'sector_01', 'ON_SERVICE', NULL, NULL, NULL, 'D', NULL, 'dma_01', 'SOIL NO DATA', 'NO CATEGORY DATA', 'NO FLUID DATA', 'NO LOCATION DATA', 'WORK NO DATA', 'BUILDER NO DATA', NULL, 'OWNER NO DATA', '10000C', NULL, NULL, NULL, NULL, NULL, NULL, NULL, 'TO REVIEW', '0102000020E7640000050000005EBA498CF796194133333313737551419521F4667B971941E09CB0E16C7551417CA46FD0A6971941FDCF35B06A755141FAA038D6D2971941383ED42A68755141D34D62100198194185EB516865755141');
INSERT INTO SCHEMA_NAME.arc VALUES ('A143', 'N122', 'N43', 1.720, 1.730, 'CONDUIT', 'CON-CC080', 'CONDUIT', 'sector_01', 'ON_SERVICE', NULL, NULL, NULL, 'D', NULL, 'dma_01', 'SOIL NO DATA', 'NO CATEGORY DATA', 'NO FLUID DATA', 'NO LOCATION DATA', 'WORK NO DATA', 'BUILDER NO DATA', NULL, 'OWNER NO DATA', '10000C', NULL, NULL, NULL, NULL, NULL, NULL, NULL, 'TO REVIEW', '0102000020E764000002000000D34D62100198194185EB516865755141FCA9F1D28298194185EB51285E755141');
INSERT INTO SCHEMA_NAME.arc VALUES ('A230', 'N62', 'N36', 1.740, 1.720, 'CONDUIT', 'CON-CC060', 'CONDUIT', 'sector_01', 'ON_SERVICE', NULL, NULL, NULL, 'D', NULL, 'dma_01', 'SOIL NO DATA', 'NO CATEGORY DATA', 'NO FLUID DATA', 'NO LOCATION DATA', 'WORK NO DATA', 'BUILDER NO DATA', NULL, 'OWNER NO DATA', '10230C', NULL, NULL, NULL, NULL, NULL, NULL, NULL, 'TO REVIEW', '0102000020E76400000200000021B072E84793194114AE47716E755141BC7493182B931941CDCCCC1C65755141');
INSERT INTO SCHEMA_NAME.arc VALUES ('A157', 'N36', 'N63', 1.720, 1.750, 'CONDUIT', 'CON-CC060', 'CONDUIT', 'sector_01', 'ON_SERVICE', NULL, NULL, NULL, 'D', NULL, 'dma_01', 'SOIL NO DATA', 'NO CATEGORY DATA', 'NO FLUID DATA', 'NO LOCATION DATA', 'WORK NO DATA', 'BUILDER NO DATA', NULL, 'OWNER NO DATA', '11000C', NULL, NULL, NULL, NULL, NULL, NULL, NULL, 'TO REVIEW', '0102000020E764000002000000BC7493182B931941CDCCCC1C65755141736891EDB39319413333334363755141');
INSERT INTO SCHEMA_NAME.arc VALUES ('A156', 'N35', 'N36', 1.420, 1.720, 'CONDUIT', 'CON-CC060', 'CONDUIT', 'sector_01', 'ON_SERVICE', NULL, NULL, NULL, 'D', NULL, 'dma_01', 'SOIL NO DATA', 'NO CATEGORY DATA', 'NO FLUID DATA', 'NO LOCATION DATA', 'WORK NO DATA', 'BUILDER NO DATA', NULL, 'OWNER NO DATA', '11000C', NULL, NULL, NULL, NULL, NULL, NULL, NULL, 'TO REVIEW', '0102000020E7640000020000003D0AD72396921941AE47E1FA66755141BC7493182B931941CDCCCC1C65755141');
INSERT INTO SCHEMA_NAME.arc VALUES ('A144', 'N43', 'N44', 1.730, 1.900, 'CONDUIT', 'CON-EG150', 'CONDUIT', 'sector_01', 'ON_SERVICE', NULL, NULL, NULL, 'D', NULL, 'dma_01', 'SOIL NO DATA', 'NO CATEGORY DATA', 'NO FLUID DATA', 'NO LOCATION DATA', 'WORK NO DATA', 'BUILDER NO DATA', NULL, 'OWNER NO DATA', '10000C', NULL, NULL, NULL, NULL, NULL, NULL, NULL, 'TO REVIEW', '0102000020E764000002000000FCA9F1D28298194185EB51285E755141DBF97EEAF4981941295C8F1258755141');
INSERT INTO SCHEMA_NAME.arc VALUES ('A196', 'N107', 'N106', 1.550, 1.720, 'CONDUIT', 'CON-CC060', 'CONDUIT', 'sector_01', 'ON_SERVICE', NULL, NULL, NULL, 'D', NULL, 'dma_01', 'SOIL NO DATA', 'NO CATEGORY DATA', 'NO FLUID DATA', 'NO LOCATION DATA', 'WORK NO DATA', 'BUILDER NO DATA', NULL, 'OWNER NO DATA', '10240C', NULL, NULL, NULL, NULL, NULL, NULL, NULL, 'TO REVIEW', '0102000020E7640000020000009EEFA74690981941AE47E1DA42755141EC51B81EF99819418FC2F5684A755141');
INSERT INTO SCHEMA_NAME.arc VALUES ('A159', 'N64', 'N37', 1.700, 1.400, 'CONDUIT', 'CON-CC080', 'CONDUIT', 'sector_01', 'ON_SERVICE', NULL, NULL, NULL, 'D', NULL, 'dma_01', 'SOIL NO DATA', 'NO CATEGORY DATA', 'NO FLUID DATA', 'NO LOCATION DATA', 'WORK NO DATA', 'BUILDER NO DATA', NULL, 'OWNER NO DATA', '11000C', NULL, NULL, NULL, NULL, NULL, NULL, NULL, 'TO REVIEW', '0102000020E76400000200000060E5D0223D941941A4703D8A617551413D0AD7A3D3941941666666C65F755141');
INSERT INTO SCHEMA_NAME.arc VALUES ('A211', 'N83', 'N37', 1.450, 1.400, 'CONDUIT', 'CON-CC040', 'CONDUIT', 'sector_01', 'ON_SERVICE', NULL, NULL, NULL, 'D', NULL, 'dma_01', 'SOIL NO DATA', 'NO CATEGORY DATA', 'NO FLUID DATA', 'NO LOCATION DATA', 'WORK NO DATA', 'BUILDER NO DATA', NULL, 'OWNER NO DATA', '10120C', NULL, NULL, NULL, NULL, NULL, NULL, NULL, 'TO REVIEW', '0102000020E764000002000000B4C876BEB4941941666666F6557551413D0AD7A3D3941941666666C65F755141');
INSERT INTO SCHEMA_NAME.arc VALUES ('A161', 'N38', 'N39', 1.960, 1.740, 'CONDUIT', 'CON-CC080', 'CONDUIT', 'sector_01', 'ON_SERVICE', NULL, NULL, NULL, 'D', NULL, 'dma_01', 'SOIL NO DATA', 'NO CATEGORY DATA', 'NO FLUID DATA', 'NO LOCATION DATA', 'WORK NO DATA', 'BUILDER NO DATA', NULL, 'OWNER NO DATA', '11000C', NULL, NULL, NULL, NULL, NULL, NULL, NULL, 'TO REVIEW', '0102000020E764000002000000A245B6F36E951941A4703DDA5D7551412B87165906961941295C8FF25B755141');
INSERT INTO SCHEMA_NAME.arc VALUES ('A160', 'N37', 'N38', 1.400, 1.960, 'CONDUIT', 'CON-CC080', 'CONDUIT', 'sector_01', 'ON_SERVICE', NULL, NULL, NULL, 'D', NULL, 'dma_01', 'SOIL NO DATA', 'NO CATEGORY DATA', 'NO FLUID DATA', 'NO LOCATION DATA', 'WORK NO DATA', 'BUILDER NO DATA', NULL, 'OWNER NO DATA', '11000C', NULL, NULL, NULL, NULL, NULL, NULL, NULL, 'TO REVIEW', '0102000020E7640000020000003D0AD7A3D3941941666666C65F755141A245B6F36E951941A4703DDA5D755141');
INSERT INTO SCHEMA_NAME.arc VALUES ('A162', 'N39', 'N40', 1.740, 1.460, 'CONDUIT', 'CON-CC080', 'CONDUIT', 'sector_01', 'ON_SERVICE', NULL, NULL, NULL, 'D', NULL, 'dma_01', 'SOIL NO DATA', 'NO CATEGORY DATA', 'NO FLUID DATA', 'NO LOCATION DATA', 'WORK NO DATA', 'BUILDER NO DATA', NULL, 'OWNER NO DATA', '11000C', NULL, NULL, NULL, NULL, NULL, NULL, NULL, 'TO REVIEW', '0102000020E7640000020000002B87165906961941295C8FF25B75514139B4C8F690961941C3F5284C5B755141');
INSERT INTO SCHEMA_NAME.arc VALUES ('A163', 'N40', 'N41', 1.460, 1.710, 'CONDUIT', 'CON-CC100', 'CONDUIT', 'sector_01', 'ON_SERVICE', NULL, NULL, NULL, 'D', NULL, 'dma_01', 'SOIL NO DATA', 'NO CATEGORY DATA', 'NO FLUID DATA', 'NO LOCATION DATA', 'WORK NO DATA', 'BUILDER NO DATA', NULL, 'OWNER NO DATA', '11000C', NULL, NULL, NULL, NULL, NULL, NULL, NULL, 'TO REVIEW', '0102000020E76400000200000039B4C8F690961941C3F5284C5B75514117D9CE77449719411F85EB215C755141');
INSERT INTO SCHEMA_NAME.arc VALUES ('A165', 'N42', 'N43', 1.700, 1.730, 'CONDUIT', 'CON-CC100', 'CONDUIT', 'sector_01', 'ON_SERVICE', NULL, NULL, NULL, 'D', NULL, 'dma_01', 'SOIL NO DATA', 'NO CATEGORY DATA', 'NO FLUID DATA', 'NO LOCATION DATA', 'WORK NO DATA', 'BUILDER NO DATA', NULL, 'OWNER NO DATA', '11000C', NULL, NULL, NULL, NULL, NULL, NULL, NULL, 'TO REVIEW', '0102000020E764000002000000F853E3A5E397194152B81E255D755141FCA9F1D28298194185EB51285E755141');
INSERT INTO SCHEMA_NAME.arc VALUES ('A164', 'N41', 'N42', 1.710, 1.700, 'CONDUIT', 'CON-CC100', 'CONDUIT', 'sector_01', 'ON_SERVICE', NULL, NULL, NULL, 'D', NULL, 'dma_01', 'SOIL NO DATA', 'NO CATEGORY DATA', 'NO FLUID DATA', 'NO LOCATION DATA', 'WORK NO DATA', 'BUILDER NO DATA', NULL, 'OWNER NO DATA', '11000C', NULL, NULL, NULL, NULL, NULL, NULL, NULL, 'TO REVIEW', '0102000020E76400000200000017D9CE77449719411F85EB215C755141F853E3A5E397194152B81E255D755141');
INSERT INTO SCHEMA_NAME.arc VALUES ('A194', 'N109', 'N108', 1.530, 1.500, 'CONDUIT', 'CON-CC040', 'CONDUIT', 'sector_01', 'ON_SERVICE', NULL, NULL, NULL, 'D', NULL, 'dma_01', 'SOIL NO DATA', 'NO CATEGORY DATA', 'NO FLUID DATA', 'NO LOCATION DATA', 'WORK NO DATA', 'BUILDER NO DATA', NULL, 'OWNER NO DATA', '10240C', NULL, NULL, NULL, NULL, NULL, NULL, NULL, 'TO REVIEW', '0102000020E7640000020000003F355EBA9F971941AE47E1AA35755141BA490C82189819419A9999393C755141');
INSERT INTO SCHEMA_NAME.arc VALUES ('A193', 'N110', 'N109', 1.440, 1.530, 'CONDUIT', 'CON-CC040', 'CONDUIT', 'sector_01', 'ON_SERVICE', NULL, NULL, NULL, 'D', NULL, 'dma_01', 'SOIL NO DATA', 'NO CATEGORY DATA', 'NO FLUID DATA', 'NO LOCATION DATA', 'WORK NO DATA', 'BUILDER NO DATA', NULL, 'OWNER NO DATA', '10240C', NULL, NULL, NULL, NULL, NULL, NULL, NULL, 'TO REVIEW', '0102000020E764000002000000D9CEF7531897194114AE47412E7551413F355EBA9F971941AE47E1AA35755141');
INSERT INTO SCHEMA_NAME.arc VALUES ('A133', 'N111', 'N112', 2.450, 2.150, 'CONDUIT', 'CON-CC040', 'CONDUIT', 'sector_01', 'ON_SERVICE', NULL, NULL, NULL, 'D', NULL, 'dma_01', 'SOIL NO DATA', 'NO CATEGORY DATA', 'NO FLUID DATA', 'NO LOCATION DATA', 'WORK NO DATA', 'BUILDER NO DATA', NULL, 'OWNER NO DATA', '10000C', NULL, NULL, NULL, NULL, NULL, NULL, NULL, 'TO REVIEW', '0102000020E7640000020000001F85EBD1C39119410AD7A380AA75514123DBF9FE489219415C8FC2F5A4755141');
INSERT INTO SCHEMA_NAME.arc VALUES ('A172', 'N66', 'N76', 1.870, 2.200, 'CONDUIT', 'CON-CC040', 'CONDUIT', 'sector_01', 'ON_SERVICE', NULL, NULL, NULL, 'D', NULL, 'dma_01', 'SOIL NO DATA', 'NO CATEGORY DATA', 'NO FLUID DATA', 'NO LOCATION DATA', 'WORK NO DATA', 'BUILDER NO DATA', NULL, 'OWNER NO DATA', '9100C', NULL, NULL, NULL, NULL, NULL, NULL, NULL, 'TO REVIEW', '0102000020E7640000020000004C3789419D9119417B14AE572F755141B29DEFA7269219415C8FC28529755141');
INSERT INTO SCHEMA_NAME.arc VALUES ('A218', 'N79', 'N75', 1.700, 1.720, 'CONDUIT', 'CON-CC040', 'CONDUIT', 'sector_01', 'ON_SERVICE', NULL, NULL, NULL, 'D', NULL, 'dma_01', 'SOIL NO DATA', 'NO CATEGORY DATA', 'NO FLUID DATA', 'NO LOCATION DATA', 'WORK NO DATA', 'BUILDER NO DATA', NULL, 'OWNER NO DATA', '10110C', NULL, NULL, NULL, NULL, NULL, NULL, NULL, 'TO REVIEW', '0102000020E7640000020000009CC420302694194166666696207551411283C04AC79319419A99998918755141');
INSERT INTO SCHEMA_NAME.arc VALUES ('A173', 'N76', 'N77', 1.900, 1.900, 'CONDUIT', 'CON-CC040', 'CONDUIT', 'sector_01', 'ON_SERVICE', NULL, NULL, NULL, 'D', NULL, 'dma_01', 'SOIL NO DATA', 'NO CATEGORY DATA', 'NO FLUID DATA', 'NO LOCATION DATA', 'WORK NO DATA', 'BUILDER NO DATA', NULL, 'OWNER NO DATA', '9100C', NULL, NULL, NULL, NULL, NULL, NULL, NULL, 'TO REVIEW', '0102000020E764000002000000B29DEFA7269219415C8FC2852975514125068195AB921941713D0AF723755141');
INSERT INTO SCHEMA_NAME.arc VALUES ('A175', 'N78', 'N75', 1.750, 1.720, 'CONDUIT', 'CON-CC040', 'CONDUIT', 'sector_01', 'ON_SERVICE', NULL, NULL, NULL, 'D', NULL, 'dma_01', 'SOIL NO DATA', 'NO CATEGORY DATA', 'NO FLUID DATA', 'NO LOCATION DATA', 'WORK NO DATA', 'BUILDER NO DATA', NULL, 'OWNER NO DATA', '9100C', NULL, NULL, NULL, NULL, NULL, NULL, NULL, 'TO REVIEW', '0102000020E7640000020000006DE7FB2930931941F6285C5F1E7551411283C04AC79319419A99998918755141');
INSERT INTO SCHEMA_NAME.arc VALUES ('A174', 'N77', 'N78', 1.900, 1.750, 'CONDUIT', 'CON-CC040', 'CONDUIT', 'sector_01', 'ON_SERVICE', NULL, NULL, NULL, 'D', NULL, 'dma_01', 'SOIL NO DATA', 'NO CATEGORY DATA', 'NO FLUID DATA', 'NO LOCATION DATA', 'WORK NO DATA', 'BUILDER NO DATA', NULL, 'OWNER NO DATA', '9100C', NULL, NULL, NULL, NULL, NULL, NULL, NULL, 'TO REVIEW', '0102000020E76400000200000025068195AB921941713D0AF7237551416DE7FB2930931941F6285C5F1E755141');
INSERT INTO SCHEMA_NAME.arc VALUES ('A216', 'N81', 'N80', 1.000, 1.350, 'CONDUIT', 'PVC-CC040', 'CONDUIT', 'sector_01', 'ON_SERVICE', NULL, NULL, NULL, 'D', NULL, 'dma_01', 'SOIL NO DATA', 'NO CATEGORY DATA', 'NO FLUID DATA', 'NO LOCATION DATA', 'WORK NO DATA', 'BUILDER NO DATA', NULL, 'OWNER NO DATA', '10110C', NULL, NULL, NULL, NULL, NULL, NULL, NULL, 'TO REVIEW', '0102000020E764000002000000C520B0F2D69419419A9999693575514146B6F37D96941941B81E85EB2A755141');
INSERT INTO SCHEMA_NAME.arc VALUES ('A217', 'N80', 'N79', 1.350, 1.700, 'CONDUIT', 'CON-CC040', 'CONDUIT', 'sector_01', 'ON_SERVICE', NULL, NULL, NULL, 'D', NULL, 'dma_01', 'SOIL NO DATA', 'NO CATEGORY DATA', 'NO FLUID DATA', 'NO LOCATION DATA', 'WORK NO DATA', 'BUILDER NO DATA', NULL, 'OWNER NO DATA', '10110C', NULL, NULL, NULL, NULL, NULL, NULL, NULL, 'TO REVIEW', '0102000020E76400000200000046B6F37D96941941B81E85EB2A7551419CC42030269419416666669620755141');
INSERT INTO SCHEMA_NAME.arc VALUES ('A176', 'N75', 'N90', 1.720, 2.080, 'CONDUIT', 'CON-CC060', 'CONDUIT', 'sector_01', 'ON_SERVICE', NULL, NULL, NULL, 'D', NULL, 'dma_01', 'SOIL NO DATA', 'NO CATEGORY DATA', 'NO FLUID DATA', 'NO LOCATION DATA', 'WORK NO DATA', 'BUILDER NO DATA', NULL, 'OWNER NO DATA', '9100C', NULL, NULL, NULL, NULL, NULL, NULL, NULL, 'TO REVIEW', '0102000020E7640000020000001283C04AC79319419A999989187551412FDD24862A94194114AE47B110755141');
INSERT INTO SCHEMA_NAME.arc VALUES ('A177', 'N90', 'N91', 2.080, 2.000, 'CONDUIT', 'CON-CC060', 'CONDUIT', 'sector_01', 'ON_SERVICE', NULL, NULL, NULL, 'D', NULL, 'dma_01', 'SOIL NO DATA', 'NO CATEGORY DATA', 'NO FLUID DATA', 'NO LOCATION DATA', 'WORK NO DATA', 'BUILDER NO DATA', NULL, 'OWNER NO DATA', '9100C', NULL, NULL, NULL, NULL, NULL, NULL, NULL, 'TO REVIEW', '0102000020E7640000020000002FDD24862A94194114AE47B110755141DF4F8D9789941941666666A608755141');
INSERT INTO SCHEMA_NAME.arc VALUES ('A239', 'N92', 'N94', 1.980, 1.770, 'CONDUIT', 'CON-CC060', 'CONDUIT', 'sector_01', 'ON_SERVICE', NULL, NULL, NULL, 'D', NULL, 'dma_01', 'SOIL NO DATA', 'NO CATEGORY DATA', 'NO FLUID DATA', 'NO LOCATION DATA', 'WORK NO DATA', 'BUILDER NO DATA', NULL, 'OWNER NO DATA', '9100C', NULL, NULL, NULL, NULL, NULL, NULL, NULL, 'TO REVIEW', '0102000020E7640000070000009A999999EB941941EC51B8BE00755141951BE52A239519417D40619FFC745141FD947A9B3E9519416A41C44BFB74514172746CB46095194120FEC398FA745141BF3F83C78D951941905EB1B0FA745141FC8E5CA5B4951941AACB9453FB745141D578E926FB9519417B14AE67FD745141');
INSERT INTO SCHEMA_NAME.arc VALUES ('A178', 'N91', 'N92', 2.000, 1.980, 'CONDUIT', 'CON-CC060', 'CONDUIT', 'sector_01', 'ON_SERVICE', NULL, NULL, NULL, 'D', NULL, 'dma_01', 'SOIL NO DATA', 'NO CATEGORY DATA', 'NO FLUID DATA', 'NO LOCATION DATA', 'WORK NO DATA', 'BUILDER NO DATA', NULL, 'OWNER NO DATA', '9100C', NULL, NULL, NULL, NULL, NULL, NULL, NULL, 'TO REVIEW', '0102000020E764000002000000DF4F8D9789941941666666A6087551419A999999EB941941EC51B8BE00755141');
INSERT INTO SCHEMA_NAME.arc VALUES ('A134', 'N112', 'N113', 2.150, 2.110, 'CONDUIT', 'CON-CC040', 'CONDUIT', 'sector_01', 'ON_SERVICE', NULL, NULL, NULL, 'D', NULL, 'dma_01', 'SOIL NO DATA', 'NO CATEGORY DATA', 'NO FLUID DATA', 'NO LOCATION DATA', 'WORK NO DATA', 'BUILDER NO DATA', NULL, 'OWNER NO DATA', '10000C', NULL, NULL, NULL, NULL, NULL, NULL, NULL, 'TO REVIEW', '0102000020E76400000200000023DBF9FE489219415C8FC2F5A47551414A0C022BCE921941AE47E16A9F755141');
INSERT INTO SCHEMA_NAME.arc VALUES ('A135', 'N113', 'N114', 2.110, 2.010, 'CONDUIT', 'CON-CC040', 'CONDUIT', 'sector_01', 'ON_SERVICE', NULL, NULL, NULL, 'D', NULL, 'dma_01', 'SOIL NO DATA', 'NO CATEGORY DATA', 'NO FLUID DATA', 'NO LOCATION DATA', 'WORK NO DATA', 'BUILDER NO DATA', NULL, 'OWNER NO DATA', '10000C', NULL, NULL, NULL, NULL, NULL, NULL, NULL, 'TO REVIEW', '0102000020E7640000020000004A0C022BCE921941AE47E16A9F755141713D0A5753931941F6285CDF99755141');
INSERT INTO SCHEMA_NAME.arc VALUES ('A137', 'N115', 'N116', 2.040, 2.010, 'CONDUIT', 'CON-CC040', 'CONDUIT', 'sector_01', 'ON_SERVICE', NULL, NULL, NULL, 'D', NULL, 'dma_01', 'SOIL NO DATA', 'NO CATEGORY DATA', 'NO FLUID DATA', 'NO LOCATION DATA', 'WORK NO DATA', 'BUILDER NO DATA', NULL, 'OWNER NO DATA', '10000C', NULL, NULL, NULL, NULL, NULL, NULL, NULL, 'TO REVIEW', '0102000020E764000002000000986E1283D893194148E17A5494755141BE9F1AAF5D9419419A9999C98E755141');
INSERT INTO SCHEMA_NAME.arc VALUES ('A136', 'N114', 'N115', 2.010, 2.040, 'CONDUIT', 'CON-CC040', 'CONDUIT', 'sector_01', 'ON_SERVICE', NULL, NULL, NULL, 'D', NULL, 'dma_01', 'SOIL NO DATA', 'NO CATEGORY DATA', 'NO FLUID DATA', 'NO LOCATION DATA', 'WORK NO DATA', 'BUILDER NO DATA', NULL, 'OWNER NO DATA', '10000C', NULL, NULL, NULL, NULL, NULL, NULL, NULL, 'TO REVIEW', '0102000020E764000002000000713D0A5753931941F6285CDF99755141986E1283D893194148E17A5494755141');
INSERT INTO SCHEMA_NAME.arc VALUES ('A202', 'N86', 'N87', 1.950, 1.970, 'CONDUIT', 'CON-CC060', 'CONDUIT', 'sector_01', 'ON_SERVICE', NULL, NULL, NULL, 'D', NULL, 'dma_01', 'SOIL NO DATA', 'NO CATEGORY DATA', 'NO FLUID DATA', 'NO LOCATION DATA', 'WORK NO DATA', 'BUILDER NO DATA', NULL, 'OWNER NO DATA', '10100C', NULL, NULL, NULL, NULL, NULL, NULL, NULL, 'TO REVIEW', '0102000020E764000002000000378941607A94194114AE47513C755141BC7493981895194148E17AD43A755141');
INSERT INTO SCHEMA_NAME.arc VALUES ('A203', 'N87', 'N89', 1.970, 1.710, 'CONDUIT', 'CON-CC060', 'CONDUIT', 'sector_01', 'ON_SERVICE', NULL, NULL, NULL, 'D', NULL, 'dma_01', 'SOIL NO DATA', 'NO CATEGORY DATA', 'NO FLUID DATA', 'NO LOCATION DATA', 'WORK NO DATA', 'BUILDER NO DATA', NULL, 'OWNER NO DATA', '10100C', NULL, NULL, NULL, NULL, NULL, NULL, NULL, 'TO REVIEW', '0102000020E764000002000000BC7493981895194148E17AD43A755141273108ACA095194114AE47713A755141');
INSERT INTO SCHEMA_NAME.arc VALUES ('A145', 'N44', 'N45', 1.900, 1.910, 'CONDUIT', 'CON-EG150', 'CONDUIT', 'sector_01', 'ON_SERVICE', NULL, NULL, NULL, 'D', NULL, 'dma_01', 'SOIL NO DATA', 'NO CATEGORY DATA', 'NO FLUID DATA', 'NO LOCATION DATA', 'WORK NO DATA', 'BUILDER NO DATA', NULL, 'OWNER NO DATA', '10000C', NULL, NULL, NULL, NULL, NULL, NULL, NULL, 'TO REVIEW', '0102000020E764000002000000DBF97EEAF4981941295C8F1258755141FCA9F1526699194185EB51B851755141');
INSERT INTO SCHEMA_NAME.arc VALUES ('A197', 'N106', 'N45', 1.720, 1.910, 'CONDUIT', 'CON-CC060', 'CONDUIT', 'sector_01', 'ON_SERVICE', NULL, NULL, NULL, 'D', NULL, 'dma_01', 'SOIL NO DATA', 'NO CATEGORY DATA', 'NO FLUID DATA', 'NO LOCATION DATA', 'WORK NO DATA', 'BUILDER NO DATA', NULL, 'OWNER NO DATA', '10240C', NULL, NULL, NULL, NULL, NULL, NULL, NULL, 'TO REVIEW', '0102000020E764000002000000EC51B81EF99819418FC2F5684A755141FCA9F1526699194185EB51B851755141');
INSERT INTO SCHEMA_NAME.arc VALUES ('A213', 'N71', 'N35', 1.730, 1.420, 'CONDUIT', 'CON-CC040', 'CONDUIT', 'sector_01', 'ON_SERVICE', NULL, NULL, NULL, 'D', NULL, 'dma_01', 'SOIL NO DATA', 'NO CATEGORY DATA', 'NO FLUID DATA', 'NO LOCATION DATA', 'WORK NO DATA', 'BUILDER NO DATA', NULL, 'OWNER NO DATA', '9120C', NULL, NULL, NULL, NULL, NULL, NULL, NULL, 'TO REVIEW', '0102000020E7640000020000007368916D76921941E17A142E5D7551413D0AD72396921941AE47E1FA66755141');
INSERT INTO SCHEMA_NAME.arc VALUES ('A212', 'N72', 'N71', 1.710, 1.730, 'CONDUIT', 'CON-CC040', 'CONDUIT', 'sector_01', 'ON_SERVICE', NULL, NULL, NULL, 'D', NULL, 'dma_01', 'SOIL NO DATA', 'NO CATEGORY DATA', 'NO FLUID DATA', 'NO LOCATION DATA', 'WORK NO DATA', 'BUILDER NO DATA', NULL, 'OWNER NO DATA', '9120C', NULL, NULL, NULL, NULL, NULL, NULL, NULL, 'TO REVIEW', '0102000020E764000002000000F853E3A54E921941E17A14EE507551417368916D76921941E17A142E5D755141');
INSERT INTO SCHEMA_NAME.arc VALUES ('A222', 'N56', 'N55', 1.770, 1.720, 'CONDUIT', 'CON-CC040', 'CONDUIT', 'sector_01', 'ON_SERVICE', NULL, NULL, NULL, 'D', NULL, 'dma_01', 'SOIL NO DATA', 'NO CATEGORY DATA', 'NO FLUID DATA', 'NO LOCATION DATA', 'WORK NO DATA', 'BUILDER NO DATA', NULL, 'OWNER NO DATA', '10222C', NULL, NULL, NULL, NULL, NULL, NULL, NULL, 'TO REVIEW', '0102000020E764000002000000560E2DB28C92194114AE47019B7551417B14AEC729921941000000A091755141');
INSERT INTO SCHEMA_NAME.arc VALUES ('A154', 'N51', 'N52', 1.980, 1.700, 'CONDUIT', 'CON-CC060', 'CONDUIT', 'sector_01', 'ON_SERVICE', NULL, NULL, NULL, 'D', NULL, 'dma_01', 'SOIL NO DATA', 'NO CATEGORY DATA', 'NO FLUID DATA', 'NO LOCATION DATA', 'WORK NO DATA', 'BUILDER NO DATA', NULL, 'OWNER NO DATA', '11000C', NULL, NULL, NULL, NULL, NULL, NULL, NULL, 'TO REVIEW', '0102000020E764000002000000666666E633911941C3F5289C6B755141E17A142EE49119419A99994969755141');
INSERT INTO SCHEMA_NAME.arc VALUES ('A155', 'N52', 'N35', 1.700, 1.420, 'CONDUIT', 'CON-CC060', 'CONDUIT', 'sector_01', 'ON_SERVICE', NULL, NULL, NULL, 'D', NULL, 'dma_01', 'SOIL NO DATA', 'NO CATEGORY DATA', 'NO FLUID DATA', 'NO LOCATION DATA', 'WORK NO DATA', 'BUILDER NO DATA', NULL, 'OWNER NO DATA', '11000C', NULL, NULL, NULL, NULL, NULL, NULL, NULL, 'TO REVIEW', '0102000020E764000002000000E17A142EE49119419A999949697551413D0AD72396921941AE47E1FA66755141');
INSERT INTO SCHEMA_NAME.arc VALUES ('A224', 'N53', 'N54', 1.970, 1.420, 'CONDUIT', 'CON-CC040', 'CONDUIT', 'sector_01', 'ON_SERVICE', NULL, NULL, NULL, 'D', NULL, 'dma_01', 'SOIL NO DATA', 'NO CATEGORY DATA', 'NO FLUID DATA', 'NO LOCATION DATA', 'WORK NO DATA', 'BUILDER NO DATA', NULL, 'OWNER NO DATA', '10220C', NULL, NULL, NULL, NULL, NULL, NULL, NULL, 'TO REVIEW', '0102000020E76400000200000021B072682B91194185EB51D889755141DF4F8D17C99119416666662688755141');
INSERT INTO SCHEMA_NAME.arc VALUES ('A223', 'N55', 'N54', 1.720, 1.420, 'CONDUIT', 'PVC-CC040', 'CONDUIT', 'sector_01', 'ON_SERVICE', NULL, NULL, NULL, 'D', NULL, 'dma_01', 'SOIL NO DATA', 'NO CATEGORY DATA', 'NO FLUID DATA', 'NO LOCATION DATA', 'WORK NO DATA', 'BUILDER NO DATA', NULL, 'OWNER NO DATA', '10222C', NULL, NULL, NULL, NULL, NULL, NULL, NULL, 'TO REVIEW', '0102000020E7640000020000007B14AEC729921941000000A091755141DF4F8D17C99119416666662688755141');
INSERT INTO SCHEMA_NAME.arc VALUES ('A226', 'N57', 'N58', 1.780, 1.760, 'CONDUIT', 'CON-CC060', 'CONDUIT', 'sector_01', 'ON_SERVICE', NULL, NULL, NULL, 'D', NULL, 'dma_01', 'SOIL NO DATA', 'NO CATEGORY DATA', 'NO FLUID DATA', 'NO LOCATION DATA', 'WORK NO DATA', 'BUILDER NO DATA', NULL, 'OWNER NO DATA', '10220C', NULL, NULL, NULL, NULL, NULL, NULL, NULL, 'TO REVIEW', '0102000020E7640000020000003D0AD7A36592194152B81E1586755141BE9F1A2F0293194148E17A0484755141');
INSERT INTO SCHEMA_NAME.arc VALUES ('A225', 'N54', 'N57', 1.420, 1.780, 'CONDUIT', 'CON-CC060', 'CONDUIT', 'sector_01', 'ON_SERVICE', NULL, NULL, NULL, 'D', NULL, 'dma_01', 'SOIL NO DATA', 'NO CATEGORY DATA', 'NO FLUID DATA', 'NO LOCATION DATA', 'WORK NO DATA', 'BUILDER NO DATA', NULL, 'OWNER NO DATA', '10220C', NULL, NULL, NULL, NULL, NULL, NULL, NULL, 'TO REVIEW', '0102000020E764000002000000DF4F8D17C991194166666626887551413D0AD7A36592194152B81E1586755141');
INSERT INTO SCHEMA_NAME.arc VALUES ('A221', 'N104', 'N40', 1.410, 1.460, 'CONDUIT', 'CON-CC040', 'CONDUIT', 'sector_01', 'ON_SERVICE', NULL, NULL, NULL, 'D', NULL, 'dma_01', 'SOIL NO DATA', 'NO CATEGORY DATA', 'NO FLUID DATA', 'NO LOCATION DATA', 'WORK NO DATA', 'BUILDER NO DATA', NULL, 'OWNER NO DATA', '11011C', NULL, NULL, NULL, NULL, NULL, NULL, NULL, 'TO REVIEW', '0102000020E764000002000000E926318852961941295C8FA26375514139B4C8F690961941C3F5284C5B755141');
INSERT INTO SCHEMA_NAME.arc VALUES ('A220', 'N105', 'N104', 1.560, 1.410, 'CONDUIT', 'CON-CC040', 'CONDUIT', 'sector_01', 'ON_SERVICE', NULL, NULL, NULL, 'D', NULL, 'dma_01', 'SOIL NO DATA', 'NO CATEGORY DATA', 'NO FLUID DATA', 'NO LOCATION DATA', 'WORK NO DATA', 'BUILDER NO DATA', NULL, 'OWNER NO DATA', '11011C', NULL, NULL, NULL, NULL, NULL, NULL, NULL, 'TO REVIEW', '0102000020E764000002000000F4FDD47873961941713D0AF76F755141E926318852961941295C8FA263755141');
INSERT INTO SCHEMA_NAME.arc VALUES ('N245', 'N238', 'N235', 4.500, 1.400, 'PUMP PIPE', 'PVC-PP020', 'CONDUIT', 'sector_01', 'ON_SERVICE', NULL, NULL, NULL, 'I', NULL, 'dma_01', 'SOIL NO DATA', 'NO CATEGORY DATA', 'NO FLUID DATA', 'NO LOCATION DATA', 'WORK NO DATA', 'BUILDER NO DATA', NULL, 'OWNER NO DATA', NULL, NULL, NULL, NULL, NULL, NULL, NULL, NULL, 'TO REVIEW', '0102000020E76400000D000000F28216DC8F9C194148D4A19F34755141AF89C5A12F9C19417ECE429836755141394B78147D9B1941F4CE97E93D755141AF354DF1C99A19412F4564604575514174B8CD50029A1941B4E5E39B4D755141FE39BF87C9991941C8B7D2185075514111C9C6AF22991941EA1A1F3559755141D5BF225590981941AA45274B617551415F0DFA81A8971941256E62FD6D7551417370FCD173971941C22B40C570755141879B5707F3961941FDA6FB5476755141E93E0019A79519418238AE4584755141D6006F5567961941757348E68D755141');
INSERT INTO SCHEMA_NAME.arc VALUES ('A240', 'N235', 'N236', 1.600, 1.800, 'CONDUIT', 'PVC-CC040', 'CONDUIT', 'sector_01', 'ON_SERVICE', NULL, NULL, NULL, 'D', NULL, 'dma_01', 'SOIL NO DATA', 'NO CATEGORY DATA', 'NO FLUID DATA', 'NO LOCATION DATA', 'WORK NO DATA', 'BUILDER NO DATA', NULL, 'OWNER NO DATA', NULL, NULL, NULL, NULL, NULL, NULL, NULL, NULL, 'TO REVIEW', '0102000020E764000002000000D6006F5567961941757348E68D755141DA0B67F5169719413A30EAA496755141');
INSERT INTO SCHEMA_NAME.arc VALUES ('A150', 'N31', 'N32', 2.100, 1.900, 'CONDUIT', 'CON-CC040', 'CONDUIT', 'sector_01', 'ON_SERVICE', NULL, NULL, NULL, 'D', NULL, 'dma_01', 'SOIL NO DATA', 'NO CATEGORY DATA', 'NO FLUID DATA', 'NO LOCATION DATA', 'WORK NO DATA', 'BUILDER NO DATA', NULL, 'OWNER NO DATA', '9100C', NULL, NULL, NULL, NULL, NULL, NULL, NULL, 'TO REVIEW', '0102000020E764000002000000CBA145B68D901941A4703D8A8B755141273108AC8A901941D7A3708D81755141');
INSERT INTO SCHEMA_NAME.arc VALUES ('A151', 'N32', 'N33', 1.900, 1.970, 'CONDUIT', 'CON-CC060', 'CONDUIT', 'sector_01', 'ON_SERVICE', NULL, NULL, NULL, 'D', NULL, 'dma_01', 'SOIL NO DATA', 'NO CATEGORY DATA', 'NO FLUID DATA', 'NO LOCATION DATA', 'WORK NO DATA', 'BUILDER NO DATA', NULL, 'OWNER NO DATA', '9100C', NULL, NULL, NULL, NULL, NULL, NULL, NULL, 'TO REVIEW', '0102000020E764000002000000273108AC8A901941D7A3708D81755141C1CAA145869019410000009077755141');
INSERT INTO SCHEMA_NAME.arc VALUES ('A238', 'N68', 'N82', 1.720, 1.920, 'CONDUIT', 'CON-CC060', 'CONDUIT', 'sector_01', 'ON_SERVICE', NULL, NULL, NULL, 'D', NULL, 'dma_01', 'SOIL NO DATA', 'NO CATEGORY DATA', 'NO FLUID DATA', 'NO LOCATION DATA', 'WORK NO DATA', 'BUILDER NO DATA', NULL, 'OWNER NO DATA', '10100C', NULL, NULL, NULL, NULL, NULL, NULL, NULL, 'TO REVIEW', '0102000020E7640000030000000C022B07C392194114AE477147755141B35C07F06F9319411F704590407551411904560EDE93194148E17A643E755141');
INSERT INTO SCHEMA_NAME.arc VALUES ('A201', 'N82', 'N86', 1.920, 1.950, 'CONDUIT', 'CON-CC060', 'CONDUIT', 'sector_01', 'ON_SERVICE', NULL, NULL, NULL, 'D', NULL, 'dma_01', 'SOIL NO DATA', 'NO CATEGORY DATA', 'NO FLUID DATA', 'NO LOCATION DATA', 'WORK NO DATA', 'BUILDER NO DATA', NULL, 'OWNER NO DATA', '10100C', NULL, NULL, NULL, NULL, NULL, NULL, NULL, 'TO REVIEW', '0102000020E7640000020000001904560EDE93194148E17A643E755141378941607A94194114AE47513C755141');
INSERT INTO SCHEMA_NAME.arc VALUES ('A205', 'N88', 'N101', 1.780, 1.930, 'CONDUIT', 'PVC-CC080', 'CONDUIT', 'sector_01', 'ON_SERVICE', NULL, NULL, NULL, 'D', NULL, 'dma_01', 'SOIL NO DATA', 'NO CATEGORY DATA', 'NO FLUID DATA', 'NO LOCATION DATA', 'WORK NO DATA', 'BUILDER NO DATA', NULL, 'OWNER NO DATA', '11011C', NULL, NULL, NULL, NULL, NULL, NULL, NULL, 'TO REVIEW', '0102000020E764000002000000E926318828961941EC51B80E3A7551417F6ABCF42D961941CDCCCC0C44755141');
INSERT INTO SCHEMA_NAME.arc VALUES ('A207', 'N102', 'N40', 1.710, 1.460, 'CONDUIT', 'CON-CC080', 'CONDUIT', 'sector_01', 'ON_SERVICE', NULL, NULL, NULL, 'D', NULL, 'dma_01', 'SOIL NO DATA', 'NO CATEGORY DATA', 'NO FLUID DATA', 'NO LOCATION DATA', 'WORK NO DATA', 'BUILDER NO DATA', NULL, 'OWNER NO DATA', '11011C', NULL, NULL, NULL, NULL, NULL, NULL, NULL, 'TO REVIEW', '0102000020E7640000060000009CC4203035961941A4703D0A4E7551413C186B6C3A961941FEAFC73456755141A078CE243E9619412AE61B05577551414A283B544296194120D6088B577551414826F9C44996194125ACF5105875514139B4C8F690961941C3F5284C5B755141');
INSERT INTO SCHEMA_NAME.arc VALUES ('A206', 'N101', 'N102', 1.930, 1.710, 'CONDUIT', 'CON-CC080', 'CONDUIT', 'sector_01', 'ON_SERVICE', NULL, NULL, NULL, 'D', NULL, 'dma_01', 'SOIL NO DATA', 'NO CATEGORY DATA', 'NO FLUID DATA', 'NO LOCATION DATA', 'WORK NO DATA', 'BUILDER NO DATA', NULL, 'OWNER NO DATA', '11011C', NULL, NULL, NULL, NULL, NULL, NULL, NULL, 'TO REVIEW', '0102000020E7640000020000007F6ABCF42D961941CDCCCC0C447551419CC4203035961941A4703D0A4E755141');
INSERT INTO SCHEMA_NAME.arc VALUES ('A219', 'N93', 'N88', 1.650, 2.000, 'CONDUIT', 'CON-CC040', 'CONDUIT', 'sector_01', 'ON_SERVICE', NULL, NULL, NULL, 'D', NULL, 'dma_01', 'SOIL NO DATA', 'NO CATEGORY DATA', 'NO FLUID DATA', 'NO LOCATION DATA', 'WORK NO DATA', 'BUILDER NO DATA', NULL, 'OWNER NO DATA', '11011C', NULL, NULL, NULL, NULL, NULL, NULL, NULL, 'TO REVIEW', '0102000020E7640000020000000C022B071F9619413333331330755141E926318828961941EC51B80E3A755141');
INSERT INTO SCHEMA_NAME.arc VALUES ('A241', 'N234', 'N237', 3.050, 3.000, 'CONDUIT', 'CON-RC200', 'CONDUIT', 'sector_01', 'ON_SERVICE', NULL, NULL, NULL, 'D', NULL, 'dma_01', 'SOIL NO DATA', 'NO CATEGORY DATA', 'NO FLUID DATA', 'NO LOCATION DATA', 'WORK NO DATA', 'BUILDER NO DATA', NULL, 'OWNER NO DATA', '10000C', NULL, NULL, NULL, NULL, NULL, NULL, NULL, 'TO REVIEW', '0102000020E76400000200000048E17A14919B194114AE47C13975514140CF5EE0369C1941973AF72833755141');
INSERT INTO SCHEMA_NAME.arc VALUES ('A235', 'N123', 'N234', 3.000, 3.050, 'CONDUIT', 'CON-RC200', 'CONDUIT', 'sector_01', 'ON_SERVICE', NULL, NULL, NULL, 'D', NULL, 'dma_01', 'SOIL NO DATA', 'NO CATEGORY DATA', 'NO FLUID DATA', 'NO LOCATION DATA', 'WORK NO DATA', 'BUILDER NO DATA', NULL, 'OWNER NO DATA', '10000C', NULL, NULL, NULL, NULL, NULL, NULL, NULL, 'TO REVIEW', '0102000020E764000002000000355EBA49079B1941713D0AD73E75514148E17A14919B194114AE47C139755141');
INSERT INTO SCHEMA_NAME.arc VALUES ('A147', 'N124', 'N125', 2.750, 2.540, 'CONDUIT', 'CON-RC150', 'CONDUIT', 'sector_01', 'ON_SERVICE', NULL, NULL, NULL, 'D', NULL, 'dma_01', 'SOIL NO DATA', 'NO CATEGORY DATA', 'NO FLUID DATA', 'NO LOCATION DATA', 'WORK NO DATA', 'BUILDER NO DATA', NULL, 'OWNER NO DATA', '10000C', NULL, NULL, NULL, NULL, NULL, NULL, NULL, 'TO REVIEW', '0102000020E7640000020000005A643BDFEF9919413D0AD7434B7551419CC420B07E9A19416666664645755141');
INSERT INTO SCHEMA_NAME.arc VALUES ('A146', 'N45', 'N124', 1.910, 2.750, 'CONDUIT', 'CON-RC150', 'CONDUIT', 'sector_01', 'ON_SERVICE', NULL, NULL, NULL, 'D', NULL, 'dma_01', 'SOIL NO DATA', 'NO CATEGORY DATA', 'NO FLUID DATA', 'NO LOCATION DATA', 'WORK NO DATA', 'BUILDER NO DATA', NULL, 'OWNER NO DATA', '10000C', NULL, NULL, NULL, NULL, NULL, NULL, NULL, 'TO REVIEW', '0102000020E764000002000000FCA9F1526699194185EB51B8517551415A643BDFEF9919413D0AD7434B755141');



INSERT INTO SCHEMA_NAME.connec VALUES ('3174', 39.4499, NULL, 'PVC-CC025_T', 'sector_01', 'ON_SERVICE', NULL, NULL, NULL, NULL, 'dma_01', 'SOIL NO DATA', NULL, 'NO FLUID DATA', NULL, 'WORK NO DATA', NULL, NULL, NULL, '9100C', NULL, NULL, NULL, NULL, NULL, NULL, NULL, '0101000020E764000071E182D2E8941941ADDF47B106755141');
INSERT INTO SCHEMA_NAME.connec VALUES ('3002', 57.5236, NULL, 'PVC-CC025_T', 'sector_01', 'ON_SERVICE', NULL, NULL, NULL, NULL, 'dma_01', 'SOIL NO DATA', NULL, 'NO FLUID DATA', NULL, 'WORK NO DATA', NULL, NULL, NULL, '10000C', NULL, NULL, NULL, NULL, NULL, NULL, NULL, '0101000020E764000042A8C0D4DD9119419AC37433A7755141');
INSERT INTO SCHEMA_NAME.connec VALUES ('3004', 53.4060, NULL, 'PVC-CC025_T', 'sector_01', 'ON_SERVICE', NULL, NULL, NULL, NULL, 'dma_01', 'SOIL NO DATA', NULL, 'NO FLUID DATA', NULL, 'WORK NO DATA', NULL, NULL, NULL, '10000C', NULL, NULL, NULL, NULL, NULL, NULL, NULL, '0101000020E76400000D543CC57193194179902CA7A4755141');
INSERT INTO SCHEMA_NAME.connec VALUES ('3202', 22.4382, NULL, 'PVC-CC025_D', 'sector_01', 'ON_SERVICE', NULL, NULL, NULL, NULL, 'dma_01', 'SOIL NO DATA', NULL, 'NO FLUID DATA', NULL, 'WORK NO DATA', NULL, NULL, NULL, '9150C', NULL, NULL, NULL, NULL, NULL, NULL, NULL, '0101000020E76400001D974A3A069B19411376C43538755141');
INSERT INTO SCHEMA_NAME.connec VALUES ('3203', 22.3425, NULL, 'PVC-CC025_D', 'sector_01', 'ON_SERVICE', NULL, NULL, NULL, NULL, 'dma_01', 'SOIL NO DATA', NULL, 'NO FLUID DATA', NULL, 'WORK NO DATA', NULL, NULL, NULL, '9150C', NULL, NULL, NULL, NULL, NULL, NULL, NULL, '0101000020E764000089044D6D139B1941FD179DCC38755141');
INSERT INTO SCHEMA_NAME.connec VALUES ('3240', 25.0655, NULL, 'PVC-CC025_D', 'sector_01', 'ON_SERVICE', NULL, NULL, NULL, NULL, 'dma_01', 'SOIL NO DATA', NULL, 'NO FLUID DATA', NULL, 'WORK NO DATA', NULL, NULL, NULL, '11000C', NULL, NULL, NULL, NULL, NULL, NULL, NULL, '0101000020E76400002247ADDF149A19412B20264E4D755141');
INSERT INTO SCHEMA_NAME.connec VALUES ('3184', 34.8777, NULL, 'PVC-CC025_D', 'sector_01', 'ON_SERVICE', NULL, NULL, NULL, NULL, 'dma_01', 'SOIL NO DATA', NULL, 'NO FLUID DATA', NULL, 'WORK NO DATA', NULL, NULL, NULL, '9150C', NULL, NULL, NULL, NULL, NULL, NULL, NULL, '0101000020E7640000A3561C17979619416E3409C0F9745141');
INSERT INTO SCHEMA_NAME.connec VALUES ('3185', 32.9328, NULL, 'PVC-CC025_D', 'sector_01', 'ON_SERVICE', NULL, NULL, NULL, NULL, 'dma_01', 'SOIL NO DATA', NULL, 'NO FLUID DATA', NULL, 'WORK NO DATA', NULL, NULL, NULL, '9150C', NULL, NULL, NULL, NULL, NULL, NULL, NULL, '0101000020E76400008E14608A139719414B37845900755141');
INSERT INTO SCHEMA_NAME.connec VALUES ('3186', 32.5815, NULL, 'PVC-CC025_D', 'sector_01', 'ON_SERVICE', NULL, NULL, NULL, NULL, 'dma_01', 'SOIL NO DATA', NULL, 'NO FLUID DATA', NULL, 'WORK NO DATA', NULL, NULL, NULL, '9150C', NULL, NULL, NULL, NULL, NULL, NULL, NULL, '0101000020E7640000A46064BD209719416FAAB32C01755141');
INSERT INTO SCHEMA_NAME.connec VALUES ('3187', 31.4372, NULL, 'PVC-CC025_D', 'sector_01', 'ON_SERVICE', NULL, NULL, NULL, NULL, 'dma_01', 'SOIL NO DATA', NULL, 'NO FLUID DATA', NULL, 'WORK NO DATA', NULL, NULL, NULL, '9150C', NULL, NULL, NULL, NULL, NULL, NULL, NULL, '0101000020E7640000FE1F76BC62971941AC47F3D304755141');
INSERT INTO SCHEMA_NAME.connec VALUES ('3188', 31.3220, NULL, 'PVC-CC025_D', 'sector_01', 'ON_SERVICE', NULL, NULL, NULL, NULL, 'dma_01', 'SOIL NO DATA', NULL, 'NO FLUID DATA', NULL, 'WORK NO DATA', NULL, NULL, NULL, '9150C', NULL, NULL, NULL, NULL, NULL, NULL, NULL, '0101000020E764000081F3C20C6E9719413961F78805755141');
INSERT INTO SCHEMA_NAME.connec VALUES ('3189', 30.6043, NULL, 'PVC-CC025_D', 'sector_01', 'ON_SERVICE', NULL, NULL, NULL, NULL, 'dma_01', 'SOIL NO DATA', NULL, 'NO FLUID DATA', NULL, 'WORK NO DATA', NULL, NULL, NULL, '9150C', NULL, NULL, NULL, NULL, NULL, NULL, NULL, '0101000020E764000078B81E5CBB97194125DEB88A09755141');
INSERT INTO SCHEMA_NAME.connec VALUES ('3190', 30.6083, NULL, 'PVC-CC025_D', 'sector_01', 'ON_SERVICE', NULL, NULL, NULL, NULL, 'dma_01', 'SOIL NO DATA', NULL, 'NO FLUID DATA', NULL, 'WORK NO DATA', NULL, NULL, NULL, '9150C', NULL, NULL, NULL, NULL, NULL, NULL, NULL, '0101000020E7640000B09C6AACC6971941138F91210A755141');
INSERT INTO SCHEMA_NAME.connec VALUES ('3015', 40.4196, NULL, 'PVC-CC025_D', 'sector_01', 'ON_SERVICE', NULL, NULL, NULL, NULL, 'dma_01', 'SOIL NO DATA', NULL, 'NO FLUID DATA', NULL, 'WORK NO DATA', NULL, NULL, NULL, '11011C', NULL, NULL, NULL, NULL, NULL, NULL, NULL, '0101000020E76400002816B7F7CA951941888E95E173755141');
INSERT INTO SCHEMA_NAME.connec VALUES ('3016', 39.7275, NULL, 'PVC-CC025_D', 'sector_01', 'ON_SERVICE', NULL, NULL, NULL, NULL, 'dma_01', 'SOIL NO DATA', NULL, 'NO FLUID DATA', NULL, 'WORK NO DATA', NULL, NULL, NULL, '11011C', NULL, NULL, NULL, NULL, NULL, NULL, NULL, '0101000020E76400002EB26DFEF89519418469C1606E755141');
INSERT INTO SCHEMA_NAME.connec VALUES ('3017', 39.2524, NULL, 'PVC-CC025_D', 'sector_01', 'ON_SERVICE', NULL, NULL, NULL, NULL, 'dma_01', 'SOIL NO DATA', NULL, 'NO FLUID DATA', NULL, 'WORK NO DATA', NULL, NULL, NULL, '11011C', NULL, NULL, NULL, NULL, NULL, NULL, NULL, '0101000020E7640000937F63031B961941B95122406A755141');
INSERT INTO SCHEMA_NAME.connec VALUES ('3018', 45.9568, NULL, 'PVC-CC025_D', 'sector_01', 'ON_SERVICE', NULL, NULL, NULL, NULL, 'dma_01', 'SOIL NO DATA', NULL, 'NO FLUID DATA', NULL, 'WORK NO DATA', NULL, NULL, NULL, '10000C', NULL, NULL, NULL, NULL, NULL, NULL, NULL, '0101000020E7640000830A16CDAC941941422D716279755141');
INSERT INTO SCHEMA_NAME.connec VALUES ('3019', 45.3479, NULL, 'PVC-CC025_D', 'sector_01', 'ON_SERVICE', NULL, NULL, NULL, NULL, 'dma_01', 'SOIL NO DATA', NULL, 'NO FLUID DATA', NULL, 'WORK NO DATA', NULL, NULL, NULL, '10000C', NULL, NULL, NULL, NULL, NULL, NULL, NULL, '0101000020E7640000474D59D6EA9419410B175CE278755141');
INSERT INTO SCHEMA_NAME.connec VALUES ('3020', 42.9903, NULL, 'PVC-CC025_D', 'sector_01', 'ON_SERVICE', NULL, NULL, NULL, NULL, 'dma_01', 'SOIL NO DATA', NULL, 'NO FLUID DATA', NULL, 'WORK NO DATA', NULL, NULL, NULL, '11000C', NULL, NULL, NULL, NULL, NULL, NULL, NULL, '0101000020E76400006E29DCE032951941B533146170755141');
INSERT INTO SCHEMA_NAME.connec VALUES ('3021', 41.3817, NULL, 'PVC-CC025_D', 'sector_01', 'ON_SERVICE', NULL, NULL, NULL, NULL, 'dma_01', 'SOIL NO DATA', NULL, 'NO FLUID DATA', NULL, 'WORK NO DATA', NULL, NULL, NULL, '11000C', NULL, NULL, NULL, NULL, NULL, NULL, NULL, '0101000020E76400006434DFE44E9519414C0A37A06A755141');
INSERT INTO SCHEMA_NAME.connec VALUES ('3022', 40.3024, NULL, 'PVC-CC025_D', 'sector_01', 'ON_SERVICE', NULL, NULL, NULL, NULL, 'dma_01', 'SOIL NO DATA', NULL, 'NO FLUID DATA', NULL, 'WORK NO DATA', NULL, NULL, NULL, '11000C', NULL, NULL, NULL, NULL, NULL, NULL, NULL, '0101000020E7640000188901EB78951941F3F67ABF65755141');
INSERT INTO SCHEMA_NAME.connec VALUES ('3023', 39.9832, NULL, 'PVC-CC025_D', 'sector_01', 'ON_SERVICE', NULL, NULL, NULL, NULL, 'dma_01', 'SOIL NO DATA', NULL, 'NO FLUID DATA', NULL, 'WORK NO DATA', NULL, NULL, NULL, '11000C', NULL, NULL, NULL, NULL, NULL, NULL, NULL, '0101000020E76400007605C8F1A69519414371F33E62755141');
INSERT INTO SCHEMA_NAME.connec VALUES ('3024', 45.8647, NULL, 'PVC-CC025_D', 'sector_01', 'ON_SERVICE', NULL, NULL, NULL, NULL, 'dma_01', 'SOIL NO DATA', NULL, 'NO FLUID DATA', NULL, 'WORK NO DATA', NULL, NULL, NULL, '11000C', NULL, NULL, NULL, NULL, NULL, NULL, NULL, '0101000020E76400009230B2BF5494194151F3624172755141');
INSERT INTO SCHEMA_NAME.connec VALUES ('3025', 44.9083, NULL, 'PVC-CC025_D', 'sector_01', 'ON_SERVICE', NULL, NULL, NULL, NULL, 'dma_01', 'SOIL NO DATA', NULL, 'NO FLUID DATA', NULL, 'WORK NO DATA', NULL, NULL, NULL, '11000C', NULL, NULL, NULL, NULL, NULL, NULL, NULL, '0101000020E764000054EC84C57C941941129298006D755141');
INSERT INTO SCHEMA_NAME.connec VALUES ('3026', 43.8171, NULL, 'PVC-CC025_D', 'sector_01', 'ON_SERVICE', NULL, NULL, NULL, NULL, 'dma_01', 'SOIL NO DATA', NULL, 'NO FLUID DATA', NULL, 'WORK NO DATA', NULL, NULL, NULL, '11000C', NULL, NULL, NULL, NULL, NULL, NULL, NULL, '0101000020E7640000D4E1F2CBA8941941D6A4D7FF67755141');
INSERT INTO SCHEMA_NAME.connec VALUES ('3027', 42.5620, NULL, 'PVC-CC025_D', 'sector_01', 'ON_SERVICE', NULL, NULL, NULL, NULL, 'dma_01', 'SOIL NO DATA', NULL, 'NO FLUID DATA', NULL, 'WORK NO DATA', NULL, NULL, NULL, '11000C', NULL, NULL, NULL, NULL, NULL, NULL, NULL, '0101000020E764000070C967D2D49419414E3D38DF63755141');
INSERT INTO SCHEMA_NAME.connec VALUES ('3028', 46.9685, NULL, 'PVC-CC025_D', 'sector_01', 'ON_SERVICE', NULL, NULL, NULL, NULL, 'dma_01', 'SOIL NO DATA', NULL, 'NO FLUID DATA', NULL, 'WORK NO DATA', NULL, NULL, NULL, '10230C', NULL, NULL, NULL, NULL, NULL, NULL, NULL, '0101000020E7640000D6B7ACA7B4931941FF2708C16F755141');
INSERT INTO SCHEMA_NAME.connec VALUES ('3029', 45.3281, NULL, 'PVC-CC025_D', 'sector_01', 'ON_SERVICE', NULL, NULL, NULL, NULL, 'dma_01', 'SOIL NO DATA', NULL, 'NO FLUID DATA', NULL, 'WORK NO DATA', NULL, NULL, NULL, '11000C', NULL, NULL, NULL, NULL, NULL, NULL, NULL, '0101000020E764000050AF19AEE0931941D07042A06A755141');
INSERT INTO SCHEMA_NAME.connec VALUES ('3030', 44.8417, NULL, 'PVC-CC025_D', 'sector_01', 'ON_SERVICE', NULL, NULL, NULL, NULL, 'dma_01', 'SOIL NO DATA', NULL, 'NO FLUID DATA', NULL, 'WORK NO DATA', NULL, NULL, NULL, '11000C', NULL, NULL, NULL, NULL, NULL, NULL, NULL, '0101000020E76400008DD427B51094194162E9A27F66755141');
INSERT INTO SCHEMA_NAME.connec VALUES ('3031', 48.6123, NULL, 'PVC-CC025_D', 'sector_01', 'ON_SERVICE', NULL, NULL, NULL, NULL, 'dma_01', 'SOIL NO DATA', NULL, 'NO FLUID DATA', NULL, 'WORK NO DATA', NULL, NULL, NULL, '11000C', NULL, NULL, NULL, NULL, NULL, NULL, NULL, '0101000020E764000003ADDB89EE921941D77428C069755141');
INSERT INTO SCHEMA_NAME.connec VALUES ('3032', 49.4671, NULL, 'PVC-CC025_D', 'sector_01', 'ON_SERVICE', NULL, NULL, NULL, NULL, 'dma_01', 'SOIL NO DATA', NULL, 'NO FLUID DATA', NULL, 'WORK NO DATA', NULL, NULL, NULL, '11000C', NULL, NULL, NULL, NULL, NULL, NULL, NULL, '0101000020E76400004F89B47FAA921941D64E47806A755141');
INSERT INTO SCHEMA_NAME.connec VALUES ('3033', 50.1606, NULL, 'PVC-CC025_D', 'sector_01', 'ON_SERVICE', NULL, NULL, NULL, NULL, 'dma_01', 'SOIL NO DATA', NULL, 'NO FLUID DATA', NULL, 'WORK NO DATA', NULL, NULL, NULL, '11000C', NULL, NULL, NULL, NULL, NULL, NULL, NULL, '0101000020E76400008D6286714A921941622A308170755141');
INSERT INTO SCHEMA_NAME.connec VALUES ('3034', 50.5749, NULL, 'PVC-CC025_D', 'sector_01', 'ON_SERVICE', NULL, NULL, NULL, NULL, 'dma_01', 'SOIL NO DATA', NULL, 'NO FLUID DATA', NULL, 'WORK NO DATA', NULL, NULL, NULL, '11000C', NULL, NULL, NULL, NULL, NULL, NULL, NULL, '0101000020E76400009DD7AE67089219414D525DA171755141');
INSERT INTO SCHEMA_NAME.connec VALUES ('3035', 51.5493, NULL, 'PVC-CC025_D', 'sector_01', 'ON_SERVICE', NULL, NULL, NULL, NULL, 'dma_01', 'SOIL NO DATA', NULL, 'NO FLUID DATA', NULL, 'WORK NO DATA', NULL, NULL, NULL, '11000C', NULL, NULL, NULL, NULL, NULL, NULL, NULL, '0101000020E7640000E7D59D559091194160F8DA206E755141');
INSERT INTO SCHEMA_NAME.connec VALUES ('3036', 52.5230, NULL, 'PVC-CC025_D', 'sector_01', 'ON_SERVICE', NULL, NULL, NULL, NULL, 'dma_01', 'SOIL NO DATA', NULL, 'NO FLUID DATA', NULL, 'WORK NO DATA', NULL, NULL, NULL, '11000C', NULL, NULL, NULL, NULL, NULL, NULL, NULL, '0101000020E76400001E112B4B4A91194148ACFE006F755141');
INSERT INTO SCHEMA_NAME.connec VALUES ('3037', 54.0397, NULL, 'PVC-CC025_D', 'sector_01', 'ON_SERVICE', NULL, NULL, NULL, NULL, 'dma_01', 'SOIL NO DATA', NULL, 'NO FLUID DATA', NULL, 'WORK NO DATA', NULL, NULL, NULL, '9100C', NULL, NULL, NULL, NULL, NULL, NULL, NULL, '0101000020E7640000B9D4AF3EF6901941286F6FE171755141');
INSERT INTO SCHEMA_NAME.connec VALUES ('3038', 54.6220, NULL, 'PVC-CC025_D', 'sector_01', 'ON_SERVICE', NULL, NULL, NULL, NULL, 'dma_01', 'SOIL NO DATA', NULL, 'NO FLUID DATA', NULL, 'WORK NO DATA', NULL, NULL, NULL, '9100C', NULL, NULL, NULL, NULL, NULL, NULL, NULL, '0101000020E7640000BF71B53FFC901941F67D08E275755141');
INSERT INTO SCHEMA_NAME.connec VALUES ('3039', 52.0364, NULL, 'PVC-CC025_D', 'sector_01', 'ON_SERVICE', NULL, NULL, NULL, NULL, 'dma_01', 'SOIL NO DATA', NULL, 'NO FLUID DATA', NULL, 'WORK NO DATA', NULL, NULL, NULL, '11000C', NULL, NULL, NULL, NULL, NULL, NULL, NULL, '0101000020E76400003092505EC891194163EA616278755141');
INSERT INTO SCHEMA_NAME.connec VALUES ('3040', 51.7023, NULL, 'PVC-CC025_D', 'sector_01', 'ON_SERVICE', NULL, NULL, NULL, NULL, 'dma_01', 'SOIL NO DATA', NULL, 'NO FLUID DATA', NULL, 'WORK NO DATA', NULL, NULL, NULL, '11000C', NULL, NULL, NULL, NULL, NULL, NULL, NULL, '0101000020E7640000AD1E625CBC9119418DADBA0174755141');
INSERT INTO SCHEMA_NAME.connec VALUES ('3041', 49.8161, NULL, 'PVC-CC025_D', 'sector_01', 'ON_SERVICE', NULL, NULL, NULL, NULL, 'dma_01', 'SOIL NO DATA', NULL, 'NO FLUID DATA', NULL, 'WORK NO DATA', NULL, NULL, NULL, '10230C', NULL, NULL, NULL, NULL, NULL, NULL, NULL, '0101000020E7640000653E7E84C89219416E1EB72174755141');
INSERT INTO SCHEMA_NAME.connec VALUES ('3042', 49.5509, NULL, 'PVC-CC025_D', 'sector_01', 'ON_SERVICE', NULL, NULL, NULL, NULL, 'dma_01', 'SOIL NO DATA', NULL, 'NO FLUID DATA', NULL, 'WORK NO DATA', NULL, NULL, NULL, '10230C', NULL, NULL, NULL, NULL, NULL, NULL, NULL, '0101000020E7640000D100F28E0E9319417E34986173755141');
INSERT INTO SCHEMA_NAME.connec VALUES ('3043', 50.2009, NULL, 'PVC-CC025_D', 'sector_01', 'ON_SERVICE', NULL, NULL, NULL, NULL, 'dma_01', 'SOIL NO DATA', NULL, 'NO FLUID DATA', NULL, 'WORK NO DATA', NULL, NULL, NULL, '10230C', NULL, NULL, NULL, NULL, NULL, NULL, NULL, '0101000020E76400007CBD857A84921941730CB7C27A755141');
INSERT INTO SCHEMA_NAME.connec VALUES ('3044', 50.0737, NULL, 'PVC-CC025_D', 'sector_01', 'ON_SERVICE', NULL, NULL, NULL, NULL, 'dma_01', 'SOIL NO DATA', NULL, 'NO FLUID DATA', NULL, 'WORK NO DATA', NULL, NULL, NULL, '10230C', NULL, NULL, NULL, NULL, NULL, NULL, NULL, '0101000020E7640000D8E6E4787A9219419E89148276755141');
INSERT INTO SCHEMA_NAME.connec VALUES ('3045', 50.0196, NULL, 'PVC-CC025_D', 'sector_01', 'ON_SERVICE', NULL, NULL, NULL, NULL, 'dma_01', 'SOIL NO DATA', NULL, 'NO FLUID DATA', NULL, 'WORK NO DATA', NULL, NULL, NULL, '10230C', NULL, NULL, NULL, NULL, NULL, NULL, NULL, '0101000020E764000049E6BB96409319417DF810437D755141');
INSERT INTO SCHEMA_NAME.connec VALUES ('3046', 50.0000, NULL, 'PVC-CC025_D', 'sector_01', 'ON_SERVICE', NULL, NULL, NULL, NULL, 'dma_01', 'SOIL NO DATA', NULL, 'NO FLUID DATA', NULL, 'WORK NO DATA', NULL, NULL, NULL, '10230C', NULL, NULL, NULL, NULL, NULL, NULL, NULL, '0101000020E76400007DAE679538931941B3656E0279755141');
INSERT INTO SCHEMA_NAME.connec VALUES ('3047', 50.6556, NULL, 'PVC-CC025_D', 'sector_01', 'ON_SERVICE', NULL, NULL, NULL, NULL, 'dma_01', 'SOIL NO DATA', NULL, 'NO FLUID DATA', NULL, 'WORK NO DATA', NULL, NULL, NULL, '10220C', NULL, NULL, NULL, NULL, NULL, NULL, NULL, '0101000020E76400008AB42E7FA29219415FD3884380755141');
INSERT INTO SCHEMA_NAME.connec VALUES ('3048', 50.2413, NULL, 'PVC-CC025_D', 'sector_01', 'ON_SERVICE', NULL, NULL, NULL, NULL, 'dma_01', 'SOIL NO DATA', NULL, 'NO FLUID DATA', NULL, 'WORK NO DATA', NULL, NULL, NULL, '10220C', NULL, NULL, NULL, NULL, NULL, NULL, NULL, '0101000020E7640000E178A189E89219417E1F65637F755141');
INSERT INTO SCHEMA_NAME.connec VALUES ('3049', 52.4241, NULL, 'PVC-CC025_D', 'sector_01', 'ON_SERVICE', NULL, NULL, NULL, NULL, 'dma_01', 'SOIL NO DATA', NULL, 'NO FLUID DATA', NULL, 'WORK NO DATA', NULL, NULL, NULL, '10220C', NULL, NULL, NULL, NULL, NULL, NULL, NULL, '0101000020E76400007FECAB62E491194149F72EC37D755141');
INSERT INTO SCHEMA_NAME.connec VALUES ('3050', 51.4450, NULL, 'PVC-CC025_D', 'sector_01', 'ON_SERVICE', NULL, NULL, NULL, NULL, 'dma_01', 'SOIL NO DATA', NULL, 'NO FLUID DATA', NULL, 'WORK NO DATA', NULL, NULL, NULL, '10220C', NULL, NULL, NULL, NULL, NULL, NULL, NULL, '0101000020E764000093D4386C249219413E730BE37C755141');
INSERT INTO SCHEMA_NAME.connec VALUES ('3051', 56.1739, NULL, 'PVC-CC025_D', 'sector_01', 'ON_SERVICE', NULL, NULL, NULL, NULL, 'dma_01', 'SOIL NO DATA', NULL, 'NO FLUID DATA', NULL, 'WORK NO DATA', NULL, NULL, NULL, '9100C', NULL, NULL, NULL, NULL, NULL, NULL, NULL, '0101000020E7640000344F163AD4901941EEE4CBA381755141');
INSERT INTO SCHEMA_NAME.connec VALUES ('3052', 55.8359, NULL, 'PVC-CC025_D', 'sector_01', 'ON_SERVICE', NULL, NULL, NULL, NULL, 'dma_01', 'SOIL NO DATA', NULL, 'NO FLUID DATA', NULL, 'WORK NO DATA', NULL, NULL, NULL, '9100C', NULL, NULL, NULL, NULL, NULL, NULL, NULL, '0101000020E764000077D72938C8901941093C2E837D755141');
INSERT INTO SCHEMA_NAME.connec VALUES ('3053', 56.2818, NULL, 'PVC-CC025_D', 'sector_01', 'ON_SERVICE', NULL, NULL, NULL, NULL, 'dma_01', 'SOIL NO DATA', NULL, 'NO FLUID DATA', NULL, 'WORK NO DATA', NULL, NULL, NULL, '10220C', NULL, NULL, NULL, NULL, NULL, NULL, NULL, '0101000020E764000010C0F23FFA901941F735A24487755141');
INSERT INTO SCHEMA_NAME.connec VALUES ('3054', 55.3214, NULL, 'PVC-CC025_D', 'sector_01', 'ON_SERVICE', NULL, NULL, NULL, NULL, 'dma_01', 'SOIL NO DATA', NULL, 'NO FLUID DATA', NULL, 'WORK NO DATA', NULL, NULL, NULL, '10220C', NULL, NULL, NULL, NULL, NULL, NULL, NULL, '0101000020E76400002A634A4B469119414A88794486755141');
INSERT INTO SCHEMA_NAME.connec VALUES ('3055', 54.4711, NULL, 'PVC-CC025_D', 'sector_01', 'ON_SERVICE', NULL, NULL, NULL, NULL, 'dma_01', 'SOIL NO DATA', NULL, 'NO FLUID DATA', NULL, 'WORK NO DATA', NULL, NULL, NULL, '10220C', NULL, NULL, NULL, NULL, NULL, NULL, NULL, '0101000020E76400001E3019589C911941343B2A4484755141');
INSERT INTO SCHEMA_NAME.connec VALUES ('3056', 53.8391, NULL, 'PVC-CC025_D', 'sector_01', 'ON_SERVICE', NULL, NULL, NULL, NULL, 'dma_01', 'SOIL NO DATA', NULL, 'NO FLUID DATA', NULL, 'WORK NO DATA', NULL, NULL, NULL, '10220C', NULL, NULL, NULL, NULL, NULL, NULL, NULL, '0101000020E76400006BB82C56909119414E928C2380755141');
INSERT INTO SCHEMA_NAME.connec VALUES ('3057', 53.6622, NULL, 'PVC-CC025_D', 'sector_01', 'ON_SERVICE', NULL, NULL, NULL, NULL, 'dma_01', 'SOIL NO DATA', NULL, 'NO FLUID DATA', NULL, 'WORK NO DATA', NULL, NULL, NULL, '9100C', NULL, NULL, NULL, NULL, NULL, NULL, NULL, '0101000020E764000005A90350689119412F51B6827A755141');
INSERT INTO SCHEMA_NAME.connec VALUES ('3058', 54.6314, NULL, 'PVC-CC025_D', 'sector_01', 'ON_SERVICE', NULL, NULL, NULL, NULL, 'dma_01', 'SOIL NO DATA', NULL, 'NO FLUID DATA', NULL, 'WORK NO DATA', NULL, NULL, NULL, '9100C', NULL, NULL, NULL, NULL, NULL, NULL, NULL, '0101000020E764000048E68F45229119411F3BD5427B755141');
INSERT INTO SCHEMA_NAME.connec VALUES ('3069', 51.6181, NULL, 'PVC-CC025_D', 'sector_01', 'ON_SERVICE', NULL, NULL, NULL, NULL, 'dma_01', 'SOIL NO DATA', NULL, 'NO FLUID DATA', NULL, 'WORK NO DATA', NULL, NULL, NULL, '10100C', NULL, NULL, NULL, NULL, NULL, NULL, NULL, '0101000020E7640000DF3A53527C9119410CD96A7F64755141');
INSERT INTO SCHEMA_NAME.connec VALUES ('3070', 52.3074, NULL, 'PVC-CC025_D', 'sector_01', 'ON_SERVICE', NULL, NULL, NULL, NULL, 'dma_01', 'SOIL NO DATA', NULL, 'NO FLUID DATA', NULL, 'WORK NO DATA', NULL, NULL, NULL, '10100C', NULL, NULL, NULL, NULL, NULL, NULL, NULL, '0101000020E7640000AEC56550709119412066C83E60755141');
INSERT INTO SCHEMA_NAME.connec VALUES ('3071', 53.3016, NULL, 'PVC-CC025_D', 'sector_01', 'ON_SERVICE', NULL, NULL, NULL, NULL, 'dma_01', 'SOIL NO DATA', NULL, 'NO FLUID DATA', NULL, 'WORK NO DATA', NULL, NULL, NULL, '10100C', NULL, NULL, NULL, NULL, NULL, NULL, NULL, '0101000020E7640000BCB12B4E629119412A0326FE5B755141');
INSERT INTO SCHEMA_NAME.connec VALUES ('3072', 53.3147, NULL, 'PVC-CC025_D', 'sector_01', 'ON_SERVICE', NULL, NULL, NULL, NULL, 'dma_01', 'SOIL NO DATA', NULL, 'NO FLUID DATA', NULL, 'WORK NO DATA', NULL, NULL, NULL, '9120C', NULL, NULL, NULL, NULL, NULL, NULL, NULL, '0101000020E76400000005FC5CC69119414A21681D57755141');
INSERT INTO SCHEMA_NAME.connec VALUES ('3073', 52.0896, NULL, 'PVC-CC025_D', 'sector_01', 'ON_SERVICE', NULL, NULL, NULL, NULL, 'dma_01', 'SOIL NO DATA', NULL, 'NO FLUID DATA', NULL, 'WORK NO DATA', NULL, NULL, NULL, '9120C', NULL, NULL, NULL, NULL, NULL, NULL, NULL, '0101000020E7640000388AD666089219413857495D56755141');
INSERT INTO SCHEMA_NAME.connec VALUES ('3074', 51.6596, NULL, 'PVC-CC025_D', 'sector_01', 'ON_SERVICE', NULL, NULL, NULL, NULL, 'dma_01', 'SOIL NO DATA', NULL, 'NO FLUID DATA', NULL, 'WORK NO DATA', NULL, NULL, NULL, '9120C', NULL, NULL, NULL, NULL, NULL, NULL, NULL, '0101000020E7640000AF97925FD6911941AD13575E5D755141');
INSERT INTO SCHEMA_NAME.connec VALUES ('3075', 50.6485, NULL, 'PVC-CC025_D', 'sector_01', 'ON_SERVICE', NULL, NULL, NULL, NULL, 'dma_01', 'SOIL NO DATA', NULL, 'NO FLUID DATA', NULL, 'WORK NO DATA', NULL, NULL, NULL, '9120C', NULL, NULL, NULL, NULL, NULL, NULL, NULL, '0101000020E76400007E5E046A1C921941CC952E5E5C755141');
INSERT INTO SCHEMA_NAME.connec VALUES ('3077', 50.0414, NULL, 'PVC-CC025_D', 'sector_01', 'ON_SERVICE', NULL, NULL, NULL, NULL, 'dma_01', 'SOIL NO DATA', NULL, 'NO FLUID DATA', NULL, 'WORK NO DATA', NULL, NULL, NULL, '9120C', NULL, NULL, NULL, NULL, NULL, NULL, NULL, '0101000020E7640000F207DA7EA8921941978E9A9D58755141');
INSERT INTO SCHEMA_NAME.connec VALUES ('3078', 50.5782, NULL, 'PVC-CC025_D', 'sector_01', 'ON_SERVICE', NULL, NULL, NULL, NULL, 'dma_01', 'SOIL NO DATA', NULL, 'NO FLUID DATA', NULL, 'WORK NO DATA', NULL, NULL, NULL, '9120C', NULL, NULL, NULL, NULL, NULL, NULL, NULL, '0101000020E76400001995EB7C9C921941AF51F33C54755141');
INSERT INTO SCHEMA_NAME.connec VALUES ('3079', 51.9500, NULL, 'PVC-CC025_D', 'sector_01', 'ON_SERVICE', NULL, NULL, NULL, NULL, 'dma_01', 'SOIL NO DATA', NULL, 'NO FLUID DATA', NULL, 'WORK NO DATA', NULL, NULL, NULL, '9120C', NULL, NULL, NULL, NULL, NULL, NULL, NULL, '0101000020E7640000ABE0657A8C92194197C8551C50755141');
INSERT INTO SCHEMA_NAME.connec VALUES ('3082', 50.2500, NULL, 'PVC-CC025_D', 'sector_01', 'ON_SERVICE', NULL, NULL, NULL, NULL, 'dma_01', 'SOIL NO DATA', NULL, 'NO FLUID DATA', NULL, 'WORK NO DATA', NULL, NULL, NULL, '10100C', NULL, NULL, NULL, NULL, NULL, NULL, NULL, '0101000020E7640000B4EBE58AFA921941013F825C51755141');
INSERT INTO SCHEMA_NAME.connec VALUES ('3083', 50.1406, NULL, 'PVC-CC025_D', 'sector_01', 'ON_SERVICE', NULL, NULL, NULL, NULL, 'dma_01', 'SOIL NO DATA', NULL, 'NO FLUID DATA', NULL, 'WORK NO DATA', NULL, NULL, NULL, '10100C', NULL, NULL, NULL, NULL, NULL, NULL, NULL, '0101000020E7640000B26EC1943C931941E33E68BC50755141');
INSERT INTO SCHEMA_NAME.connec VALUES ('3084', 50.3015, NULL, 'PVC-CC025_D', 'sector_01', 'ON_SERVICE', NULL, NULL, NULL, NULL, 'dma_01', 'SOIL NO DATA', NULL, 'NO FLUID DATA', NULL, 'WORK NO DATA', NULL, NULL, NULL, '10100C', NULL, NULL, NULL, NULL, NULL, NULL, NULL, '0101000020E76400002F1AC492309319418B2C797B4A755141');
INSERT INTO SCHEMA_NAME.connec VALUES ('3085', 51.3169, NULL, 'PVC-CC025_D', 'sector_01', 'ON_SERVICE', NULL, NULL, NULL, NULL, 'dma_01', 'SOIL NO DATA', NULL, 'NO FLUID DATA', NULL, 'WORK NO DATA', NULL, NULL, NULL, '10100C', NULL, NULL, NULL, NULL, NULL, NULL, NULL, '0101000020E76400002095E988EE9219419FF6973B4B755141');
INSERT INTO SCHEMA_NAME.connec VALUES ('3086', 44.5752, NULL, 'PVC-CC025_D', 'sector_01', 'ON_SERVICE', NULL, NULL, NULL, NULL, 'dma_01', 'SOIL NO DATA', NULL, 'NO FLUID DATA', NULL, 'WORK NO DATA', NULL, NULL, NULL, '11000C', NULL, NULL, NULL, NULL, NULL, NULL, NULL, '0101000020E76400008A9E4FB61A9419412E2DFD7D5B755141');
INSERT INTO SCHEMA_NAME.connec VALUES ('3087', 44.7328, NULL, 'PVC-CC025_D', 'sector_01', 'ON_SERVICE', NULL, NULL, NULL, NULL, 'dma_01', 'SOIL NO DATA', NULL, 'NO FLUID DATA', NULL, 'WORK NO DATA', NULL, NULL, NULL, '11000C', NULL, NULL, NULL, NULL, NULL, NULL, NULL, '0101000020E7640000F984A4B516941941CA19A73D59755141');
INSERT INTO SCHEMA_NAME.connec VALUES ('3088', 44.5617, NULL, 'PVC-CC025_D', 'sector_01', 'ON_SERVICE', NULL, NULL, NULL, NULL, 'dma_01', 'SOIL NO DATA', NULL, 'NO FLUID DATA', NULL, 'WORK NO DATA', NULL, NULL, NULL, '11000C', NULL, NULL, NULL, NULL, NULL, NULL, NULL, '0101000020E764000034F866B82894194194F3F75D5B755141');
INSERT INTO SCHEMA_NAME.connec VALUES ('3089', 44.7766, NULL, 'PVC-CC025_D', 'sector_01', 'ON_SERVICE', NULL, NULL, NULL, NULL, 'dma_01', 'SOIL NO DATA', NULL, 'NO FLUID DATA', NULL, 'WORK NO DATA', NULL, NULL, NULL, '11000C', NULL, NULL, NULL, NULL, NULL, NULL, NULL, '0101000020E7640000421E54B82894194155F69CFD58755141');
INSERT INTO SCHEMA_NAME.connec VALUES ('3090', 47.3806, NULL, 'PVC-CC025_D', 'sector_01', 'ON_SERVICE', NULL, NULL, NULL, NULL, 'dma_01', 'SOIL NO DATA', NULL, 'NO FLUID DATA', NULL, 'WORK NO DATA', NULL, NULL, NULL, '10120C', NULL, NULL, NULL, NULL, NULL, NULL, NULL, '0101000020E7640000CD35ABA4A69319411733A35C52755141');
INSERT INTO SCHEMA_NAME.connec VALUES ('3091', 47.6180, NULL, 'PVC-CC025_D', 'sector_01', 'ON_SERVICE', NULL, NULL, NULL, NULL, 'dma_01', 'SOIL NO DATA', NULL, 'NO FLUID DATA', NULL, 'WORK NO DATA', NULL, NULL, NULL, '10120C', NULL, NULL, NULL, NULL, NULL, NULL, NULL, '0101000020E764000006A557A4A49319414EBD817C51755141');
INSERT INTO SCHEMA_NAME.connec VALUES ('3092', 45.4418, NULL, 'PVC-CC025_D', 'sector_01', 'ON_SERVICE', NULL, NULL, NULL, NULL, 'dma_01', 'SOIL NO DATA', NULL, 'NO FLUID DATA', NULL, 'WORK NO DATA', NULL, NULL, NULL, '10120C', NULL, NULL, NULL, NULL, NULL, NULL, NULL, '0101000020E7640000EC2541B9309419414C7D4D3C50755141');
INSERT INTO SCHEMA_NAME.connec VALUES ('3093', 45.5688, NULL, 'PVC-CC025_D', 'sector_01', 'ON_SERVICE', NULL, NULL, NULL, NULL, 'dma_01', 'SOIL NO DATA', NULL, 'NO FLUID DATA', NULL, 'WORK NO DATA', NULL, NULL, NULL, '10120C', NULL, NULL, NULL, NULL, NULL, NULL, NULL, '0101000020E764000064FC9DB82C94194194B91DFC4E755141');
INSERT INTO SCHEMA_NAME.connec VALUES ('3094', 46.5681, NULL, 'PVC-CC025_D', 'sector_01', 'ON_SERVICE', NULL, NULL, NULL, NULL, 'dma_01', 'SOIL NO DATA', NULL, 'NO FLUID DATA', NULL, 'WORK NO DATA', NULL, NULL, NULL, '10120C', NULL, NULL, NULL, NULL, NULL, NULL, NULL, '0101000020E764000072640CAACA9319411880981C52755141');
INSERT INTO SCHEMA_NAME.connec VALUES ('3095', 46.7843, NULL, 'PVC-CC025_D', 'sector_01', 'ON_SERVICE', NULL, NULL, NULL, NULL, 'dma_01', 'SOIL NO DATA', NULL, 'NO FLUID DATA', NULL, 'WORK NO DATA', NULL, NULL, NULL, '10120C', NULL, NULL, NULL, NULL, NULL, NULL, NULL, '0101000020E7640000B2D7B6A9C893194166766DFC50755141');
INSERT INTO SCHEMA_NAME.connec VALUES ('3096', 45.1898, NULL, 'PVC-CC025_D', 'sector_01', 'ON_SERVICE', NULL, NULL, NULL, NULL, 'dma_01', 'SOIL NO DATA', NULL, 'NO FLUID DATA', NULL, 'WORK NO DATA', NULL, NULL, NULL, '10120C', NULL, NULL, NULL, NULL, NULL, NULL, NULL, '0101000020E7640000BCBB52BE529419415D7C349C4F755141');
INSERT INTO SCHEMA_NAME.connec VALUES ('3097', 45.1902, NULL, 'PVC-CC025_D', 'sector_01', 'ON_SERVICE', NULL, NULL, NULL, NULL, 'dma_01', 'SOIL NO DATA', NULL, 'NO FLUID DATA', NULL, 'WORK NO DATA', NULL, NULL, NULL, '10120C', NULL, NULL, NULL, NULL, NULL, NULL, NULL, '0101000020E7640000012FFDBD50941941AA72097C4E755141');
INSERT INTO SCHEMA_NAME.connec VALUES ('3098', 47.9073, NULL, 'PVC-CC025_D', 'sector_01', 'ON_SERVICE', NULL, NULL, NULL, NULL, 'dma_01', 'SOIL NO DATA', NULL, 'NO FLUID DATA', NULL, 'WORK NO DATA', NULL, NULL, NULL, '10100C', NULL, NULL, NULL, NULL, NULL, NULL, NULL, '0101000020E76400001CB600AACC9319419E39EEFA46755141');
INSERT INTO SCHEMA_NAME.connec VALUES ('3099', 47.6317, NULL, 'PVC-CC025_D', 'sector_01', 'ON_SERVICE', NULL, NULL, NULL, NULL, 'dma_01', 'SOIL NO DATA', NULL, 'NO FLUID DATA', NULL, 'WORK NO DATA', NULL, NULL, NULL, '10100C', NULL, NULL, NULL, NULL, NULL, NULL, NULL, '0101000020E7640000A8B262ACDC931941235CDF9A46755141');
INSERT INTO SCHEMA_NAME.connec VALUES ('3100', 48.3107, NULL, 'PVC-CC025_D', 'sector_01', 'ON_SERVICE', NULL, NULL, NULL, NULL, 'dma_01', 'SOIL NO DATA', NULL, 'NO FLUID DATA', NULL, 'WORK NO DATA', NULL, NULL, NULL, '10100C', NULL, NULL, NULL, NULL, NULL, NULL, NULL, '0101000020E7640000F20306A9C693194148D8895A44755141');
INSERT INTO SCHEMA_NAME.connec VALUES ('3101', 47.9173, NULL, 'PVC-CC025_D', 'sector_01', 'ON_SERVICE', NULL, NULL, NULL, NULL, 'dma_01', 'SOIL NO DATA', NULL, 'NO FLUID DATA', NULL, 'WORK NO DATA', NULL, NULL, NULL, '10100C', NULL, NULL, NULL, NULL, NULL, NULL, NULL, '0101000020E76400001E3C02ACDA931941DDA47F1A44755141');
INSERT INTO SCHEMA_NAME.connec VALUES ('3108', 55.7741, NULL, 'PVC-CC025_D', 'sector_01', 'ON_SERVICE', NULL, NULL, NULL, NULL, 'dma_01', 'SOIL NO DATA', NULL, 'NO FLUID DATA', NULL, 'WORK NO DATA', NULL, NULL, NULL, '9100C', NULL, NULL, NULL, NULL, NULL, NULL, NULL, '0101000020E7640000A1D79B41109119411B66C19C52755141');
INSERT INTO SCHEMA_NAME.connec VALUES ('3109', 57.1855, NULL, 'PVC-CC025_D', 'sector_01', 'ON_SERVICE', NULL, NULL, NULL, NULL, 'dma_01', 'SOIL NO DATA', NULL, 'NO FLUID DATA', NULL, 'WORK NO DATA', NULL, NULL, NULL, '9100C', NULL, NULL, NULL, NULL, NULL, NULL, NULL, '0101000020E764000067CC1039D89019415F02FA5B4D755141');
INSERT INTO SCHEMA_NAME.connec VALUES ('3110', 55.1846, NULL, 'PVC-CC025_D', 'sector_01', 'ON_SERVICE', NULL, NULL, NULL, NULL, 'dma_01', 'SOIL NO DATA', NULL, 'NO FLUID DATA', NULL, 'WORK NO DATA', NULL, NULL, NULL, '10100C', NULL, NULL, NULL, NULL, NULL, NULL, NULL, '0101000020E7640000EEDE26569A911941BD02371C4F755141');
INSERT INTO SCHEMA_NAME.connec VALUES ('3111', 55.1200, NULL, 'PVC-CC025_D', 'sector_01', 'ON_SERVICE', NULL, NULL, NULL, NULL, 'dma_01', 'SOIL NO DATA', NULL, 'NO FLUID DATA', NULL, 'WORK NO DATA', NULL, NULL, NULL, '10100C', NULL, NULL, NULL, NULL, NULL, NULL, NULL, '0101000020E76400000507C05ED49119410DA3D07B4C755141');
INSERT INTO SCHEMA_NAME.connec VALUES ('3112', 54.9294, NULL, 'PVC-CC025_D', 'sector_01', 'ON_SERVICE', NULL, NULL, NULL, NULL, 'dma_01', 'SOIL NO DATA', NULL, 'NO FLUID DATA', NULL, 'WORK NO DATA', NULL, NULL, NULL, '10100C', NULL, NULL, NULL, NULL, NULL, NULL, NULL, '0101000020E76400003D0E9E6A2492194127D84C1B49755141');
INSERT INTO SCHEMA_NAME.connec VALUES ('3113', 54.5962, NULL, 'PVC-CC025_D', 'sector_01', 'ON_SERVICE', NULL, NULL, NULL, NULL, 'dma_01', 'SOIL NO DATA', NULL, 'NO FLUID DATA', NULL, 'WORK NO DATA', NULL, NULL, NULL, '10100C', NULL, NULL, NULL, NULL, NULL, NULL, NULL, '0101000020E764000099AB6C74669219418A96F4DA46755141');
INSERT INTO SCHEMA_NAME.connec VALUES ('3114', 55.8221, NULL, 'PVC-CC025_D', 'sector_01', 'ON_SERVICE', NULL, NULL, NULL, NULL, 'dma_01', 'SOIL NO DATA', NULL, 'NO FLUID DATA', NULL, 'WORK NO DATA', NULL, NULL, NULL, '10100C', NULL, NULL, NULL, NULL, NULL, NULL, NULL, '0101000020E76400001D396E5490911941C99021DB47755141');
INSERT INTO SCHEMA_NAME.connec VALUES ('3115', 55.4064, NULL, 'PVC-CC025_D', 'sector_01', 'ON_SERVICE', NULL, NULL, NULL, NULL, 'dma_01', 'SOIL NO DATA', NULL, 'NO FLUID DATA', NULL, 'WORK NO DATA', NULL, NULL, NULL, '10100C', NULL, NULL, NULL, NULL, NULL, NULL, NULL, '0101000020E76400004D5D095DCA91194102C5C47A45755141');
INSERT INTO SCHEMA_NAME.connec VALUES ('3116', 55.1988, NULL, 'PVC-CC025_D', 'sector_01', 'ON_SERVICE', NULL, NULL, NULL, NULL, 'dma_01', 'SOIL NO DATA', NULL, 'NO FLUID DATA', NULL, 'WORK NO DATA', NULL, NULL, NULL, '10100C', NULL, NULL, NULL, NULL, NULL, NULL, NULL, '0101000020E76400005222F065069219414F1F63FA42755141');
INSERT INTO SCHEMA_NAME.connec VALUES ('3117', 56.6811, NULL, 'PVC-CC025_D', 'sector_01', 'ON_SERVICE', NULL, NULL, NULL, NULL, 'dma_01', 'SOIL NO DATA', NULL, 'NO FLUID DATA', NULL, 'WORK NO DATA', NULL, NULL, NULL, '9100C', NULL, NULL, NULL, NULL, NULL, NULL, NULL, '0101000020E764000064DC324424911941C3BACE9A45755141');
INSERT INTO SCHEMA_NAME.connec VALUES ('3118', 56.6576, NULL, 'PVC-CC025_D', 'sector_01', 'ON_SERVICE', NULL, NULL, NULL, NULL, 'dma_01', 'SOIL NO DATA', NULL, 'NO FLUID DATA', NULL, 'WORK NO DATA', NULL, NULL, NULL, '9100C', NULL, NULL, NULL, NULL, NULL, NULL, NULL, '0101000020E7640000A1E7B43E00911941EA8C4E3A42755141');
INSERT INTO SCHEMA_NAME.connec VALUES ('3119', 56.3143, NULL, 'PVC-CC025_D', 'sector_01', 'ON_SERVICE', NULL, NULL, NULL, NULL, 'dma_01', 'SOIL NO DATA', NULL, 'NO FLUID DATA', NULL, 'WORK NO DATA', NULL, NULL, NULL, '9100C', NULL, NULL, NULL, NULL, NULL, NULL, NULL, '0101000020E76400009434CE39E09019413EABC4993E755141');
INSERT INTO SCHEMA_NAME.connec VALUES ('3120', 55.5165, NULL, 'PVC-CC025_D', 'sector_01', 'ON_SERVICE', NULL, NULL, NULL, NULL, 'dma_01', 'SOIL NO DATA', NULL, 'NO FLUID DATA', NULL, 'WORK NO DATA', NULL, NULL, NULL, '9100C', NULL, NULL, NULL, NULL, NULL, NULL, NULL, '0101000020E7640000709BD443249119417BC807B939755141');
INSERT INTO SCHEMA_NAME.connec VALUES ('3121', 55.2583, NULL, 'PVC-CC025_D', 'sector_01', 'ON_SERVICE', NULL, NULL, NULL, NULL, 'dma_01', 'SOIL NO DATA', NULL, 'NO FLUID DATA', NULL, 'WORK NO DATA', NULL, NULL, NULL, '9100C', NULL, NULL, NULL, NULL, NULL, NULL, NULL, '0101000020E76400003680D74B5A91194188E6AF7837755141');
INSERT INTO SCHEMA_NAME.connec VALUES ('3122', 54.9998, NULL, 'PVC-CC025_D', 'sector_01', 'ON_SERVICE', NULL, NULL, NULL, NULL, 'dma_01', 'SOIL NO DATA', NULL, 'NO FLUID DATA', NULL, 'WORK NO DATA', NULL, NULL, NULL, '9110C', NULL, NULL, NULL, NULL, NULL, NULL, NULL, '0101000020E76400006223F05BC6911941EA1F5B5835755141');
INSERT INTO SCHEMA_NAME.connec VALUES ('3123', 55.0766, NULL, 'PVC-CC025_D', 'sector_01', 'ON_SERVICE', NULL, NULL, NULL, NULL, 'dma_01', 'SOIL NO DATA', NULL, 'NO FLUID DATA', NULL, 'WORK NO DATA', NULL, NULL, NULL, '9110C', NULL, NULL, NULL, NULL, NULL, NULL, NULL, '0101000020E76400000A7B2061E8911941C793D69838755141');
INSERT INTO SCHEMA_NAME.connec VALUES ('3124', 55.1099, NULL, 'PVC-CC025_D', 'sector_01', 'ON_SERVICE', NULL, NULL, NULL, NULL, 'dma_01', 'SOIL NO DATA', NULL, 'NO FLUID DATA', NULL, 'WORK NO DATA', NULL, NULL, NULL, '9110C', NULL, NULL, NULL, NULL, NULL, NULL, NULL, '0101000020E76400004E08EE660E921941920F65593C755141');
INSERT INTO SCHEMA_NAME.connec VALUES ('3125', 53.9222, NULL, 'PVC-CC025_D', 'sector_01', 'ON_SERVICE', NULL, NULL, NULL, NULL, 'dma_01', 'SOIL NO DATA', NULL, 'NO FLUID DATA', NULL, 'WORK NO DATA', NULL, NULL, NULL, '9110C', NULL, NULL, NULL, NULL, NULL, NULL, NULL, '0101000020E7640000A73C2E7882921941965BDBD838755141');
INSERT INTO SCHEMA_NAME.connec VALUES ('3126', 53.9229, NULL, 'PVC-CC025_D', 'sector_01', 'ON_SERVICE', NULL, NULL, NULL, NULL, 'dma_01', 'SOIL NO DATA', NULL, 'NO FLUID DATA', NULL, 'WORK NO DATA', NULL, NULL, NULL, '9110C', NULL, NULL, NULL, NULL, NULL, NULL, NULL, '0101000020E7640000A630A876789219419B25BAF837755141');
INSERT INTO SCHEMA_NAME.connec VALUES ('3127', 53.4231, NULL, 'PVC-CC025_D', 'sector_01', 'ON_SERVICE', NULL, NULL, NULL, NULL, 'dma_01', 'SOIL NO DATA', NULL, 'NO FLUID DATA', NULL, 'WORK NO DATA', NULL, NULL, NULL, '9110C', NULL, NULL, NULL, NULL, NULL, NULL, NULL, '0101000020E76400006202547C9E921941B9CEA57837755141');
INSERT INTO SCHEMA_NAME.connec VALUES ('3128', 53.4253, NULL, 'PVC-CC025_D', 'sector_01', 'ON_SERVICE', NULL, NULL, NULL, NULL, 'dma_01', 'SOIL NO DATA', NULL, 'NO FLUID DATA', NULL, 'WORK NO DATA', NULL, NULL, NULL, '9110C', NULL, NULL, NULL, NULL, NULL, NULL, NULL, '0101000020E764000037951A7B96921941C888849836755141');
INSERT INTO SCHEMA_NAME.connec VALUES ('3129', 52.5855, NULL, 'PVC-CC025_D', 'sector_01', 'ON_SERVICE', NULL, NULL, NULL, NULL, 'dma_01', 'SOIL NO DATA', NULL, 'NO FLUID DATA', NULL, 'WORK NO DATA', NULL, NULL, NULL, '10100C', NULL, NULL, NULL, NULL, NULL, NULL, NULL, '0101000020E7640000C3A85884D2921941AF4FC8193F755141');
INSERT INTO SCHEMA_NAME.connec VALUES ('3130', 51.3958, NULL, 'PVC-CC025_D', 'sector_01', 'ON_SERVICE', NULL, NULL, NULL, NULL, 'dma_01', 'SOIL NO DATA', NULL, 'NO FLUID DATA', NULL, 'WORK NO DATA', NULL, NULL, NULL, '10100C', NULL, NULL, NULL, NULL, NULL, NULL, NULL, '0101000020E76400000C2EA78C0A931941D7936BB93C755141');
INSERT INTO SCHEMA_NAME.connec VALUES ('3131', 50.1809, NULL, 'PVC-CC025_D', 'sector_01', 'ON_SERVICE', NULL, NULL, NULL, NULL, 'dma_01', 'SOIL NO DATA', NULL, 'NO FLUID DATA', NULL, 'WORK NO DATA', NULL, NULL, NULL, '10100C', NULL, NULL, NULL, NULL, NULL, NULL, NULL, '0101000020E7640000C031739C749319412DDD16993A755141');
INSERT INTO SCHEMA_NAME.connec VALUES ('3132', 50.4726, NULL, 'PVC-CC025_D', 'sector_01', 'ON_SERVICE', NULL, NULL, NULL, NULL, 'dma_01', 'SOIL NO DATA', NULL, 'NO FLUID DATA', NULL, 'WORK NO DATA', NULL, NULL, NULL, '10100C', NULL, NULL, NULL, NULL, NULL, NULL, NULL, '0101000020E7640000B79EA8964E9319413FBF963837755141');
INSERT INTO SCHEMA_NAME.connec VALUES ('3133', 50.5629, NULL, 'PVC-CC025_D', 'sector_01', 'ON_SERVICE', NULL, NULL, NULL, NULL, 'dma_01', 'SOIL NO DATA', NULL, 'NO FLUID DATA', NULL, 'WORK NO DATA', NULL, NULL, NULL, '10100C', NULL, NULL, NULL, NULL, NULL, NULL, NULL, '0101000020E7640000CD15D9902893194180AFFE3733755141');
INSERT INTO SCHEMA_NAME.connec VALUES ('3134', 48.2879, NULL, 'PVC-CC025_D', 'sector_01', 'ON_SERVICE', NULL, NULL, NULL, NULL, 'dma_01', 'SOIL NO DATA', NULL, 'NO FLUID DATA', NULL, 'WORK NO DATA', NULL, NULL, NULL, '10100C', NULL, NULL, NULL, NULL, NULL, NULL, NULL, '0101000020E76400009AC2F4AEF0931941D6BED4F838755141');
INSERT INTO SCHEMA_NAME.connec VALUES ('3135', 46.8599, NULL, 'PVC-CC025_D', 'sector_01', 'ON_SERVICE', NULL, NULL, NULL, NULL, 'dma_01', 'SOIL NO DATA', NULL, 'NO FLUID DATA', NULL, 'WORK NO DATA', NULL, NULL, NULL, '10100C', NULL, NULL, NULL, NULL, NULL, NULL, NULL, '0101000020E764000035222AB82E941941129D7CB836755141');
INSERT INTO SCHEMA_NAME.connec VALUES ('3136', 48.9883, NULL, 'PVC-CC025_D', 'sector_01', 'ON_SERVICE', NULL, NULL, NULL, NULL, 'dma_01', 'SOIL NO DATA', NULL, 'NO FLUID DATA', NULL, 'WORK NO DATA', NULL, NULL, NULL, '10100C', NULL, NULL, NULL, NULL, NULL, NULL, NULL, '0101000020E7640000C2AEE2A4AE9319410A5BE7B732755141');
INSERT INTO SCHEMA_NAME.connec VALUES ('3137', 47.4415, NULL, 'PVC-CC025_D', 'sector_01', 'ON_SERVICE', NULL, NULL, NULL, NULL, 'dma_01', 'SOIL NO DATA', NULL, 'NO FLUID DATA', NULL, 'WORK NO DATA', NULL, NULL, NULL, '10100C', NULL, NULL, NULL, NULL, NULL, NULL, NULL, '0101000020E7640000E4D27DADE8931941388F8A5730755141');
INSERT INTO SCHEMA_NAME.connec VALUES ('3138', 45.2663, NULL, 'PVC-CC025_D', 'sector_01', 'ON_SERVICE', NULL, NULL, NULL, NULL, 'dma_01', 'SOIL NO DATA', NULL, 'NO FLUID DATA', NULL, 'WORK NO DATA', NULL, NULL, NULL, '10110C', NULL, NULL, NULL, NULL, NULL, NULL, NULL, '0101000020E764000014727CB312941941111522F626755141');
INSERT INTO SCHEMA_NAME.connec VALUES ('3139', 45.1854, NULL, 'PVC-CC025_D', 'sector_01', 'ON_SERVICE', NULL, NULL, NULL, NULL, 'dma_01', 'SOIL NO DATA', NULL, 'NO FLUID DATA', NULL, 'WORK NO DATA', NULL, NULL, NULL, '10110C', NULL, NULL, NULL, NULL, NULL, NULL, NULL, '0101000020E76400000E1F4AAEF09319413E0D9D7523755141');
INSERT INTO SCHEMA_NAME.connec VALUES ('3140', 45.1056, NULL, 'PVC-CC025_D', 'sector_01', 'ON_SERVICE', NULL, NULL, NULL, NULL, 'dma_01', 'SOIL NO DATA', NULL, 'NO FLUID DATA', NULL, 'WORK NO DATA', NULL, NULL, NULL, '10110C', NULL, NULL, NULL, NULL, NULL, NULL, NULL, '0101000020E764000075907DA8CA931941595B13D51F755141');
INSERT INTO SCHEMA_NAME.connec VALUES ('3141', 49.0009, NULL, 'PVC-CC025_D', 'sector_01', 'ON_SERVICE', NULL, NULL, NULL, NULL, 'dma_01', 'SOIL NO DATA', NULL, 'NO FLUID DATA', NULL, 'WORK NO DATA', NULL, NULL, NULL, '10100C', NULL, NULL, NULL, NULL, NULL, NULL, NULL, '0101000020E76400003E8DC39E8693194156FD40572E755141');
INSERT INTO SCHEMA_NAME.connec VALUES ('3142', 47.4007, NULL, 'PVC-CC025_D', 'sector_01', 'ON_SERVICE', NULL, NULL, NULL, NULL, 'dma_01', 'SOIL NO DATA', NULL, 'NO FLUID DATA', NULL, 'WORK NO DATA', NULL, NULL, NULL, '10100C', NULL, NULL, NULL, NULL, NULL, NULL, NULL, '0101000020E76400004D52AAA7C29319419B57DFD62B755141');
INSERT INTO SCHEMA_NAME.connec VALUES ('3143', 47.8500, NULL, 'PVC-CC025_D', 'sector_01', 'ON_SERVICE', NULL, NULL, NULL, NULL, 'dma_01', 'SOIL NO DATA', NULL, 'NO FLUID DATA', NULL, 'WORK NO DATA', NULL, NULL, NULL, '9100C', NULL, NULL, NULL, NULL, NULL, NULL, NULL, '0101000020E76400002E1C848F229319418A83E63525755141');
INSERT INTO SCHEMA_NAME.connec VALUES ('3144', 45.9731, NULL, 'PVC-CC025_D', 'sector_01', 'ON_SERVICE', NULL, NULL, NULL, NULL, 'dma_01', 'SOIL NO DATA', NULL, 'NO FLUID DATA', NULL, 'WORK NO DATA', NULL, NULL, NULL, '9100C', NULL, NULL, NULL, NULL, NULL, NULL, NULL, '0101000020E7640000131F049962931941E3BD84B522755141');
INSERT INTO SCHEMA_NAME.connec VALUES ('3145', 50.7815, NULL, 'PVC-CC025_D', 'sector_01', 'ON_SERVICE', NULL, NULL, NULL, NULL, 'dma_01', 'SOIL NO DATA', NULL, 'NO FLUID DATA', NULL, 'WORK NO DATA', NULL, NULL, NULL, '9100C', NULL, NULL, NULL, NULL, NULL, NULL, NULL, '0101000020E7640000C60D4D88F0921941B58132D72D755141');
INSERT INTO SCHEMA_NAME.connec VALUES ('3148', 53.1602, NULL, 'PVC-CC025_D', 'sector_01', 'ON_SERVICE', NULL, NULL, NULL, NULL, 'dma_01', 'SOIL NO DATA', NULL, 'NO FLUID DATA', NULL, 'WORK NO DATA', NULL, NULL, NULL, '9100C', NULL, NULL, NULL, NULL, NULL, NULL, NULL, '0101000020E76400006BC5516B2E92194155CE76772F755141');
INSERT INTO SCHEMA_NAME.connec VALUES ('3149', 43.5428, NULL, 'PVC-CC025_D', 'sector_01', 'ON_SERVICE', NULL, NULL, NULL, NULL, 'dma_01', 'SOIL NO DATA', NULL, 'NO FLUID DATA', NULL, 'WORK NO DATA', NULL, NULL, NULL, '10100C', NULL, NULL, NULL, NULL, NULL, NULL, NULL, '0101000020E7640000EBE031DE2C9519415AA58C5837755141');
INSERT INTO SCHEMA_NAME.connec VALUES ('3150', 45.0002, NULL, 'PVC-CC025_D', 'sector_01', 'ON_SERVICE', NULL, NULL, NULL, NULL, 'dma_01', 'SOIL NO DATA', NULL, 'NO FLUID DATA', NULL, 'WORK NO DATA', NULL, NULL, NULL, '10110C', NULL, NULL, NULL, NULL, NULL, NULL, NULL, '0101000020E7640000401859C37A941941D9968F9730755141');
INSERT INTO SCHEMA_NAME.connec VALUES ('3151', 45.1579, NULL, 'PVC-CC025_D', 'sector_01', 'ON_SERVICE', NULL, NULL, NULL, NULL, 'dma_01', 'SOIL NO DATA', NULL, 'NO FLUID DATA', NULL, 'WORK NO DATA', NULL, NULL, NULL, '10110C', NULL, NULL, NULL, NULL, NULL, NULL, NULL, '0101000020E76400006428D9BD5694194104D505F72C755141');
INSERT INTO SCHEMA_NAME.connec VALUES ('3001', 60.1008, NULL, 'PVC-CC025_D', 'sector_01', 'ON_SERVICE', NULL, NULL, NULL, NULL, 'dma_01', 'SOIL NO DATA', NULL, 'NO FLUID DATA', NULL, 'WORK NO DATA', NULL, NULL, NULL, '9100C', NULL, NULL, NULL, NULL, NULL, NULL, NULL, '0101000020E76400005AAC93FADF90194131237D3BA5755141');
INSERT INTO SCHEMA_NAME.connec VALUES ('3008', 49.0091, NULL, 'PVC-CC025_D', 'sector_01', 'ON_SERVICE', NULL, NULL, NULL, NULL, 'dma_01', 'SOIL NO DATA', NULL, 'NO FLUID DATA', NULL, 'WORK NO DATA', NULL, NULL, NULL, '10230C', NULL, NULL, NULL, NULL, NULL, NULL, NULL, '0101000020E7640000009507BB30941941A1CEDE8489755141');
INSERT INTO SCHEMA_NAME.connec VALUES ('3009', 47.8975, NULL, 'PVC-CC025_D', 'sector_01', 'ON_SERVICE', NULL, NULL, NULL, NULL, 'dma_01', 'SOIL NO DATA', NULL, 'NO FLUID DATA', NULL, 'WORK NO DATA', NULL, NULL, NULL, '10000C', NULL, NULL, NULL, NULL, NULL, NULL, NULL, '0101000020E7640000EE567BC576941941B8E4BFC488755141');
INSERT INTO SCHEMA_NAME.connec VALUES ('3010', 47.5401, NULL, 'PVC-CC025_D', 'sector_01', 'ON_SERVICE', NULL, NULL, NULL, NULL, 'dma_01', 'SOIL NO DATA', NULL, 'NO FLUID DATA', NULL, 'WORK NO DATA', NULL, NULL, NULL, '10000C', NULL, NULL, NULL, NULL, NULL, NULL, NULL, '0101000020E7640000F1A1C9C36C94194198F8CB6382755141');
INSERT INTO SCHEMA_NAME.connec VALUES ('3011', 47.3185, NULL, 'PVC-CC025_D', 'sector_01', 'ON_SERVICE', NULL, NULL, NULL, NULL, 'dma_01', 'SOIL NO DATA', NULL, 'NO FLUID DATA', NULL, 'WORK NO DATA', NULL, NULL, NULL, '10000C', NULL, NULL, NULL, NULL, NULL, NULL, NULL, '0101000020E76400009828DEC1609419419E1933637E755141');
INSERT INTO SCHEMA_NAME.connec VALUES ('3012', 44.7681, NULL, 'PVC-CC025_D', 'sector_01', 'ON_SERVICE', NULL, NULL, NULL, NULL, 'dma_01', 'SOIL NO DATA', NULL, 'NO FLUID DATA', NULL, 'WORK NO DATA', NULL, NULL, NULL, '10000C', NULL, NULL, NULL, NULL, NULL, NULL, NULL, '0101000020E76400007A8844E446951941D7FD13C37D755141');
INSERT INTO SCHEMA_NAME.connec VALUES ('3013', 43.6360, NULL, 'PVC-CC025_D', 'sector_01', 'ON_SERVICE', NULL, NULL, NULL, NULL, 'dma_01', 'SOIL NO DATA', NULL, 'NO FLUID DATA', NULL, 'WORK NO DATA', NULL, NULL, NULL, '10000C', NULL, NULL, NULL, NULL, NULL, NULL, NULL, '0101000020E76400006AB168EE8A95194100C6E6A27C755141');
INSERT INTO SCHEMA_NAME.connec VALUES ('3014', 49.0756, NULL, 'PVC-CC025_D', 'sector_01', 'ON_SERVICE', NULL, NULL, NULL, NULL, 'dma_01', 'SOIL NO DATA', NULL, 'NO FLUID DATA', NULL, 'WORK NO DATA', NULL, NULL, NULL, '10230C', NULL, NULL, NULL, NULL, NULL, NULL, NULL, '0101000020E76400006CAAF3ACD4931941988F62837F755141');
INSERT INTO SCHEMA_NAME.connec VALUES ('3152', 42.1846, NULL, 'PVC-CC025_D', 'sector_01', 'ON_SERVICE', NULL, NULL, NULL, NULL, 'dma_01', 'SOIL NO DATA', NULL, 'NO FLUID DATA', NULL, 'WORK NO DATA', NULL, NULL, NULL, '10100C', NULL, NULL, NULL, NULL, NULL, NULL, NULL, '0101000020E76400009C7B8DE978951941721F77D836755141');
INSERT INTO SCHEMA_NAME.connec VALUES ('3153', 43.3083, NULL, 'PVC-CC025_D', 'sector_01', 'ON_SERVICE', NULL, NULL, NULL, NULL, 'dma_01', 'SOIL NO DATA', NULL, 'NO FLUID DATA', NULL, 'WORK NO DATA', NULL, NULL, NULL, '10110C', NULL, NULL, NULL, NULL, NULL, NULL, NULL, '0101000020E7640000CC90D2D9109519416670AC7731755141');
INSERT INTO SCHEMA_NAME.connec VALUES ('3154', 42.9347, NULL, 'PVC-CC025_D', 'sector_01', 'ON_SERVICE', NULL, NULL, NULL, NULL, 'dma_01', 'SOIL NO DATA', NULL, 'NO FLUID DATA', NULL, 'WORK NO DATA', NULL, NULL, NULL, '10110C', NULL, NULL, NULL, NULL, NULL, NULL, NULL, '0101000020E7640000C082F6D912951941F607E8562C755141');
INSERT INTO SCHEMA_NAME.connec VALUES ('3155', 40.2258, NULL, 'PVC-CC025_D', 'sector_01', 'ON_SERVICE', NULL, NULL, NULL, NULL, 'dma_01', 'SOIL NO DATA', NULL, 'NO FLUID DATA', NULL, 'WORK NO DATA', NULL, NULL, NULL, '11011C', NULL, NULL, NULL, NULL, NULL, NULL, NULL, '0101000020E7640000DF5044FAE8951941BE2A3A5835755141');
INSERT INTO SCHEMA_NAME.connec VALUES ('3156', 40.2109, NULL, 'PVC-CC025_D', 'sector_01', 'ON_SERVICE', NULL, NULL, NULL, NULL, 'dma_01', 'SOIL NO DATA', NULL, 'NO FLUID DATA', NULL, 'WORK NO DATA', NULL, NULL, NULL, '11011C', NULL, NULL, NULL, NULL, NULL, NULL, NULL, '0101000020E7640000F09F1DFAE895194130667F7730755141');
INSERT INTO SCHEMA_NAME.connec VALUES ('3157', 41.4551, NULL, 'PVC-CC025_D', 'sector_01', 'ON_SERVICE', NULL, NULL, NULL, NULL, 'dma_01', 'SOIL NO DATA', NULL, 'NO FLUID DATA', NULL, 'WORK NO DATA', NULL, NULL, NULL, '11011C', NULL, NULL, NULL, NULL, NULL, NULL, NULL, '0101000020E76400001ADF79E97A9519411389A6B62A755141');
INSERT INTO SCHEMA_NAME.connec VALUES ('3158', 40.5513, NULL, 'PVC-CC025_D', 'sector_01', 'ON_SERVICE', NULL, NULL, NULL, NULL, 'dma_01', 'SOIL NO DATA', NULL, 'NO FLUID DATA', NULL, 'WORK NO DATA', NULL, NULL, NULL, '11011C', NULL, NULL, NULL, NULL, NULL, NULL, NULL, '0101000020E764000059B370F5CA9519412F779A762A755141');
INSERT INTO SCHEMA_NAME.connec VALUES ('3159', 42.1586, NULL, 'PVC-CC025_D', 'sector_01', 'ON_SERVICE', NULL, NULL, NULL, NULL, 'dma_01', 'SOIL NO DATA', NULL, 'NO FLUID DATA', NULL, 'WORK NO DATA', NULL, NULL, NULL, '11011C', NULL, NULL, NULL, NULL, NULL, NULL, NULL, '0101000020E764000064DF89DE32951941CAA4DF7525755141');
INSERT INTO SCHEMA_NAME.connec VALUES ('3160', 42.0787, NULL, 'PVC-CC025_D', 'sector_01', 'ON_SERVICE', NULL, NULL, NULL, NULL, 'dma_01', 'SOIL NO DATA', NULL, 'NO FLUID DATA', NULL, 'WORK NO DATA', NULL, NULL, NULL, '11011C', NULL, NULL, NULL, NULL, NULL, NULL, NULL, '0101000020E764000002EBCCDD2E951941FD5D33F520755141');
INSERT INTO SCHEMA_NAME.connec VALUES ('3161', 40.2542, NULL, 'PVC-CC025_D', 'sector_01', 'ON_SERVICE', NULL, NULL, NULL, NULL, 'dma_01', 'SOIL NO DATA', NULL, 'NO FLUID DATA', NULL, 'WORK NO DATA', NULL, NULL, NULL, '11011C', NULL, NULL, NULL, NULL, NULL, NULL, NULL, '0101000020E7640000F89DF8F7DC9519412AC5D03525755141');
INSERT INTO SCHEMA_NAME.connec VALUES ('3162', 40.1962, NULL, 'PVC-CC025_D', 'sector_01', 'ON_SERVICE', NULL, NULL, NULL, NULL, 'dma_01', 'SOIL NO DATA', NULL, 'NO FLUID DATA', NULL, 'WORK NO DATA', NULL, NULL, NULL, '11011C', NULL, NULL, NULL, NULL, NULL, NULL, NULL, '0101000020E7640000F37F24F8DE95194167AC321521755141');
INSERT INTO SCHEMA_NAME.connec VALUES ('3163', 41.5794, NULL, 'PVC-CC025_D', 'sector_01', 'ON_SERVICE', NULL, NULL, NULL, NULL, 'dma_01', 'SOIL NO DATA', NULL, 'NO FLUID DATA', NULL, 'WORK NO DATA', NULL, NULL, NULL, '11011C', NULL, NULL, NULL, NULL, NULL, NULL, NULL, '0101000020E7640000123907E03E951941F3F164941B755141');
INSERT INTO SCHEMA_NAME.connec VALUES ('3164', 40.8710, NULL, 'PVC-CC025_D', 'sector_01', 'ON_SERVICE', NULL, NULL, NULL, NULL, 'dma_01', 'SOIL NO DATA', NULL, 'NO FLUID DATA', NULL, 'WORK NO DATA', NULL, NULL, NULL, '11011C', NULL, NULL, NULL, NULL, NULL, NULL, NULL, '0101000020E76400008C68B4EB8C951941E04D67B41B755141');
INSERT INTO SCHEMA_NAME.connec VALUES ('3165', 40.3873, NULL, 'PVC-CC025_D', 'sector_01', 'ON_SERVICE', NULL, NULL, NULL, NULL, 'dma_01', 'SOIL NO DATA', NULL, 'NO FLUID DATA', NULL, 'WORK NO DATA', NULL, NULL, NULL, '11011C', NULL, NULL, NULL, NULL, NULL, NULL, NULL, '0101000020E7640000F86761F4C695194161B560941B755141');
INSERT INTO SCHEMA_NAME.connec VALUES ('3166', 43.9118, NULL, 'PVC-CC025_D', 'sector_01', 'ON_SERVICE', NULL, NULL, NULL, NULL, 'dma_01', 'SOIL NO DATA', NULL, 'NO FLUID DATA', NULL, 'WORK NO DATA', NULL, NULL, NULL, '10110C', NULL, NULL, NULL, NULL, NULL, NULL, NULL, '0101000020E7640000F41AF6CCBC94194108E3471628755141');
INSERT INTO SCHEMA_NAME.connec VALUES ('3167', 44.1079, NULL, 'PVC-CC025_D', 'sector_01', 'ON_SERVICE', NULL, NULL, NULL, NULL, 'dma_01', 'SOIL NO DATA', NULL, 'NO FLUID DATA', NULL, 'WORK NO DATA', NULL, NULL, NULL, '10110C', NULL, NULL, NULL, NULL, NULL, NULL, NULL, '0101000020E7640000A8EFDBC6949419411E77B95524755141');
INSERT INTO SCHEMA_NAME.connec VALUES ('3168', 44.0070, NULL, 'PVC-CC025_D', 'sector_01', 'ON_SERVICE', NULL, NULL, NULL, NULL, 'dma_01', 'SOIL NO DATA', NULL, 'NO FLUID DATA', NULL, 'WORK NO DATA', NULL, NULL, NULL, '10110C', NULL, NULL, NULL, NULL, NULL, NULL, NULL, '0101000020E7640000141864BD5694194157BDD0341E755141');
INSERT INTO SCHEMA_NAME.connec VALUES ('3169', 43.9101, NULL, 'PVC-CC025_D', 'sector_01', 'ON_SERVICE', NULL, NULL, NULL, NULL, 'dma_01', 'SOIL NO DATA', NULL, 'NO FLUID DATA', NULL, 'WORK NO DATA', NULL, NULL, NULL, '10110C', NULL, NULL, NULL, NULL, NULL, NULL, NULL, '0101000020E76400005C24E6B732941941688F50D41A755141');
INSERT INTO SCHEMA_NAME.connec VALUES ('3170', 42.5870, NULL, 'PVC-CC025_D', 'sector_01', 'ON_SERVICE', NULL, NULL, NULL, NULL, 'dma_01', 'SOIL NO DATA', NULL, 'NO FLUID DATA', NULL, 'WORK NO DATA', NULL, NULL, NULL, '10110C', NULL, NULL, NULL, NULL, NULL, NULL, NULL, '0101000020E76400008DCA24C06A9419411534A77316755141');
INSERT INTO SCHEMA_NAME.connec VALUES ('3171', 42.9679, NULL, 'PVC-CC025_D', 'sector_01', 'ON_SERVICE', NULL, NULL, NULL, NULL, 'dma_01', 'SOIL NO DATA', NULL, 'NO FLUID DATA', NULL, 'WORK NO DATA', NULL, NULL, NULL, '10110C', NULL, NULL, NULL, NULL, NULL, NULL, NULL, '0101000020E76400001ABAA4C58E941941F2F530141A755141');
INSERT INTO SCHEMA_NAME.connec VALUES ('3172', 43.0784, NULL, 'PVC-CC025_D', 'sector_01', 'ON_SERVICE', NULL, NULL, NULL, NULL, 'dma_01', 'SOIL NO DATA', NULL, 'NO FLUID DATA', NULL, 'WORK NO DATA', NULL, NULL, NULL, '10110C', NULL, NULL, NULL, NULL, NULL, NULL, NULL, '0101000020E76400009EBDA6CCBC941941F2C5C8141E755141');
INSERT INTO SCHEMA_NAME.connec VALUES ('3175', 38.1994, NULL, 'PVC-CC025_D', 'sector_01', 'ON_SERVICE', NULL, NULL, NULL, NULL, 'dma_01', 'SOIL NO DATA', NULL, 'NO FLUID DATA', NULL, 'WORK NO DATA', NULL, NULL, NULL, '9100C', NULL, NULL, NULL, NULL, NULL, NULL, NULL, '0101000020E7640000046B75D5FE9419414AF99C8FFB745141');
INSERT INTO SCHEMA_NAME.connec VALUES ('3176', 42.5624, NULL, 'PVC-CC025_D', 'sector_01', 'ON_SERVICE', NULL, NULL, NULL, NULL, 'dma_01', 'SOIL NO DATA', NULL, 'NO FLUID DATA', NULL, 'WORK NO DATA', NULL, NULL, NULL, '9100C', NULL, NULL, NULL, NULL, NULL, NULL, NULL, '0101000020E7640000B561D8ACEA9319413200FAD211755141');
INSERT INTO SCHEMA_NAME.connec VALUES ('3181', 35.0000, NULL, 'PVC-CC025_D', 'sector_01', 'ON_SERVICE', NULL, NULL, NULL, NULL, 'dma_01', 'SOIL NO DATA', NULL, 'NO FLUID DATA', NULL, 'WORK NO DATA', NULL, NULL, NULL, '9150C', NULL, NULL, NULL, NULL, NULL, NULL, NULL, '0101000020E764000030544DCF389619412E91C1AEF4745141');
INSERT INTO SCHEMA_NAME.connec VALUES ('3173', 40.0000, NULL, 'PVC-CC030_D', 'sector_01', 'ON_SERVICE', NULL, NULL, NULL, NULL, 'dma_01', 'SOIL NO DATA', NULL, 'NO FLUID DATA', NULL, 'WORK NO DATA', NULL, NULL, NULL, '11011C', NULL, NULL, NULL, NULL, NULL, NULL, NULL, '0101000020E76400005BCFEFF8E69519415060401314755141');
INSERT INTO SCHEMA_NAME.connec VALUES ('3182', 35.0003, NULL, 'PVC-CC025_D', 'sector_01', 'ON_SERVICE', NULL, NULL, NULL, NULL, 'dma_01', 'SOIL NO DATA', NULL, 'NO FLUID DATA', NULL, 'WORK NO DATA', NULL, NULL, NULL, '9150C', NULL, NULL, NULL, NULL, NULL, NULL, NULL, '0101000020E7640000CC1A77AA4B96194179A847BEF5745141');
INSERT INTO SCHEMA_NAME.connec VALUES ('3183', 34.8759, NULL, 'PVC-CC025_D', 'sector_01', 'ON_SERVICE', NULL, NULL, NULL, NULL, 'dma_01', 'SOIL NO DATA', NULL, 'NO FLUID DATA', NULL, 'WORK NO DATA', NULL, NULL, NULL, '9150C', NULL, NULL, NULL, NULL, NULL, NULL, NULL, '0101000020E7640000BC063C5982961941272C83B0F8745141');
INSERT INTO SCHEMA_NAME.connec VALUES ('3204', 37.0394, NULL, 'PVC-CC025_D', 'sector_01', 'ON_SERVICE', NULL, NULL, NULL, NULL, 'dma_01', 'SOIL NO DATA', NULL, 'NO FLUID DATA', NULL, 'WORK NO DATA', NULL, NULL, NULL, '11011C', NULL, NULL, NULL, NULL, NULL, NULL, NULL, '0101000020E76400003C30CD7E6F961941E8D0E6320F755141');
INSERT INTO SCHEMA_NAME.connec VALUES ('3205', 37.5865, NULL, 'PVC-CC025_D', 'sector_01', 'ON_SERVICE', NULL, NULL, NULL, NULL, 'dma_01', 'SOIL NO DATA', NULL, 'NO FLUID DATA', NULL, 'WORK NO DATA', NULL, NULL, NULL, '11011C', NULL, NULL, NULL, NULL, NULL, NULL, NULL, '0101000020E76400001CDC1A2775961941B207888014755141');
INSERT INTO SCHEMA_NAME.connec VALUES ('3206', 38.1183, NULL, 'PVC-CC025_D', 'sector_01', 'ON_SERVICE', NULL, NULL, NULL, NULL, 'dma_01', 'SOIL NO DATA', NULL, 'NO FLUID DATA', NULL, 'WORK NO DATA', NULL, NULL, NULL, '11011C', NULL, NULL, NULL, NULL, NULL, NULL, NULL, '0101000020E7640000F221000A77961941A26702651A755141');
INSERT INTO SCHEMA_NAME.connec VALUES ('3207', 38.1609, NULL, 'PVC-CC025_D', 'sector_01', 'ON_SERVICE', NULL, NULL, NULL, NULL, 'dma_01', 'SOIL NO DATA', NULL, 'NO FLUID DATA', NULL, 'WORK NO DATA', NULL, NULL, NULL, '11011C', NULL, NULL, NULL, NULL, NULL, NULL, NULL, '0101000020E76400001100B2028896194168EFE45923755141');
INSERT INTO SCHEMA_NAME.connec VALUES ('3208', 36.9250, NULL, 'PVC-CC025_D', 'sector_01', 'ON_SERVICE', NULL, NULL, NULL, NULL, 'dma_01', 'SOIL NO DATA', NULL, 'NO FLUID DATA', NULL, 'WORK NO DATA', NULL, NULL, NULL, '11011C', NULL, NULL, NULL, NULL, NULL, NULL, NULL, '0101000020E7640000B2FB7F8CD1961941B13CB73B23755141');
INSERT INTO SCHEMA_NAME.connec VALUES ('3209', 38.1060, NULL, 'PVC-CC025_D', 'sector_01', 'ON_SERVICE', NULL, NULL, NULL, NULL, 'dma_01', 'SOIL NO DATA', NULL, 'NO FLUID DATA', NULL, 'WORK NO DATA', NULL, NULL, NULL, '11011C', NULL, NULL, NULL, NULL, NULL, NULL, NULL, '0101000020E7640000C42607AB8D961941196BE19829755141');
INSERT INTO SCHEMA_NAME.connec VALUES ('3210', 37.0597, NULL, 'PVC-CC025_D', 'sector_01', 'ON_SERVICE', NULL, NULL, NULL, NULL, 'dma_01', 'SOIL NO DATA', NULL, 'NO FLUID DATA', NULL, 'WORK NO DATA', NULL, NULL, NULL, '11011C', NULL, NULL, NULL, NULL, NULL, NULL, NULL, '0101000020E76400000C65B38CD1961941B4B60AB729755141');
INSERT INTO SCHEMA_NAME.connec VALUES ('3211', 35.5954, NULL, 'PVC-CC025_D', 'sector_01', 'ON_SERVICE', NULL, NULL, NULL, NULL, 'dma_01', 'SOIL NO DATA', NULL, 'NO FLUID DATA', NULL, 'WORK NO DATA', NULL, NULL, NULL, '10240C', NULL, NULL, NULL, NULL, NULL, NULL, NULL, '0101000020E7640000CC6FF141399719418158378A2A755141');
INSERT INTO SCHEMA_NAME.connec VALUES ('3212', 35.2911, NULL, 'PVC-CC025_D', 'sector_01', 'ON_SERVICE', NULL, NULL, NULL, NULL, 'dma_01', 'SOIL NO DATA', NULL, 'NO FLUID DATA', NULL, 'WORK NO DATA', NULL, NULL, NULL, '10240C', NULL, NULL, NULL, NULL, NULL, NULL, NULL, '0101000020E7640000186385243B971941972AF12D26755141');
INSERT INTO SCHEMA_NAME.connec VALUES ('3213', 35.3399, NULL, 'PVC-CC025_D', 'sector_01', 'ON_SERVICE', NULL, NULL, NULL, NULL, 'dma_01', 'SOIL NO DATA', NULL, 'NO FLUID DATA', NULL, 'WORK NO DATA', NULL, NULL, NULL, '10240C', NULL, NULL, NULL, NULL, NULL, NULL, NULL, '0101000020E7640000F20DD3B63197194174BFD6EF21755141');
INSERT INTO SCHEMA_NAME.connec VALUES ('3214', 35.3743, NULL, 'PVC-CC025_D', 'sector_01', 'ON_SERVICE', NULL, NULL, NULL, NULL, 'dma_01', 'SOIL NO DATA', NULL, 'NO FLUID DATA', NULL, 'WORK NO DATA', NULL, NULL, NULL, '9150C', NULL, NULL, NULL, NULL, NULL, NULL, NULL, '0101000020E7640000A8CD948324971941F1F523CE19755141');
INSERT INTO SCHEMA_NAME.connec VALUES ('3215', 35.1445, NULL, 'PVC-CC025_D', 'sector_01', 'ON_SERVICE', NULL, NULL, NULL, NULL, 'dma_01', 'SOIL NO DATA', NULL, 'NO FLUID DATA', NULL, 'WORK NO DATA', NULL, NULL, NULL, '9150C', NULL, NULL, NULL, NULL, NULL, NULL, NULL, '0101000020E7640000E05344DB1E9719414A85002614755141');
INSERT INTO SCHEMA_NAME.connec VALUES ('3216', 34.4921, NULL, 'PVC-CC025_D', 'sector_01', 'ON_SERVICE', NULL, NULL, NULL, NULL, 'dma_01', 'SOIL NO DATA', NULL, 'NO FLUID DATA', NULL, 'WORK NO DATA', NULL, NULL, NULL, '9150C', NULL, NULL, NULL, NULL, NULL, NULL, NULL, '0101000020E76400006C6518DB1E9719412850089C0E755141');
INSERT INTO SCHEMA_NAME.connec VALUES ('3217', 33.0523, NULL, 'PVC-CC025_D', 'sector_01', 'ON_SERVICE', NULL, NULL, NULL, NULL, 'dma_01', 'SOIL NO DATA', NULL, 'NO FLUID DATA', NULL, 'WORK NO DATA', NULL, NULL, NULL, '9150C', NULL, NULL, NULL, NULL, NULL, NULL, NULL, '0101000020E76400005C03B85CBB971941C9E387DE1C755141');
INSERT INTO SCHEMA_NAME.connec VALUES ('3218', 32.8467, NULL, 'PVC-CC025_D', 'sector_01', 'ON_SERVICE', NULL, NULL, NULL, NULL, 'dma_01', 'SOIL NO DATA', NULL, 'NO FLUID DATA', NULL, 'WORK NO DATA', NULL, NULL, NULL, '9150C', NULL, NULL, NULL, NULL, NULL, NULL, NULL, '0101000020E7640000BF7AD679B99719415326BB7217755141');
INSERT INTO SCHEMA_NAME.connec VALUES ('3219', 34.9155, NULL, 'PVC-CC025_D', 'sector_01', 'ON_SERVICE', NULL, NULL, NULL, NULL, 'dma_01', 'SOIL NO DATA', NULL, 'NO FLUID DATA', NULL, 'WORK NO DATA', NULL, NULL, NULL, '10240C', NULL, NULL, NULL, NULL, NULL, NULL, NULL, '0101000020E7640000F6952C4F9B9719410775537D2F755141');
INSERT INTO SCHEMA_NAME.connec VALUES ('3220', 33.5990, NULL, 'PVC-CC025_D', 'sector_01', 'ON_SERVICE', NULL, NULL, NULL, NULL, 'dma_01', 'SOIL NO DATA', NULL, 'NO FLUID DATA', NULL, 'WORK NO DATA', NULL, NULL, NULL, '10240C', NULL, NULL, NULL, NULL, NULL, NULL, NULL, '0101000020E7640000F70744F6E29719415CD1255F2F755141');
INSERT INTO SCHEMA_NAME.connec VALUES ('3221', 33.3682, NULL, 'PVC-CC025_D', 'sector_01', 'ON_SERVICE', NULL, NULL, NULL, NULL, 'dma_01', 'SOIL NO DATA', NULL, 'NO FLUID DATA', NULL, 'WORK NO DATA', NULL, NULL, NULL, '10240C', NULL, NULL, NULL, NULL, NULL, NULL, NULL, '0101000020E764000024D61BF6E2971941C33EDB4D2A755141');
INSERT INTO SCHEMA_NAME.connec VALUES ('3222', 34.7407, NULL, 'PVC-CC025_D', 'sector_01', 'ON_SERVICE', NULL, NULL, NULL, NULL, 'dma_01', 'SOIL NO DATA', NULL, 'NO FLUID DATA', NULL, 'WORK NO DATA', NULL, NULL, NULL, '10240C', NULL, NULL, NULL, NULL, NULL, NULL, NULL, '0101000020E7640000B4DCBB319D971941073C348A2A755141');
INSERT INTO SCHEMA_NAME.connec VALUES ('3223', 30.4850, NULL, 'PVC-CC025_D', 'sector_01', 'ON_SERVICE', NULL, NULL, NULL, NULL, 'dma_01', 'SOIL NO DATA', NULL, 'NO FLUID DATA', NULL, 'WORK NO DATA', NULL, NULL, NULL, '9150C', NULL, NULL, NULL, NULL, NULL, NULL, NULL, '0101000020E7640000D6A39AA35B98194176F565D325755141');
INSERT INTO SCHEMA_NAME.connec VALUES ('3224', 30.1750, NULL, 'PVC-CC025_D', 'sector_01', 'ON_SERVICE', NULL, NULL, NULL, NULL, 'dma_01', 'SOIL NO DATA', NULL, 'NO FLUID DATA', NULL, 'WORK NO DATA', NULL, NULL, NULL, '9150C', NULL, NULL, NULL, NULL, NULL, NULL, NULL, '0101000020E7640000364DB6C05998194128FE160D20755141');
INSERT INTO SCHEMA_NAME.connec VALUES ('3225', 31.4573, NULL, 'PVC-CC025_D', 'sector_01', 'ON_SERVICE', NULL, NULL, NULL, NULL, 'dma_01', 'SOIL NO DATA', NULL, 'NO FLUID DATA', NULL, 'WORK NO DATA', NULL, NULL, NULL, '10240C', NULL, NULL, NULL, NULL, NULL, NULL, NULL, '0101000020E7640000F07085F466981941871F12733A755141');
INSERT INTO SCHEMA_NAME.connec VALUES ('3226', 31.3309, NULL, 'PVC-CC025_D', 'sector_01', 'ON_SERVICE', NULL, NULL, NULL, NULL, 'dma_01', 'SOIL NO DATA', NULL, 'NO FLUID DATA', NULL, 'WORK NO DATA', NULL, NULL, NULL, '10240C', NULL, NULL, NULL, NULL, NULL, NULL, NULL, '0101000020E76400006CEB61F4669819410B98A0F835755141');
INSERT INTO SCHEMA_NAME.connec VALUES ('3227', 30.9272, NULL, 'PVC-CC025_D', 'sector_01', 'ON_SERVICE', NULL, NULL, NULL, NULL, 'dma_01', 'SOIL NO DATA', NULL, 'NO FLUID DATA', NULL, 'WORK NO DATA', NULL, NULL, NULL, '10240C', NULL, NULL, NULL, NULL, NULL, NULL, NULL, '0101000020E76400004F871E4C619819411BE0DCF631755141');
INSERT INTO SCHEMA_NAME.connec VALUES ('3228', 30.1435, NULL, 'PVC-CC025_D', 'sector_01', 'ON_SERVICE', NULL, NULL, NULL, NULL, 'dma_01', 'SOIL NO DATA', NULL, 'NO FLUID DATA', NULL, 'WORK NO DATA', NULL, NULL, NULL, '10240C', NULL, NULL, NULL, NULL, NULL, NULL, NULL, '0101000020E7640000561C7DB1BD981941AE38DCDE3F755141');
INSERT INTO SCHEMA_NAME.connec VALUES ('3229', 30.3826, NULL, 'PVC-CC025_D', 'sector_01', 'ON_SERVICE', NULL, NULL, NULL, NULL, 'dma_01', 'SOIL NO DATA', NULL, 'NO FLUID DATA', NULL, 'WORK NO DATA', NULL, NULL, NULL, '10240C', NULL, NULL, NULL, NULL, NULL, NULL, NULL, '0101000020E7640000740DA3CEBB9819413CC06A643B755141');
INSERT INTO SCHEMA_NAME.connec VALUES ('3230', 30.2883, NULL, 'PVC-CC025_D', 'sector_01', 'ON_SERVICE', NULL, NULL, NULL, NULL, 'dma_01', 'SOIL NO DATA', NULL, 'NO FLUID DATA', NULL, 'WORK NO DATA', NULL, NULL, NULL, '10240C', NULL, NULL, NULL, NULL, NULL, NULL, NULL, '0101000020E7640000F4EDC9EBB998194165B0240837755141');
INSERT INTO SCHEMA_NAME.connec VALUES ('3231', 28.8843, NULL, 'PVC-CC025_D', 'sector_01', 'ON_SERVICE', NULL, NULL, NULL, NULL, 'dma_01', 'SOIL NO DATA', NULL, 'NO FLUID DATA', NULL, 'WORK NO DATA', NULL, NULL, NULL, '9150C', NULL, NULL, NULL, NULL, NULL, NULL, NULL, '0101000020E7640000D5547CEAFB981941869E18AA2E755141');
INSERT INTO SCHEMA_NAME.connec VALUES ('3232', 28.3035, NULL, 'PVC-CC025_D', 'sector_01', 'ON_SERVICE', NULL, NULL, NULL, NULL, 'dma_01', 'SOIL NO DATA', NULL, 'NO FLUID DATA', NULL, 'WORK NO DATA', NULL, NULL, NULL, '9150C', NULL, NULL, NULL, NULL, NULL, NULL, NULL, '0101000020E7640000C20E9707FA9819419C3E9EC528755141');
INSERT INTO SCHEMA_NAME.connec VALUES ('3233', 26.4496, NULL, 'PVC-CC025_D', 'sector_01', 'ON_SERVICE', NULL, NULL, NULL, NULL, 'dma_01', 'SOIL NO DATA', NULL, 'NO FLUID DATA', NULL, 'WORK NO DATA', NULL, NULL, NULL, '9150C', NULL, NULL, NULL, NULL, NULL, NULL, NULL, '0101000020E764000008275C319C9919415B76744437755141');
INSERT INTO SCHEMA_NAME.connec VALUES ('3234', 26.2514, NULL, 'PVC-CC025_D', 'sector_01', 'ON_SERVICE', NULL, NULL, NULL, NULL, 'dma_01', 'SOIL NO DATA', NULL, 'NO FLUID DATA', NULL, 'WORK NO DATA', NULL, NULL, NULL, '9150C', NULL, NULL, NULL, NULL, NULL, NULL, NULL, '0101000020E7640000D046C16B98991941188E257E31755141');
INSERT INTO SCHEMA_NAME.connec VALUES ('3235', 24.3905, NULL, 'PVC-CC025_D', 'sector_01', 'ON_SERVICE', NULL, NULL, NULL, NULL, 'dma_01', 'SOIL NO DATA', NULL, 'NO FLUID DATA', NULL, 'WORK NO DATA', NULL, NULL, NULL, '9150C', NULL, NULL, NULL, NULL, NULL, NULL, NULL, '0101000020E7640000574E87953A9A1941702E271B40755141');
INSERT INTO SCHEMA_NAME.connec VALUES ('3236', 24.5364, NULL, 'PVC-CC025_D', 'sector_01', 'ON_SERVICE', NULL, NULL, NULL, NULL, 'dma_01', 'SOIL NO DATA', NULL, 'NO FLUID DATA', NULL, 'WORK NO DATA', NULL, NULL, NULL, '9150C', NULL, NULL, NULL, NULL, NULL, NULL, NULL, '0101000020E7640000AD7EEBCF369A194192DDAC363A755141');
INSERT INTO SCHEMA_NAME.connec VALUES ('3237', 26.3615, NULL, 'PVC-CC025_D', 'sector_01', 'ON_SERVICE', NULL, NULL, NULL, NULL, 'dma_01', 'SOIL NO DATA', NULL, 'NO FLUID DATA', NULL, 'WORK NO DATA', NULL, NULL, NULL, '11000C', NULL, NULL, NULL, NULL, NULL, NULL, NULL, '0101000020E764000045E4A4E190991941ACBF916A49755141');
INSERT INTO SCHEMA_NAME.connec VALUES ('3238', 26.2483, NULL, 'PVC-CC025_D', 'sector_01', 'ON_SERVICE', NULL, NULL, NULL, NULL, 'dma_01', 'SOIL NO DATA', NULL, 'NO FLUID DATA', NULL, 'WORK NO DATA', NULL, NULL, NULL, '11000C', NULL, NULL, NULL, NULL, NULL, NULL, NULL, '0101000020E76400001C80E6319C991941CEF18CB548755141');
INSERT INTO SCHEMA_NAME.connec VALUES ('3242', 31.3653, NULL, 'PVC-CC025_D', 'sector_01', 'ON_SERVICE', NULL, NULL, NULL, NULL, 'dma_01', 'SOIL NO DATA', NULL, 'NO FLUID DATA', NULL, 'WORK NO DATA', NULL, NULL, NULL, '11000C', NULL, NULL, NULL, NULL, NULL, NULL, NULL, '0101000020E76400009211EA550E981941D53A22AD57755141');
INSERT INTO SCHEMA_NAME.connec VALUES ('3243', 31.4777, NULL, 'PVC-CC025_D', 'sector_01', 'ON_SERVICE', NULL, NULL, NULL, NULL, 'dma_01', 'SOIL NO DATA', NULL, 'NO FLUID DATA', NULL, 'WORK NO DATA', NULL, NULL, NULL, '11000C', NULL, NULL, NULL, NULL, NULL, NULL, NULL, '0101000020E76400002C6109CB06981941A09AF2D956755141');
INSERT INTO SCHEMA_NAME.connec VALUES ('3244', 30.6040, NULL, 'PVC-CC025_D', 'sector_01', 'ON_SERVICE', NULL, NULL, NULL, NULL, 'dma_01', 'SOIL NO DATA', NULL, 'NO FLUID DATA', NULL, 'WORK NO DATA', NULL, NULL, NULL, '11000C', NULL, NULL, NULL, NULL, NULL, NULL, NULL, '0101000020E7640000204BDBBB28981941ABE9436156755141');
INSERT INTO SCHEMA_NAME.connec VALUES ('3245', 30.7457, NULL, 'PVC-CC025_D', 'sector_01', 'ON_SERVICE', NULL, NULL, NULL, NULL, 'dma_01', 'SOIL NO DATA', NULL, 'NO FLUID DATA', NULL, 'WORK NO DATA', NULL, NULL, NULL, '11000C', NULL, NULL, NULL, NULL, NULL, NULL, NULL, '0101000020E76400007211444E1F9819417F58148E55755141');
INSERT INTO SCHEMA_NAME.connec VALUES ('3246', 29.4940, NULL, 'PVC-CC025_D', 'sector_01', 'ON_SERVICE', NULL, NULL, NULL, NULL, 'dma_01', 'SOIL NO DATA', NULL, 'NO FLUID DATA', NULL, 'WORK NO DATA', NULL, NULL, NULL, '11000C', NULL, NULL, NULL, NULL, NULL, NULL, NULL, '0101000020E7640000207EED2EA5981941C143C2BB56755141');
INSERT INTO SCHEMA_NAME.connec VALUES ('3247', 29.2994, NULL, 'PVC-CC025_D', 'sector_01', 'ON_SERVICE', NULL, NULL, NULL, NULL, 'dma_01', 'SOIL NO DATA', NULL, 'NO FLUID DATA', NULL, 'WORK NO DATA', NULL, NULL, NULL, '11000C', NULL, NULL, NULL, NULL, NULL, NULL, NULL, '0101000020E76400008A92E661B29819417BCFE82456755141');
INSERT INTO SCHEMA_NAME.connec VALUES ('3248', 29.6015, NULL, 'PVC-CC025_D', 'sector_01', 'ON_SERVICE', NULL, NULL, NULL, NULL, 'dma_01', 'SOIL NO DATA', NULL, 'NO FLUID DATA', NULL, 'WORK NO DATA', NULL, NULL, NULL, '11000C', NULL, NULL, NULL, NULL, NULL, NULL, NULL, '0101000020E76400009919508E8E981941366E0CD954755141');
INSERT INTO SCHEMA_NAME.connec VALUES ('3249', 29.4272, NULL, 'PVC-CC025_D', 'sector_01', 'ON_SERVICE', NULL, NULL, NULL, NULL, 'dma_01', 'SOIL NO DATA', NULL, 'NO FLUID DATA', NULL, 'WORK NO DATA', NULL, NULL, NULL, '11000C', NULL, NULL, NULL, NULL, NULL, NULL, NULL, '0101000020E7640000062E49C19B981941F0F9324254755141');
INSERT INTO SCHEMA_NAME.connec VALUES ('3266', 35.4968, NULL, 'PVC-CC025_D', 'sector_01', 'ON_SERVICE', NULL, NULL, NULL, NULL, 'dma_01', 'SOIL NO DATA', NULL, 'NO FLUID DATA', NULL, 'WORK NO DATA', NULL, NULL, NULL, '11011C', NULL, NULL, NULL, NULL, NULL, NULL, NULL, '0101000020E7640000A58ADCCD40971941B470BAF34C755141');
INSERT INTO SCHEMA_NAME.connec VALUES ('3267', 35.5109, NULL, 'PVC-CC025_D', 'sector_01', 'ON_SERVICE', NULL, NULL, NULL, NULL, 'dma_01', 'SOIL NO DATA', NULL, 'NO FLUID DATA', NULL, 'WORK NO DATA', NULL, NULL, NULL, '11011C', NULL, NULL, NULL, NULL, NULL, NULL, NULL, '0101000020E76400001D5896253B971941F57E749748755141');
INSERT INTO SCHEMA_NAME.connec VALUES ('3268', 37.5254, NULL, 'PVC-CC025_D', 'sector_01', 'ON_SERVICE', NULL, NULL, NULL, NULL, 'dma_01', 'SOIL NO DATA', NULL, 'NO FLUID DATA', NULL, 'WORK NO DATA', NULL, NULL, NULL, '11011C', NULL, NULL, NULL, NULL, NULL, NULL, NULL, '0101000020E7640000338ED8C19C9619412897988A4D755141');
INSERT INTO SCHEMA_NAME.connec VALUES ('3269', 37.8173, NULL, 'PVC-CC025_D', 'sector_01', 'ON_SERVICE', NULL, NULL, NULL, NULL, 'dma_01', 'SOIL NO DATA', NULL, 'NO FLUID DATA', NULL, 'WORK NO DATA', NULL, NULL, NULL, '11011C', NULL, NULL, NULL, NULL, NULL, NULL, NULL, '0101000020E7640000346EFFDE9A9619415F87522E49755141');
INSERT INTO SCHEMA_NAME.connec VALUES ('3270', 37.7859, NULL, 'PVC-CC025_D', 'sector_01', 'ON_SERVICE', NULL, NULL, NULL, NULL, 'dma_01', 'SOIL NO DATA', NULL, 'NO FLUID DATA', NULL, 'WORK NO DATA', NULL, NULL, NULL, '11011C', NULL, NULL, NULL, NULL, NULL, NULL, NULL, '0101000020E76400007F7EF186A09619419BB155EF42755141');
INSERT INTO SCHEMA_NAME.connec VALUES ('3271', 36.8568, NULL, 'PVC-CC025_D', 'sector_01', 'ON_SERVICE', NULL, NULL, NULL, NULL, 'dma_01', 'SOIL NO DATA', NULL, 'NO FLUID DATA', NULL, 'WORK NO DATA', NULL, NULL, NULL, '11011C', NULL, NULL, NULL, NULL, NULL, NULL, NULL, '0101000020E76400000878514BE69619415AB4FCB242755141');
INSERT INTO SCHEMA_NAME.connec VALUES ('3272', 35.7400, NULL, 'PVC-CC025_D', 'sector_01', 'ON_SERVICE', NULL, NULL, NULL, NULL, 'dma_01', 'SOIL NO DATA', NULL, 'NO FLUID DATA', NULL, 'WORK NO DATA', NULL, NULL, NULL, '11011C', NULL, NULL, NULL, NULL, NULL, NULL, NULL, '0101000020E76400008271B10F2C9719411AB7A37642755141');
INSERT INTO SCHEMA_NAME.connec VALUES ('3273', 35.6792, NULL, 'PVC-CC025_D', 'sector_01', 'ON_SERVICE', NULL, NULL, NULL, NULL, 'dma_01', 'SOIL NO DATA', NULL, 'NO FLUID DATA', NULL, 'WORK NO DATA', NULL, NULL, NULL, '10240C', NULL, NULL, NULL, NULL, NULL, NULL, NULL, '0101000020E76400006C09ECD42F971941B5877B193C755141');
INSERT INTO SCHEMA_NAME.connec VALUES ('3274', 35.6190, NULL, 'PVC-CC025_D', 'sector_01', 'ON_SERVICE', NULL, NULL, NULL, NULL, 'dma_01', 'SOIL NO DATA', NULL, 'NO FLUID DATA', NULL, 'WORK NO DATA', NULL, NULL, NULL, '10240C', NULL, NULL, NULL, NULL, NULL, NULL, NULL, '0101000020E7640000CBE912F22D971941E57735BD37755141');
INSERT INTO SCHEMA_NAME.connec VALUES ('3275', 36.9181, NULL, 'PVC-CC025_D', 'sector_01', 'ON_SERVICE', NULL, NULL, NULL, NULL, 'dma_01', 'SOIL NO DATA', NULL, 'NO FLUID DATA', NULL, 'WORK NO DATA', NULL, NULL, NULL, '11011C', NULL, NULL, NULL, NULL, NULL, NULL, NULL, '0101000020E76400003CFB3CDDDC9619416E60141532755141');
INSERT INTO SCHEMA_NAME.connec VALUES ('3276', 37.9797, NULL, 'PVC-CC025_D', 'sector_01', 'ON_SERVICE', NULL, NULL, NULL, NULL, 'dma_01', 'SOIL NO DATA', NULL, 'NO FLUID DATA', NULL, 'WORK NO DATA', NULL, NULL, NULL, '11011C', NULL, NULL, NULL, NULL, NULL, NULL, NULL, '0101000020E7640000FE882536959619411904423332755141');
INSERT INTO SCHEMA_NAME.connec VALUES ('3277', 38.0694, NULL, 'PVC-CC025_D', 'sector_01', 'ON_SERVICE', NULL, NULL, NULL, NULL, 'dma_01', 'SOIL NO DATA', NULL, 'NO FLUID DATA', NULL, 'WORK NO DATA', NULL, NULL, NULL, '11011C', NULL, NULL, NULL, NULL, NULL, NULL, NULL, '0101000020E764000006ED0EE689961941619E135438755141');
INSERT INTO SCHEMA_NAME.connec VALUES ('3278', 38.0963, NULL, 'PVC-CC025_D', 'sector_01', 'ON_SERVICE', NULL, NULL, NULL, NULL, 'dma_01', 'SOIL NO DATA', NULL, 'NO FLUID DATA', NULL, 'WORK NO DATA', NULL, NULL, NULL, '11011C', NULL, NULL, NULL, NULL, NULL, NULL, NULL, '0101000020E76400001A2EE6C88B961941F5DC02743C755141');
INSERT INTO SCHEMA_NAME.connec VALUES ('3003', 56.4111, NULL, 'CON-CC040_I', 'sector_01', 'ON_SERVICE', NULL, NULL, NULL, NULL, 'dma_01', 'SOIL NO DATA', NULL, 'NO FLUID DATA', NULL, 'WORK NO DATA', NULL, NULL, NULL, '10000C', NULL, NULL, NULL, NULL, NULL, NULL, NULL, '0101000020E764000000FA251133921941489BCAF5AE755141');
INSERT INTO SCHEMA_NAME.connec VALUES ('3007', 44.6982, NULL, 'CON-CC040_I', 'sector_01', 'ON_SERVICE', NULL, NULL, NULL, NULL, 'dma_01', 'SOIL NO DATA', NULL, 'NO FLUID DATA', NULL, 'WORK NO DATA', NULL, NULL, NULL, '10000C', NULL, NULL, NULL, NULL, NULL, NULL, NULL, '0101000020E76400000A5181F5B6951941A8895D258D755141');
INSERT INTO SCHEMA_NAME.connec VALUES ('3180', 55.1691, NULL, 'CON-CC040_I', 'sector_01', 'ON_SERVICE', NULL, NULL, NULL, NULL, 'dma_01', 'SOIL NO DATA', NULL, 'NO FLUID DATA', NULL, 'WORK NO DATA', NULL, NULL, NULL, '9100C', NULL, NULL, NULL, NULL, NULL, NULL, NULL, '0101000020E7640000E92CC92B849019417941907836755141');
INSERT INTO SCHEMA_NAME.connec VALUES ('3005', 51.4519, NULL, 'PVC-CC025_T', 'sector_01', 'ON_SERVICE', NULL, NULL, NULL, NULL, 'dma_01', 'SOIL NO DATA', NULL, 'NO FLUID DATA', NULL, 'WORK NO DATA', NULL, NULL, NULL, '10000C', NULL, NULL, NULL, NULL, NULL, NULL, NULL, '0101000020E7640000AAF3009FB29319410B1FB6BE93755141');
INSERT INTO SCHEMA_NAME.connec VALUES ('3060', 60.5442, NULL, 'CON-CC020_D', 'sector_01', 'ON_SERVICE', NULL, NULL, NULL, NULL, 'dma_01', 'SOIL NO DATA', NULL, 'NO FLUID DATA', NULL, 'WORK NO DATA', NULL, NULL, NULL, '9100C', NULL, NULL, NULL, NULL, NULL, NULL, NULL, '0101000020E7640000A516E927589019417311A5E58D755141');
INSERT INTO SCHEMA_NAME.connec VALUES ('3061', 60.5282, NULL, 'CON-CC020_D', 'sector_01', 'ON_SERVICE', NULL, NULL, NULL, NULL, 'dma_01', 'SOIL NO DATA', NULL, 'NO FLUID DATA', NULL, 'WORK NO DATA', NULL, NULL, NULL, '9100C', NULL, NULL, NULL, NULL, NULL, NULL, NULL, '0101000020E7640000329F882756901941465A45658B755141');
INSERT INTO SCHEMA_NAME.connec VALUES ('3062', 60.3238, NULL, 'CON-CC020_D', 'sector_01', 'ON_SERVICE', NULL, NULL, NULL, NULL, 'dma_01', 'SOIL NO DATA', NULL, 'NO FLUID DATA', NULL, 'WORK NO DATA', NULL, NULL, NULL, '9100C', NULL, NULL, NULL, NULL, NULL, NULL, NULL, '0101000020E76400005E69BF27589019414BEFDBA488755141');
INSERT INTO SCHEMA_NAME.connec VALUES ('3063', 56.9192, NULL, 'CON-CC020_D', 'sector_01', 'ON_SERVICE', NULL, NULL, NULL, NULL, 'dma_01', 'SOIL NO DATA', NULL, 'NO FLUID DATA', NULL, 'WORK NO DATA', NULL, NULL, NULL, '9100C', NULL, NULL, NULL, NULL, NULL, NULL, NULL, '0101000020E76400000A686B2652901941EB8DC8C27A755141');
INSERT INTO SCHEMA_NAME.connec VALUES ('3064', 55.3665, NULL, 'CON-CC020_D', 'sector_01', 'ON_SERVICE', NULL, NULL, NULL, NULL, 'dma_01', 'SOIL NO DATA', NULL, 'NO FLUID DATA', NULL, 'WORK NO DATA', NULL, NULL, NULL, '9100C', NULL, NULL, NULL, NULL, NULL, NULL, NULL, '0101000020E7640000A7DE77254E901941AEE314616F755141');
INSERT INTO SCHEMA_NAME.connec VALUES ('3065', 56.5901, NULL, 'CON-CC020_D', 'sector_01', 'ON_SERVICE', NULL, NULL, NULL, NULL, 'dma_01', 'SOIL NO DATA', NULL, 'NO FLUID DATA', NULL, 'WORK NO DATA', NULL, NULL, NULL, '9100C', NULL, NULL, NULL, NULL, NULL, NULL, NULL, '0101000020E7640000BE12B226549019413BC2AB027A755141');
INSERT INTO SCHEMA_NAME.connec VALUES ('3066', 55.3537, NULL, 'CON-CC020_D', 'sector_01', 'ON_SERVICE', NULL, NULL, NULL, NULL, 'dma_01', 'SOIL NO DATA', NULL, 'NO FLUID DATA', NULL, 'WORK NO DATA', NULL, NULL, NULL, '9100C', NULL, NULL, NULL, NULL, NULL, NULL, NULL, '0101000020E76400008EEA71254E901941F027F8A06E755141');
INSERT INTO SCHEMA_NAME.connec VALUES ('3067', 57.6037, NULL, 'CON-CC020_D', 'sector_01', 'ON_SERVICE', NULL, NULL, NULL, NULL, 'dma_01', 'SOIL NO DATA', NULL, 'NO FLUID DATA', NULL, 'WORK NO DATA', NULL, NULL, NULL, '9100C', NULL, NULL, NULL, NULL, NULL, NULL, NULL, '0101000020E7640000AFF8162448901941B140C3DE5F755141');
INSERT INTO SCHEMA_NAME.connec VALUES ('3068', 60.2242, NULL, 'CON-CC020_D', 'sector_01', 'ON_SERVICE', NULL, NULL, NULL, NULL, 'dma_01', 'SOIL NO DATA', NULL, 'NO FLUID DATA', NULL, 'WORK NO DATA', NULL, NULL, NULL, '9100C', NULL, NULL, NULL, NULL, NULL, NULL, NULL, '0101000020E76400009E9FA7234690194115B41B7E5B755141');
INSERT INTO SCHEMA_NAME.connec VALUES ('3076', 60.4549, NULL, 'CON-CC020_D', 'sector_01', 'ON_SERVICE', NULL, NULL, NULL, NULL, 'dma_01', 'SOIL NO DATA', NULL, 'NO FLUID DATA', NULL, 'WORK NO DATA', NULL, NULL, NULL, '9100C', NULL, NULL, NULL, NULL, NULL, NULL, NULL, '0101000020E7640000A1463823449019417627741D57755141');
INSERT INTO SCHEMA_NAME.connec VALUES ('3106', 57.8382, NULL, 'CON-CC020_D', 'sector_01', 'ON_SERVICE', NULL, NULL, NULL, NULL, 'dma_01', 'SOIL NO DATA', NULL, 'NO FLUID DATA', NULL, 'WORK NO DATA', NULL, NULL, NULL, '9100C', NULL, NULL, NULL, NULL, NULL, NULL, NULL, '0101000020E7640000C71DEA2246901941C805899A43755141');
INSERT INTO SCHEMA_NAME.connec VALUES ('3107', 57.5747, NULL, 'CON-CC020_D', 'sector_01', 'ON_SERVICE', NULL, NULL, NULL, NULL, 'dma_01', 'SOIL NO DATA', NULL, 'NO FLUID DATA', NULL, 'WORK NO DATA', NULL, NULL, NULL, '9100C', NULL, NULL, NULL, NULL, NULL, NULL, NULL, '0101000020E7640000D72DE222469019411CB6629A42755141');
INSERT INTO SCHEMA_NAME.connec VALUES ('3105', 60.1681, NULL, 'CON-CC020_D', 'sector_01', 'ON_SERVICE', NULL, NULL, NULL, NULL, 'dma_01', 'SOIL NO DATA', NULL, 'NO FLUID DATA', NULL, 'WORK NO DATA', NULL, NULL, NULL, '9100C', NULL, NULL, NULL, NULL, NULL, NULL, NULL, '0101000020E764000064BC71213A90194120AA1B1C4E755141');
INSERT INTO SCHEMA_NAME.connec VALUES ('3006', 54.4182, NULL, 'PVC-CC030_D', 'sector_01', 'ON_SERVICE', NULL, NULL, NULL, NULL, 'dma_01', 'SOIL NO DATA', NULL, 'NO FLUID DATA', NULL, 'WORK NO DATA', NULL, NULL, NULL, '10000C', NULL, NULL, NULL, NULL, NULL, NULL, NULL, '0101000020E764000018F495DB0B931941472305E299755141');
INSERT INTO SCHEMA_NAME.connec VALUES ('3080', 46.7715, NULL, 'PVC-CC025_T', 'sector_01', 'ON_SERVICE', NULL, NULL, NULL, NULL, 'dma_01', 'SOIL NO DATA', NULL, 'NO FLUID DATA', NULL, 'WORK NO DATA', NULL, NULL, NULL, '11000C', NULL, NULL, NULL, NULL, NULL, NULL, NULL, '0101000020E764000094A03F98509319414164D1DE60755141');
INSERT INTO SCHEMA_NAME.connec VALUES ('3191', 30.4557, NULL, 'PVC-CC025_D', 'sector_01', 'ON_SERVICE', NULL, NULL, NULL, NULL, 'dma_01', 'SOIL NO DATA', NULL, 'NO FLUID DATA', NULL, 'WORK NO DATA', NULL, NULL, NULL, '9150C', NULL, NULL, NULL, NULL, NULL, NULL, NULL, '0101000020E76400002A81D8C74898194132413C8E11755141');
INSERT INTO SCHEMA_NAME.connec VALUES ('3192', 30.3812, NULL, 'PVC-CC025_D', 'sector_01', 'ON_SERVICE', NULL, NULL, NULL, NULL, 'dma_01', 'SOIL NO DATA', NULL, 'NO FLUID DATA', NULL, 'WORK NO DATA', NULL, NULL, NULL, '9150C', NULL, NULL, NULL, NULL, NULL, NULL, NULL, '0101000020E7640000ACEEDAFA5598194119E3142512755141');
INSERT INTO SCHEMA_NAME.connec VALUES ('3193', 29.6858, NULL, 'PVC-CC025_D', 'sector_01', 'ON_SERVICE', NULL, NULL, NULL, NULL, 'dma_01', 'SOIL NO DATA', NULL, 'NO FLUID DATA', NULL, 'WORK NO DATA', NULL, NULL, NULL, '9150C', NULL, NULL, NULL, NULL, NULL, NULL, NULL, '0101000020E7640000E6A0C9849F981941157ED62616755141');
INSERT INTO SCHEMA_NAME.connec VALUES ('3194', 29.4626, NULL, 'PVC-CC025_D', 'sector_01', 'ON_SERVICE', NULL, NULL, NULL, NULL, 'dma_01', 'SOIL NO DATA', NULL, 'NO FLUID DATA', NULL, 'WORK NO DATA', NULL, NULL, NULL, '9150C', NULL, NULL, NULL, NULL, NULL, NULL, NULL, '0101000020E7640000627416D5AA981941A297DADB16755141');
INSERT INTO SCHEMA_NAME.connec VALUES ('3196', 24.9275, NULL, 'PVC-CC025_D', 'sector_01', 'ON_SERVICE', NULL, NULL, NULL, NULL, 'dma_01', 'SOIL NO DATA', NULL, 'NO FLUID DATA', NULL, 'WORK NO DATA', NULL, NULL, NULL, '9150C', NULL, NULL, NULL, NULL, NULL, NULL, NULL, '0101000020E7640000E87BB2BAE59919417374921028755141');
INSERT INTO SCHEMA_NAME.connec VALUES ('3197', 24.9585, NULL, 'PVC-CC025_D', 'sector_01', 'ON_SERVICE', NULL, NULL, NULL, NULL, 'dma_01', 'SOIL NO DATA', NULL, 'NO FLUID DATA', NULL, 'WORK NO DATA', NULL, NULL, NULL, '9150C', NULL, NULL, NULL, NULL, NULL, NULL, NULL, '0101000020E7640000EE616CD0F4991941F16F96C528755141');
INSERT INTO SCHEMA_NAME.connec VALUES ('3198', 24.9159, NULL, 'PVC-CC025_D', 'sector_01', 'ON_SERVICE', NULL, NULL, NULL, NULL, 'dma_01', 'SOIL NO DATA', NULL, 'NO FLUID DATA', NULL, 'WORK NO DATA', NULL, NULL, NULL, '9150C', NULL, NULL, NULL, NULL, NULL, NULL, NULL, '0101000020E7640000F2DFEF943A9A194139FAAE032D755141');
INSERT INTO SCHEMA_NAME.connec VALUES ('3199', 24.8489, NULL, 'PVC-CC025_D', 'sector_01', 'ON_SERVICE', NULL, NULL, NULL, NULL, 'dma_01', 'SOIL NO DATA', NULL, 'NO FLUID DATA', NULL, 'WORK NO DATA', NULL, NULL, NULL, '9150C', NULL, NULL, NULL, NULL, NULL, NULL, NULL, '0101000020E7640000AD3CF3C7479A1941BD04B3B82D755141');
INSERT INTO SCHEMA_NAME.connec VALUES ('3200', 23.0959, NULL, 'PVC-CC025_D', 'sector_01', 'ON_SERVICE', NULL, NULL, NULL, NULL, 'dma_01', 'SOIL NO DATA', NULL, 'NO FLUID DATA', NULL, 'WORK NO DATA', NULL, NULL, NULL, '9150C', NULL, NULL, NULL, NULL, NULL, NULL, NULL, '0101000020E7640000CC04ECEAB89A19414BBF80D933755141');
INSERT INTO SCHEMA_NAME.connec VALUES ('3102', 41.6588, NULL, 'PVC-CC025_T', 'sector_01', 'ON_SERVICE', NULL, NULL, NULL, NULL, 'dma_01', 'SOIL NO DATA', NULL, 'NO FLUID DATA', NULL, 'WORK NO DATA', NULL, NULL, NULL, '11000C', NULL, NULL, NULL, NULL, NULL, NULL, NULL, '0101000020E76400002AFD1FDF2C9519412BFC095D55755141');
INSERT INTO SCHEMA_NAME.connec VALUES ('3103', 40.7686, NULL, 'PVC-CC025_T', 'sector_01', 'ON_SERVICE', NULL, NULL, NULL, NULL, 'dma_01', 'SOIL NO DATA', NULL, 'NO FLUID DATA', NULL, 'WORK NO DATA', NULL, NULL, NULL, '11011C', NULL, NULL, NULL, NULL, NULL, NULL, NULL, '0101000020E7640000FA374DF1A895194126CF301B49755141');
INSERT INTO SCHEMA_NAME.connec VALUES ('3104', 44.2132, NULL, 'PVC-CC025_T', 'sector_01', 'ON_SERVICE', NULL, NULL, NULL, NULL, 'dma_01', 'SOIL NO DATA', NULL, 'NO FLUID DATA', NULL, 'WORK NO DATA', NULL, NULL, NULL, '10120C', NULL, NULL, NULL, NULL, NULL, NULL, NULL, '0101000020E7640000739D6CD5EE941941CFEC01BB47755141');
INSERT INTO SCHEMA_NAME.connec VALUES ('3201', 23.0044, NULL, 'PVC-CC025_D', 'sector_01', 'ON_SERVICE', NULL, NULL, NULL, NULL, 'dma_01', 'SOIL NO DATA', NULL, 'NO FLUID DATA', NULL, 'WORK NO DATA', NULL, NULL, NULL, '9150C', NULL, NULL, NULL, NULL, NULL, NULL, NULL, '0101000020E7640000ED82ED1DC69A194195F82D5234755141');
INSERT INTO SCHEMA_NAME.connec VALUES ('3239', 23.5857, NULL, 'CON-CC040_I', 'sector_01', 'ON_SERVICE', NULL, NULL, NULL, NULL, 'dma_01', 'SOIL NO DATA', NULL, 'NO FLUID DATA', NULL, 'WORK NO DATA', NULL, NULL, NULL, '11000C', NULL, NULL, NULL, NULL, NULL, NULL, NULL, '0101000020E764000092D960EAFA9A194115AEB9FE43755141');
INSERT INTO SCHEMA_NAME.connec VALUES ('3081', 52.4734, NULL, 'PVC-CC025_T', 'sector_01', 'ON_SERVICE', NULL, NULL, NULL, NULL, 'dma_01', 'SOIL NO DATA', NULL, 'NO FLUID DATA', NULL, 'WORK NO DATA', NULL, NULL, NULL, '11000C', NULL, NULL, NULL, NULL, NULL, NULL, NULL, '0101000020E76400009A9AC5431A91194156C7F81F68755141');
INSERT INTO SCHEMA_NAME.connec VALUES ('3177', 45.1068, NULL, 'PVC-CC025_T', 'sector_01', 'ON_SERVICE', NULL, NULL, NULL, NULL, 'dma_01', 'SOIL NO DATA', NULL, 'NO FLUID DATA', NULL, 'WORK NO DATA', NULL, NULL, NULL, '9100C', NULL, NULL, NULL, NULL, NULL, NULL, NULL, '0101000020E7640000CB2CEC86EA92194129DEE0541E755141');
INSERT INTO SCHEMA_NAME.connec VALUES ('3178', 49.7244, NULL, 'PVC-CC025_T', 'sector_01', 'ON_SERVICE', NULL, NULL, NULL, NULL, 'dma_01', 'SOIL NO DATA', NULL, 'NO FLUID DATA', NULL, 'WORK NO DATA', NULL, NULL, NULL, '9100C', NULL, NULL, NULL, NULL, NULL, NULL, NULL, '0101000020E7640000CFDC5560E69119418F7276B628755141');
INSERT INTO SCHEMA_NAME.connec VALUES ('3179', 46.0295, NULL, 'PVC-CC025_T', 'sector_01', 'ON_SERVICE', NULL, NULL, NULL, NULL, 'dma_01', 'SOIL NO DATA', NULL, 'NO FLUID DATA', NULL, 'WORK NO DATA', NULL, NULL, NULL, '9100C', NULL, NULL, NULL, NULL, NULL, NULL, NULL, '0101000020E7640000DC879F73689219416C79A45523755141');
INSERT INTO SCHEMA_NAME.connec VALUES ('3059', 60.2356, NULL, 'CON-CC020_D', 'sector_01', 'ON_SERVICE', NULL, NULL, NULL, NULL, 'dma_01', 'SOIL NO DATA', NULL, 'NO FLUID DATA', NULL, 'WORK NO DATA', NULL, NULL, NULL, '9100C', NULL, NULL, NULL, NULL, NULL, NULL, NULL, '0101000020E7640000707C52285A9019413DE22F8691755141');
INSERT INTO SCHEMA_NAME.connec VALUES ('3195', 26.8728, NULL, 'PVC-CC030_D', 'sector_01', 'ON_SERVICE', NULL, NULL, NULL, NULL, 'dma_01', 'SOIL NO DATA', NULL, 'NO FLUID DATA', NULL, 'WORK NO DATA', NULL, NULL, NULL, '9150C', NULL, NULL, NULL, NULL, NULL, NULL, NULL, '0101000020E7640000EFA06DE14E99194140D013C220755141');
INSERT INTO SCHEMA_NAME.connec VALUES ('3241', 25.4412, NULL, 'PVC-CC030_D', 'sector_01', 'ON_SERVICE', NULL, NULL, NULL, NULL, 'dma_01', 'SOIL NO DATA', NULL, 'NO FLUID DATA', NULL, 'WORK NO DATA', NULL, NULL, NULL, '11000C', NULL, NULL, NULL, NULL, NULL, NULL, NULL, '0101000020E76400009CC15D4EDC9919418DE0E2E54F755141');
INSERT INTO SCHEMA_NAME.connec VALUES ('3146', 50.5351, NULL, 'PVC-CC025_D', 'sector_01', 'ON_SERVICE', NULL, NULL, NULL, NULL, 'dma_01', 'SOIL NO DATA', NULL, 'NO FLUID DATA', NULL, 'WORK NO DATA', NULL, NULL, NULL, '9100C', NULL, NULL, NULL, NULL, NULL, NULL, NULL, '0101000020E76400000CE23282C8921941D215A4162A755141');
INSERT INTO SCHEMA_NAME.connec VALUES ('3147', 51.4213, NULL, 'PVC-CC025_D', 'sector_01', 'ON_SERVICE', NULL, NULL, NULL, NULL, 'dma_01', 'SOIL NO DATA', NULL, 'NO FLUID DATA', NULL, 'WORK NO DATA', NULL, NULL, NULL, '9100C', NULL, NULL, NULL, NULL, NULL, NULL, NULL, '0101000020E7640000DBEBEB73689219418B3815F72C755141');
INSERT INTO SCHEMA_NAME.connec VALUES ('3250', 28.8979, NULL, 'PVC-CC025_D', 'sector_01', 'ON_SERVICE', NULL, NULL, NULL, NULL, 'dma_01', 'SOIL NO DATA', NULL, 'NO FLUID DATA', NULL, 'WORK NO DATA', NULL, NULL, NULL, '10240C', NULL, NULL, NULL, NULL, NULL, NULL, NULL, '0101000020E7640000723E7452D49819418349D9114D755141');
INSERT INTO SCHEMA_NAME.connec VALUES ('3251', 29.0155, NULL, 'PVC-CC025_D', 'sector_01', 'ON_SERVICE', NULL, NULL, NULL, NULL, 'dma_01', 'SOIL NO DATA', NULL, 'NO FLUID DATA', NULL, 'WORK NO DATA', NULL, NULL, NULL, '10240C', NULL, NULL, NULL, NULL, NULL, NULL, NULL, '0101000020E7640000D304DDE4CA98194152B8A93E4C755141');
INSERT INTO SCHEMA_NAME.connec VALUES ('3252', 29.0541, NULL, 'PVC-CC025_D', 'sector_01', 'ON_SERVICE', NULL, NULL, NULL, NULL, 'dma_01', 'SOIL NO DATA', NULL, 'NO FLUID DATA', NULL, 'WORK NO DATA', NULL, NULL, NULL, '10240C', NULL, NULL, NULL, NULL, NULL, NULL, NULL, '0101000020E764000062E5F2B1BD98194179B639B84E755141');
INSERT INTO SCHEMA_NAME.connec VALUES ('3253', 29.1522, NULL, 'PVC-CC025_D', 'sector_01', 'ON_SERVICE', NULL, NULL, NULL, NULL, 'dma_01', 'SOIL NO DATA', NULL, 'NO FLUID DATA', NULL, 'WORK NO DATA', NULL, NULL, NULL, '10240C', NULL, NULL, NULL, NULL, NULL, NULL, NULL, '0101000020E7640000C811A661B2981941EE9C35034E755141');
INSERT INTO SCHEMA_NAME.connec VALUES ('3254', 31.2502, NULL, 'PVC-CC025_D', 'sector_01', 'ON_SERVICE', NULL, NULL, NULL, NULL, 'dma_01', 'SOIL NO DATA', NULL, 'NO FLUID DATA', NULL, 'WORK NO DATA', NULL, NULL, NULL, '10240C', NULL, NULL, NULL, NULL, NULL, NULL, NULL, '0101000020E7640000DF79ADA519981941B941390F47755141');
INSERT INTO SCHEMA_NAME.connec VALUES ('3255', 31.8375, NULL, 'PVC-CC025_D', 'sector_01', 'ON_SERVICE', NULL, NULL, NULL, NULL, 'dma_01', 'SOIL NO DATA', NULL, 'NO FLUID DATA', NULL, 'WORK NO DATA', NULL, NULL, NULL, '10240C', NULL, NULL, NULL, NULL, NULL, NULL, NULL, '0101000020E76400007C1588A51998194107E9705842755141');
INSERT INTO SCHEMA_NAME.connec VALUES ('3256', 32.5892, NULL, 'PVC-CC025_D', 'sector_01', 'ON_SERVICE', NULL, NULL, NULL, NULL, 'dma_01', 'SOIL NO DATA', NULL, 'NO FLUID DATA', NULL, 'WORK NO DATA', NULL, NULL, NULL, '10240C', NULL, NULL, NULL, NULL, NULL, NULL, NULL, '0101000020E76400009F0FF41BD0971941F9F121C549755141');
INSERT INTO SCHEMA_NAME.connec VALUES ('3257', 33.0190, NULL, 'PVC-CC025_D', 'sector_01', 'ON_SERVICE', NULL, NULL, NULL, NULL, 'dma_01', 'SOIL NO DATA', NULL, 'NO FLUID DATA', NULL, 'WORK NO DATA', NULL, NULL, NULL, '10240C', NULL, NULL, NULL, NULL, NULL, NULL, NULL, '0101000020E7640000A2CA5E56CC971941807DD7B344755141');
INSERT INTO SCHEMA_NAME.connec VALUES ('3258', 33.3622, NULL, 'PVC-CC025_D', 'sector_01', 'ON_SERVICE', NULL, NULL, NULL, NULL, 'dma_01', 'SOIL NO DATA', NULL, 'NO FLUID DATA', NULL, 'WORK NO DATA', NULL, NULL, NULL, '10240C', NULL, NULL, NULL, NULL, NULL, NULL, NULL, '0101000020E7640000BE85C990C897194102098DA23F755141');
INSERT INTO SCHEMA_NAME.connec VALUES ('3259', 34.2174, NULL, 'PVC-CC025_D', 'sector_01', 'ON_SERVICE', NULL, NULL, NULL, NULL, 'dma_01', 'SOIL NO DATA', NULL, 'NO FLUID DATA', NULL, 'WORK NO DATA', NULL, NULL, NULL, '10240C', NULL, NULL, NULL, NULL, NULL, NULL, NULL, '0101000020E764000055686A3A8C97194127C53E034E755141');
INSERT INTO SCHEMA_NAME.connec VALUES ('3260', 34.4414, NULL, 'PVC-CC025_D', 'sector_01', 'ON_SERVICE', NULL, NULL, NULL, NULL, 'dma_01', 'SOIL NO DATA', NULL, 'NO FLUID DATA', NULL, 'WORK NO DATA', NULL, NULL, NULL, '10240C', NULL, NULL, NULL, NULL, NULL, NULL, NULL, '0101000020E764000011F3279286971941E475A61F4A755141');
INSERT INTO SCHEMA_NAME.connec VALUES ('3261', 34.4212, NULL, 'PVC-CC025_D', 'sector_01', 'ON_SERVICE', NULL, NULL, NULL, NULL, 'dma_01', 'SOIL NO DATA', NULL, 'NO FLUID DATA', NULL, 'WORK NO DATA', NULL, NULL, NULL, '10240C', NULL, NULL, NULL, NULL, NULL, NULL, NULL, '0101000020E7640000CA13B2E980971941A9ACBAC03F755141');
INSERT INTO SCHEMA_NAME.connec VALUES ('3262', 34.5963, NULL, 'PVC-CC025_D', 'sector_01', 'ON_SERVICE', NULL, NULL, NULL, NULL, 'dma_01', 'SOIL NO DATA', NULL, 'NO FLUID DATA', NULL, 'WORK NO DATA', NULL, NULL, NULL, '10240C', NULL, NULL, NULL, NULL, NULL, NULL, NULL, '0101000020E76400006EE3D9067F9719417705A0823B755141');
INSERT INTO SCHEMA_NAME.connec VALUES ('3263', 36.5768, NULL, 'PVC-CC025_D', 'sector_01', 'ON_SERVICE', NULL, NULL, NULL, NULL, 'dma_01', 'SOIL NO DATA', NULL, 'NO FLUID DATA', NULL, 'WORK NO DATA', NULL, NULL, NULL, '11011C', NULL, NULL, NULL, NULL, NULL, NULL, NULL, '0101000020E7640000D21F72BAAD961941B77E126F53755141');
INSERT INTO SCHEMA_NAME.connec VALUES ('3264', 35.8098, NULL, 'PVC-CC025_D', 'sector_01', 'ON_SERVICE', NULL, NULL, NULL, NULL, 'dma_01', 'SOIL NO DATA', NULL, 'NO FLUID DATA', NULL, 'WORK NO DATA', NULL, NULL, NULL, '11011C', NULL, NULL, NULL, NULL, NULL, NULL, NULL, '0101000020E7640000F58F1B9CF19619418390B93253755141');
INSERT INTO SCHEMA_NAME.connec VALUES ('3265', 35.4376, NULL, 'PVC-CC025_D', 'sector_01', 'ON_SERVICE', NULL, NULL, NULL, NULL, 'dma_01', 'SOIL NO DATA', NULL, 'NO FLUID DATA', NULL, 'WORK NO DATA', NULL, NULL, NULL, '11011C', NULL, NULL, NULL, NULL, NULL, NULL, NULL, '0101000020E764000071ED57B8319719415AC060F652755141');



INSERT INTO SCHEMA_NAME.element VALUES ('COVER70X70-10', 'COVER70X70', 'ON_SERVICE', NULL, NULL, NULL, 'NO LOCATION DATA', 'WORK NO DATA', 'BUILDER NO DATA', NULL, 'OWNER NO DATA', NULL, NULL, NULL, 'TO REVIEW');
INSERT INTO SCHEMA_NAME.element VALUES ('COVER70X70-11', 'COVER70X70', 'ON_SERVICE', NULL, NULL, NULL, 'NO LOCATION DATA', 'WORK NO DATA', 'BUILDER NO DATA', NULL, 'OWNER NO DATA', NULL, NULL, NULL, 'TO REVIEW');
INSERT INTO SCHEMA_NAME.element VALUES ('COVER70X70-12', 'COVER70X70', 'ON_SERVICE', NULL, NULL, NULL, 'NO LOCATION DATA', 'WORK NO DATA', 'BUILDER NO DATA', NULL, 'OWNER NO DATA', NULL, NULL, NULL, 'TO REVIEW');
INSERT INTO SCHEMA_NAME.element VALUES ('COVER70X70-13', 'COVER70X70', 'ON_SERVICE', NULL, NULL, NULL, 'NO LOCATION DATA', 'WORK NO DATA', 'BUILDER NO DATA', NULL, 'OWNER NO DATA', NULL, NULL, NULL, 'TO REVIEW');
INSERT INTO SCHEMA_NAME.element VALUES ('COVER70X70-01', 'COVER70X70', 'ON_SERVICE', NULL, NULL, NULL, 'NO LOCATION DATA', 'WORK NO DATA', 'BUILDER NO DATA', NULL, 'OWNER NO DATA', NULL, NULL, NULL, 'TO REVIEW');
INSERT INTO SCHEMA_NAME.element VALUES ('COVER70X70-02', 'COVER70X70', 'ON_SERVICE', NULL, NULL, NULL, 'NO LOCATION DATA', 'WORK NO DATA', 'BUILDER NO DATA', NULL, 'OWNER NO DATA', NULL, NULL, NULL, 'TO REVIEW');
INSERT INTO SCHEMA_NAME.element VALUES ('COVER70X70-03', 'COVER70X70', 'ON_SERVICE', NULL, NULL, NULL, 'NO LOCATION DATA', 'WORK NO DATA', 'BUILDER NO DATA', NULL, 'OWNER NO DATA', NULL, NULL, NULL, 'TO REVIEW');
INSERT INTO SCHEMA_NAME.element VALUES ('COVER70X70-04', 'COVER70X70', 'ON_SERVICE', NULL, NULL, NULL, 'NO LOCATION DATA', 'WORK NO DATA', 'BUILDER NO DATA', NULL, 'OWNER NO DATA', NULL, NULL, NULL, 'TO REVIEW');
INSERT INTO SCHEMA_NAME.element VALUES ('COVER70X70-05', 'COVER70X70', 'ON_SERVICE', NULL, NULL, NULL, 'NO LOCATION DATA', 'WORK NO DATA', 'BUILDER NO DATA', NULL, 'OWNER NO DATA', NULL, NULL, NULL, 'TO REVIEW');
INSERT INTO SCHEMA_NAME.element VALUES ('COVER70X70-06', 'COVER70X70', 'ON_SERVICE', NULL, NULL, NULL, 'NO LOCATION DATA', 'WORK NO DATA', 'BUILDER NO DATA', NULL, 'OWNER NO DATA', NULL, NULL, NULL, 'TO REVIEW');
INSERT INTO SCHEMA_NAME.element VALUES ('COVER70X70-07', 'COVER70X70', 'ON_SERVICE', NULL, NULL, NULL, 'NO LOCATION DATA', 'WORK NO DATA', 'BUILDER NO DATA', NULL, 'OWNER NO DATA', NULL, NULL, NULL, 'TO REVIEW');
INSERT INTO SCHEMA_NAME.element VALUES ('COVER70X70-08', 'COVER70X70', 'ON_SERVICE', NULL, NULL, NULL, 'NO LOCATION DATA', 'WORK NO DATA', 'BUILDER NO DATA', NULL, 'OWNER NO DATA', NULL, NULL, NULL, 'TO REVIEW');
INSERT INTO SCHEMA_NAME.element VALUES ('COVER70X70-09', 'COVER70X70', 'ON_SERVICE', NULL, NULL, NULL, 'NO LOCATION DATA', 'WORK NO DATA', 'BUILDER NO DATA', NULL, 'OWNER NO DATA', NULL, NULL, NULL, 'TO REVIEW');
INSERT INTO SCHEMA_NAME.element VALUES ('COVER70-01', 'COVER70', 'ON_SERVICE', NULL, NULL, NULL, 'NO LOCATION DATA', 'WORK NO DATA', 'BUILDER NO DATA', NULL, 'OWNER NO DATA', NULL, NULL, NULL, 'TO REVIEW');
INSERT INTO SCHEMA_NAME.element VALUES ('COVER70-02', 'COVER70', 'ON_SERVICE', NULL, NULL, NULL, 'NO LOCATION DATA', 'WORK NO DATA', 'BUILDER NO DATA', NULL, 'OWNER NO DATA', NULL, NULL, NULL, 'TO REVIEW');
INSERT INTO SCHEMA_NAME.element VALUES ('COVER70-03', 'COVER70', 'ON_SERVICE', NULL, NULL, NULL, 'NO LOCATION DATA', 'WORK NO DATA', 'BUILDER NO DATA', NULL, 'OWNER NO DATA', NULL, NULL, NULL, 'TO REVIEW');
INSERT INTO SCHEMA_NAME.element VALUES ('COVER70-04', 'COVER70', 'ON_SERVICE', NULL, NULL, NULL, 'NO LOCATION DATA', 'WORK NO DATA', 'BUILDER NO DATA', NULL, 'OWNER NO DATA', NULL, NULL, NULL, 'TO REVIEW');
INSERT INTO SCHEMA_NAME.element VALUES ('COVER70-05', 'COVER70', 'ON_SERVICE', NULL, NULL, NULL, 'NO LOCATION DATA', 'WORK NO DATA', 'BUILDER NO DATA', NULL, 'OWNER NO DATA', NULL, NULL, NULL, 'TO REVIEW');
INSERT INTO SCHEMA_NAME.element VALUES ('COVER70-06', 'COVER70', 'ON_SERVICE', NULL, NULL, NULL, 'NO LOCATION DATA', 'WORK NO DATA', 'BUILDER NO DATA', NULL, 'OWNER NO DATA', NULL, NULL, NULL, 'TO REVIEW');
INSERT INTO SCHEMA_NAME.element VALUES ('COVER70-07', 'COVER70', 'ON_SERVICE', NULL, NULL, NULL, 'NO LOCATION DATA', 'WORK NO DATA', 'BUILDER NO DATA', NULL, 'OWNER NO DATA', NULL, NULL, NULL, 'TO REVIEW');
INSERT INTO SCHEMA_NAME.element VALUES ('COVER70-08', 'COVER70', 'ON_SERVICE', NULL, NULL, NULL, 'NO LOCATION DATA', 'WORK NO DATA', 'BUILDER NO DATA', NULL, 'OWNER NO DATA', NULL, NULL, NULL, 'TO REVIEW');
INSERT INTO SCHEMA_NAME.element VALUES ('COVER70-09', 'COVER70', 'ON_SERVICE', NULL, NULL, NULL, 'NO LOCATION DATA', 'WORK NO DATA', 'BUILDER NO DATA', NULL, 'OWNER NO DATA', NULL, NULL, NULL, 'TO REVIEW');
INSERT INTO SCHEMA_NAME.element VALUES ('PUMP_ABS-01', 'PUMP_ABS', 'ON_SERVICE', NULL, NULL, NULL, 'NO LOCATION DATA', 'WORK NO DATA', 'BUILDER NO DATA', NULL, 'OWNER NO DATA', NULL, NULL, NULL, 'TO REVIEW');
INSERT INTO SCHEMA_NAME.element VALUES ('COVER70-10', 'COVER70', 'ON_SERVICE', NULL, NULL, NULL, 'NO LOCATION DATA', 'WORK NO DATA', 'BUILDER NO DATA', NULL, 'OWNER NO DATA', NULL, NULL, NULL, 'TO REVIEW');
INSERT INTO SCHEMA_NAME.element VALUES ('COVER70-11', 'COVER70', 'ON_SERVICE', NULL, NULL, NULL, 'NO LOCATION DATA', 'WORK NO DATA', 'BUILDER NO DATA', NULL, 'OWNER NO DATA', NULL, NULL, NULL, 'TO REVIEW');
INSERT INTO SCHEMA_NAME.element VALUES ('COVER70-12', 'COVER70', 'ON_SERVICE', NULL, NULL, NULL, 'NO LOCATION DATA', 'WORK NO DATA', 'BUILDER NO DATA', NULL, 'OWNER NO DATA', NULL, NULL, NULL, 'TO REVIEW');
INSERT INTO SCHEMA_NAME.element VALUES ('COVER70-13', 'COVER70', 'ON_SERVICE', NULL, NULL, NULL, 'NO LOCATION DATA', 'WORK NO DATA', 'BUILDER NO DATA', NULL, 'OWNER NO DATA', NULL, NULL, NULL, 'TO REVIEW');
INSERT INTO SCHEMA_NAME.element VALUES ('COVER70-14', 'COVER70', 'ON_SERVICE', NULL, NULL, NULL, 'NO LOCATION DATA', 'WORK NO DATA', 'BUILDER NO DATA', NULL, 'OWNER NO DATA', NULL, NULL, NULL, 'TO REVIEW');
INSERT INTO SCHEMA_NAME.element VALUES ('COVER70-15', 'COVER70', 'ON_SERVICE', NULL, NULL, NULL, 'NO LOCATION DATA', 'WORK NO DATA', 'BUILDER NO DATA', NULL, 'OWNER NO DATA', NULL, NULL, NULL, 'TO REVIEW');
INSERT INTO SCHEMA_NAME.element VALUES ('COVER70-16', 'COVER70', 'ON_SERVICE', NULL, NULL, NULL, 'NO LOCATION DATA', 'WORK NO DATA', 'BUILDER NO DATA', NULL, 'OWNER NO DATA', NULL, NULL, NULL, 'TO REVIEW');
INSERT INTO SCHEMA_NAME.element VALUES ('COVER70-17', 'COVER70', 'ON_SERVICE', NULL, NULL, NULL, 'NO LOCATION DATA', 'WORK NO DATA', 'BUILDER NO DATA', NULL, 'OWNER NO DATA', NULL, NULL, NULL, 'TO REVIEW');
INSERT INTO SCHEMA_NAME.element VALUES ('COVER70-18', 'COVER70', 'ON_SERVICE', NULL, NULL, NULL, 'NO LOCATION DATA', 'WORK NO DATA', 'BUILDER NO DATA', NULL, 'OWNER NO DATA', NULL, NULL, NULL, 'TO REVIEW');
INSERT INTO SCHEMA_NAME.element VALUES ('COVER70-19', 'COVER70', 'ON_SERVICE', NULL, NULL, NULL, 'NO LOCATION DATA', 'WORK NO DATA', 'BUILDER NO DATA', NULL, 'OWNER NO DATA', NULL, NULL, NULL, 'TO REVIEW');
INSERT INTO SCHEMA_NAME.element VALUES ('COVER70-20', 'COVER70', 'ON_SERVICE', NULL, NULL, NULL, 'NO LOCATION DATA', 'WORK NO DATA', 'BUILDER NO DATA', NULL, 'OWNER NO DATA', NULL, NULL, NULL, 'TO REVIEW');
INSERT INTO SCHEMA_NAME.element VALUES ('COVER70-21', 'COVER70', 'ON_SERVICE', NULL, NULL, NULL, 'NO LOCATION DATA', 'WORK NO DATA', 'BUILDER NO DATA', NULL, 'OWNER NO DATA', NULL, NULL, NULL, 'TO REVIEW');
INSERT INTO SCHEMA_NAME.element VALUES ('COVER70-22', 'COVER70', 'ON_SERVICE', NULL, NULL, NULL, 'NO LOCATION DATA', 'WORK NO DATA', 'BUILDER NO DATA', NULL, 'OWNER NO DATA', NULL, NULL, NULL, 'TO REVIEW');
INSERT INTO SCHEMA_NAME.element VALUES ('COVER70-23', 'COVER70', 'ON_SERVICE', NULL, NULL, NULL, 'NO LOCATION DATA', 'WORK NO DATA', 'BUILDER NO DATA', NULL, 'OWNER NO DATA', NULL, NULL, NULL, 'TO REVIEW');
INSERT INTO SCHEMA_NAME.element VALUES ('COVER70-24', 'COVER70', 'ON_SERVICE', NULL, NULL, NULL, 'NO LOCATION DATA', 'WORK NO DATA', 'BUILDER NO DATA', NULL, 'OWNER NO DATA', NULL, NULL, NULL, 'TO REVIEW');
INSERT INTO SCHEMA_NAME.element VALUES ('COVER70-25', 'COVER70', 'ON_SERVICE', NULL, NULL, NULL, 'NO LOCATION DATA', 'WORK NO DATA', 'BUILDER NO DATA', NULL, 'OWNER NO DATA', NULL, NULL, NULL, 'TO REVIEW');
INSERT INTO SCHEMA_NAME.element VALUES ('COVER70-26', 'COVER70', 'ON_SERVICE', NULL, NULL, NULL, 'NO LOCATION DATA', 'WORK NO DATA', 'BUILDER NO DATA', NULL, 'OWNER NO DATA', NULL, NULL, NULL, 'TO REVIEW');
INSERT INTO SCHEMA_NAME.element VALUES ('COVER70-27', 'COVER70', 'ON_SERVICE', NULL, NULL, NULL, 'NO LOCATION DATA', 'WORK NO DATA', 'BUILDER NO DATA', NULL, 'OWNER NO DATA', NULL, NULL, NULL, 'TO REVIEW');
INSERT INTO SCHEMA_NAME.element VALUES ('COVER70-28', 'COVER70', 'ON_SERVICE', NULL, NULL, NULL, 'NO LOCATION DATA', 'WORK NO DATA', 'BUILDER NO DATA', NULL, 'OWNER NO DATA', NULL, NULL, NULL, 'TO REVIEW');
INSERT INTO SCHEMA_NAME.element VALUES ('COVER70-29', 'COVER70', 'ON_SERVICE', NULL, NULL, NULL, 'NO LOCATION DATA', 'WORK NO DATA', 'BUILDER NO DATA', NULL, 'OWNER NO DATA', NULL, NULL, NULL, 'TO REVIEW');
INSERT INTO SCHEMA_NAME.element VALUES ('COVER70-30', 'COVER70', 'ON_SERVICE', NULL, NULL, NULL, 'NO LOCATION DATA', 'WORK NO DATA', 'BUILDER NO DATA', NULL, 'OWNER NO DATA', NULL, NULL, NULL, 'TO REVIEW');
INSERT INTO SCHEMA_NAME.element VALUES ('COVER70-31', 'COVER70', 'ON_SERVICE', NULL, NULL, NULL, 'NO LOCATION DATA', 'WORK NO DATA', 'BUILDER NO DATA', NULL, 'OWNER NO DATA', NULL, NULL, NULL, 'TO REVIEW');
INSERT INTO SCHEMA_NAME.element VALUES ('COVER70-32', 'COVER70', 'ON_SERVICE', NULL, NULL, NULL, 'NO LOCATION DATA', 'WORK NO DATA', 'BUILDER NO DATA', NULL, 'OWNER NO DATA', NULL, NULL, NULL, 'TO REVIEW');
INSERT INTO SCHEMA_NAME.element VALUES ('COVER70-33', 'COVER70', 'ON_SERVICE', NULL, NULL, NULL, 'NO LOCATION DATA', 'WORK NO DATA', 'BUILDER NO DATA', NULL, 'OWNER NO DATA', NULL, NULL, NULL, 'TO REVIEW');
INSERT INTO SCHEMA_NAME.element VALUES ('COVER70-34', 'COVER70', 'ON_SERVICE', NULL, NULL, NULL, 'NO LOCATION DATA', 'WORK NO DATA', 'BUILDER NO DATA', NULL, 'OWNER NO DATA', NULL, NULL, NULL, 'TO REVIEW');
INSERT INTO SCHEMA_NAME.element VALUES ('COVER70-35', 'COVER70', 'ON_SERVICE', NULL, NULL, NULL, 'NO LOCATION DATA', 'WORK NO DATA', 'BUILDER NO DATA', NULL, 'OWNER NO DATA', NULL, NULL, NULL, 'TO REVIEW');
INSERT INTO SCHEMA_NAME.element VALUES ('COVER70-36', 'COVER70', 'ON_SERVICE', NULL, NULL, NULL, 'NO LOCATION DATA', 'WORK NO DATA', 'BUILDER NO DATA', NULL, 'OWNER NO DATA', NULL, NULL, NULL, 'TO REVIEW');
INSERT INTO SCHEMA_NAME.element VALUES ('COVER70-37', 'COVER70', 'ON_SERVICE', NULL, NULL, NULL, 'NO LOCATION DATA', 'WORK NO DATA', 'BUILDER NO DATA', NULL, 'OWNER NO DATA', NULL, NULL, NULL, 'TO REVIEW');
INSERT INTO SCHEMA_NAME.element VALUES ('COVER70-38', 'COVER70', 'ON_SERVICE', NULL, NULL, NULL, 'NO LOCATION DATA', 'WORK NO DATA', 'BUILDER NO DATA', NULL, 'OWNER NO DATA', NULL, NULL, NULL, 'TO REVIEW');
INSERT INTO SCHEMA_NAME.element VALUES ('COVER70-39', 'COVER70', 'ON_SERVICE', NULL, NULL, NULL, 'NO LOCATION DATA', 'WORK NO DATA', 'BUILDER NO DATA', NULL, 'OWNER NO DATA', NULL, NULL, NULL, 'TO REVIEW');
INSERT INTO SCHEMA_NAME.element VALUES ('COVER70-40', 'COVER70', 'ON_SERVICE', NULL, NULL, NULL, 'NO LOCATION DATA', 'WORK NO DATA', 'BUILDER NO DATA', NULL, 'OWNER NO DATA', NULL, NULL, NULL, 'TO REVIEW');
INSERT INTO SCHEMA_NAME.element VALUES ('COVER70-41', 'COVER70', 'ON_SERVICE', NULL, NULL, NULL, 'NO LOCATION DATA', 'WORK NO DATA', 'BUILDER NO DATA', NULL, 'OWNER NO DATA', NULL, NULL, NULL, 'TO REVIEW');
INSERT INTO SCHEMA_NAME.element VALUES ('COVER70-42', 'COVER70', 'ON_SERVICE', NULL, NULL, NULL, 'NO LOCATION DATA', 'WORK NO DATA', 'BUILDER NO DATA', NULL, 'OWNER NO DATA', NULL, NULL, NULL, 'TO REVIEW');
INSERT INTO SCHEMA_NAME.element VALUES ('COVER70-43', 'COVER70', 'ON_SERVICE', NULL, NULL, NULL, 'NO LOCATION DATA', 'WORK NO DATA', 'BUILDER NO DATA', NULL, 'OWNER NO DATA', NULL, NULL, NULL, 'TO REVIEW');
INSERT INTO SCHEMA_NAME.element VALUES ('COVER70-44', 'COVER70', 'ON_SERVICE', NULL, NULL, NULL, 'NO LOCATION DATA', 'WORK NO DATA', 'BUILDER NO DATA', NULL, 'OWNER NO DATA', NULL, NULL, NULL, 'TO REVIEW');
INSERT INTO SCHEMA_NAME.element VALUES ('COVER70-45', 'COVER70', 'ON_SERVICE', NULL, NULL, NULL, 'NO LOCATION DATA', 'WORK NO DATA', 'BUILDER NO DATA', NULL, 'OWNER NO DATA', NULL, NULL, NULL, 'TO REVIEW');
INSERT INTO SCHEMA_NAME.element VALUES ('COVER70-46', 'COVER70', 'ON_SERVICE', NULL, NULL, NULL, 'NO LOCATION DATA', 'WORK NO DATA', 'BUILDER NO DATA', NULL, 'OWNER NO DATA', NULL, NULL, NULL, 'TO REVIEW');
INSERT INTO SCHEMA_NAME.element VALUES ('COVER70-47', 'COVER70', 'ON_SERVICE', NULL, NULL, NULL, 'NO LOCATION DATA', 'WORK NO DATA', 'BUILDER NO DATA', NULL, 'OWNER NO DATA', NULL, NULL, NULL, 'TO REVIEW');
INSERT INTO SCHEMA_NAME.element VALUES ('COVER70-48', 'COVER70', 'ON_SERVICE', NULL, NULL, NULL, 'NO LOCATION DATA', 'WORK NO DATA', 'BUILDER NO DATA', NULL, 'OWNER NO DATA', NULL, NULL, NULL, 'TO REVIEW');
INSERT INTO SCHEMA_NAME.element VALUES ('COVER70-49', 'COVER70', 'ON_SERVICE', NULL, NULL, NULL, 'NO LOCATION DATA', 'WORK NO DATA', 'BUILDER NO DATA', NULL, 'OWNER NO DATA', NULL, NULL, NULL, 'TO REVIEW');
INSERT INTO SCHEMA_NAME.element VALUES ('COVER70-50', 'COVER70', 'ON_SERVICE', NULL, NULL, NULL, 'NO LOCATION DATA', 'WORK NO DATA', 'BUILDER NO DATA', NULL, 'OWNER NO DATA', NULL, NULL, NULL, 'TO REVIEW');
INSERT INTO SCHEMA_NAME.element VALUES ('COVER70-51', 'COVER70', 'ON_SERVICE', NULL, NULL, NULL, 'NO LOCATION DATA', 'WORK NO DATA', 'BUILDER NO DATA', NULL, 'OWNER NO DATA', NULL, NULL, NULL, 'TO REVIEW');
INSERT INTO SCHEMA_NAME.element VALUES ('COVER70-52', 'COVER70', 'ON_SERVICE', NULL, NULL, NULL, 'NO LOCATION DATA', 'WORK NO DATA', 'BUILDER NO DATA', NULL, 'OWNER NO DATA', NULL, NULL, NULL, 'TO REVIEW');
INSERT INTO SCHEMA_NAME.element VALUES ('COVER70-53', 'COVER70', 'ON_SERVICE', NULL, NULL, NULL, 'NO LOCATION DATA', 'WORK NO DATA', 'BUILDER NO DATA', NULL, 'OWNER NO DATA', NULL, NULL, NULL, 'TO REVIEW');
INSERT INTO SCHEMA_NAME.element VALUES ('COVER70-54', 'COVER70', 'ON_SERVICE', NULL, NULL, NULL, 'NO LOCATION DATA', 'WORK NO DATA', 'BUILDER NO DATA', NULL, 'OWNER NO DATA', NULL, NULL, NULL, 'TO REVIEW');
INSERT INTO SCHEMA_NAME.element VALUES ('COVER70-55', 'COVER70', 'ON_SERVICE', NULL, NULL, NULL, 'NO LOCATION DATA', 'WORK NO DATA', 'BUILDER NO DATA', NULL, 'OWNER NO DATA', NULL, NULL, NULL, 'TO REVIEW');
INSERT INTO SCHEMA_NAME.element VALUES ('COVER70-56', 'COVER70', 'ON_SERVICE', NULL, NULL, NULL, 'NO LOCATION DATA', 'WORK NO DATA', 'BUILDER NO DATA', NULL, 'OWNER NO DATA', NULL, NULL, NULL, 'TO REVIEW');
INSERT INTO SCHEMA_NAME.element VALUES ('COVER70-57', 'COVER70', 'ON_SERVICE', NULL, NULL, NULL, 'NO LOCATION DATA', 'WORK NO DATA', 'BUILDER NO DATA', NULL, 'OWNER NO DATA', NULL, NULL, NULL, 'TO REVIEW');
INSERT INTO SCHEMA_NAME.element VALUES ('COVER70-58', 'COVER70', 'ON_SERVICE', NULL, NULL, NULL, 'NO LOCATION DATA', 'WORK NO DATA', 'BUILDER NO DATA', NULL, 'OWNER NO DATA', NULL, NULL, NULL, 'TO REVIEW');
INSERT INTO SCHEMA_NAME.element VALUES ('COVER70-59', 'COVER70', 'ON_SERVICE', NULL, NULL, NULL, 'NO LOCATION DATA', 'WORK NO DATA', 'BUILDER NO DATA', NULL, 'OWNER NO DATA', NULL, NULL, NULL, 'TO REVIEW');
INSERT INTO SCHEMA_NAME.element VALUES ('COVER70-60', 'COVER70', 'ON_SERVICE', NULL, NULL, NULL, 'NO LOCATION DATA', 'WORK NO DATA', 'BUILDER NO DATA', NULL, 'OWNER NO DATA', NULL, NULL, NULL, 'TO REVIEW');
INSERT INTO SCHEMA_NAME.element VALUES ('COVER70-61', 'COVER70', 'ON_SERVICE', NULL, NULL, NULL, 'NO LOCATION DATA', 'WORK NO DATA', 'BUILDER NO DATA', NULL, 'OWNER NO DATA', NULL, NULL, NULL, 'TO REVIEW');
INSERT INTO SCHEMA_NAME.element VALUES ('COVER70-62', 'COVER70', 'ON_SERVICE', NULL, NULL, NULL, 'NO LOCATION DATA', 'WORK NO DATA', 'BUILDER NO DATA', NULL, 'OWNER NO DATA', NULL, NULL, NULL, 'TO REVIEW');
INSERT INTO SCHEMA_NAME.element VALUES ('COVER70-63', 'COVER70', 'ON_SERVICE', NULL, NULL, NULL, 'NO LOCATION DATA', 'WORK NO DATA', 'BUILDER NO DATA', NULL, 'OWNER NO DATA', NULL, NULL, NULL, 'TO REVIEW');
INSERT INTO SCHEMA_NAME.element VALUES ('COVER70-64', 'COVER70', 'ON_SERVICE', NULL, NULL, NULL, 'NO LOCATION DATA', 'WORK NO DATA', 'BUILDER NO DATA', NULL, 'OWNER NO DATA', NULL, NULL, NULL, 'TO REVIEW');
INSERT INTO SCHEMA_NAME.element VALUES ('COVER70-65', 'COVER70', 'ON_SERVICE', NULL, NULL, NULL, 'NO LOCATION DATA', 'WORK NO DATA', 'BUILDER NO DATA', NULL, 'OWNER NO DATA', NULL, NULL, NULL, 'TO REVIEW');
INSERT INTO SCHEMA_NAME.element VALUES ('COVER70-66', 'COVER70', 'ON_SERVICE', NULL, NULL, NULL, 'NO LOCATION DATA', 'WORK NO DATA', 'BUILDER NO DATA', NULL, 'OWNER NO DATA', NULL, NULL, NULL, 'TO REVIEW');
INSERT INTO SCHEMA_NAME.element VALUES ('COVER70-67', 'COVER70', 'ON_SERVICE', NULL, NULL, NULL, 'NO LOCATION DATA', 'WORK NO DATA', 'BUILDER NO DATA', NULL, 'OWNER NO DATA', NULL, NULL, NULL, 'TO REVIEW');
INSERT INTO SCHEMA_NAME.element VALUES ('COVER70-68', 'COVER70', 'ON_SERVICE', NULL, NULL, NULL, 'NO LOCATION DATA', 'WORK NO DATA', 'BUILDER NO DATA', NULL, 'OWNER NO DATA', NULL, NULL, NULL, 'TO REVIEW');
INSERT INTO SCHEMA_NAME.element VALUES ('COVER70-69', 'COVER70', 'ON_SERVICE', NULL, NULL, NULL, 'NO LOCATION DATA', 'WORK NO DATA', 'BUILDER NO DATA', NULL, 'OWNER NO DATA', NULL, NULL, NULL, 'TO REVIEW');
INSERT INTO SCHEMA_NAME.element VALUES ('COVER70-70', 'COVER70', 'ON_SERVICE', NULL, NULL, NULL, 'NO LOCATION DATA', 'WORK NO DATA', 'BUILDER NO DATA', NULL, 'OWNER NO DATA', NULL, NULL, NULL, 'TO REVIEW');
INSERT INTO SCHEMA_NAME.element VALUES ('COVER70-71', 'COVER70', 'ON_SERVICE', NULL, NULL, NULL, 'NO LOCATION DATA', 'WORK NO DATA', 'BUILDER NO DATA', NULL, 'OWNER NO DATA', NULL, NULL, NULL, 'TO REVIEW');
INSERT INTO SCHEMA_NAME.element VALUES ('COVER70-72', 'COVER70', 'ON_SERVICE', NULL, NULL, NULL, 'NO LOCATION DATA', 'WORK NO DATA', 'BUILDER NO DATA', NULL, 'OWNER NO DATA', NULL, NULL, NULL, 'TO REVIEW');
INSERT INTO SCHEMA_NAME.element VALUES ('COVER70-73', 'COVER70', 'ON_SERVICE', NULL, NULL, NULL, 'NO LOCATION DATA', 'WORK NO DATA', 'BUILDER NO DATA', NULL, 'OWNER NO DATA', NULL, NULL, NULL, 'TO REVIEW');
INSERT INTO SCHEMA_NAME.element VALUES ('COVER70-74', 'COVER70', 'ON_SERVICE', NULL, NULL, NULL, 'NO LOCATION DATA', 'WORK NO DATA', 'BUILDER NO DATA', NULL, 'OWNER NO DATA', NULL, NULL, NULL, 'TO REVIEW');
INSERT INTO SCHEMA_NAME.element VALUES ('COVER70-75', 'COVER70', 'ON_SERVICE', NULL, NULL, NULL, 'NO LOCATION DATA', 'WORK NO DATA', 'BUILDER NO DATA', NULL, 'OWNER NO DATA', NULL, NULL, NULL, 'TO REVIEW');
INSERT INTO SCHEMA_NAME.element VALUES ('COVER70-76', 'COVER70', 'ON_SERVICE', NULL, NULL, NULL, 'NO LOCATION DATA', 'WORK NO DATA', 'BUILDER NO DATA', NULL, 'OWNER NO DATA', NULL, NULL, NULL, 'TO REVIEW');
INSERT INTO SCHEMA_NAME.element VALUES ('COVER70-77', 'COVER70', 'ON_SERVICE', NULL, NULL, NULL, 'NO LOCATION DATA', 'WORK NO DATA', 'BUILDER NO DATA', NULL, 'OWNER NO DATA', NULL, NULL, NULL, 'TO REVIEW');
INSERT INTO SCHEMA_NAME.element VALUES ('COVER70-78', 'COVER70', 'ON_SERVICE', NULL, NULL, NULL, 'NO LOCATION DATA', 'WORK NO DATA', 'BUILDER NO DATA', NULL, 'OWNER NO DATA', NULL, NULL, NULL, 'TO REVIEW');
INSERT INTO SCHEMA_NAME.element VALUES ('COVER70-79', 'COVER70', 'ON_SERVICE', NULL, NULL, NULL, 'NO LOCATION DATA', 'WORK NO DATA', 'BUILDER NO DATA', NULL, 'OWNER NO DATA', NULL, NULL, NULL, 'TO REVIEW');
INSERT INTO SCHEMA_NAME.element VALUES ('COVER70-80', 'COVER70', 'ON_SERVICE', NULL, NULL, NULL, 'NO LOCATION DATA', 'WORK NO DATA', 'BUILDER NO DATA', NULL, 'OWNER NO DATA', NULL, NULL, NULL, 'TO REVIEW');
INSERT INTO SCHEMA_NAME.element VALUES ('COVER70-81', 'COVER70', 'ON_SERVICE', NULL, NULL, NULL, 'NO LOCATION DATA', 'WORK NO DATA', 'BUILDER NO DATA', NULL, 'OWNER NO DATA', NULL, NULL, NULL, 'TO REVIEW');
INSERT INTO SCHEMA_NAME.element VALUES ('COVER70-82', 'COVER70', 'ON_SERVICE', NULL, NULL, NULL, 'NO LOCATION DATA', 'WORK NO DATA', 'BUILDER NO DATA', NULL, 'OWNER NO DATA', NULL, NULL, NULL, 'TO REVIEW');
INSERT INTO SCHEMA_NAME.element VALUES ('COVER70-83', 'COVER70', 'ON_SERVICE', NULL, NULL, NULL, 'NO LOCATION DATA', 'WORK NO DATA', 'BUILDER NO DATA', NULL, 'OWNER NO DATA', NULL, NULL, NULL, 'TO REVIEW');
INSERT INTO SCHEMA_NAME.element VALUES ('COVER70-84', 'COVER70', 'ON_SERVICE', NULL, NULL, NULL, 'NO LOCATION DATA', 'WORK NO DATA', 'BUILDER NO DATA', NULL, 'OWNER NO DATA', NULL, NULL, NULL, 'TO REVIEW');
INSERT INTO SCHEMA_NAME.element VALUES ('COVER70-85', 'COVER70', 'ON_SERVICE', NULL, NULL, NULL, 'NO LOCATION DATA', 'WORK NO DATA', 'BUILDER NO DATA', NULL, 'OWNER NO DATA', NULL, NULL, NULL, 'TO REVIEW');
INSERT INTO SCHEMA_NAME.element VALUES ('COVER70-86', 'COVER70', 'ON_SERVICE', NULL, NULL, NULL, 'NO LOCATION DATA', 'WORK NO DATA', 'BUILDER NO DATA', NULL, 'OWNER NO DATA', NULL, NULL, NULL, 'TO REVIEW');
INSERT INTO SCHEMA_NAME.element VALUES ('COVER70-87', 'COVER70', 'ON_SERVICE', NULL, NULL, NULL, 'NO LOCATION DATA', 'WORK NO DATA', 'BUILDER NO DATA', NULL, 'OWNER NO DATA', NULL, NULL, NULL, 'TO REVIEW');
INSERT INTO SCHEMA_NAME.element VALUES ('COVER70-88', 'COVER70', 'ON_SERVICE', NULL, NULL, NULL, 'NO LOCATION DATA', 'WORK NO DATA', 'BUILDER NO DATA', NULL, 'OWNER NO DATA', NULL, NULL, NULL, 'TO REVIEW');
INSERT INTO SCHEMA_NAME.element VALUES ('COVER70-89', 'COVER70', 'ON_SERVICE', NULL, NULL, NULL, 'NO LOCATION DATA', 'WORK NO DATA', 'BUILDER NO DATA', NULL, 'OWNER NO DATA', NULL, NULL, NULL, 'TO REVIEW');
INSERT INTO SCHEMA_NAME.element VALUES ('COVER70-90', 'COVER70', 'ON_SERVICE', NULL, NULL, NULL, 'NO LOCATION DATA', 'WORK NO DATA', 'BUILDER NO DATA', NULL, 'OWNER NO DATA', NULL, NULL, NULL, 'TO REVIEW');
INSERT INTO SCHEMA_NAME.element VALUES ('COVER70-91', 'COVER70', 'ON_SERVICE', NULL, NULL, NULL, 'NO LOCATION DATA', 'WORK NO DATA', 'BUILDER NO DATA', NULL, 'OWNER NO DATA', NULL, NULL, NULL, 'TO REVIEW');
INSERT INTO SCHEMA_NAME.element VALUES ('COVER70-92', 'COVER70', 'ON_SERVICE', NULL, NULL, NULL, 'NO LOCATION DATA', 'WORK NO DATA', 'BUILDER NO DATA', NULL, 'OWNER NO DATA', NULL, NULL, NULL, 'TO REVIEW');
INSERT INTO SCHEMA_NAME.element VALUES ('COVER70-93', 'COVER70', 'ON_SERVICE', NULL, NULL, NULL, 'NO LOCATION DATA', 'WORK NO DATA', 'BUILDER NO DATA', NULL, 'OWNER NO DATA', NULL, NULL, NULL, 'TO REVIEW');
INSERT INTO SCHEMA_NAME.element VALUES ('COVER70-94', 'COVER70', 'ON_SERVICE', NULL, NULL, NULL, 'NO LOCATION DATA', 'WORK NO DATA', 'BUILDER NO DATA', NULL, 'OWNER NO DATA', NULL, NULL, NULL, 'TO REVIEW');
INSERT INTO SCHEMA_NAME.element VALUES ('COVER70-95', 'COVER70', 'ON_SERVICE', NULL, NULL, NULL, 'NO LOCATION DATA', 'WORK NO DATA', 'BUILDER NO DATA', NULL, 'OWNER NO DATA', NULL, NULL, NULL, 'TO REVIEW');
INSERT INTO SCHEMA_NAME.element VALUES ('COVER70-96', 'COVER70', 'ON_SERVICE', NULL, NULL, NULL, 'NO LOCATION DATA', 'WORK NO DATA', 'BUILDER NO DATA', NULL, 'OWNER NO DATA', NULL, NULL, NULL, 'TO REVIEW');
INSERT INTO SCHEMA_NAME.element VALUES ('COVER70-97', 'COVER70', 'ON_SERVICE', NULL, NULL, NULL, 'NO LOCATION DATA', 'WORK NO DATA', 'BUILDER NO DATA', NULL, 'OWNER NO DATA', NULL, NULL, NULL, 'TO REVIEW');



INSERT INTO SCHEMA_NAME.element_x_node VALUES ('97', 'COVER70-97', 'N124');
INSERT INTO SCHEMA_NAME.element_x_node VALUES ('96', 'COVER70-96', 'N234');
INSERT INTO SCHEMA_NAME.element_x_node VALUES ('95', 'COVER70-95', 'N93');
INSERT INTO SCHEMA_NAME.element_x_node VALUES ('94', 'COVER70-94', 'N123');
INSERT INTO SCHEMA_NAME.element_x_node VALUES ('88', 'COVER70-88', 'N86');
INSERT INTO SCHEMA_NAME.element_x_node VALUES ('87', 'COVER70-87', 'N99');
INSERT INTO SCHEMA_NAME.element_x_node VALUES ('86', 'COVER70-86', 'N98');
INSERT INTO SCHEMA_NAME.element_x_node VALUES ('85', 'COVER70-85', 'N97');
INSERT INTO SCHEMA_NAME.element_x_node VALUES ('84', 'COVER70-84', 'N96');
INSERT INTO SCHEMA_NAME.element_x_node VALUES ('83', 'COVER70-83', 'N95');
INSERT INTO SCHEMA_NAME.element_x_node VALUES ('82', 'COVER70-82', 'N94');
INSERT INTO SCHEMA_NAME.element_x_node VALUES ('81', 'COVER70-81', 'N132');
INSERT INTO SCHEMA_NAME.element_x_node VALUES ('80', 'COVER70-80', 'N131');
INSERT INTO SCHEMA_NAME.element_x_node VALUES ('79', 'COVER70-79', 'N130');
INSERT INTO SCHEMA_NAME.element_x_node VALUES ('78', 'COVER70-78', 'N129');
INSERT INTO SCHEMA_NAME.element_x_node VALUES ('77', 'COVER70-77', 'N128');
INSERT INTO SCHEMA_NAME.element_x_node VALUES ('76', 'COVER70-76', 'N127');
INSERT INTO SCHEMA_NAME.element_x_node VALUES ('75', 'COVER70-75', 'N126');
INSERT INTO SCHEMA_NAME.element_x_node VALUES ('74', 'COVER70-74', 'N102');
INSERT INTO SCHEMA_NAME.element_x_node VALUES ('73', 'COVER70-73', 'N101');
INSERT INTO SCHEMA_NAME.element_x_node VALUES ('72', 'COVER70-72', 'N82');
INSERT INTO SCHEMA_NAME.element_x_node VALUES ('71', 'COVER70-71', 'N56');
INSERT INTO SCHEMA_NAME.element_x_node VALUES ('70', 'COVER70-70', 'N74');
INSERT INTO SCHEMA_NAME.element_x_node VALUES ('69', 'COVER70-69', 'N73');
INSERT INTO SCHEMA_NAME.element_x_node VALUES ('68', 'COVER70-68', 'N70');
INSERT INTO SCHEMA_NAME.element_x_node VALUES ('67', 'COVER70-67', 'N69');
INSERT INTO SCHEMA_NAME.element_x_node VALUES ('66', 'COVER70-66', 'N68');
INSERT INTO SCHEMA_NAME.element_x_node VALUES ('65', 'COVER70-65', 'N67');
INSERT INTO SCHEMA_NAME.element_x_node VALUES ('64', 'COVER70-64', 'N66');
INSERT INTO SCHEMA_NAME.element_x_node VALUES ('63', 'COVER70-63', 'N65');
INSERT INTO SCHEMA_NAME.element_x_node VALUES ('62', 'COVER70-62', 'N53');
INSERT INTO SCHEMA_NAME.element_x_node VALUES ('61', 'COVER70-61', 'N51');
INSERT INTO SCHEMA_NAME.element_x_node VALUES ('60', 'COVER70-60', 'N50');
INSERT INTO SCHEMA_NAME.element_x_node VALUES ('59', 'COVER70-59', 'N47');
INSERT INTO SCHEMA_NAME.element_x_node VALUES ('58', 'COVER70-58', 'N46');
INSERT INTO SCHEMA_NAME.element_x_node VALUES ('57', 'COVER70-57', 'N34');
INSERT INTO SCHEMA_NAME.element_x_node VALUES ('56', 'COVER70-56', 'N33');
INSERT INTO SCHEMA_NAME.element_x_node VALUES ('55', 'COVER70-55', 'N32');
INSERT INTO SCHEMA_NAME.element_x_node VALUES ('54', 'COVER70-54', 'N235');
INSERT INTO SCHEMA_NAME.element_x_node VALUES ('53', 'COVER70-53', 'N105');
INSERT INTO SCHEMA_NAME.element_x_node VALUES ('52', 'COVER70-52', 'N104');
INSERT INTO SCHEMA_NAME.element_x_node VALUES ('51', 'COVER70-51', 'N64');
INSERT INTO SCHEMA_NAME.element_x_node VALUES ('50', 'COVER70-50', 'N63');
INSERT INTO SCHEMA_NAME.element_x_node VALUES ('49', 'COVER70-49', 'N62');
INSERT INTO SCHEMA_NAME.element_x_node VALUES ('48', 'COVER70-48', 'N61');
INSERT INTO SCHEMA_NAME.element_x_node VALUES ('47', 'COVER70-47', 'N60');
INSERT INTO SCHEMA_NAME.element_x_node VALUES ('46', 'COVER70-46', 'N59');
INSERT INTO SCHEMA_NAME.element_x_node VALUES ('45', 'COVER70-45', 'N58');
INSERT INTO SCHEMA_NAME.element_x_node VALUES ('44', 'COVER70-44', 'N57');
INSERT INTO SCHEMA_NAME.element_x_node VALUES ('43', 'COVER70-43', 'N54');
INSERT INTO SCHEMA_NAME.element_x_node VALUES ('42', 'COVER70-42', 'N52');
INSERT INTO SCHEMA_NAME.element_x_node VALUES ('41', 'COVER70-41', 'N55');
INSERT INTO SCHEMA_NAME.element_x_node VALUES ('40', 'COVER70-40', 'N72');
INSERT INTO SCHEMA_NAME.element_x_node VALUES ('39', 'COVER70-39', 'N71');
INSERT INTO SCHEMA_NAME.element_x_node VALUES ('38', 'COVER70-38', 'N45');
INSERT INTO SCHEMA_NAME.element_x_node VALUES ('37', 'COVER70-37', 'N87');
INSERT INTO SCHEMA_NAME.element_x_node VALUES ('36', 'COVER70-36', 'N115');
INSERT INTO SCHEMA_NAME.element_x_node VALUES ('35', 'COVER70-35', 'N114');
INSERT INTO SCHEMA_NAME.element_x_node VALUES ('34', 'COVER70-34', 'N113');
INSERT INTO SCHEMA_NAME.element_x_node VALUES ('33', 'COVER70-33', 'N92');
INSERT INTO SCHEMA_NAME.element_x_node VALUES ('32', 'COVER70-32', 'N91');
INSERT INTO SCHEMA_NAME.element_x_node VALUES ('31', 'COVER70-31', 'N90');
INSERT INTO SCHEMA_NAME.element_x_node VALUES ('30', 'COVER70-30', 'N78');
INSERT INTO SCHEMA_NAME.element_x_node VALUES ('29', 'COVER70-29', 'N77');
INSERT INTO SCHEMA_NAME.element_x_node VALUES ('28', 'COVER70-28', 'N76');
INSERT INTO SCHEMA_NAME.element_x_node VALUES ('27', 'COVER70-27', 'N75');
INSERT INTO SCHEMA_NAME.element_x_node VALUES ('26', 'COVER70-26', 'N112');
INSERT INTO SCHEMA_NAME.element_x_node VALUES ('25', 'COVER70-25', 'N236');
INSERT INTO SCHEMA_NAME.element_x_node VALUES ('24', 'COVER70-24', 'N42');
INSERT INTO SCHEMA_NAME.element_x_node VALUES ('23', 'COVER70-23', 'N41');
INSERT INTO SCHEMA_NAME.element_x_node VALUES ('22', 'COVER70-22', 'N40');
INSERT INTO SCHEMA_NAME.element_x_node VALUES ('21', 'COVER70-21', 'N39');
INSERT INTO SCHEMA_NAME.element_x_node VALUES ('20', 'COVER70-20', 'N38');
INSERT INTO SCHEMA_NAME.element_x_node VALUES ('19', 'COVER70-19', 'N37');
INSERT INTO SCHEMA_NAME.element_x_node VALUES ('18', 'COVER70-18', 'N44');
INSERT INTO SCHEMA_NAME.element_x_node VALUES ('17', 'COVER70-17', 'N36');
INSERT INTO SCHEMA_NAME.element_x_node VALUES ('16', 'COVER70-16', 'N35');
INSERT INTO SCHEMA_NAME.element_x_node VALUES ('15', 'COVER70-15', 'N122');
INSERT INTO SCHEMA_NAME.element_x_node VALUES ('14', 'COVER70-14', 'N43');
INSERT INTO SCHEMA_NAME.element_x_node VALUES ('13', 'COVER70-13', 'N239');
INSERT INTO SCHEMA_NAME.element_x_node VALUES ('12', 'COVER70-12', 'N121');
INSERT INTO SCHEMA_NAME.element_x_node VALUES ('11', 'COVER70-11', 'N120');
INSERT INTO SCHEMA_NAME.element_x_node VALUES ('10', 'COVER70-10', 'N119');
INSERT INTO SCHEMA_NAME.element_x_node VALUES ('9', 'COVER70-09', 'N118');
INSERT INTO SCHEMA_NAME.element_x_node VALUES ('8', 'COVER70-08', 'N117');
INSERT INTO SCHEMA_NAME.element_x_node VALUES ('7', 'COVER70-07', 'N31');
INSERT INTO SCHEMA_NAME.element_x_node VALUES ('6', 'COVER70-06', 'N116');
INSERT INTO SCHEMA_NAME.element_x_node VALUES ('5', 'COVER70-05', 'N237');
INSERT INTO SCHEMA_NAME.element_x_node VALUES ('4', 'COVER70-04', 'N30');
INSERT INTO SCHEMA_NAME.element_x_node VALUES ('3', 'COVER70-03', 'N29');
INSERT INTO SCHEMA_NAME.element_x_node VALUES ('2', 'COVER70-02', 'N49');
INSERT INTO SCHEMA_NAME.element_x_node VALUES ('1', 'COVER70-01', 'N48');
INSERT INTO SCHEMA_NAME.element_x_node VALUES ('93', 'COVER70-93', 'N125');
INSERT INTO SCHEMA_NAME.element_x_node VALUES ('92', 'COVER70-92', 'N111');
INSERT INTO SCHEMA_NAME.element_x_node VALUES ('91', 'COVER70-91', 'N100');
INSERT INTO SCHEMA_NAME.element_x_node VALUES ('90', 'COVER70-90', 'N89');
INSERT INTO SCHEMA_NAME.element_x_node VALUES ('89', 'COVER70-89', 'N88');
INSERT INTO SCHEMA_NAME.element_x_node VALUES ('110', 'COVER70X70-13', 'N238');
INSERT INTO SCHEMA_NAME.element_x_node VALUES ('109', 'COVER70X70-12', 'N79');
INSERT INTO SCHEMA_NAME.element_x_node VALUES ('108', 'COVER70X70-11', 'N80');
INSERT INTO SCHEMA_NAME.element_x_node VALUES ('107', 'COVER70X70-10', 'N81');
INSERT INTO SCHEMA_NAME.element_x_node VALUES ('106', 'COVER70X70-09', 'N83');
INSERT INTO SCHEMA_NAME.element_x_node VALUES ('105', 'COVER70X70-08', 'N84');
INSERT INTO SCHEMA_NAME.element_x_node VALUES ('104', 'COVER70X70-07', 'N85');
INSERT INTO SCHEMA_NAME.element_x_node VALUES ('103', 'COVER70X70-06', 'N106');
INSERT INTO SCHEMA_NAME.element_x_node VALUES ('102', 'COVER70X70-05', 'N107');
INSERT INTO SCHEMA_NAME.element_x_node VALUES ('101', 'COVER70X70-04', 'N108');
INSERT INTO SCHEMA_NAME.element_x_node VALUES ('100', 'COVER70X70-03', 'N109');
INSERT INTO SCHEMA_NAME.element_x_node VALUES ('99', 'COVER70X70-02', 'N110');
INSERT INTO SCHEMA_NAME.element_x_node VALUES ('98', 'COVER70X70-01', 'N233');
INSERT INTO SCHEMA_NAME.element_x_node VALUES ('111', 'PUMP_ABS-01', 'N238');



INSERT INTO SCHEMA_NAME.event VALUES ('EV01', 'EV01-INS', '2015-01-15 11:23:20', '2015-03-15 10:00:00', NULL, NULL, '2015-03-15 10:30:00', NULL);
INSERT INTO SCHEMA_NAME.event VALUES ('EV02', 'EV02-REP', '2015-04-01 09:00:00', '2015-04-20 16:30:00', NULL, NULL, '2015-04-20 16:30:00', NULL);
INSERT INTO SCHEMA_NAME.event VALUES ('EV03', 'EV03-INS', '2016-02-01 09:25:00', '2016-04-30 08:30:00', NULL, NULL, '2016-03-15 10:00:00', NULL);
INSERT INTO SCHEMA_NAME.event VALUES ('EV04', 'EV04-REC', '2015-04-01 08:00:00', '2015-04-30 13:00:00', NULL, NULL, '2015-04-30 13:30:00', NULL);



INSERT INTO SCHEMA_NAME.event_x_conduit VALUES (14, 'EV01', 'A203', 'GOOD STR.', '5-10%', NULL, '2015-02-01 12:00:00');
INSERT INTO SCHEMA_NAME.event_x_conduit VALUES (2, 'EV01', 'A180', 'GOOD STR.', '2-5%', NULL, '2015-02-01 10:30:00');
INSERT INTO SCHEMA_NAME.event_x_conduit VALUES (3, 'EV01', 'A181', 'NORMAL STR.', '< 2%', NULL, '2015-02-01 10:30:00');
INSERT INTO SCHEMA_NAME.event_x_conduit VALUES (4, 'EV01', 'A182', 'BAD STR.', '5-10%', NULL, '2015-02-01 10:30:00');
INSERT INTO SCHEMA_NAME.event_x_conduit VALUES (5, 'EV01', 'A183', 'NORMAL STR.', '2-5%', NULL, '2015-02-01 10:30:00');
INSERT INTO SCHEMA_NAME.event_x_conduit VALUES (6, 'EV01', 'A184', 'GOOD STR.', '< 2%', NULL, '2015-02-01 10:30:00');
INSERT INTO SCHEMA_NAME.event_x_conduit VALUES (7, 'EV01', 'A185', 'GOOD STR.', '< 2%', NULL, '2015-02-01 10:30:00');
INSERT INTO SCHEMA_NAME.event_x_conduit VALUES (8, 'EV01', 'A186', 'NORMAL STR.', '2-5%', NULL, '2015-02-01 10:30:00');
INSERT INTO SCHEMA_NAME.event_x_conduit VALUES (9, 'EV01', 'A187', 'VERY BAD STR.', '2-5%', NULL, '2015-02-01 10:30:00');
INSERT INTO SCHEMA_NAME.event_x_conduit VALUES (10, 'EV01', 'A188', 'NORMAL STR.', '< 2%', NULL, '2015-02-01 10:30:00');
INSERT INTO SCHEMA_NAME.event_x_conduit VALUES (11, 'EV01', 'A238', 'GOOD STR.', '2-5%', NULL, '2015-02-01 12:00:00');
INSERT INTO SCHEMA_NAME.event_x_conduit VALUES (12, 'EV01', 'A201', 'GOOD STR.', '< 2%', NULL, '2015-02-01 12:00:00');
INSERT INTO SCHEMA_NAME.event_x_conduit VALUES (13, 'EV01', 'A202', 'GOOD STR.', '2-5%', NULL, '2015-02-01 12:00:00');
INSERT INTO SCHEMA_NAME.event_x_conduit VALUES (15, 'EV01', 'A204', 'GOOD STR.', '2-5%', NULL, '2015-02-01 12:00:00');
INSERT INTO SCHEMA_NAME.event_x_conduit VALUES (16, 'EV01', 'A222', 'BAD STR.', '10-20%', NULL, '2015-02-01 17:15:00');
INSERT INTO SCHEMA_NAME.event_x_conduit VALUES (17, 'EV01', 'A223', 'VERY BAD STR.', '>20', NULL, '2015-02-01 17:15:00');
INSERT INTO SCHEMA_NAME.event_x_conduit VALUES (18, 'EV04', 'A223', 'EXCELENT STR.', '< 2%', NULL, '2015-04-05 17:11:00');
INSERT INTO SCHEMA_NAME.event_x_conduit VALUES (19, 'EV04', 'A222', 'EXCELENT STR.', '< 2%', NULL, '2015-04-05 17:11:00');
INSERT INTO SCHEMA_NAME.event_x_conduit VALUES (20, 'EV04', 'A187', 'EXCELENT STR.', '< 2%', NULL, '2015-04-05 17:11:00');
INSERT INTO SCHEMA_NAME.event_x_conduit VALUES (21, 'EV04', 'A182', 'EXCELENT STR.', '< 2%', NULL, '2015-04-05 17:11:00');



INSERT INTO SCHEMA_NAME.event_x_cover VALUES (98, 'EV01', 'COVER70X70-01', 'NORMAL', NULL, '2015-03-21 10:05:00');
INSERT INTO SCHEMA_NAME.event_x_cover VALUES (99, 'EV01', 'COVER70X70-02', 'NORMAL', NULL, '2015-03-21 10:05:00');
INSERT INTO SCHEMA_NAME.event_x_cover VALUES (100, 'EV01', 'COVER70X70-03', 'NORMAL', NULL, '2015-03-21 10:05:00');
INSERT INTO SCHEMA_NAME.event_x_cover VALUES (101, 'EV01', 'COVER70X70-04', 'NORMAL', NULL, '2015-03-21 10:05:00');
INSERT INTO SCHEMA_NAME.event_x_cover VALUES (102, 'EV01', 'COVER70X70-05', 'NORMAL', NULL, '2015-03-21 10:05:00');
INSERT INTO SCHEMA_NAME.event_x_cover VALUES (104, 'EV01', 'COVER70X70-07', 'NORMAL', NULL, '2015-03-21 10:05:00');
INSERT INTO SCHEMA_NAME.event_x_cover VALUES (105, 'EV01', 'COVER70X70-08', 'NORMAL', NULL, '2015-03-21 10:05:00');
INSERT INTO SCHEMA_NAME.event_x_cover VALUES (106, 'EV01', 'COVER70X70-09', 'NORMAL', NULL, '2015-03-21 10:05:00');
INSERT INTO SCHEMA_NAME.event_x_cover VALUES (110, 'EV01', 'COVER70X70-13', 'NORMAL', NULL, '2015-03-21 10:05:00');
INSERT INTO SCHEMA_NAME.event_x_cover VALUES (3, 'EV01', 'COVER70-03', 'EXCELENT', NULL, '2015-03-21 10:05:00');
INSERT INTO SCHEMA_NAME.event_x_cover VALUES (4, 'EV01', 'COVER70-04', 'EXCELENT', NULL, '2015-03-21 10:05:00');
INSERT INTO SCHEMA_NAME.event_x_cover VALUES (6, 'EV01', 'COVER70-06', 'TO REPAIR', NULL, '2015-03-21 10:05:00');
INSERT INTO SCHEMA_NAME.event_x_cover VALUES (7, 'EV01', 'COVER70-07', 'EXCELENT', NULL, '2015-03-21 10:05:00');
INSERT INTO SCHEMA_NAME.event_x_cover VALUES (103, 'EV01', 'COVER70X70-06', 'TO REPAIR', NULL, '2015-03-21 10:05:00');
INSERT INTO SCHEMA_NAME.event_x_cover VALUES (107, 'EV01', 'COVER70X70-10', 'TO REPLACE', NULL, '2015-03-21 10:05:00');
INSERT INTO SCHEMA_NAME.event_x_cover VALUES (108, 'EV01', 'COVER70X70-11', 'TO REPLACE', NULL, '2015-03-21 10:05:00');
INSERT INTO SCHEMA_NAME.event_x_cover VALUES (109, 'EV01', 'COVER70X70-12', 'TO REPLACE', NULL, '2015-03-21 10:05:00');
INSERT INTO SCHEMA_NAME.event_x_cover VALUES (111, 'EV02', 'COVER70X70-12', 'EXCELENT', NULL, '2015-04-08 09:30:00');
INSERT INTO SCHEMA_NAME.event_x_cover VALUES (112, 'EV02', 'COVER70X70-11', 'EXCELENT', NULL, '2015-04-08 09:30:00');
INSERT INTO SCHEMA_NAME.event_x_cover VALUES (113, 'EV02', 'COVER70X70-10', 'EXCELENT', NULL, '2015-04-08 09:30:00');
INSERT INTO SCHEMA_NAME.event_x_cover VALUES (114, 'EV02', 'COVER70X70-06', 'EXCELENT', NULL, '2015-04-08 09:30:00');
INSERT INTO SCHEMA_NAME.event_x_cover VALUES (115, 'EV02', 'COVER70-90', 'EXCELENT', NULL, '2015-04-08 09:30:00');
INSERT INTO SCHEMA_NAME.event_x_cover VALUES (116, 'EV02', 'COVER70-33', 'EXCELENT', NULL, '2015-04-08 09:30:00');
INSERT INTO SCHEMA_NAME.event_x_cover VALUES (117, 'EV02', 'COVER70-28', 'EXCELENT', NULL, '2015-04-08 09:30:00');
INSERT INTO SCHEMA_NAME.event_x_cover VALUES (118, 'EV02', 'COVER70-06', 'EXCELENT', NULL, '2015-04-08 09:30:00');
INSERT INTO SCHEMA_NAME.event_x_cover VALUES (119, 'EV03', 'COVER70-01', 'NORMAL', NULL, '2016-02-25 11:45:00');
INSERT INTO SCHEMA_NAME.event_x_cover VALUES (120, 'EV03', 'COVER70-02', 'NORMAL', NULL, '2016-02-25 11:45:00');
INSERT INTO SCHEMA_NAME.event_x_cover VALUES (121, 'EV03', 'COVER70-03', 'NORMAL', NULL, '2016-02-25 11:45:00');
INSERT INTO SCHEMA_NAME.event_x_cover VALUES (122, 'EV03', 'COVER70-04', 'NORMAL', NULL, '2016-02-25 11:45:00');
INSERT INTO SCHEMA_NAME.event_x_cover VALUES (123, 'EV03', 'COVER70-05', 'NORMAL', NULL, '2016-02-25 11:45:00');
INSERT INTO SCHEMA_NAME.event_x_cover VALUES (125, 'EV03', 'COVER70-07', 'NORMAL', NULL, '2016-02-25 11:45:00');
INSERT INTO SCHEMA_NAME.event_x_cover VALUES (126, 'EV03', 'COVER70-08', 'NORMAL', NULL, '2016-02-25 11:45:00');
INSERT INTO SCHEMA_NAME.event_x_cover VALUES (127, 'EV03', 'COVER70-09', 'NORMAL', NULL, '2016-02-25 11:45:00');
INSERT INTO SCHEMA_NAME.event_x_cover VALUES (128, 'EV03', 'COVER70-10', 'NORMAL', NULL, '2016-02-25 11:45:00');
INSERT INTO SCHEMA_NAME.event_x_cover VALUES (129, 'EV03', 'COVER70-11', 'NORMAL', NULL, '2016-02-25 11:45:00');
INSERT INTO SCHEMA_NAME.event_x_cover VALUES (130, 'EV03', 'COVER70-12', 'NORMAL', NULL, '2016-02-25 11:45:00');
INSERT INTO SCHEMA_NAME.event_x_cover VALUES (131, 'EV03', 'COVER70-13', 'NORMAL', NULL, '2016-02-25 11:45:00');
INSERT INTO SCHEMA_NAME.event_x_cover VALUES (132, 'EV03', 'COVER70-14', 'NORMAL', NULL, '2016-02-25 11:45:00');
INSERT INTO SCHEMA_NAME.event_x_cover VALUES (133, 'EV03', 'COVER70-15', 'NORMAL', NULL, '2016-02-25 11:45:00');
INSERT INTO SCHEMA_NAME.event_x_cover VALUES (134, 'EV03', 'COVER70-16', 'NORMAL', NULL, '2016-02-25 11:45:00');
INSERT INTO SCHEMA_NAME.event_x_cover VALUES (135, 'EV03', 'COVER70-17', 'NORMAL', NULL, '2016-02-25 11:45:00');
INSERT INTO SCHEMA_NAME.event_x_cover VALUES (136, 'EV03', 'COVER70-18', 'NORMAL', NULL, '2016-02-25 11:45:00');
INSERT INTO SCHEMA_NAME.event_x_cover VALUES (137, 'EV03', 'COVER70-19', 'NORMAL', NULL, '2016-02-25 11:45:00');
INSERT INTO SCHEMA_NAME.event_x_cover VALUES (138, 'EV03', 'COVER70-20', 'NORMAL', NULL, '2016-02-25 11:45:00');
INSERT INTO SCHEMA_NAME.event_x_cover VALUES (139, 'EV03', 'COVER70-21', 'NORMAL', NULL, '2016-02-25 11:45:00');
INSERT INTO SCHEMA_NAME.event_x_cover VALUES (140, 'EV03', 'COVER70-22', 'NORMAL', NULL, '2016-02-25 11:45:00');
INSERT INTO SCHEMA_NAME.event_x_cover VALUES (141, 'EV03', 'COVER70-23', 'NORMAL', NULL, '2016-02-25 11:45:00');
INSERT INTO SCHEMA_NAME.event_x_cover VALUES (142, 'EV03', 'COVER70-24', 'NORMAL', NULL, '2016-02-25 11:45:00');
INSERT INTO SCHEMA_NAME.event_x_cover VALUES (143, 'EV03', 'COVER70-25', 'NORMAL', NULL, '2016-02-25 11:45:00');
INSERT INTO SCHEMA_NAME.event_x_cover VALUES (144, 'EV03', 'COVER70-26', 'NORMAL', NULL, '2016-02-25 11:45:00');
INSERT INTO SCHEMA_NAME.event_x_cover VALUES (145, 'EV03', 'COVER70-27', 'NORMAL', NULL, '2016-02-25 11:45:00');
INSERT INTO SCHEMA_NAME.event_x_cover VALUES (147, 'EV03', 'COVER70-29', 'NORMAL', NULL, '2016-02-25 11:45:00');
INSERT INTO SCHEMA_NAME.event_x_cover VALUES (148, 'EV03', 'COVER70-30', 'NORMAL', NULL, '2016-02-25 11:45:00');
INSERT INTO SCHEMA_NAME.event_x_cover VALUES (149, 'EV03', 'COVER70-31', 'NORMAL', NULL, '2016-02-25 11:45:00');
INSERT INTO SCHEMA_NAME.event_x_cover VALUES (150, 'EV03', 'COVER70-32', 'NORMAL', NULL, '2016-02-25 11:45:00');
INSERT INTO SCHEMA_NAME.event_x_cover VALUES (152, 'EV03', 'COVER70-34', 'NORMAL', NULL, '2016-02-25 11:45:00');
INSERT INTO SCHEMA_NAME.event_x_cover VALUES (153, 'EV03', 'COVER70-35', 'NORMAL', NULL, '2016-02-25 11:45:00');
INSERT INTO SCHEMA_NAME.event_x_cover VALUES (155, 'EV03', 'COVER70-37', 'NORMAL', NULL, '2016-02-25 11:45:00');
INSERT INTO SCHEMA_NAME.event_x_cover VALUES (156, 'EV03', 'COVER70-38', 'NORMAL', NULL, '2016-02-25 11:45:00');
INSERT INTO SCHEMA_NAME.event_x_cover VALUES (157, 'EV03', 'COVER70-39', 'NORMAL', NULL, '2016-02-25 11:45:00');
INSERT INTO SCHEMA_NAME.event_x_cover VALUES (158, 'EV03', 'COVER70-40', 'NORMAL', NULL, '2016-02-25 11:45:00');
INSERT INTO SCHEMA_NAME.event_x_cover VALUES (159, 'EV03', 'COVER70-41', 'NORMAL', NULL, '2016-02-25 11:45:00');
INSERT INTO SCHEMA_NAME.event_x_cover VALUES (160, 'EV03', 'COVER70-42', 'NORMAL', NULL, '2016-02-25 11:45:00');
INSERT INTO SCHEMA_NAME.event_x_cover VALUES (161, 'EV03', 'COVER70-43', 'NORMAL', NULL, '2016-02-25 11:45:00');
INSERT INTO SCHEMA_NAME.event_x_cover VALUES (162, 'EV03', 'COVER70-44', 'NORMAL', NULL, '2016-02-25 11:45:00');
INSERT INTO SCHEMA_NAME.event_x_cover VALUES (163, 'EV03', 'COVER70-45', 'NORMAL', NULL, '2016-02-25 11:45:00');
INSERT INTO SCHEMA_NAME.event_x_cover VALUES (1, 'EV01', 'COVER70-01', 'NORMAL', NULL, '2015-03-21 10:05:00');
INSERT INTO SCHEMA_NAME.event_x_cover VALUES (2, 'EV01', 'COVER70-02', 'NORMAL', NULL, '2015-03-21 10:05:00');
INSERT INTO SCHEMA_NAME.event_x_cover VALUES (124, 'EV03', 'COVER70-06', 'EXCELENT', NULL, '2016-02-25 11:45:00');
INSERT INTO SCHEMA_NAME.event_x_cover VALUES (146, 'EV03', 'COVER70-28', 'EXCELENT', NULL, '2016-02-25 11:45:00');
INSERT INTO SCHEMA_NAME.event_x_cover VALUES (5, 'EV01', 'COVER70-05', 'NORMAL', NULL, '2015-03-21 10:05:00');
INSERT INTO SCHEMA_NAME.event_x_cover VALUES (151, 'EV03', 'COVER70-33', 'EXCELENT', NULL, '2016-02-25 11:45:00');
INSERT INTO SCHEMA_NAME.event_x_cover VALUES (154, 'EV03', 'COVER70-36', 'TO REPAIR', NULL, '2016-02-25 11:45:00');
INSERT INTO SCHEMA_NAME.event_x_cover VALUES (8, 'EV01', 'COVER70-08', 'NORMAL', NULL, '2015-03-21 10:05:00');
INSERT INTO SCHEMA_NAME.event_x_cover VALUES (9, 'EV01', 'COVER70-09', 'NORMAL', NULL, '2015-03-21 10:05:00');
INSERT INTO SCHEMA_NAME.event_x_cover VALUES (10, 'EV01', 'COVER70-10', 'NORMAL', NULL, '2015-03-21 10:05:00');
INSERT INTO SCHEMA_NAME.event_x_cover VALUES (11, 'EV01', 'COVER70-11', 'NORMAL', NULL, '2015-03-21 10:05:00');
INSERT INTO SCHEMA_NAME.event_x_cover VALUES (12, 'EV01', 'COVER70-12', 'NORMAL', NULL, '2015-03-21 10:05:00');
INSERT INTO SCHEMA_NAME.event_x_cover VALUES (13, 'EV01', 'COVER70-13', 'NORMAL', NULL, '2015-03-21 10:05:00');
INSERT INTO SCHEMA_NAME.event_x_cover VALUES (14, 'EV01', 'COVER70-14', 'NORMAL', NULL, '2015-03-21 10:05:00');
INSERT INTO SCHEMA_NAME.event_x_cover VALUES (15, 'EV01', 'COVER70-15', 'NORMAL', NULL, '2015-03-21 10:05:00');
INSERT INTO SCHEMA_NAME.event_x_cover VALUES (16, 'EV01', 'COVER70-16', 'NORMAL', NULL, '2015-03-21 10:05:00');
INSERT INTO SCHEMA_NAME.event_x_cover VALUES (17, 'EV01', 'COVER70-17', 'NORMAL', NULL, '2015-03-21 10:05:00');
INSERT INTO SCHEMA_NAME.event_x_cover VALUES (18, 'EV01', 'COVER70-18', 'NORMAL', NULL, '2015-03-21 10:05:00');
INSERT INTO SCHEMA_NAME.event_x_cover VALUES (19, 'EV01', 'COVER70-19', 'NORMAL', NULL, '2015-03-21 10:05:00');
INSERT INTO SCHEMA_NAME.event_x_cover VALUES (20, 'EV01', 'COVER70-20', 'NORMAL', NULL, '2015-03-21 10:05:00');
INSERT INTO SCHEMA_NAME.event_x_cover VALUES (21, 'EV01', 'COVER70-21', 'NORMAL', NULL, '2015-03-21 10:05:00');
INSERT INTO SCHEMA_NAME.event_x_cover VALUES (22, 'EV01', 'COVER70-22', 'NORMAL', NULL, '2015-03-21 10:05:00');
INSERT INTO SCHEMA_NAME.event_x_cover VALUES (23, 'EV01', 'COVER70-23', 'NORMAL', NULL, '2015-03-21 10:05:00');
INSERT INTO SCHEMA_NAME.event_x_cover VALUES (164, 'EV03', 'COVER70-46', 'NORMAL', NULL, '2016-02-25 11:45:00');
INSERT INTO SCHEMA_NAME.event_x_cover VALUES (165, 'EV03', 'COVER70-47', 'NORMAL', NULL, '2016-02-25 11:45:00');
INSERT INTO SCHEMA_NAME.event_x_cover VALUES (166, 'EV03', 'COVER70-48', 'NORMAL', NULL, '2016-02-25 11:45:00');
INSERT INTO SCHEMA_NAME.event_x_cover VALUES (167, 'EV03', 'COVER70-49', 'NORMAL', NULL, '2016-02-25 11:45:00');
INSERT INTO SCHEMA_NAME.event_x_cover VALUES (168, 'EV03', 'COVER70-50', 'NORMAL', NULL, '2016-02-25 11:45:00');
INSERT INTO SCHEMA_NAME.event_x_cover VALUES (169, 'EV03', 'COVER70-51', 'NORMAL', NULL, '2016-02-25 11:45:00');
INSERT INTO SCHEMA_NAME.event_x_cover VALUES (170, 'EV03', 'COVER70-52', 'NORMAL', NULL, '2016-02-25 11:45:00');
INSERT INTO SCHEMA_NAME.event_x_cover VALUES (171, 'EV03', 'COVER70-53', 'NORMAL', NULL, '2016-02-25 11:45:00');
INSERT INTO SCHEMA_NAME.event_x_cover VALUES (172, 'EV03', 'COVER70-54', 'NORMAL', NULL, '2016-02-25 11:45:00');
INSERT INTO SCHEMA_NAME.event_x_cover VALUES (173, 'EV03', 'COVER70-55', 'NORMAL', NULL, '2016-02-25 11:45:00');
INSERT INTO SCHEMA_NAME.event_x_cover VALUES (174, 'EV03', 'COVER70-56', 'NORMAL', NULL, '2016-02-25 11:45:00');
INSERT INTO SCHEMA_NAME.event_x_cover VALUES (175, 'EV03', 'COVER70-57', 'NORMAL', NULL, '2016-02-25 11:45:00');
INSERT INTO SCHEMA_NAME.event_x_cover VALUES (177, 'EV03', 'COVER70-59', 'NORMAL', NULL, '2016-02-25 11:45:00');
INSERT INTO SCHEMA_NAME.event_x_cover VALUES (178, 'EV03', 'COVER70-60', 'NORMAL', NULL, '2016-02-25 11:45:00');
INSERT INTO SCHEMA_NAME.event_x_cover VALUES (179, 'EV03', 'COVER70-61', 'NORMAL', NULL, '2016-02-25 11:45:00');
INSERT INTO SCHEMA_NAME.event_x_cover VALUES (180, 'EV03', 'COVER70-62', 'NORMAL', NULL, '2016-02-25 11:45:00');
INSERT INTO SCHEMA_NAME.event_x_cover VALUES (181, 'EV03', 'COVER70-63', 'NORMAL', NULL, '2016-02-25 11:45:00');
INSERT INTO SCHEMA_NAME.event_x_cover VALUES (176, 'EV03', 'COVER70-58', 'TO REPAIR', NULL, '2016-02-25 11:45:00');
INSERT INTO SCHEMA_NAME.event_x_cover VALUES (24, 'EV01', 'COVER70-24', 'NORMAL', NULL, '2015-03-21 10:05:00');
INSERT INTO SCHEMA_NAME.event_x_cover VALUES (26, 'EV01', 'COVER70-26', 'NORMAL', NULL, '2015-03-21 10:05:00');
INSERT INTO SCHEMA_NAME.event_x_cover VALUES (27, 'EV01', 'COVER70-27', 'NORMAL', NULL, '2015-03-21 10:05:00');
INSERT INTO SCHEMA_NAME.event_x_cover VALUES (29, 'EV01', 'COVER70-29', 'NORMAL', NULL, '2015-03-21 10:05:00');
INSERT INTO SCHEMA_NAME.event_x_cover VALUES (30, 'EV01', 'COVER70-30', 'NORMAL', NULL, '2015-03-21 10:05:00');
INSERT INTO SCHEMA_NAME.event_x_cover VALUES (31, 'EV01', 'COVER70-31', 'NORMAL', NULL, '2015-03-21 10:05:00');
INSERT INTO SCHEMA_NAME.event_x_cover VALUES (32, 'EV01', 'COVER70-32', 'NORMAL', NULL, '2015-03-21 10:05:00');
INSERT INTO SCHEMA_NAME.event_x_cover VALUES (34, 'EV01', 'COVER70-34', 'NORMAL', NULL, '2015-03-21 10:05:00');
INSERT INTO SCHEMA_NAME.event_x_cover VALUES (35, 'EV01', 'COVER70-35', 'NORMAL', NULL, '2015-03-21 10:05:00');
INSERT INTO SCHEMA_NAME.event_x_cover VALUES (36, 'EV01', 'COVER70-36', 'NORMAL', NULL, '2015-03-21 10:05:00');
INSERT INTO SCHEMA_NAME.event_x_cover VALUES (37, 'EV01', 'COVER70-37', 'NORMAL', NULL, '2015-03-21 10:05:00');
INSERT INTO SCHEMA_NAME.event_x_cover VALUES (38, 'EV01', 'COVER70-38', 'NORMAL', NULL, '2015-03-21 10:05:00');
INSERT INTO SCHEMA_NAME.event_x_cover VALUES (39, 'EV01', 'COVER70-39', 'NORMAL', NULL, '2015-03-21 10:05:00');
INSERT INTO SCHEMA_NAME.event_x_cover VALUES (40, 'EV01', 'COVER70-40', 'NORMAL', NULL, '2015-03-21 10:05:00');
INSERT INTO SCHEMA_NAME.event_x_cover VALUES (41, 'EV01', 'COVER70-41', 'NORMAL', NULL, '2015-03-21 10:05:00');
INSERT INTO SCHEMA_NAME.event_x_cover VALUES (42, 'EV01', 'COVER70-42', 'NORMAL', NULL, '2015-03-21 10:05:00');
INSERT INTO SCHEMA_NAME.event_x_cover VALUES (43, 'EV01', 'COVER70-43', 'NORMAL', NULL, '2015-03-21 10:05:00');
INSERT INTO SCHEMA_NAME.event_x_cover VALUES (44, 'EV01', 'COVER70-44', 'NORMAL', NULL, '2015-03-21 10:05:00');
INSERT INTO SCHEMA_NAME.event_x_cover VALUES (45, 'EV01', 'COVER70-45', 'NORMAL', NULL, '2015-03-21 10:05:00');
INSERT INTO SCHEMA_NAME.event_x_cover VALUES (46, 'EV01', 'COVER70-46', 'NORMAL', NULL, '2015-03-21 10:05:00');
INSERT INTO SCHEMA_NAME.event_x_cover VALUES (47, 'EV01', 'COVER70-47', 'NORMAL', NULL, '2015-03-21 10:05:00');
INSERT INTO SCHEMA_NAME.event_x_cover VALUES (48, 'EV01', 'COVER70-48', 'NORMAL', NULL, '2015-03-21 10:05:00');
INSERT INTO SCHEMA_NAME.event_x_cover VALUES (49, 'EV01', 'COVER70-49', 'NORMAL', NULL, '2015-03-21 10:05:00');
INSERT INTO SCHEMA_NAME.event_x_cover VALUES (50, 'EV01', 'COVER70-50', 'NORMAL', NULL, '2015-03-21 10:05:00');
INSERT INTO SCHEMA_NAME.event_x_cover VALUES (51, 'EV01', 'COVER70-51', 'NORMAL', NULL, '2015-03-21 10:05:00');
INSERT INTO SCHEMA_NAME.event_x_cover VALUES (53, 'EV01', 'COVER70-53', 'NORMAL', NULL, '2015-03-21 10:05:00');
INSERT INTO SCHEMA_NAME.event_x_cover VALUES (54, 'EV01', 'COVER70-54', 'NORMAL', NULL, '2015-03-21 10:05:00');
INSERT INTO SCHEMA_NAME.event_x_cover VALUES (58, 'EV01', 'COVER70-58', 'NORMAL', NULL, '2015-03-21 10:05:00');
INSERT INTO SCHEMA_NAME.event_x_cover VALUES (59, 'EV01', 'COVER70-59', 'NORMAL', NULL, '2015-03-21 10:05:00');
INSERT INTO SCHEMA_NAME.event_x_cover VALUES (60, 'EV01', 'COVER70-60', 'NORMAL', NULL, '2015-03-21 10:05:00');
INSERT INTO SCHEMA_NAME.event_x_cover VALUES (61, 'EV01', 'COVER70-61', 'NORMAL', NULL, '2015-03-21 10:05:00');
INSERT INTO SCHEMA_NAME.event_x_cover VALUES (62, 'EV01', 'COVER70-62', 'NORMAL', NULL, '2015-03-21 10:05:00');
INSERT INTO SCHEMA_NAME.event_x_cover VALUES (63, 'EV01', 'COVER70-63', 'NORMAL', NULL, '2015-03-21 10:05:00');
INSERT INTO SCHEMA_NAME.event_x_cover VALUES (64, 'EV01', 'COVER70-64', 'NORMAL', NULL, '2015-03-21 10:05:00');
INSERT INTO SCHEMA_NAME.event_x_cover VALUES (65, 'EV01', 'COVER70-65', 'NORMAL', NULL, '2015-03-21 10:05:00');
INSERT INTO SCHEMA_NAME.event_x_cover VALUES (66, 'EV01', 'COVER70-66', 'NORMAL', NULL, '2015-03-21 10:05:00');
INSERT INTO SCHEMA_NAME.event_x_cover VALUES (67, 'EV01', 'COVER70-67', 'NORMAL', NULL, '2015-03-21 10:05:00');
INSERT INTO SCHEMA_NAME.event_x_cover VALUES (68, 'EV01', 'COVER70-68', 'NORMAL', NULL, '2015-03-21 10:05:00');
INSERT INTO SCHEMA_NAME.event_x_cover VALUES (69, 'EV01', 'COVER70-69', 'NORMAL', NULL, '2015-03-21 10:05:00');
INSERT INTO SCHEMA_NAME.event_x_cover VALUES (70, 'EV01', 'COVER70-70', 'NORMAL', NULL, '2015-03-21 10:05:00');
INSERT INTO SCHEMA_NAME.event_x_cover VALUES (71, 'EV01', 'COVER70-71', 'NORMAL', NULL, '2015-03-21 10:05:00');
INSERT INTO SCHEMA_NAME.event_x_cover VALUES (72, 'EV01', 'COVER70-72', 'NORMAL', NULL, '2015-03-21 10:05:00');
INSERT INTO SCHEMA_NAME.event_x_cover VALUES (73, 'EV01', 'COVER70-73', 'NORMAL', NULL, '2015-03-21 10:05:00');
INSERT INTO SCHEMA_NAME.event_x_cover VALUES (74, 'EV01', 'COVER70-74', 'NORMAL', NULL, '2015-03-21 10:05:00');
INSERT INTO SCHEMA_NAME.event_x_cover VALUES (75, 'EV01', 'COVER70-75', 'NORMAL', NULL, '2015-03-21 10:05:00');
INSERT INTO SCHEMA_NAME.event_x_cover VALUES (78, 'EV01', 'COVER70-78', 'NORMAL', NULL, '2015-03-21 10:05:00');
INSERT INTO SCHEMA_NAME.event_x_cover VALUES (79, 'EV01', 'COVER70-79', 'NORMAL', NULL, '2015-03-21 10:05:00');
INSERT INTO SCHEMA_NAME.event_x_cover VALUES (81, 'EV01', 'COVER70-81', 'NORMAL', NULL, '2015-03-21 10:05:00');
INSERT INTO SCHEMA_NAME.event_x_cover VALUES (82, 'EV01', 'COVER70-82', 'NORMAL', NULL, '2015-03-21 10:05:00');
INSERT INTO SCHEMA_NAME.event_x_cover VALUES (83, 'EV01', 'COVER70-83', 'NORMAL', NULL, '2015-03-21 10:05:00');
INSERT INTO SCHEMA_NAME.event_x_cover VALUES (84, 'EV01', 'COVER70-84', 'NORMAL', NULL, '2015-03-21 10:05:00');
INSERT INTO SCHEMA_NAME.event_x_cover VALUES (85, 'EV01', 'COVER70-85', 'NORMAL', NULL, '2015-03-21 10:05:00');
INSERT INTO SCHEMA_NAME.event_x_cover VALUES (86, 'EV01', 'COVER70-86', 'NORMAL', NULL, '2015-03-21 10:05:00');
INSERT INTO SCHEMA_NAME.event_x_cover VALUES (87, 'EV01', 'COVER70-87', 'NORMAL', NULL, '2015-03-21 10:05:00');
INSERT INTO SCHEMA_NAME.event_x_cover VALUES (88, 'EV01', 'COVER70-88', 'NORMAL', NULL, '2015-03-21 10:05:00');
INSERT INTO SCHEMA_NAME.event_x_cover VALUES (89, 'EV01', 'COVER70-89', 'NORMAL', NULL, '2015-03-21 10:05:00');
INSERT INTO SCHEMA_NAME.event_x_cover VALUES (91, 'EV01', 'COVER70-91', 'NORMAL', NULL, '2015-03-21 10:05:00');
INSERT INTO SCHEMA_NAME.event_x_cover VALUES (92, 'EV01', 'COVER70-92', 'NORMAL', NULL, '2015-03-21 10:05:00');
INSERT INTO SCHEMA_NAME.event_x_cover VALUES (93, 'EV01', 'COVER70-93', 'NORMAL', NULL, '2015-03-21 10:05:00');
INSERT INTO SCHEMA_NAME.event_x_cover VALUES (94, 'EV01', 'COVER70-94', 'NORMAL', NULL, '2015-03-21 10:05:00');
INSERT INTO SCHEMA_NAME.event_x_cover VALUES (95, 'EV01', 'COVER70-95', 'NORMAL', NULL, '2015-03-21 10:05:00');
INSERT INTO SCHEMA_NAME.event_x_cover VALUES (96, 'EV01', 'COVER70-96', 'NORMAL', NULL, '2015-03-21 10:05:00');
INSERT INTO SCHEMA_NAME.event_x_cover VALUES (97, 'EV01', 'COVER70-97', 'NORMAL', NULL, '2015-03-21 10:05:00');
INSERT INTO SCHEMA_NAME.event_x_cover VALUES (25, 'EV01', 'COVER70-25', 'EXCELENT', NULL, '2015-03-21 10:05:00');
INSERT INTO SCHEMA_NAME.event_x_cover VALUES (28, 'EV01', 'COVER70-28', 'TO REPAIR', NULL, '2015-03-21 10:05:00');
INSERT INTO SCHEMA_NAME.event_x_cover VALUES (33, 'EV01', 'COVER70-33', 'TO REPAIR', NULL, '2015-03-21 10:05:00');
INSERT INTO SCHEMA_NAME.event_x_cover VALUES (52, 'EV01', 'COVER70-52', 'EXCELENT', NULL, '2015-03-21 10:05:00');
INSERT INTO SCHEMA_NAME.event_x_cover VALUES (55, 'EV01', 'COVER70-55', 'EXCELENT', NULL, '2015-03-21 10:05:00');
INSERT INTO SCHEMA_NAME.event_x_cover VALUES (56, 'EV01', 'COVER70-56', 'EXCELENT', NULL, '2015-03-21 10:05:00');
INSERT INTO SCHEMA_NAME.event_x_cover VALUES (57, 'EV01', 'COVER70-57', 'EXCELENT', NULL, '2015-03-21 10:05:00');
INSERT INTO SCHEMA_NAME.event_x_cover VALUES (76, 'EV01', 'COVER70-76', 'EXCELENT', NULL, '2015-03-21 10:05:00');
INSERT INTO SCHEMA_NAME.event_x_cover VALUES (77, 'EV01', 'COVER70-77', 'EXCELENT', NULL, '2015-03-21 10:05:00');
INSERT INTO SCHEMA_NAME.event_x_cover VALUES (80, 'EV01', 'COVER70-80', 'EXCELENT', NULL, '2015-03-21 10:05:00');
INSERT INTO SCHEMA_NAME.event_x_cover VALUES (90, 'EV01', 'COVER70-90', 'TO REPAIR', NULL, '2015-03-21 10:05:00');
INSERT INTO SCHEMA_NAME.event_x_cover VALUES (182, 'EV03', 'COVER70-64', 'NORMAL', NULL, '2016-02-25 11:45:00');
INSERT INTO SCHEMA_NAME.event_x_cover VALUES (183, 'EV03', 'COVER70-65', 'NORMAL', NULL, '2016-02-25 11:45:00');
INSERT INTO SCHEMA_NAME.event_x_cover VALUES (184, 'EV03', 'COVER70-66', 'NORMAL', NULL, '2016-02-25 11:45:00');
INSERT INTO SCHEMA_NAME.event_x_cover VALUES (185, 'EV03', 'COVER70-67', 'NORMAL', NULL, '2016-02-25 11:45:00');
INSERT INTO SCHEMA_NAME.event_x_cover VALUES (187, 'EV03', 'COVER70-69', 'NORMAL', NULL, '2016-02-25 11:45:00');
INSERT INTO SCHEMA_NAME.event_x_cover VALUES (188, 'EV03', 'COVER70-70', 'NORMAL', NULL, '2016-02-25 11:45:00');
INSERT INTO SCHEMA_NAME.event_x_cover VALUES (189, 'EV03', 'COVER70-71', 'NORMAL', NULL, '2016-02-25 11:45:00');
INSERT INTO SCHEMA_NAME.event_x_cover VALUES (190, 'EV03', 'COVER70-72', 'NORMAL', NULL, '2016-02-25 11:45:00');
INSERT INTO SCHEMA_NAME.event_x_cover VALUES (191, 'EV03', 'COVER70-73', 'NORMAL', NULL, '2016-02-25 11:45:00');
INSERT INTO SCHEMA_NAME.event_x_cover VALUES (192, 'EV03', 'COVER70-74', 'NORMAL', NULL, '2016-02-25 11:45:00');
INSERT INTO SCHEMA_NAME.event_x_cover VALUES (193, 'EV03', 'COVER70-75', 'NORMAL', NULL, '2016-02-25 11:45:00');
INSERT INTO SCHEMA_NAME.event_x_cover VALUES (194, 'EV03', 'COVER70-76', 'NORMAL', NULL, '2016-02-25 11:45:00');
INSERT INTO SCHEMA_NAME.event_x_cover VALUES (195, 'EV03', 'COVER70-77', 'NORMAL', NULL, '2016-02-25 11:45:00');
INSERT INTO SCHEMA_NAME.event_x_cover VALUES (196, 'EV03', 'COVER70-78', 'NORMAL', NULL, '2016-02-25 11:45:00');
INSERT INTO SCHEMA_NAME.event_x_cover VALUES (197, 'EV03', 'COVER70-79', 'NORMAL', NULL, '2016-02-25 11:45:00');
INSERT INTO SCHEMA_NAME.event_x_cover VALUES (198, 'EV03', 'COVER70-80', 'NORMAL', NULL, '2016-02-25 11:45:00');
INSERT INTO SCHEMA_NAME.event_x_cover VALUES (199, 'EV03', 'COVER70-81', 'NORMAL', NULL, '2016-02-25 11:45:00');
INSERT INTO SCHEMA_NAME.event_x_cover VALUES (200, 'EV03', 'COVER70-82', 'NORMAL', NULL, '2016-02-25 11:45:00');
INSERT INTO SCHEMA_NAME.event_x_cover VALUES (202, 'EV03', 'COVER70-84', 'NORMAL', NULL, '2016-02-25 11:45:00');
INSERT INTO SCHEMA_NAME.event_x_cover VALUES (203, 'EV03', 'COVER70-85', 'NORMAL', NULL, '2016-02-25 11:45:00');
INSERT INTO SCHEMA_NAME.event_x_cover VALUES (204, 'EV03', 'COVER70-86', 'NORMAL', NULL, '2016-02-25 11:45:00');
INSERT INTO SCHEMA_NAME.event_x_cover VALUES (205, 'EV03', 'COVER70-87', 'NORMAL', NULL, '2016-02-25 11:45:00');
INSERT INTO SCHEMA_NAME.event_x_cover VALUES (206, 'EV03', 'COVER70-88', 'NORMAL', NULL, '2016-02-25 11:45:00');
INSERT INTO SCHEMA_NAME.event_x_cover VALUES (207, 'EV03', 'COVER70-89', 'NORMAL', NULL, '2016-02-25 11:45:00');
INSERT INTO SCHEMA_NAME.event_x_cover VALUES (209, 'EV03', 'COVER70-91', 'NORMAL', NULL, '2016-02-25 11:45:00');
INSERT INTO SCHEMA_NAME.event_x_cover VALUES (210, 'EV03', 'COVER70-92', 'NORMAL', NULL, '2016-02-25 11:45:00');
INSERT INTO SCHEMA_NAME.event_x_cover VALUES (211, 'EV03', 'COVER70-93', 'NORMAL', NULL, '2016-02-25 11:45:00');
INSERT INTO SCHEMA_NAME.event_x_cover VALUES (212, 'EV03', 'COVER70-94', 'NORMAL', NULL, '2016-02-25 11:45:00');
INSERT INTO SCHEMA_NAME.event_x_cover VALUES (213, 'EV03', 'COVER70-95', 'NORMAL', NULL, '2016-02-25 11:45:00');
INSERT INTO SCHEMA_NAME.event_x_cover VALUES (214, 'EV03', 'COVER70-96', 'NORMAL', NULL, '2016-02-25 11:45:00');
INSERT INTO SCHEMA_NAME.event_x_cover VALUES (186, 'EV03', 'COVER70-68', 'TO REPAIR', NULL, '2016-02-25 11:45:00');
INSERT INTO SCHEMA_NAME.event_x_cover VALUES (201, 'EV03', 'COVER70-83', 'TO REPLACE', NULL, '2016-02-25 11:45:00');
INSERT INTO SCHEMA_NAME.event_x_cover VALUES (208, 'EV03', 'COVER70-90', 'EXCELENT', NULL, '2016-02-25 11:45:00');
INSERT INTO SCHEMA_NAME.event_x_cover VALUES (215, 'EV03', 'COVER70-97', 'NORMAL', NULL, '2016-02-25 11:45:00');
INSERT INTO SCHEMA_NAME.event_x_cover VALUES (216, 'EV03', 'COVER70X70-01', 'NORMAL', NULL, '2016-02-25 11:45:00');
INSERT INTO SCHEMA_NAME.event_x_cover VALUES (217, 'EV03', 'COVER70X70-02', 'NORMAL', NULL, '2016-02-25 11:45:00');
INSERT INTO SCHEMA_NAME.event_x_cover VALUES (218, 'EV03', 'COVER70X70-03', 'NORMAL', NULL, '2016-02-25 11:45:00');
INSERT INTO SCHEMA_NAME.event_x_cover VALUES (219, 'EV03', 'COVER70X70-04', 'NORMAL', NULL, '2016-02-25 11:45:00');
INSERT INTO SCHEMA_NAME.event_x_cover VALUES (220, 'EV03', 'COVER70X70-05', 'NORMAL', NULL, '2016-02-25 11:45:00');
INSERT INTO SCHEMA_NAME.event_x_cover VALUES (222, 'EV03', 'COVER70X70-07', 'NORMAL', NULL, '2016-02-25 11:45:00');
INSERT INTO SCHEMA_NAME.event_x_cover VALUES (223, 'EV03', 'COVER70X70-08', 'NORMAL', NULL, '2016-02-25 11:45:00');
INSERT INTO SCHEMA_NAME.event_x_cover VALUES (224, 'EV03', 'COVER70X70-09', 'NORMAL', NULL, '2016-02-25 11:45:00');
INSERT INTO SCHEMA_NAME.event_x_cover VALUES (228, 'EV03', 'COVER70X70-13', 'NORMAL', NULL, '2016-02-25 11:45:00');
INSERT INTO SCHEMA_NAME.event_x_cover VALUES (221, 'EV03', 'COVER70X70-06', 'EXCELENT', NULL, '2016-02-25 11:45:00');
INSERT INTO SCHEMA_NAME.event_x_cover VALUES (225, 'EV03', 'COVER70X70-10', 'EXCELENT', NULL, '2016-02-25 11:45:00');
INSERT INTO SCHEMA_NAME.event_x_cover VALUES (226, 'EV03', 'COVER70X70-11', 'EXCELENT', NULL, '2016-02-25 11:45:00');
INSERT INTO SCHEMA_NAME.event_x_cover VALUES (227, 'EV03', 'COVER70X70-12', 'EXCELENT', NULL, '2016-02-25 11:45:00');



INSERT INTO SCHEMA_NAME.event_x_junction VALUES (2, 'EV01', 'N95', 'NORMAL STR.', '2-5%', NULL, '2015-02-01 10:30:00');
INSERT INTO SCHEMA_NAME.event_x_junction VALUES (3, 'EV01', 'N100', 'GOOD STR.', '< 2%', NULL, '2015-02-01 10:30:00');
INSERT INTO SCHEMA_NAME.event_x_junction VALUES (4, 'EV01', 'N126', 'BAD STR.', '5-10%', NULL, '2015-02-01 10:30:00');
INSERT INTO SCHEMA_NAME.event_x_junction VALUES (5, 'EV01', 'N127', 'NORMAL STR.', '2-5%', NULL, '2015-02-01 10:30:00');
INSERT INTO SCHEMA_NAME.event_x_junction VALUES (6, 'EV01', 'N128', 'GOOD STR.', '< 2%', NULL, '2015-02-01 10:30:00');
INSERT INTO SCHEMA_NAME.event_x_junction VALUES (7, 'EV01', 'N129', 'GOOD STR.', '< 2%', NULL, '2015-02-01 10:30:00');
INSERT INTO SCHEMA_NAME.event_x_junction VALUES (8, 'EV01', 'N130', 'GOOD STR.', '< 2%', NULL, '2015-02-01 10:30:00');
INSERT INTO SCHEMA_NAME.event_x_junction VALUES (9, 'EV01', 'N131', 'NORMAL STR.', '2-5%', NULL, '2015-02-01 10:30:00');
INSERT INTO SCHEMA_NAME.event_x_junction VALUES (10, 'EV01', 'N132', 'BAD STR.', '2-5%', NULL, '2015-02-01 10:30:00');
INSERT INTO SCHEMA_NAME.event_x_junction VALUES (11, 'EV01', 'N123', 'GOOD STR.', '< 2%', NULL, '2015-02-01 10:30:00');
INSERT INTO SCHEMA_NAME.event_x_junction VALUES (12, 'EV01', 'N68', 'NORMAL STR.', '2-5%', NULL, '2015-02-01 12:00:00');
INSERT INTO SCHEMA_NAME.event_x_junction VALUES (13, 'EV01', 'N82', 'GOOD STR.', '< 2%', NULL, '2015-02-01 12:00:00');
INSERT INTO SCHEMA_NAME.event_x_junction VALUES (14, 'EV01', 'N86', 'BAD STR.', '2-5%', NULL, '2015-02-01 12:00:00');
INSERT INTO SCHEMA_NAME.event_x_junction VALUES (15, 'EV01', 'N87', 'NORMAL STR.', '2-5%', NULL, '2015-02-01 12:00:00');
INSERT INTO SCHEMA_NAME.event_x_junction VALUES (16, 'EV01', 'N88', 'NORMAL STR.', '5-10%', NULL, '2015-02-01 12:00:00');
INSERT INTO SCHEMA_NAME.event_x_junction VALUES (17, 'EV01', 'N89', 'NORMAL STR.', '5-10%', NULL, '2015-02-01 12:00:00');
INSERT INTO SCHEMA_NAME.event_x_junction VALUES (18, 'EV01', 'N54', 'BAD STR.', '2-5%', NULL, '2015-02-01 17:15:00');
INSERT INTO SCHEMA_NAME.event_x_junction VALUES (19, 'EV01', 'N55', 'VERY BAD STR.', '>20', NULL, '2015-02-01 17:15:00');
INSERT INTO SCHEMA_NAME.event_x_junction VALUES (20, 'EV01', 'N56', 'BAD STR.', '10-20%', NULL, '2015-02-01 17:15:00');
INSERT INTO SCHEMA_NAME.event_x_junction VALUES (21, 'EV04', 'N55', 'EXCELENT STR.', '< 2%', NULL, '2015-04-05 17:11:00');
INSERT INTO SCHEMA_NAME.event_x_junction VALUES (22, 'EV04', 'N56', 'EXCELENT STR.', '< 2%', NULL, '2015-04-05 17:11:00');
INSERT INTO SCHEMA_NAME.event_x_junction VALUES (23, 'EV04', 'N54', 'EXCELENT STR.', '< 2%', NULL, '2015-04-05 17:11:00');
INSERT INTO SCHEMA_NAME.event_x_junction VALUES (24, 'EV04', 'N86', 'EXCELENT STR.', '< 2%', NULL, '2015-04-05 17:11:00');
INSERT INTO SCHEMA_NAME.event_x_junction VALUES (25, 'EV04', 'N132', 'EXCELENT STR.', '< 2%', NULL, '2015-04-05 17:11:00');
INSERT INTO SCHEMA_NAME.event_x_junction VALUES (26, 'EV04', 'N126', 'EXCELENT STR.', '< 2%', NULL, '2015-04-05 17:11:00');



INSERT INTO SCHEMA_NAME.event_x_pump VALUES (2, 'EV01', 'PUMP_ABS-01', 'BAD', NULL, '2015-02-21 12:00:00');
INSERT INTO SCHEMA_NAME.event_x_pump VALUES (3, 'EV02', 'PUMP_ABS-01', 'EXCELENT', NULL, '2015-04-05 11:54:14');
INSERT INTO SCHEMA_NAME.event_x_pump VALUES (4, 'EV03', 'PUMP_ABS-01', 'GOOD', NULL, '2016-04-03 13:30:00');



INSERT INTO SCHEMA_NAME.event_x_storage VALUES (4, 'EV01', 'N238', 'GOOD STR.', '2-5%', NULL, '2015-01-20 11:45:00');
INSERT INTO SCHEMA_NAME.event_x_storage VALUES (5, 'EV03', 'N238', 'GOOD STR.', '5-10%', NULL, '2016-03-10 11:00:00');



INSERT INTO SCHEMA_NAME.inp_conduit VALUES ('A133', NULL, NULL, NULL, NULL, NULL, NULL, NULL, NULL, NULL);
INSERT INTO SCHEMA_NAME.inp_conduit VALUES ('A134', NULL, NULL, NULL, NULL, NULL, NULL, NULL, NULL, NULL);
INSERT INTO SCHEMA_NAME.inp_conduit VALUES ('A135', NULL, NULL, NULL, NULL, NULL, NULL, NULL, NULL, NULL);
INSERT INTO SCHEMA_NAME.inp_conduit VALUES ('A136', NULL, NULL, NULL, NULL, NULL, NULL, NULL, NULL, NULL);
INSERT INTO SCHEMA_NAME.inp_conduit VALUES ('A137', NULL, NULL, NULL, NULL, NULL, NULL, NULL, NULL, NULL);
INSERT INTO SCHEMA_NAME.inp_conduit VALUES ('A138', NULL, NULL, NULL, NULL, NULL, NULL, NULL, NULL, NULL);
INSERT INTO SCHEMA_NAME.inp_conduit VALUES ('A139', NULL, NULL, NULL, NULL, NULL, NULL, NULL, NULL, NULL);
INSERT INTO SCHEMA_NAME.inp_conduit VALUES ('A140', NULL, NULL, NULL, NULL, NULL, NULL, NULL, NULL, NULL);
INSERT INTO SCHEMA_NAME.inp_conduit VALUES ('A141', NULL, NULL, NULL, NULL, NULL, NULL, NULL, NULL, NULL);
INSERT INTO SCHEMA_NAME.inp_conduit VALUES ('A142', NULL, NULL, NULL, NULL, NULL, NULL, NULL, NULL, NULL);
INSERT INTO SCHEMA_NAME.inp_conduit VALUES ('A143', NULL, NULL, NULL, NULL, NULL, NULL, NULL, NULL, NULL);
INSERT INTO SCHEMA_NAME.inp_conduit VALUES ('A144', NULL, NULL, NULL, NULL, NULL, NULL, NULL, NULL, NULL);
INSERT INTO SCHEMA_NAME.inp_conduit VALUES ('A145', NULL, NULL, NULL, NULL, NULL, NULL, NULL, NULL, NULL);
INSERT INTO SCHEMA_NAME.inp_conduit VALUES ('A146', NULL, NULL, NULL, NULL, NULL, NULL, NULL, NULL, NULL);
INSERT INTO SCHEMA_NAME.inp_conduit VALUES ('A147', NULL, NULL, NULL, NULL, NULL, NULL, NULL, NULL, NULL);
INSERT INTO SCHEMA_NAME.inp_conduit VALUES ('A148', NULL, NULL, NULL, NULL, NULL, NULL, NULL, NULL, NULL);
INSERT INTO SCHEMA_NAME.inp_conduit VALUES ('A149', NULL, NULL, NULL, NULL, NULL, NULL, NULL, NULL, NULL);
INSERT INTO SCHEMA_NAME.inp_conduit VALUES ('A150', NULL, NULL, NULL, NULL, NULL, NULL, NULL, NULL, NULL);
INSERT INTO SCHEMA_NAME.inp_conduit VALUES ('A151', NULL, NULL, NULL, NULL, NULL, NULL, NULL, NULL, NULL);
INSERT INTO SCHEMA_NAME.inp_conduit VALUES ('A152', NULL, NULL, NULL, NULL, NULL, NULL, NULL, NULL, NULL);
INSERT INTO SCHEMA_NAME.inp_conduit VALUES ('A153', NULL, NULL, NULL, NULL, NULL, NULL, NULL, NULL, NULL);
INSERT INTO SCHEMA_NAME.inp_conduit VALUES ('A154', NULL, NULL, NULL, NULL, NULL, NULL, NULL, NULL, NULL);
INSERT INTO SCHEMA_NAME.inp_conduit VALUES ('A155', NULL, NULL, NULL, NULL, NULL, NULL, NULL, NULL, NULL);
INSERT INTO SCHEMA_NAME.inp_conduit VALUES ('A156', NULL, NULL, NULL, NULL, NULL, NULL, NULL, NULL, NULL);
INSERT INTO SCHEMA_NAME.inp_conduit VALUES ('A157', NULL, NULL, NULL, NULL, NULL, NULL, NULL, NULL, NULL);
INSERT INTO SCHEMA_NAME.inp_conduit VALUES ('A158', NULL, NULL, NULL, NULL, NULL, NULL, NULL, NULL, NULL);
INSERT INTO SCHEMA_NAME.inp_conduit VALUES ('A159', NULL, NULL, NULL, NULL, NULL, NULL, NULL, NULL, NULL);
INSERT INTO SCHEMA_NAME.inp_conduit VALUES ('A160', NULL, NULL, NULL, NULL, NULL, NULL, NULL, NULL, NULL);
INSERT INTO SCHEMA_NAME.inp_conduit VALUES ('A161', NULL, NULL, NULL, NULL, NULL, NULL, NULL, NULL, NULL);
INSERT INTO SCHEMA_NAME.inp_conduit VALUES ('A162', NULL, NULL, NULL, NULL, NULL, NULL, NULL, NULL, NULL);
INSERT INTO SCHEMA_NAME.inp_conduit VALUES ('A163', NULL, NULL, NULL, NULL, NULL, NULL, NULL, NULL, NULL);
INSERT INTO SCHEMA_NAME.inp_conduit VALUES ('A164', NULL, NULL, NULL, NULL, NULL, NULL, NULL, NULL, NULL);
INSERT INTO SCHEMA_NAME.inp_conduit VALUES ('A165', NULL, NULL, NULL, NULL, NULL, NULL, NULL, NULL, NULL);
INSERT INTO SCHEMA_NAME.inp_conduit VALUES ('A166', NULL, NULL, NULL, NULL, NULL, NULL, NULL, NULL, NULL);
INSERT INTO SCHEMA_NAME.inp_conduit VALUES ('A167', NULL, NULL, NULL, NULL, NULL, NULL, NULL, NULL, NULL);
INSERT INTO SCHEMA_NAME.inp_conduit VALUES ('A168', NULL, NULL, NULL, NULL, NULL, NULL, NULL, NULL, NULL);
INSERT INTO SCHEMA_NAME.inp_conduit VALUES ('A169', NULL, NULL, NULL, NULL, NULL, NULL, NULL, NULL, NULL);
INSERT INTO SCHEMA_NAME.inp_conduit VALUES ('A170', NULL, NULL, NULL, NULL, NULL, NULL, NULL, NULL, NULL);
INSERT INTO SCHEMA_NAME.inp_conduit VALUES ('A171', NULL, NULL, NULL, NULL, NULL, NULL, NULL, NULL, NULL);
INSERT INTO SCHEMA_NAME.inp_conduit VALUES ('A172', NULL, NULL, NULL, NULL, NULL, NULL, NULL, NULL, NULL);
INSERT INTO SCHEMA_NAME.inp_conduit VALUES ('A173', NULL, NULL, NULL, NULL, NULL, NULL, NULL, NULL, NULL);
INSERT INTO SCHEMA_NAME.inp_conduit VALUES ('A174', NULL, NULL, NULL, NULL, NULL, NULL, NULL, NULL, NULL);
INSERT INTO SCHEMA_NAME.inp_conduit VALUES ('A175', NULL, NULL, NULL, NULL, NULL, NULL, NULL, NULL, NULL);
INSERT INTO SCHEMA_NAME.inp_conduit VALUES ('A176', NULL, NULL, NULL, NULL, NULL, NULL, NULL, NULL, NULL);
INSERT INTO SCHEMA_NAME.inp_conduit VALUES ('A177', NULL, NULL, NULL, NULL, NULL, NULL, NULL, NULL, NULL);
INSERT INTO SCHEMA_NAME.inp_conduit VALUES ('A178', NULL, NULL, NULL, NULL, NULL, NULL, NULL, NULL, NULL);
INSERT INTO SCHEMA_NAME.inp_conduit VALUES ('A179', NULL, NULL, NULL, NULL, NULL, NULL, NULL, NULL, NULL);
INSERT INTO SCHEMA_NAME.inp_conduit VALUES ('A180', NULL, NULL, NULL, NULL, NULL, NULL, NULL, NULL, NULL);
INSERT INTO SCHEMA_NAME.inp_conduit VALUES ('A181', NULL, NULL, NULL, NULL, NULL, NULL, NULL, NULL, NULL);
INSERT INTO SCHEMA_NAME.inp_conduit VALUES ('A182', NULL, NULL, NULL, NULL, NULL, NULL, NULL, NULL, NULL);
INSERT INTO SCHEMA_NAME.inp_conduit VALUES ('A183', NULL, NULL, NULL, NULL, NULL, NULL, NULL, NULL, NULL);
INSERT INTO SCHEMA_NAME.inp_conduit VALUES ('A184', NULL, NULL, NULL, NULL, NULL, NULL, NULL, NULL, NULL);
INSERT INTO SCHEMA_NAME.inp_conduit VALUES ('A185', NULL, NULL, NULL, NULL, NULL, NULL, NULL, NULL, NULL);
INSERT INTO SCHEMA_NAME.inp_conduit VALUES ('A186', NULL, NULL, NULL, NULL, NULL, NULL, NULL, NULL, NULL);
INSERT INTO SCHEMA_NAME.inp_conduit VALUES ('A187', NULL, NULL, NULL, NULL, NULL, NULL, NULL, NULL, NULL);
INSERT INTO SCHEMA_NAME.inp_conduit VALUES ('A188', NULL, NULL, NULL, NULL, NULL, NULL, NULL, NULL, NULL);
INSERT INTO SCHEMA_NAME.inp_conduit VALUES ('A189', NULL, NULL, NULL, NULL, NULL, NULL, NULL, NULL, NULL);
INSERT INTO SCHEMA_NAME.inp_conduit VALUES ('A190', NULL, NULL, NULL, NULL, NULL, NULL, NULL, NULL, NULL);
INSERT INTO SCHEMA_NAME.inp_conduit VALUES ('A191', NULL, NULL, NULL, NULL, NULL, NULL, NULL, NULL, NULL);
INSERT INTO SCHEMA_NAME.inp_conduit VALUES ('A192', NULL, NULL, NULL, NULL, NULL, NULL, NULL, NULL, NULL);
INSERT INTO SCHEMA_NAME.inp_conduit VALUES ('A193', NULL, NULL, NULL, NULL, NULL, NULL, NULL, NULL, NULL);
INSERT INTO SCHEMA_NAME.inp_conduit VALUES ('A194', NULL, NULL, NULL, NULL, NULL, NULL, NULL, NULL, NULL);
INSERT INTO SCHEMA_NAME.inp_conduit VALUES ('A195', NULL, NULL, NULL, NULL, NULL, NULL, NULL, NULL, NULL);
INSERT INTO SCHEMA_NAME.inp_conduit VALUES ('A196', NULL, NULL, NULL, NULL, NULL, NULL, NULL, NULL, NULL);
INSERT INTO SCHEMA_NAME.inp_conduit VALUES ('A197', NULL, NULL, NULL, NULL, NULL, NULL, NULL, NULL, NULL);
INSERT INTO SCHEMA_NAME.inp_conduit VALUES ('A198', NULL, NULL, NULL, NULL, NULL, NULL, NULL, NULL, NULL);
INSERT INTO SCHEMA_NAME.inp_conduit VALUES ('A199', NULL, NULL, NULL, NULL, NULL, NULL, NULL, NULL, NULL);
INSERT INTO SCHEMA_NAME.inp_conduit VALUES ('A200', NULL, NULL, NULL, NULL, NULL, NULL, NULL, NULL, NULL);
INSERT INTO SCHEMA_NAME.inp_conduit VALUES ('A201', NULL, NULL, NULL, NULL, NULL, NULL, NULL, NULL, NULL);
INSERT INTO SCHEMA_NAME.inp_conduit VALUES ('A202', NULL, NULL, NULL, NULL, NULL, NULL, NULL, NULL, NULL);
INSERT INTO SCHEMA_NAME.inp_conduit VALUES ('A203', NULL, NULL, NULL, NULL, NULL, NULL, NULL, NULL, NULL);
INSERT INTO SCHEMA_NAME.inp_conduit VALUES ('A204', NULL, NULL, NULL, NULL, NULL, NULL, NULL, NULL, NULL);
INSERT INTO SCHEMA_NAME.inp_conduit VALUES ('A205', NULL, NULL, NULL, NULL, NULL, NULL, NULL, NULL, NULL);
INSERT INTO SCHEMA_NAME.inp_conduit VALUES ('A206', NULL, NULL, NULL, NULL, NULL, NULL, NULL, NULL, NULL);
INSERT INTO SCHEMA_NAME.inp_conduit VALUES ('A207', NULL, NULL, NULL, NULL, NULL, NULL, NULL, NULL, NULL);
INSERT INTO SCHEMA_NAME.inp_conduit VALUES ('A209', NULL, NULL, NULL, NULL, NULL, NULL, NULL, NULL, NULL);
INSERT INTO SCHEMA_NAME.inp_conduit VALUES ('A210', NULL, NULL, NULL, NULL, NULL, NULL, NULL, NULL, NULL);
INSERT INTO SCHEMA_NAME.inp_conduit VALUES ('A211', NULL, NULL, NULL, NULL, NULL, NULL, NULL, NULL, NULL);
INSERT INTO SCHEMA_NAME.inp_conduit VALUES ('A212', NULL, NULL, NULL, NULL, NULL, NULL, NULL, NULL, NULL);
INSERT INTO SCHEMA_NAME.inp_conduit VALUES ('A213', NULL, NULL, NULL, NULL, NULL, NULL, NULL, NULL, NULL);
INSERT INTO SCHEMA_NAME.inp_conduit VALUES ('A214', NULL, NULL, NULL, NULL, NULL, NULL, NULL, NULL, NULL);
INSERT INTO SCHEMA_NAME.inp_conduit VALUES ('A215', NULL, NULL, NULL, NULL, NULL, NULL, NULL, NULL, NULL);
INSERT INTO SCHEMA_NAME.inp_conduit VALUES ('A216', NULL, NULL, NULL, NULL, NULL, NULL, NULL, NULL, NULL);
INSERT INTO SCHEMA_NAME.inp_conduit VALUES ('A217', NULL, NULL, NULL, NULL, NULL, NULL, NULL, NULL, NULL);
INSERT INTO SCHEMA_NAME.inp_conduit VALUES ('A218', NULL, NULL, NULL, NULL, NULL, NULL, NULL, NULL, NULL);
INSERT INTO SCHEMA_NAME.inp_conduit VALUES ('A219', NULL, NULL, NULL, NULL, NULL, NULL, NULL, NULL, NULL);
INSERT INTO SCHEMA_NAME.inp_conduit VALUES ('A220', NULL, NULL, NULL, NULL, NULL, NULL, NULL, NULL, NULL);
INSERT INTO SCHEMA_NAME.inp_conduit VALUES ('A221', NULL, NULL, NULL, NULL, NULL, NULL, NULL, NULL, NULL);
INSERT INTO SCHEMA_NAME.inp_conduit VALUES ('A222', NULL, NULL, NULL, NULL, NULL, NULL, NULL, NULL, NULL);
INSERT INTO SCHEMA_NAME.inp_conduit VALUES ('A223', NULL, NULL, NULL, NULL, NULL, NULL, NULL, NULL, NULL);
INSERT INTO SCHEMA_NAME.inp_conduit VALUES ('A224', NULL, NULL, NULL, NULL, NULL, NULL, NULL, NULL, NULL);
INSERT INTO SCHEMA_NAME.inp_conduit VALUES ('A225', NULL, NULL, NULL, NULL, NULL, NULL, NULL, NULL, NULL);
INSERT INTO SCHEMA_NAME.inp_conduit VALUES ('A226', NULL, NULL, NULL, NULL, NULL, NULL, NULL, NULL, NULL);
INSERT INTO SCHEMA_NAME.inp_conduit VALUES ('A227', NULL, NULL, NULL, NULL, NULL, NULL, NULL, NULL, NULL);
INSERT INTO SCHEMA_NAME.inp_conduit VALUES ('A228', NULL, NULL, NULL, NULL, NULL, NULL, NULL, NULL, NULL);
INSERT INTO SCHEMA_NAME.inp_conduit VALUES ('A229', NULL, NULL, NULL, NULL, NULL, NULL, NULL, NULL, NULL);
INSERT INTO SCHEMA_NAME.inp_conduit VALUES ('A230', NULL, NULL, NULL, NULL, NULL, NULL, NULL, NULL, NULL);
INSERT INTO SCHEMA_NAME.inp_conduit VALUES ('A231', NULL, NULL, NULL, NULL, NULL, NULL, NULL, NULL, NULL);
INSERT INTO SCHEMA_NAME.inp_conduit VALUES ('A232', NULL, NULL, NULL, NULL, NULL, NULL, NULL, NULL, NULL);
INSERT INTO SCHEMA_NAME.inp_conduit VALUES ('A235', NULL, NULL, NULL, NULL, NULL, NULL, NULL, NULL, NULL);
INSERT INTO SCHEMA_NAME.inp_conduit VALUES ('A236', NULL, NULL, NULL, NULL, NULL, NULL, NULL, NULL, NULL);
INSERT INTO SCHEMA_NAME.inp_conduit VALUES ('A237', NULL, NULL, NULL, NULL, NULL, NULL, NULL, NULL, NULL);
INSERT INTO SCHEMA_NAME.inp_conduit VALUES ('A238', NULL, NULL, NULL, NULL, NULL, NULL, NULL, NULL, NULL);
INSERT INTO SCHEMA_NAME.inp_conduit VALUES ('A239', NULL, NULL, NULL, NULL, NULL, NULL, NULL, NULL, NULL);
INSERT INTO SCHEMA_NAME.inp_conduit VALUES ('A240', NULL, NULL, NULL, NULL, NULL, NULL, NULL, NULL, NULL);
INSERT INTO SCHEMA_NAME.inp_conduit VALUES ('A241', NULL, NULL, NULL, NULL, NULL, NULL, NULL, NULL, NULL);
INSERT INTO SCHEMA_NAME.inp_conduit VALUES ('A242', NULL, NULL, NULL, NULL, NULL, NULL, NULL, NULL, NULL);
INSERT INTO SCHEMA_NAME.inp_conduit VALUES ('N243', NULL, NULL, NULL, NULL, NULL, NULL, NULL, NULL, NULL);
INSERT INTO SCHEMA_NAME.inp_conduit VALUES ('N244', NULL, NULL, NULL, NULL, NULL, NULL, NULL, NULL, NULL);
INSERT INTO SCHEMA_NAME.inp_conduit VALUES ('N245', NULL, NULL, NULL, NULL, NULL, NULL, NULL, NULL, NULL);



INSERT INTO SCHEMA_NAME.inp_curve_id VALUES ('PUMP-01', 'PUMP2');
INSERT INTO SCHEMA_NAME.inp_curve_id VALUES ('EBAR-01', 'STORAGE');



INSERT INTO SCHEMA_NAME.inp_curve VALUES (1, 'PUMP-01', 1.000000, 0.030000);
INSERT INTO SCHEMA_NAME.inp_curve VALUES (2, 'PUMP-01', 10.000000, 0.030000);
INSERT INTO SCHEMA_NAME.inp_curve VALUES (3, 'EBAR-01', 0.000000, 10.000000);
INSERT INTO SCHEMA_NAME.inp_curve VALUES (4, 'EBAR-01', 10.000000, 10.000000);



INSERT INTO SCHEMA_NAME.inp_junction VALUES ('N48', NULL, NULL, NULL);
INSERT INTO SCHEMA_NAME.inp_junction VALUES ('N49', NULL, NULL, NULL);
INSERT INTO SCHEMA_NAME.inp_junction VALUES ('N29', NULL, NULL, NULL);
INSERT INTO SCHEMA_NAME.inp_junction VALUES ('N30', NULL, NULL, NULL);
INSERT INTO SCHEMA_NAME.inp_junction VALUES ('N237', NULL, NULL, NULL);
INSERT INTO SCHEMA_NAME.inp_junction VALUES ('N116', NULL, NULL, NULL);
INSERT INTO SCHEMA_NAME.inp_junction VALUES ('N31', NULL, NULL, NULL);
INSERT INTO SCHEMA_NAME.inp_junction VALUES ('N107', NULL, NULL, NULL);
INSERT INTO SCHEMA_NAME.inp_junction VALUES ('N117', NULL, NULL, NULL);
INSERT INTO SCHEMA_NAME.inp_junction VALUES ('N118', NULL, NULL, NULL);
INSERT INTO SCHEMA_NAME.inp_junction VALUES ('N119', NULL, NULL, NULL);
INSERT INTO SCHEMA_NAME.inp_junction VALUES ('N120', NULL, NULL, NULL);
INSERT INTO SCHEMA_NAME.inp_junction VALUES ('N121', NULL, NULL, NULL);
INSERT INTO SCHEMA_NAME.inp_junction VALUES ('N43', NULL, NULL, NULL);
INSERT INTO SCHEMA_NAME.inp_junction VALUES ('N122', NULL, NULL, NULL);
INSERT INTO SCHEMA_NAME.inp_junction VALUES ('N35', NULL, NULL, NULL);
INSERT INTO SCHEMA_NAME.inp_junction VALUES ('N36', NULL, NULL, NULL);
INSERT INTO SCHEMA_NAME.inp_junction VALUES ('N44', NULL, NULL, NULL);
INSERT INTO SCHEMA_NAME.inp_junction VALUES ('N106', NULL, NULL, NULL);
INSERT INTO SCHEMA_NAME.inp_junction VALUES ('N37', NULL, NULL, NULL);
INSERT INTO SCHEMA_NAME.inp_junction VALUES ('N38', NULL, NULL, NULL);
INSERT INTO SCHEMA_NAME.inp_junction VALUES ('N39', NULL, NULL, NULL);
INSERT INTO SCHEMA_NAME.inp_junction VALUES ('N40', NULL, NULL, NULL);
INSERT INTO SCHEMA_NAME.inp_junction VALUES ('N41', NULL, NULL, NULL);
INSERT INTO SCHEMA_NAME.inp_junction VALUES ('N42', NULL, NULL, NULL);
INSERT INTO SCHEMA_NAME.inp_junction VALUES ('N236', NULL, NULL, NULL);
INSERT INTO SCHEMA_NAME.inp_junction VALUES ('N112', NULL, NULL, NULL);
INSERT INTO SCHEMA_NAME.inp_junction VALUES ('N75', NULL, NULL, NULL);
INSERT INTO SCHEMA_NAME.inp_junction VALUES ('N76', NULL, NULL, NULL);
INSERT INTO SCHEMA_NAME.inp_junction VALUES ('N79', NULL, NULL, NULL);
INSERT INTO SCHEMA_NAME.inp_junction VALUES ('N77', NULL, NULL, NULL);
INSERT INTO SCHEMA_NAME.inp_junction VALUES ('N78', NULL, NULL, NULL);
INSERT INTO SCHEMA_NAME.inp_junction VALUES ('N80', NULL, NULL, NULL);
INSERT INTO SCHEMA_NAME.inp_junction VALUES ('N90', NULL, NULL, NULL);
INSERT INTO SCHEMA_NAME.inp_junction VALUES ('N91', NULL, NULL, NULL);
INSERT INTO SCHEMA_NAME.inp_junction VALUES ('N92', NULL, NULL, NULL);
INSERT INTO SCHEMA_NAME.inp_junction VALUES ('N113', NULL, NULL, NULL);
INSERT INTO SCHEMA_NAME.inp_junction VALUES ('N114', NULL, NULL, NULL);
INSERT INTO SCHEMA_NAME.inp_junction VALUES ('N115', NULL, NULL, NULL);
INSERT INTO SCHEMA_NAME.inp_junction VALUES ('N87', NULL, NULL, NULL);
INSERT INTO SCHEMA_NAME.inp_junction VALUES ('N45', NULL, NULL, NULL);
INSERT INTO SCHEMA_NAME.inp_junction VALUES ('N71', NULL, NULL, NULL);
INSERT INTO SCHEMA_NAME.inp_junction VALUES ('N72', NULL, NULL, NULL);
INSERT INTO SCHEMA_NAME.inp_junction VALUES ('N55', NULL, NULL, NULL);
INSERT INTO SCHEMA_NAME.inp_junction VALUES ('N52', NULL, NULL, NULL);
INSERT INTO SCHEMA_NAME.inp_junction VALUES ('N54', NULL, NULL, NULL);
INSERT INTO SCHEMA_NAME.inp_junction VALUES ('N57', NULL, NULL, NULL);
INSERT INTO SCHEMA_NAME.inp_junction VALUES ('N58', NULL, NULL, NULL);
INSERT INTO SCHEMA_NAME.inp_junction VALUES ('N59', NULL, NULL, NULL);
INSERT INTO SCHEMA_NAME.inp_junction VALUES ('N60', NULL, NULL, NULL);
INSERT INTO SCHEMA_NAME.inp_junction VALUES ('N61', NULL, NULL, NULL);
INSERT INTO SCHEMA_NAME.inp_junction VALUES ('N62', NULL, NULL, NULL);
INSERT INTO SCHEMA_NAME.inp_junction VALUES ('N63', NULL, NULL, NULL);
INSERT INTO SCHEMA_NAME.inp_junction VALUES ('N64', NULL, NULL, NULL);
INSERT INTO SCHEMA_NAME.inp_junction VALUES ('N104', NULL, NULL, NULL);
INSERT INTO SCHEMA_NAME.inp_junction VALUES ('N105', NULL, NULL, NULL);
INSERT INTO SCHEMA_NAME.inp_junction VALUES ('N235', NULL, NULL, NULL);
INSERT INTO SCHEMA_NAME.inp_junction VALUES ('N32', NULL, NULL, NULL);
INSERT INTO SCHEMA_NAME.inp_junction VALUES ('N33', NULL, NULL, NULL);
INSERT INTO SCHEMA_NAME.inp_junction VALUES ('N34', NULL, NULL, NULL);
INSERT INTO SCHEMA_NAME.inp_junction VALUES ('N46', NULL, NULL, NULL);
INSERT INTO SCHEMA_NAME.inp_junction VALUES ('N47', NULL, NULL, NULL);
INSERT INTO SCHEMA_NAME.inp_junction VALUES ('N50', NULL, NULL, NULL);
INSERT INTO SCHEMA_NAME.inp_junction VALUES ('N51', NULL, NULL, NULL);
INSERT INTO SCHEMA_NAME.inp_junction VALUES ('N53', NULL, NULL, NULL);
INSERT INTO SCHEMA_NAME.inp_junction VALUES ('N65', NULL, NULL, NULL);
INSERT INTO SCHEMA_NAME.inp_junction VALUES ('N66', NULL, NULL, NULL);
INSERT INTO SCHEMA_NAME.inp_junction VALUES ('N67', NULL, NULL, NULL);
INSERT INTO SCHEMA_NAME.inp_junction VALUES ('N68', NULL, NULL, NULL);
INSERT INTO SCHEMA_NAME.inp_junction VALUES ('N69', NULL, NULL, NULL);
INSERT INTO SCHEMA_NAME.inp_junction VALUES ('N70', NULL, NULL, NULL);
INSERT INTO SCHEMA_NAME.inp_junction VALUES ('N73', NULL, NULL, NULL);
INSERT INTO SCHEMA_NAME.inp_junction VALUES ('N74', NULL, NULL, NULL);
INSERT INTO SCHEMA_NAME.inp_junction VALUES ('N83', NULL, NULL, NULL);
INSERT INTO SCHEMA_NAME.inp_junction VALUES ('N81', NULL, NULL, NULL);
INSERT INTO SCHEMA_NAME.inp_junction VALUES ('N56', NULL, NULL, NULL);
INSERT INTO SCHEMA_NAME.inp_junction VALUES ('N108', NULL, NULL, NULL);
INSERT INTO SCHEMA_NAME.inp_junction VALUES ('N110', NULL, NULL, NULL);
INSERT INTO SCHEMA_NAME.inp_junction VALUES ('N233', NULL, NULL, NULL);
INSERT INTO SCHEMA_NAME.inp_junction VALUES ('N82', NULL, NULL, NULL);
INSERT INTO SCHEMA_NAME.inp_junction VALUES ('N101', NULL, NULL, NULL);
INSERT INTO SCHEMA_NAME.inp_junction VALUES ('N102', NULL, NULL, NULL);
INSERT INTO SCHEMA_NAME.inp_junction VALUES ('N126', NULL, NULL, NULL);
INSERT INTO SCHEMA_NAME.inp_junction VALUES ('N127', NULL, NULL, NULL);
INSERT INTO SCHEMA_NAME.inp_junction VALUES ('N128', NULL, NULL, NULL);
INSERT INTO SCHEMA_NAME.inp_junction VALUES ('N129', NULL, NULL, NULL);
INSERT INTO SCHEMA_NAME.inp_junction VALUES ('N130', NULL, NULL, NULL);
INSERT INTO SCHEMA_NAME.inp_junction VALUES ('N131', NULL, NULL, NULL);
INSERT INTO SCHEMA_NAME.inp_junction VALUES ('N132', NULL, NULL, NULL);
INSERT INTO SCHEMA_NAME.inp_junction VALUES ('N94', NULL, NULL, NULL);
INSERT INTO SCHEMA_NAME.inp_junction VALUES ('N95', NULL, NULL, NULL);
INSERT INTO SCHEMA_NAME.inp_junction VALUES ('N96', NULL, NULL, NULL);
INSERT INTO SCHEMA_NAME.inp_junction VALUES ('N97', NULL, NULL, NULL);
INSERT INTO SCHEMA_NAME.inp_junction VALUES ('N98', NULL, NULL, NULL);
INSERT INTO SCHEMA_NAME.inp_junction VALUES ('N99', NULL, NULL, NULL);
INSERT INTO SCHEMA_NAME.inp_junction VALUES ('N86', NULL, NULL, NULL);
INSERT INTO SCHEMA_NAME.inp_junction VALUES ('N88', NULL, NULL, NULL);
INSERT INTO SCHEMA_NAME.inp_junction VALUES ('N89', NULL, NULL, NULL);
INSERT INTO SCHEMA_NAME.inp_junction VALUES ('N100', NULL, NULL, NULL);
INSERT INTO SCHEMA_NAME.inp_junction VALUES ('N111', NULL, NULL, NULL);
INSERT INTO SCHEMA_NAME.inp_junction VALUES ('N125', NULL, NULL, NULL);
INSERT INTO SCHEMA_NAME.inp_junction VALUES ('N123', NULL, NULL, NULL);
INSERT INTO SCHEMA_NAME.inp_junction VALUES ('N84', NULL, NULL, NULL);
INSERT INTO SCHEMA_NAME.inp_junction VALUES ('N85', NULL, NULL, NULL);
INSERT INTO SCHEMA_NAME.inp_junction VALUES ('N109', NULL, NULL, NULL);
INSERT INTO SCHEMA_NAME.inp_junction VALUES ('N93', NULL, NULL, NULL);
INSERT INTO SCHEMA_NAME.inp_junction VALUES ('N234', NULL, NULL, NULL);
INSERT INTO SCHEMA_NAME.inp_junction VALUES ('N124', NULL, NULL, NULL);



INSERT INTO SCHEMA_NAME.inp_outfall VALUES ('N239', NULL, NULL, NULL, NULL, NULL);



INSERT INTO SCHEMA_NAME.inp_storage VALUES ('N238', 'TABULAR', 'EBAR-01', NULL, NULL, NULL, NULL, NULL, NULL, NULL, NULL, NULL, NULL);



INSERT INTO SCHEMA_NAME.inp_timser_id VALUES ('T5-5m', 'Rainfall', 'RELATIVE');
INSERT INTO SCHEMA_NAME.inp_timser_id VALUES ('T10-5m', 'Rainfall', 'RELATIVE');



INSERT INTO SCHEMA_NAME.inp_timeseries VALUES (1, 'T5-5m', NULL, NULL, '0:00', 0.7800, NULL);
INSERT INTO SCHEMA_NAME.inp_timeseries VALUES (2, 'T5-5m', NULL, NULL, '0:05', 1.1500, NULL);
INSERT INTO SCHEMA_NAME.inp_timeseries VALUES (3, 'T5-5m', NULL, NULL, '0:10', 2.2200, NULL);
INSERT INTO SCHEMA_NAME.inp_timeseries VALUES (4, 'T5-5m', NULL, NULL, '0:15', 3.9900, NULL);
INSERT INTO SCHEMA_NAME.inp_timeseries VALUES (5, 'T5-5m', NULL, NULL, '0:20', 4.8800, NULL);
INSERT INTO SCHEMA_NAME.inp_timeseries VALUES (6, 'T5-5m', NULL, NULL, '0:25', 8.7500, NULL);
INSERT INTO SCHEMA_NAME.inp_timeseries VALUES (7, 'T5-5m', NULL, NULL, '0:30', 5.1500, NULL);
INSERT INTO SCHEMA_NAME.inp_timeseries VALUES (8, 'T5-5m', NULL, NULL, '0:35', 3.2000, NULL);
INSERT INTO SCHEMA_NAME.inp_timeseries VALUES (9, 'T5-5m', NULL, NULL, '0:40', 2.2500, NULL);
INSERT INTO SCHEMA_NAME.inp_timeseries VALUES (10, 'T5-5m', NULL, NULL, '0:45', 1.2500, NULL);
INSERT INTO SCHEMA_NAME.inp_timeseries VALUES (11, 'T5-5m', NULL, NULL, '0:50', 0.9200, NULL);
INSERT INTO SCHEMA_NAME.inp_timeseries VALUES (12, 'T5-5m', NULL, NULL, '0:55', 0.4900, NULL);
INSERT INTO SCHEMA_NAME.inp_timeseries VALUES (13, 'T10-5m', NULL, NULL, '0:00', 1.7800, NULL);
INSERT INTO SCHEMA_NAME.inp_timeseries VALUES (14, 'T10-5m', NULL, NULL, '0:05', 2.0800, NULL);
INSERT INTO SCHEMA_NAME.inp_timeseries VALUES (15, 'T10-5m', NULL, NULL, '0:10', 2.5200, NULL);
INSERT INTO SCHEMA_NAME.inp_timeseries VALUES (16, 'T10-5m', NULL, NULL, '0:15', 3.2500, NULL);
INSERT INTO SCHEMA_NAME.inp_timeseries VALUES (17, 'T10-5m', NULL, NULL, '0:20', 4.7800, NULL);
INSERT INTO SCHEMA_NAME.inp_timeseries VALUES (18, 'T10-5m', NULL, NULL, '0:25', 15.5200, NULL);
INSERT INTO SCHEMA_NAME.inp_timeseries VALUES (19, 'T10-5m', NULL, NULL, '0:30', 6.5800, NULL);
INSERT INTO SCHEMA_NAME.inp_timeseries VALUES (20, 'T10-5m', NULL, NULL, '0:35', 3.8400, NULL);
INSERT INTO SCHEMA_NAME.inp_timeseries VALUES (21, 'T10-5m', NULL, NULL, '0:40', 2.8300, NULL);
INSERT INTO SCHEMA_NAME.inp_timeseries VALUES (22, 'T10-5m', NULL, NULL, '0:45', 2.2800, NULL);
INSERT INTO SCHEMA_NAME.inp_timeseries VALUES (23, 'T10-5m', NULL, NULL, '0:50', 1.9200, NULL);
INSERT INTO SCHEMA_NAME.inp_timeseries VALUES (24, 'T10-5m', NULL, NULL, '0:55', 1.6600, NULL);



INSERT INTO SCHEMA_NAME.man_conduit VALUES ('A133', NULL);
INSERT INTO SCHEMA_NAME.man_conduit VALUES ('A134', NULL);
INSERT INTO SCHEMA_NAME.man_conduit VALUES ('A135', NULL);
INSERT INTO SCHEMA_NAME.man_conduit VALUES ('A136', NULL);
INSERT INTO SCHEMA_NAME.man_conduit VALUES ('A137', NULL);
INSERT INTO SCHEMA_NAME.man_conduit VALUES ('A138', NULL);
INSERT INTO SCHEMA_NAME.man_conduit VALUES ('A139', NULL);
INSERT INTO SCHEMA_NAME.man_conduit VALUES ('A140', NULL);
INSERT INTO SCHEMA_NAME.man_conduit VALUES ('A141', NULL);
INSERT INTO SCHEMA_NAME.man_conduit VALUES ('A142', NULL);
INSERT INTO SCHEMA_NAME.man_conduit VALUES ('A143', NULL);
INSERT INTO SCHEMA_NAME.man_conduit VALUES ('A144', NULL);
INSERT INTO SCHEMA_NAME.man_conduit VALUES ('A145', NULL);
INSERT INTO SCHEMA_NAME.man_conduit VALUES ('A146', NULL);
INSERT INTO SCHEMA_NAME.man_conduit VALUES ('A147', NULL);
INSERT INTO SCHEMA_NAME.man_conduit VALUES ('A148', NULL);
INSERT INTO SCHEMA_NAME.man_conduit VALUES ('A149', NULL);
INSERT INTO SCHEMA_NAME.man_conduit VALUES ('A150', NULL);
INSERT INTO SCHEMA_NAME.man_conduit VALUES ('A151', NULL);
INSERT INTO SCHEMA_NAME.man_conduit VALUES ('A152', NULL);
INSERT INTO SCHEMA_NAME.man_conduit VALUES ('A153', NULL);
INSERT INTO SCHEMA_NAME.man_conduit VALUES ('A154', NULL);
INSERT INTO SCHEMA_NAME.man_conduit VALUES ('A155', NULL);
INSERT INTO SCHEMA_NAME.man_conduit VALUES ('A156', NULL);
INSERT INTO SCHEMA_NAME.man_conduit VALUES ('A157', NULL);
INSERT INTO SCHEMA_NAME.man_conduit VALUES ('A158', NULL);
INSERT INTO SCHEMA_NAME.man_conduit VALUES ('A159', NULL);
INSERT INTO SCHEMA_NAME.man_conduit VALUES ('A160', NULL);
INSERT INTO SCHEMA_NAME.man_conduit VALUES ('A161', NULL);
INSERT INTO SCHEMA_NAME.man_conduit VALUES ('A162', NULL);
INSERT INTO SCHEMA_NAME.man_conduit VALUES ('A163', NULL);
INSERT INTO SCHEMA_NAME.man_conduit VALUES ('A164', NULL);
INSERT INTO SCHEMA_NAME.man_conduit VALUES ('A165', NULL);
INSERT INTO SCHEMA_NAME.man_conduit VALUES ('A166', NULL);
INSERT INTO SCHEMA_NAME.man_conduit VALUES ('A167', NULL);
INSERT INTO SCHEMA_NAME.man_conduit VALUES ('A168', NULL);
INSERT INTO SCHEMA_NAME.man_conduit VALUES ('A169', NULL);
INSERT INTO SCHEMA_NAME.man_conduit VALUES ('A170', NULL);
INSERT INTO SCHEMA_NAME.man_conduit VALUES ('A171', NULL);
INSERT INTO SCHEMA_NAME.man_conduit VALUES ('A172', NULL);
INSERT INTO SCHEMA_NAME.man_conduit VALUES ('A173', NULL);
INSERT INTO SCHEMA_NAME.man_conduit VALUES ('A174', NULL);
INSERT INTO SCHEMA_NAME.man_conduit VALUES ('A175', NULL);
INSERT INTO SCHEMA_NAME.man_conduit VALUES ('A176', NULL);
INSERT INTO SCHEMA_NAME.man_conduit VALUES ('A177', NULL);
INSERT INTO SCHEMA_NAME.man_conduit VALUES ('A178', NULL);
INSERT INTO SCHEMA_NAME.man_conduit VALUES ('A179', NULL);
INSERT INTO SCHEMA_NAME.man_conduit VALUES ('A180', NULL);
INSERT INTO SCHEMA_NAME.man_conduit VALUES ('A181', NULL);
INSERT INTO SCHEMA_NAME.man_conduit VALUES ('A182', NULL);
INSERT INTO SCHEMA_NAME.man_conduit VALUES ('A183', NULL);
INSERT INTO SCHEMA_NAME.man_conduit VALUES ('A184', NULL);
INSERT INTO SCHEMA_NAME.man_conduit VALUES ('A185', NULL);
INSERT INTO SCHEMA_NAME.man_conduit VALUES ('A186', NULL);
INSERT INTO SCHEMA_NAME.man_conduit VALUES ('A187', NULL);
INSERT INTO SCHEMA_NAME.man_conduit VALUES ('A188', NULL);
INSERT INTO SCHEMA_NAME.man_conduit VALUES ('A189', NULL);
INSERT INTO SCHEMA_NAME.man_conduit VALUES ('A190', NULL);
INSERT INTO SCHEMA_NAME.man_conduit VALUES ('A191', NULL);
INSERT INTO SCHEMA_NAME.man_conduit VALUES ('A192', NULL);
INSERT INTO SCHEMA_NAME.man_conduit VALUES ('A193', NULL);
INSERT INTO SCHEMA_NAME.man_conduit VALUES ('A194', NULL);
INSERT INTO SCHEMA_NAME.man_conduit VALUES ('A195', NULL);
INSERT INTO SCHEMA_NAME.man_conduit VALUES ('A196', NULL);
INSERT INTO SCHEMA_NAME.man_conduit VALUES ('A197', NULL);
INSERT INTO SCHEMA_NAME.man_conduit VALUES ('A198', NULL);
INSERT INTO SCHEMA_NAME.man_conduit VALUES ('A199', NULL);
INSERT INTO SCHEMA_NAME.man_conduit VALUES ('A200', NULL);
INSERT INTO SCHEMA_NAME.man_conduit VALUES ('A201', NULL);
INSERT INTO SCHEMA_NAME.man_conduit VALUES ('A202', NULL);
INSERT INTO SCHEMA_NAME.man_conduit VALUES ('A203', NULL);
INSERT INTO SCHEMA_NAME.man_conduit VALUES ('A204', NULL);
INSERT INTO SCHEMA_NAME.man_conduit VALUES ('A205', NULL);
INSERT INTO SCHEMA_NAME.man_conduit VALUES ('A206', NULL);
INSERT INTO SCHEMA_NAME.man_conduit VALUES ('A207', NULL);
INSERT INTO SCHEMA_NAME.man_conduit VALUES ('A209', NULL);
INSERT INTO SCHEMA_NAME.man_conduit VALUES ('A210', NULL);
INSERT INTO SCHEMA_NAME.man_conduit VALUES ('A211', NULL);
INSERT INTO SCHEMA_NAME.man_conduit VALUES ('A212', NULL);
INSERT INTO SCHEMA_NAME.man_conduit VALUES ('A213', NULL);
INSERT INTO SCHEMA_NAME.man_conduit VALUES ('A214', NULL);
INSERT INTO SCHEMA_NAME.man_conduit VALUES ('A215', NULL);
INSERT INTO SCHEMA_NAME.man_conduit VALUES ('A216', NULL);
INSERT INTO SCHEMA_NAME.man_conduit VALUES ('A217', NULL);
INSERT INTO SCHEMA_NAME.man_conduit VALUES ('A218', NULL);
INSERT INTO SCHEMA_NAME.man_conduit VALUES ('A219', NULL);
INSERT INTO SCHEMA_NAME.man_conduit VALUES ('A220', NULL);
INSERT INTO SCHEMA_NAME.man_conduit VALUES ('A221', NULL);
INSERT INTO SCHEMA_NAME.man_conduit VALUES ('A222', NULL);
INSERT INTO SCHEMA_NAME.man_conduit VALUES ('A223', NULL);
INSERT INTO SCHEMA_NAME.man_conduit VALUES ('A224', NULL);
INSERT INTO SCHEMA_NAME.man_conduit VALUES ('A225', NULL);
INSERT INTO SCHEMA_NAME.man_conduit VALUES ('A226', NULL);
INSERT INTO SCHEMA_NAME.man_conduit VALUES ('A227', NULL);
INSERT INTO SCHEMA_NAME.man_conduit VALUES ('A228', NULL);
INSERT INTO SCHEMA_NAME.man_conduit VALUES ('A229', NULL);
INSERT INTO SCHEMA_NAME.man_conduit VALUES ('A230', NULL);
INSERT INTO SCHEMA_NAME.man_conduit VALUES ('A231', NULL);
INSERT INTO SCHEMA_NAME.man_conduit VALUES ('A232', NULL);
INSERT INTO SCHEMA_NAME.man_conduit VALUES ('A235', NULL);
INSERT INTO SCHEMA_NAME.man_conduit VALUES ('A236', NULL);
INSERT INTO SCHEMA_NAME.man_conduit VALUES ('A237', NULL);
INSERT INTO SCHEMA_NAME.man_conduit VALUES ('A238', NULL);
INSERT INTO SCHEMA_NAME.man_conduit VALUES ('A239', NULL);
INSERT INTO SCHEMA_NAME.man_conduit VALUES ('A240', NULL);
INSERT INTO SCHEMA_NAME.man_conduit VALUES ('A241', NULL);
INSERT INTO SCHEMA_NAME.man_conduit VALUES ('A242', NULL);
INSERT INTO SCHEMA_NAME.man_conduit VALUES ('N243', NULL);
INSERT INTO SCHEMA_NAME.man_conduit VALUES ('N244', NULL);
INSERT INTO SCHEMA_NAME.man_conduit VALUES ('N245', NULL);



INSERT INTO SCHEMA_NAME.man_junction VALUES ('N235', NULL);
INSERT INTO SCHEMA_NAME.man_junction VALUES ('N236', NULL);
INSERT INTO SCHEMA_NAME.man_junction VALUES ('N237', NULL);
INSERT INTO SCHEMA_NAME.man_junction VALUES ('N239', NULL);



INSERT INTO SCHEMA_NAME.man_storage VALUES ('N238', NULL);



INSERT INTO SCHEMA_NAME.raingage VALUES ('RG-01', 'VOLUME', '0:05', 1.0000, 'TIMESERIES', 'T5-5m', NULL, NULL, NULL, '0101000020E764000039A71EA280941941AB5F34D0B8755141');



INSERT INTO SCHEMA_NAME.subcatchment VALUES ('S100', 'N100', 'RG-01', 0.230975, 90.0000, 34.5744, 3.3912, 66.8052, NULL, 0.0130, 0.0250, 4.0401, 0.0000, 0.0000, 'IMPERVIOUS', 100.0000, NULL, NULL, NULL, NULL, NULL, NULL, NULL, NULL, 83.0000, 0.0000, 10.0000, 'sector_01', 'HC_DEFAULT', '0106000020E7640000010000000103000000010000000500000024D1020C91961941DDF315C00C755141FD956C61DA96194175049B3F1475514140BFA4EA8B971941D713DA06087551419E0B325E0A971941243C54EE0075514124D1020C91961941DDF315C00C755141');
INSERT INTO SCHEMA_NAME.subcatchment VALUES ('S101', 'N101', 'RG-01', 0.400475, 90.0000, 41.7699, 2.0855, 95.8764, NULL, 0.0130, 0.0250, 5.1269, 0.0000, 0.0000, 'IMPERVIOUS', 100.0000, NULL, NULL, NULL, NULL, NULL, NULL, NULL, NULL, 83.0000, 0.0000, 10.0000, 'sector_01', 'HC_DEFAULT', '0106000020E76400000100000001030000000100000008000000170E135EF896194177E26A9E3E7551414834A630E89519413E4928323F7551412E3A056F659519419FE601B5467551413AB8EFED5D95194178C6C09647755141898466336895194118254C9D4975514183E8AE6E4497194149C18A4448755141EA69F884369719413AB955DC44755141170E135EF896194177E26A9E3E755141');
INSERT INTO SCHEMA_NAME.subcatchment VALUES ('S102', 'N102', 'RG-01', 0.461787, 90.0000, 46.4229, 2.4805, 99.4740, NULL, 0.0130, 0.0250, 4.7091, 0.0000, 0.0000, 'IMPERVIOUS', 100.0000, NULL, NULL, NULL, NULL, NULL, NULL, NULL, NULL, 83.0000, 0.0000, 10.0000, 'sector_01', 'HC_DEFAULT', '0106000020E7640000010000000103000000010000000900000083E8AE6E4497194149C18A4448755141898466336895194118254C9D4975514130583D9F629519419F012B864E7551418A796B9870951941BACA3B2C517551411BCB34AB9B95194189E83A48537551412BC1A74E44961941BEEB328055755141EB2D39E6F796194119BCF5A450755141FA853DE752971941FA3023CD4975514183E8AE6E4497194149C18A4448755141');
INSERT INTO SCHEMA_NAME.subcatchment VALUES ('S104', 'N104', 'RG-01', 0.284292, 75.0000, 37.1995, 3.2114, 76.4236, NULL, 0.0130, 0.0250, 4.1494, 0.0000, 0.0000, 'IMPERVIOUS', 100.0000, NULL, NULL, NULL, NULL, NULL, NULL, NULL, NULL, 83.0000, 0.0000, 10.0000, 'sector_01', 'HC_DEFAULT', '0106000020E7640000010000000103000000010000000700000058C7480D4F961941C75D8D735E755141D485038CCF951941921224636375514149800D0F989519413B2CF8EA6B755141E2DF8EB5EC9619411721E95C6875514172A6E35206971941533A274B677551412538D453E29619417BA35DC26275514158C7480D4F961941C75D8D735E755141');
INSERT INTO SCHEMA_NAME.subcatchment VALUES ('S105', 'N105', 'RG-01', 0.307779, 90.0000, 37.7248, 3.3651, 81.5852, NULL, 0.0130, 0.0250, 4.0554, 0.0000, 0.0000, 'IMPERVIOUS', 100.0000, NULL, NULL, NULL, NULL, NULL, NULL, NULL, NULL, 83.0000, 0.0000, 10.0000, 'sector_01', 'HC_DEFAULT', '0106000020E76400000100000001030000000100000006000000BADB0CA8A4961941B90ADC5074755141E2DF8EB5EC9619411721E95C6875514149800D0F989519413B2CF8EA6B755141B0701CCF5C951941BB4D2F3F6F755141520CC669E395194129B6613874755141BADB0CA8A4961941B90ADC5074755141');
INSERT INTO SCHEMA_NAME.subcatchment VALUES ('S106', 'N106', 'RG-01', 0.329960, 90.0000, 37.4766, 4.3108, 88.0441, NULL, 0.0130, 0.0250, 3.5920, 0.0000, 0.0000, 'IMPERVIOUS', 100.0000, NULL, NULL, NULL, NULL, NULL, NULL, NULL, NULL, 83.0000, 0.0000, 10.0000, 'sector_01', 'HC_DEFAULT', '0106000020E76400000100000001030000000100000007000000ECF9186280991941C812C56F3D75514153FF908E75991941B396920B3D755141D8CB07D6229819418BEC25684F7551414BDA1CB73E98194139A50C055175514162F9273FF99819419C1E723E51755141EDF12A3B759919411C7A3E024A755141ECF9186280991941C812C56F3D755141');
INSERT INTO SCHEMA_NAME.subcatchment VALUES ('S107', 'N107', 'RG-01', 0.475573, 90.0000, 44.9560, 4.1584, 105.7862, NULL, 0.0130, 0.0250, 3.6559, 0.0000, 0.0000, 'IMPERVIOUS', 100.0000, NULL, NULL, NULL, NULL, NULL, NULL, NULL, NULL, 83.0000, 0.0000, 10.0000, 'sector_01', 'HC_DEFAULT', '0106000020E764000001000000010300000001000000070000009AED18561F991941655367DD367551411A4277F4E9981941FDB273FC34755141D1F7A1D5A4971941BEAA9BED4B7551412F2FED76AE971941F1A0046C4C755141D8CB07D6229819418BEC25684F75514153FF908E75991941B396920B3D7551419AED18561F991941655367DD36755141');
INSERT INTO SCHEMA_NAME.subcatchment VALUES ('S108', 'N108', 'RG-01', 0.508656, 90.0000, 46.7601, 4.3427, 108.7799, NULL, 0.0130, 0.0250, 3.5790, 0.0000, 0.0000, 'IMPERVIOUS', 100.0000, NULL, NULL, NULL, NULL, NULL, NULL, NULL, NULL, 83.0000, 0.0000, 10.0000, 'sector_01', 'HC_DEFAULT', '0106000020E76400000100000001030000000100000008000000647A202DAA9819415EBF3F6A3075514145856C616F9819417A7CDE592E755141EA69F884369719413AB955DC4475514183E8AE6E4497194149C18A4448755141FA853DE752971941FA3023CD49755141D1F7A1D5A4971941BEAA9BED4B7551411A4277F4E9981941FDB273FC34755141647A202DAA9819415EBF3F6A30755141');
INSERT INTO SCHEMA_NAME.subcatchment VALUES ('S109', 'N109', 'RG-01', 0.480717, 90.0000, 46.6806, 3.5634, 102.9801, NULL, 0.0130, 0.0250, 3.9432, 0.0000, 0.0000, 'IMPERVIOUS', 100.0000, NULL, NULL, NULL, NULL, NULL, NULL, NULL, NULL, 83.0000, 0.0000, 10.0000, 'sector_01', 'HC_DEFAULT', '0106000020E76400000100000001030000000100000007000000A8FF469A2E98194103238BB42975514134A9B00CEF9719414EDF84782775514106CFEFADEA961941CC0B8E0C3A755141170E135EF896194177E26A9E3E755141EA69F884369719413AB955DC4475514145856C616F9819417A7CDE592E755141A8FF469A2E98194103238BB429755141');
INSERT INTO SCHEMA_NAME.subcatchment VALUES ('S110', 'N110', 'RG-01', 0.482735, 90.0000, 49.6706, 2.7689, 97.1873, NULL, 0.0130, 0.0250, 4.4621, 0.0000, 0.0000, 'IMPERVIOUS', 100.0000, NULL, NULL, NULL, NULL, NULL, NULL, NULL, NULL, 83.0000, 0.0000, 10.0000, 'sector_01', 'HC_DEFAULT', '0106000020E764000001000000010300000001000000080000004B4C022B2E97194175E9F7CA1D755141365517481C971941A976D8821D7551418BC19627E296194146E3F6E4207551410F3B494AB89619419DCEC60C3675514106CFEFADEA961941CC0B8E0C3A75514134A9B00CEF9719414EDF8478277551417E49A2D6B6971941F845DD14237551414B4C022B2E97194175E9F7CA1D755141');
INSERT INTO SCHEMA_NAME.subcatchment VALUES ('S111', 'N111', 'RG-01', 0.304878, 80.0000, 39.5300, 4.1934, 77.1258, NULL, 0.0130, 0.0250, 3.6409, 0.0000, 0.0000, 'OUTLET', 100.0000, NULL, NULL, NULL, NULL, NULL, NULL, NULL, NULL, 82.9860, 0.0000, 10.0000, 'sector_01', 'HC_DEFAULT', '0106000020E7640000010000000103000000010000000D0000006CB4E06F8D9119414EDE7D609C755141DCB8102F729119413586CBF09B755141562CAE22709119410D72AF0E9C7551411330FF5A34911941FA272678AD755141261C1AAF5B911941106B5700AE755141CF57F07C689119419C0B5740AE7551414BD2CEF57091194134248C56AF755141F1486689BE91194113C1D1B7B2755141B6A507FCEE911941AD55093CB07551416CEA0728FD911941D923C30DAF7551419A3A0BD71B9219419281B3B8AB75514158D44FC6259219411DF1E1ACAA7551416CB4E06F8D9119414EDE7D609C755141');
INSERT INTO SCHEMA_NAME.subcatchment VALUES ('S112', 'N112', 'RG-01', 0.191748, 80.0000, 29.9673, 2.2840, 63.9858, NULL, 0.0130, 0.0250, 4.9035, 0.0000, 0.0000, 'IMPERVIOUS', 100.0000, NULL, NULL, NULL, NULL, NULL, NULL, NULL, NULL, 82.9998, 0.0000, 10.0000, 'sector_01', 'HC_DEFAULT', '0106000020E76400000100000001030000000100000007000000E5C413B877921941B6831053A075514175C419AED29119419235B3F09B7551416CB4E06F8D9119414EDE7D609C75514158D44FC6259219411DF1E1ACAA755141237549E43392194161315030A9755141457072CBA4921941C1D91D8EA4755141E5C413B877921941B6831053A0755141');
INSERT INTO SCHEMA_NAME.subcatchment VALUES ('S113', 'N113', 'RG-01', 0.093596, 90.0000, 22.0550, 2.5624, 42.4376, NULL, 0.0130, 0.0250, 4.6348, 0.0000, 0.0000, 'IMPERVIOUS', 100.0000, NULL, NULL, NULL, NULL, NULL, NULL, NULL, NULL, 84.3215, 0.0000, 10.0000, 'sector_01', 'HC_DEFAULT', '0106000020E76400000100000001030000000100000007000000D858338EEE921941B8B3C96F99755141E5C413B877921941B6831053A0755141457072CBA4921941C1D91D8EA47551410EBE46E8AD921941095C602EA4755141CE507EC7BD9219413E40F37EA375514108E0283B29931941DEF0F9F09E755141D858338EEE921941B8B3C96F99755141');
INSERT INTO SCHEMA_NAME.subcatchment VALUES ('S114', 'N114', 'RG-01', 0.198905, 80.0000, 33.5638, 2.7867, 59.2616, NULL, 0.0130, 0.0250, 4.4481, 0.0000, 0.0000, 'IMPERVIOUS', 100.0000, NULL, NULL, NULL, NULL, NULL, NULL, NULL, NULL, 88.4274, 0.0000, 10.0000, 'sector_01', 'HC_DEFAULT', '0106000020E76400000100000001030000000100000007000000F84A17503C9319417037BFB08E755141DCEB0AF6E7921941EC33FAE98F75514132C437E7E1921941AA1E8AC490755141D858338EEE921941B8B3C96F9975514108E0283B29931941DEF0F9F09E755141888163A7AD9319410C170A5499755141F84A17503C9319417037BFB08E755141');
INSERT INTO SCHEMA_NAME.subcatchment VALUES ('S115', 'N115', 'RG-01', 0.131476, 90.0000, 24.7074, 3.3851, 53.2131, NULL, 0.0130, 0.0250, 4.0437, 0.0000, 0.0000, 'IMPERVIOUS', 100.0000, NULL, NULL, NULL, NULL, NULL, NULL, NULL, NULL, 82.9997, 0.0000, 10.0000, 'sector_01', 'HC_DEFAULT', '0106000020E7640000010000000103000000010000000700000098EF15F5159419410F18861391755141CAC5EF10429319413DAC27658E755141F84A17503C9319417037BFB08E755141888163A7AD9319410C170A54997551418C51FCBE16941941A49DABDF94755141F34219E831941941C8A012B39375514198EF15F5159419410F18861391755141');
INSERT INTO SCHEMA_NAME.subcatchment VALUES ('S116', 'N116', 'RG-01', 0.112172, 90.0000, 22.8738, 4.4456, 49.0397, NULL, 0.0130, 0.0250, 3.5382, 0.0000, 0.0000, 'IMPERVIOUS', 100.0000, NULL, NULL, NULL, NULL, NULL, NULL, NULL, NULL, 82.9998, 0.0000, 10.0000, 'sector_01', 'HC_DEFAULT', '0106000020E76400000100000001030000000100000006000000842BB523559419415F99F7F68475514198EF15F5159419410F18861391755141F34219E831941941C8A012B393755141228F577EA294194153E606D58E755141065B27B2B59419419931F8068E755141842BB523559419415F99F7F684755141');
INSERT INTO SCHEMA_NAME.subcatchment VALUES ('S117', 'N117', 'RG-01', 0.267894, 90.0000, 36.6413, 4.2255, 73.1125, NULL, 0.0130, 0.0250, 3.6273, 0.0000, 0.0000, 'IMPERVIOUS', 100.0000, NULL, NULL, NULL, NULL, NULL, NULL, NULL, NULL, 83.0000, 0.0000, 10.0000, 'sector_01', 'HC_DEFAULT', '0106000020E764000001000000010300000001000000070000001E6339208A94194137FE45E5777551413EAFA52171941941F7D972147A75514136FB565B49941941B94CE0A381755141842BB523559419415F99F7F684755141065B27B2B59419419931F8068E75514113278F933A951941AF6E0D75887551411E6339208A94194137FE45E577755141');
INSERT INTO SCHEMA_NAME.subcatchment VALUES ('S118', 'N118', 'RG-01', 0.339133, 90.0000, 41.7312, 3.9658, 81.2659, NULL, 0.0130, 0.0250, 3.7418, 0.0000, 0.0000, 'IMPERVIOUS', 100.0000, NULL, NULL, NULL, NULL, NULL, NULL, NULL, NULL, 83.0000, 0.0000, 10.0000, 'sector_01', 'HC_DEFAULT', '0106000020E764000001000000010300000001000000080000008432BAD70B9519412628700772755141B2914934C09419414A52D93F737551415CE553F99D941941D294566B747551411E6339208A94194137FE45E57775514113278F933A951941AF6E0D758875514157EF873869951941D3F9848086755141D85B5786BD9519410156AEB4827551418432BAD70B9519412628700772755141');
INSERT INTO SCHEMA_NAME.subcatchment VALUES ('S119', 'N119', 'RG-01', 0.284535, 90.0000, 37.9419, 3.8054, 74.9921, NULL, 0.0130, 0.0250, 3.8183, 0.0000, 0.0000, 'IMPERVIOUS', 100.0000, NULL, NULL, NULL, NULL, NULL, NULL, NULL, NULL, 83.0000, 0.0000, 10.0000, 'sector_01', 'HC_DEFAULT', '0106000020E76400000100000001030000000100000008000000520CC669E395194129B6613874755141B0701CCF5C951941BB4D2F3F6F755141A5F98EB655951941F211EA5A6F7551418432BAD70B9519412628700772755141D85B5786BD9519410156AEB482755141A92F2882CF95194160805EE581755141CC0824CB41961941882219147D755141520CC669E395194129B6613874755141');
INSERT INTO SCHEMA_NAME.subcatchment VALUES ('S120', 'N120', 'RG-01', 0.115617, 90.0000, 23.7371, 3.0499, 48.7073, NULL, 0.0130, 0.0250, 4.2556, 0.0000, 0.0000, 'IMPERVIOUS', 100.0000, NULL, NULL, NULL, NULL, NULL, NULL, NULL, NULL, 83.0000, 0.0000, 10.0000, 'sector_01', 'HC_DEFAULT', '0106000020E76400000100000001030000000100000005000000BADB0CA8A4961941B90ADC5074755141520CC669E395194129B6613874755141CC0824CB41961941882219147D75514107605671C6961941CF22A87C77755141BADB0CA8A4961941B90ADC5074755141');
INSERT INTO SCHEMA_NAME.subcatchment VALUES ('S121', 'N121', 'RG-01', 0.207479, 75.0000, 33.5392, 3.7636, 61.8617, NULL, 0.0130, 0.0250, 3.8390, 0.0000, 0.0000, 'IMPERVIOUS', 100.0000, NULL, NULL, NULL, NULL, NULL, NULL, NULL, NULL, 83.0000, 0.0000, 10.0000, 'sector_01', 'HC_DEFAULT', '0106000020E7640000010000000103000000010000000A00000072A6E35206971941533A274B67755141E2DF8EB5EC9619411721E95C68755141BADB0CA8A4961941B90ADC507475514107605671C6961941CF22A87C7775514152C32938F4961941CA2EAC8E757551411AF2646F3C971941450EBC8972755141607A028C74971941EC8C4FFD6F7551415E98D2DC959719418F3D3E2E6E7551413E9DDC1D46971941489008216875514172A6E35206971941533A274B67755141');
INSERT INTO SCHEMA_NAME.subcatchment VALUES ('S122', 'N122', 'RG-01', 0.190926, 75.0000, 31.4095, 2.4588, 60.7860, NULL, 0.0130, 0.0250, 4.7295, 0.0000, 0.0000, 'IMPERVIOUS', 100.0000, NULL, NULL, NULL, NULL, NULL, NULL, NULL, NULL, 83.0000, 0.0000, 10.0000, 'sector_01', 'HC_DEFAULT', '0106000020E7640000010000000103000000010000000700000016581BB32E98194143BDE26F6075514113C68D258A9719410A5BB9B9627551413E9DDC1D4697194148900821687551415E98D2DC959719418F3D3E2E6E7551410E2277D1FD9719418BB3528968755141032EEEF1599819418093E3756375514116581BB32E98194143BDE26F60755141');
INSERT INTO SCHEMA_NAME.subcatchment VALUES ('S123', 'N123', 'RG-01', 0.134797, 90.0000, 27.6742, 3.4757, 48.7085, NULL, 0.0130, 0.0250, 3.9917, 0.0000, 0.0000, 'IMPERVIOUS', 100.0000, NULL, NULL, NULL, NULL, NULL, NULL, NULL, NULL, 82.9998, 0.0000, 10.0000, 'sector_01', 'HC_DEFAULT', '0106000020E764000001000000010300000001000000090000007AB86FF4ED9A194134886AA737755141E711D567939A1941B625A81C3E7551415A387F96DA9A1941FDB2B0034475514157B9AAA90F9B1941DD20B1D541755141FBA5FFC7609B1941C47A4C7A3E7551418C364174389B19412E5E86353A75514116346A7D2F9B1941719E0F533A7551419B0F7B81139B1941EDB4F1B5397551417AB86FF4ED9A194134886AA737755141');
INSERT INTO SCHEMA_NAME.subcatchment VALUES ('S124', 'N124', 'RG-01', 0.237351, 90.0000, 35.7880, 2.2638, 66.3214, NULL, 0.0130, 0.0250, 4.9249, 0.0000, 0.0000, 'IMPERVIOUS', 100.0000, NULL, NULL, NULL, NULL, NULL, NULL, NULL, NULL, 82.9999, 0.0000, 10.0000, 'sector_01', 'HC_DEFAULT', '0106000020E7640000010000000103000000010000000900000053F4DDB9CD991941E0BC75703E755141867071F5A79919412F4935713D755141ECF9186280991941C812C56F3D755141EDF12A3B759919411C7A3E024A7551415B7AECC5BD991941AA20060C507551417C7E11D9C4991941F661D3AE4F75514137150EB0FB991941D03DF4414D75514172AF9FD3499A19411A1D51FF4975514153F4DDB9CD991941E0BC75703E755141');
INSERT INTO SCHEMA_NAME.subcatchment VALUES ('S125', 'N125', 'RG-01', 0.180122, 90.0000, 30.3461, 3.6769, 59.3559, NULL, 0.0130, 0.0250, 3.8831, 0.0000, 0.0000, 'IMPERVIOUS', 100.0000, NULL, NULL, NULL, NULL, NULL, NULL, NULL, NULL, 82.9999, 0.0000, 10.0000, 'sector_01', 'HC_DEFAULT', '0106000020E76400000100000001030000000100000006000000E711D567939A1941B625A81C3E75514153F4DDB9CD991941E0BC75703E75514172AF9FD3499A19411A1D51FF497551411C58D480839A19411A4D3F97477551415A387F96DA9A1941FDB2B00344755141E711D567939A1941B625A81C3E755141');
INSERT INTO SCHEMA_NAME.subcatchment VALUES ('S126', 'N126', 'RG-01', 0.309737, 90.0000, 40.0102, 4.5459, 77.4146, NULL, 0.0130, 0.0250, 3.4997, 0.0000, 0.0000, 'IMPERVIOUS', 100.0000, NULL, NULL, NULL, NULL, NULL, NULL, NULL, NULL, 83.0000, 0.0000, 10.0000, 'sector_01', 'HC_DEFAULT', '0106000020E76400000100000001030000000100000008000000FD956C61DA96194175049B3F147551411D05087EE196194113D63E0F17755141365517481C971941A976D8821D7551414B4C022B2E97194175E9F7CA1D755141878D990E0398194148EBBC930E755141F9DF8C75EF97194183D2A17A0D75514140BFA4EA8B971941D713DA0608755141FD956C61DA96194175049B3F14755141');
INSERT INTO SCHEMA_NAME.subcatchment VALUES ('S127', 'N127', 'RG-01', 0.308680, 90.0000, 39.3687, 7.5595, 78.4076, NULL, 0.0130, 0.0250, 2.7277, 0.0000, 0.0000, 'IMPERVIOUS', 100.0000, NULL, NULL, NULL, NULL, NULL, NULL, NULL, NULL, 83.0000, 0.0000, 10.0000, 'sector_01', 'HC_DEFAULT', '0106000020E764000001000000010300000001000000060000004B4C022B2E97194175E9F7CA1D7551417E49A2D6B6971941F845DD1423755141289BE1467B981941FB19D13715755141EF2184EF22981941B0B9FE5C10755141878D990E0398194148EBBC930E7551414B4C022B2E97194175E9F7CA1D755141');
INSERT INTO SCHEMA_NAME.subcatchment VALUES ('S128', 'N128', 'RG-01', 0.304191, 90.0000, 39.8457, 4.6477, 76.3423, NULL, 0.0130, 0.0250, 3.4619, 0.0000, 0.0000, 'IMPERVIOUS', 100.0000, NULL, NULL, NULL, NULL, NULL, NULL, NULL, NULL, 83.0000, 0.0000, 10.0000, 'sector_01', 'HC_DEFAULT', '0106000020E764000001000000010300000001000000070000007E49A2D6B6971941F845DD142375514134A9B00CEF9719414EDF847827755141A8FF469A2E98194103238BB429755141D0D77287F3981941E65135D11B7551418D640477C19819412C52401319755141289BE1467B981941FB19D137157551417E49A2D6B6971941F845DD1423755141');
INSERT INTO SCHEMA_NAME.subcatchment VALUES ('S129', 'N129', 'RG-01', 0.305846, 90.0000, 39.9810, 3.9675, 76.4977, NULL, 0.0130, 0.0250, 3.7410, 0.0000, 0.0000, 'IMPERVIOUS', 100.0000, NULL, NULL, NULL, NULL, NULL, NULL, NULL, NULL, 83.0000, 0.0000, 10.0000, 'sector_01', 'HC_DEFAULT', '0106000020E76400000100000001030000000100000006000000A8FF469A2E98194103238BB42975514145856C616F9819417A7CDE592E755141647A202DAA9819415EBF3F6A307551415677C7F66A9919413C5BD25B22755141D0D77287F3981941E65135D11B755141A8FF469A2E98194103238BB429755141');
INSERT INTO SCHEMA_NAME.subcatchment VALUES ('S130', 'N130', 'RG-01', 0.300095, 90.0000, 39.4831, 2.4328, 76.0059, NULL, 0.0130, 0.0250, 4.7542, 0.0000, 0.0000, 'IMPERVIOUS', 100.0000, NULL, NULL, NULL, NULL, NULL, NULL, NULL, NULL, 83.0000, 0.0000, 10.0000, 'sector_01', 'HC_DEFAULT', '0106000020E764000001000000010300000001000000070000005677C7F66A9919413C5BD25B22755141647A202DAA9819415EBF3F6A307551411A4277F4E9981941FDB273FC347551419AED18561F991941655367DD36755141C423FD06E49919410B78020329755141C28F3A95B799194168541B8E267551415677C7F66A9919413C5BD25B22755141');
INSERT INTO SCHEMA_NAME.subcatchment VALUES ('S131', 'N131', 'RG-01', 0.324589, 90.0000, 41.7200, 2.6601, 77.8018, NULL, 0.0130, 0.0250, 4.5506, 0.0000, 0.0000, 'IMPERVIOUS', 100.0000, NULL, NULL, NULL, NULL, NULL, NULL, NULL, NULL, 83.0000, 0.0000, 10.0000, 'sector_01', 'HC_DEFAULT', '0106000020E76400000100000001030000000100000007000000C423FD06E49919410B780203297551419AED18561F991941655367DD3675514153FF908E75991941B396920B3D755141ECF9186280991941C812C56F3D755141867071F5A79919412F4935713D7551411263FFDF629A1941747CF20530755141C423FD06E49919410B78020329755141');
INSERT INTO SCHEMA_NAME.subcatchment VALUES ('S132', 'N132', 'RG-01', 0.254101, 90.0000, 36.0482, 3.8676, 70.4892, NULL, 0.0130, 0.0250, 3.7881, 0.0000, 0.0000, 'IMPERVIOUS', 100.0000, NULL, NULL, NULL, NULL, NULL, NULL, NULL, NULL, 83.0000, 0.0000, 10.0000, 'sector_01', 'HC_DEFAULT', '0106000020E764000001000000010300000001000000080000001263FFDF629A1941747CF20530755141867071F5A79919412F4935713D75514153F4DDB9CD991941E0BC75703E755141E711D567939A1941B625A81C3E7551417AB86FF4ED9A194134886AA737755141967E18D1989A1941B8E9A2FD327551415799F5F96A9A194179BE9578307551411263FFDF629A1941747CF20530755141');
INSERT INTO SCHEMA_NAME.subcatchment VALUES ('S233', 'N233', 'RG-01', 0.188066, 90.0000, 27.6758, 2.3739, 67.9532, NULL, 0.0130, 0.0250, 4.8116, 0.0000, 0.0000, 'IMPERVIOUS', 100.0000, NULL, NULL, NULL, NULL, NULL, NULL, NULL, NULL, 83.0000, 0.0000, 10.0000, 'sector_01', 'HC_DEFAULT', '0106000020E764000001000000010300000001000000060000008BC19627E296194146E3F6E420755141B675E1B2DF961941312998F420755141CFAFEAEB2F961941D3D4EF422B7551412A5A197081961941AE9FCAB7347551410F3B494AB89619419DCEC60C367551418BC19627E296194146E3F6E420755141');
INSERT INTO SCHEMA_NAME.subcatchment VALUES ('S234', 'N234', 'RG-01', 0.062430, 90.0000, 17.4549, 1.8738, 35.7664, NULL, 0.0130, 0.0250, 5.4029, 0.0000, 0.0000, 'IMPERVIOUS', 100.0000, NULL, NULL, NULL, NULL, NULL, NULL, NULL, NULL, 82.7493, 0.0000, 10.0000, 'sector_01', 'HC_DEFAULT', '0106000020E764000001000000010300000001000000060000008C364174389B19412E5E86353A755141FBA5FFC7609B1941C47A4C7A3E75514102BC9D24D69B19419AEEEE9E3975514149E67282AE9B1941F5E7A8EA3575514104A3A7874C9B1941AD9860F3397551418C364174389B19412E5E86353A755141');
INSERT INTO SCHEMA_NAME.subcatchment VALUES ('S29', 'N29', 'RG-01', 0.274382, 80.0000, 37.9551, 5.3878, 72.2912, NULL, 0.0130, 0.0250, 3.2201, 0.0000, 0.0000, 'IMPERVIOUS', 100.0000, NULL, NULL, NULL, NULL, NULL, NULL, NULL, NULL, 83.2066, 0.0000, 10.0000, 'sector_01', 'HC_DEFAULT', '0106000020E7640000010000000103000000010000000B000000562CAE22709119410D72AF0E9C755141D9B7692771901941A89AC6F79E755141963967D074901941DE6A3822A1755141508353498290194114408CE5A3755141E9171E6799901941FFF9E7ACA6755141C610C055A790194111DE45CFA7755141BA3A6DEDE3901941166D9E0BAB75514106F82EB605911941B0128B50AC75514141DACB7832911941E552A071AD7551411330FF5A34911941FA272678AD755141562CAE22709119410D72AF0E9C755141');
INSERT INTO SCHEMA_NAME.subcatchment VALUES ('S30', 'N30', 'RG-01', 0.296064, 80.0000, 40.8735, 7.1067, 72.4342, NULL, 0.0130, 0.0250, 2.8116, 0.0000, 0.0000, 'IMPERVIOUS', 100.0000, NULL, NULL, NULL, NULL, NULL, NULL, NULL, NULL, 83.0296, 0.0000, 10.0000, 'sector_01', 'HC_DEFAULT', '0106000020E764000001000000010300000001000000090000008791DF23659119410B7EFF9A967551415EC3273BEC901941F7054163907551419C9F4F3B66901941CDE7769890755141EAF3D9C569901941E29EB23697755141FE625D7E6E901941E996C7649D755141D9B7692771901941A89AC6F79E755141562CAE22709119410D72AF0E9C755141DCB8102F729119413586CBF09B7551418791DF23659119410B7EFF9A96755141');
INSERT INTO SCHEMA_NAME.subcatchment VALUES ('S31', 'N31', 'RG-01', 0.121841, 90.0000, 25.8648, 12.7388, 47.1069, NULL, 0.0130, 0.0250, 2.1123, 0.0000, 0.0000, 'IMPERVIOUS', 100.0000, NULL, NULL, NULL, NULL, NULL, NULL, NULL, NULL, 83.0000, 0.0000, 10.0000, 'sector_01', 'HC_DEFAULT', '0106000020E764000001000000010300000001000000080000005EC3273BEC901941F70541639075514133F41BEDD09019418F2CEB7686755141CDD883D9629019410A7E6C98867551417295283C6390194158FE50E9877551414A60BC23659019419C667AD58C7551416BE26F69659019413F223B108F7551419C9F4F3B66901941CDE77698907551415EC3273BEC901941F705416390755141');
INSERT INTO SCHEMA_NAME.subcatchment VALUES ('S32', 'N32', 'RG-01', 0.179799, 90.0000, 29.5274, 13.4373, 60.8923, NULL, 0.0130, 0.0250, 2.0577, 0.0000, 0.0000, 'IMPERVIOUS', 100.0000, NULL, NULL, NULL, NULL, NULL, NULL, NULL, NULL, 83.0000, 0.0000, 10.0000, 'sector_01', 'HC_DEFAULT', '0106000020E764000001000000010300000001000000070000009989F44857911941293C9A4A7C75514136E1EBC3579119417B6D6B337C755141BA0AFC585F901941AB35D5A07C755141A3F8E15E62901941D8719AF584755141CDD883D9629019410A7E6C988675514133F41BEDD09019418F2CEB76867551419989F44857911941293C9A4A7C755141');
INSERT INTO SCHEMA_NAME.subcatchment VALUES ('S33', 'N33', 'RG-01', 0.220588, 90.0000, 33.9808, 0.4185, 64.9154, NULL, 0.0130, 0.0250, 11.2625, 0.0000, 0.0000, 'IMPERVIOUS', 100.0000, NULL, NULL, NULL, NULL, NULL, NULL, NULL, NULL, 83.0000, 0.0000, 10.0000, 'sector_01', 'HC_DEFAULT', '0106000020E7640000010000000103000000010000000600000051542C487391194158B7E61B7A755141DC564CDBEB9019415947A56C727551418C61FBB75B901941F4FC9CA072755141BA0AFC585F901941AB35D5A07C75514136E1EBC3579119417B6D6B337C75514151542C487391194158B7E61B7A755141');
INSERT INTO SCHEMA_NAME.subcatchment VALUES ('S34', 'N34', 'RG-01', 0.131856, 90.0000, 27.0182, 0.8967, 48.8026, NULL, 0.0130, 0.0250, 7.7530, 0.0000, 0.0000, 'IMPERVIOUS', 100.0000, NULL, NULL, NULL, NULL, NULL, NULL, NULL, NULL, 83.0000, 0.0000, 10.0000, 'sector_01', 'HC_DEFAULT', '0106000020E76400000100000001030000000100000006000000DC564CDBEB9019415947A56C72755141901F9A76CF9019415B62096F68755141A8A1AF0558901941D16189A7687551415CE8248D5890194111A70AE6697551418C61FBB75B901941F4FC9CA072755141DC564CDBEB9019415947A56C72755141');
INSERT INTO SCHEMA_NAME.subcatchment VALUES ('S35', 'N35', 'RG-01', 0.247198, 90.0000, 34.2078, 3.9426, 72.2636, NULL, 0.0130, 0.0250, 3.7526, 0.0000, 0.0000, 'IMPERVIOUS', 100.0000, NULL, NULL, NULL, NULL, NULL, NULL, NULL, NULL, 83.0000, 0.0000, 10.0000, 'sector_01', 'HC_DEFAULT', '0106000020E764000001000000010300000001000000070000004F18D0DCD0921941C55F262361755141702DA9D12C9219410242FB3563755141B0A2F9996C921941847B0A6D76755141FA98B2F16D9219413B78226F76755141B43EB93A7492194158953B2376755141B8CED075EF921941E14AB0AB6A7551414F18D0DCD0921941C55F262361755141');
INSERT INTO SCHEMA_NAME.subcatchment VALUES ('S36', 'N36', 'RG-01', 0.203803, 90.0000, 30.8750, 5.8804, 66.0090, NULL, 0.0130, 0.0250, 3.0850, 0.0000, 0.0000, 'IMPERVIOUS', 100.0000, NULL, NULL, NULL, NULL, NULL, NULL, NULL, NULL, 82.1243, 0.0000, 10.0000, 'sector_01', 'HC_DEFAULT', '0106000020E764000001000000010300000001000000050000009F23B7164293194135085910577551414F18D0DCD0921941C55F262361755141B8CED075EF921941E14AB0AB6A7551414D3A7FEB7F9319412D0E95ED687551419F23B716429319413508591057755141');
INSERT INTO SCHEMA_NAME.subcatchment VALUES ('S37', 'N37', 'RG-01', 0.364049, 90.0000, 41.6009, 5.1679, 87.5099, NULL, 0.0130, 0.0250, 3.2866, 0.0000, 0.0000, 'IMPERVIOUS', 100.0000, NULL, NULL, NULL, NULL, NULL, NULL, NULL, NULL, 83.0000, 0.0000, 10.0000, 'sector_01', 'HC_DEFAULT', '0106000020E764000001000000010300000001000000060000001B6171C511951941E58D21EA59755141361FF3C1799419415450C4C85B755141B2914934C09419414A52D93F737551418432BAD70B9519412628700772755141A5F98EB655951941F211EA5A6F7551411B6171C511951941E58D21EA59755141');
INSERT INTO SCHEMA_NAME.subcatchment VALUES ('S38', 'N38', 'RG-01', 0.347962, 90.0000, 39.0026, 3.9326, 89.2150, NULL, 0.0130, 0.0250, 3.7573, 0.0000, 0.0000, 'IMPERVIOUS', 100.0000, NULL, NULL, NULL, NULL, NULL, NULL, NULL, NULL, 83.0000, 0.0000, 10.0000, 'sector_01', 'HC_DEFAULT', '0106000020E764000001000000010300000001000000080000001BCB34AB9B95194189E83A48537551418A796B9870951941BACA3B2C517551411B6171C511951941E58D21EA59755141A5F98EB655951941F211EA5A6F755141B0701CCF5C951941BB4D2F3F6F75514149800D0F989519413B2CF8EA6B755141D485038CCF95194192122463637551411BCB34AB9B95194189E83A4853755141');
INSERT INTO SCHEMA_NAME.subcatchment VALUES ('S39', 'N39', 'RG-01', 0.189756, 90.0000, 31.2450, 3.4570, 60.7317, NULL, 0.0130, 0.0250, 4.0022, 0.0000, 0.0000, 'IMPERVIOUS', 100.0000, NULL, NULL, NULL, NULL, NULL, NULL, NULL, NULL, 83.0000, 0.0000, 10.0000, 'sector_01', 'HC_DEFAULT', '0106000020E764000001000000010300000001000000050000002BC1A74E44961941BEEB3280557551411BCB34AB9B95194189E83A4853755141D485038CCF951941921224636375514158C7480D4F961941C75D8D735E7551412BC1A74E44961941BEEB328055755141');
INSERT INTO SCHEMA_NAME.subcatchment VALUES ('S40', 'N40', 'RG-01', 0.221022, 90.0000, 33.4654, 2.3305, 66.0449, NULL, 0.0130, 0.0250, 4.8553, 0.0000, 0.0000, 'IMPERVIOUS', 100.0000, NULL, NULL, NULL, NULL, NULL, NULL, NULL, NULL, 83.0000, 0.0000, 10.0000, 'sector_01', 'HC_DEFAULT', '0106000020E76400000100000001030000000100000005000000EB2D39E6F796194119BCF5A4507551412BC1A74E44961941BEEB32805575514158C7480D4F961941C75D8D735E7551412538D453E29619417BA35DC262755141EB2D39E6F796194119BCF5A450755141');
INSERT INTO SCHEMA_NAME.subcatchment VALUES ('S41', 'N41', 'RG-01', 0.450326, 75.0000, 47.0289, 3.3318, 95.7553, NULL, 0.0130, 0.0250, 4.0752, 0.0000, 0.0000, 'IMPERVIOUS', 100.0000, NULL, NULL, NULL, NULL, NULL, NULL, NULL, NULL, 83.0000, 0.0000, 10.0000, 'sector_01', 'HC_DEFAULT', '0106000020E76400000100000001030000000100000009000000FA853DE752971941FA3023CD49755141EB2D39E6F796194119BCF5A4507551412538D453E29619417BA35DC26275514172A6E35206971941533A274B677551413E9DDC1D46971941489008216875514113C68D258A9719410A5BB9B9627551412F2FED76AE971941F1A0046C4C755141D1F7A1D5A4971941BEAA9BED4B755141FA853DE752971941FA3023CD49755141');
INSERT INTO SCHEMA_NAME.subcatchment VALUES ('S42', 'N42', 'RG-01', 0.305813, 90.0000, 39.0452, 2.9231, 78.3229, NULL, 0.0130, 0.0250, 4.3451, 0.0000, 0.0000, 'IMPERVIOUS', 100.0000, NULL, NULL, NULL, NULL, NULL, NULL, NULL, NULL, 83.0000, 0.0000, 10.0000, 'sector_01', 'HC_DEFAULT', '0106000020E76400000100000001030000000100000007000000D8CB07D6229819418BEC25684F7551412F2FED76AE971941F1A0046C4C75514113C68D258A9719410A5BB9B96275514116581BB32E98194143BDE26F607551415CC3317C459819413100C271527551414BDA1CB73E98194139A50C0551755141D8CB07D6229819418BEC25684F755141');
INSERT INTO SCHEMA_NAME.subcatchment VALUES ('S43', 'N43', 'RG-01', 0.143452, 90.0000, 25.7286, 3.8499, 55.7560, NULL, 0.0130, 0.0250, 3.7966, 0.0000, 0.0000, 'IMPERVIOUS', 100.0000, NULL, NULL, NULL, NULL, NULL, NULL, NULL, NULL, 83.0000, 0.0000, 10.0000, 'sector_01', 'HC_DEFAULT', '0106000020E764000001000000010300000001000000060000005CC3317C459819413100C2715275514116581BB32E98194143BDE26F60755141032EEEF1599819418093E37563755141516D72D779981941AE43FEB361755141B96005F8D2981941555589CE5C7551415CC3317C459819413100C27152755141');
INSERT INTO SCHEMA_NAME.subcatchment VALUES ('S44', 'N44', 'RG-01', 0.168838, 90.0000, 29.1945, 3.7558, 57.8319, NULL, 0.0130, 0.0250, 3.8429, 0.0000, 0.0000, 'IMPERVIOUS', 100.0000, NULL, NULL, NULL, NULL, NULL, NULL, NULL, NULL, 83.0000, 0.0000, 10.0000, 'sector_01', 'HC_DEFAULT', '0106000020E7640000010000000103000000010000000600000062F9273FF99819419C1E723E517551414BDA1CB73E98194139A50C05517551415CC3317C459819413100C27152755141B96005F8D2981941555589CE5C755141D2E924204599194114B312895675514162F9273FF99819419C1E723E51755141');
INSERT INTO SCHEMA_NAME.subcatchment VALUES ('S45', 'N45', 'RG-01', 0.119750, 90.0000, 25.5099, 4.4105, 46.9425, NULL, 0.0130, 0.0250, 3.5519, 0.0000, 0.0000, 'IMPERVIOUS', 100.0000, NULL, NULL, NULL, NULL, NULL, NULL, NULL, NULL, 82.9999, 0.0000, 10.0000, 'sector_01', 'HC_DEFAULT', '0106000020E76400000100000001030000000100000007000000EDF12A3B759919411C7A3E024A75514162F9273FF99819419C1E723E51755141D2E924204599194114B31289567551412843B6C34F9919415A5273F355755141842711D79D991941A0F0AFB0517551415B7AECC5BD991941AA20060C50755141EDF12A3B759919411C7A3E024A755141');
INSERT INTO SCHEMA_NAME.subcatchment VALUES ('S46', 'N46', 'RG-01', 0.127909, 90.0000, 26.8648, 0.9511, 47.6121, NULL, 0.0130, 0.0250, 7.5324, 0.0000, 0.0000, 'IMPERVIOUS', 100.0000, NULL, NULL, NULL, NULL, NULL, NULL, NULL, NULL, 82.2439, 0.0000, 10.0000, 'sector_01', 'HC_DEFAULT', '0106000020E764000001000000010300000001000000060000003255907703911941FC054AD46375514188B343B687901941116905905E755141D90B62C553901941275297A85E755141A8A1AF0558901941D16189A768755141901F9A76CF9019415B62096F687551413255907703911941FC054AD463755141');
INSERT INTO SCHEMA_NAME.subcatchment VALUES ('S47', 'N47', 'RG-01', 0.093031, 90.0000, 21.2232, 1.5897, 43.8347, NULL, 0.0130, 0.0250, 5.8563, 0.0000, 0.0000, 'IMPERVIOUS', 100.0000, NULL, NULL, NULL, NULL, NULL, NULL, NULL, NULL, 82.1423, 0.0000, 10.0000, 'sector_01', 'HC_DEFAULT', '0106000020E7640000010000000103000000010000000600000088B343B687901941116905905E7551415612AA98D590194161E6E969547551414A052DB54F9019413B673BA9547551418A73D99850901941892A113257755141D90B62C553901941275297A85E75514188B343B687901941116905905E755141');
INSERT INTO SCHEMA_NAME.subcatchment VALUES ('S48', 'N48', 'RG-01', 0.183509, 90.0000, 31.6946, 3.2576, 57.8992, NULL, 0.0130, 0.0250, 4.1205, 0.0000, 0.0000, 'IMPERVIOUS', 100.0000, NULL, NULL, NULL, NULL, NULL, NULL, NULL, NULL, 83.0000, 0.0000, 10.0000, 'sector_01', 'HC_DEFAULT', '0106000020E764000001000000010300000001000000060000005612AA98D590194161E6E96954755141885BCA30ED9019419E3735C0537551418CDD974C229119412FBB57444A7551416CB304334C90194163A99EA94A7551414A052DB54F9019413B673BA9547551415612AA98D590194161E6E96954755141');
INSERT INTO SCHEMA_NAME.subcatchment VALUES ('S49', 'N49', 'RG-01', 0.249422, 90.0000, 36.3395, 5.5564, 68.6366, NULL, 0.0130, 0.0250, 3.1719, 0.0000, 0.0000, 'IMPERVIOUS', 100.0000, NULL, NULL, NULL, NULL, NULL, NULL, NULL, NULL, 83.0000, 0.0000, 10.0000, 'sector_01', 'HC_DEFAULT', '0106000020E76400000100000001030000000100000008000000FA997272669119417E7DBD94437551418FAC301E45911941E7501947427551412CBFAD9E47901941EE37FB483F755141434E0D394A9019410849B107457551416CB304334C90194163A99EA94A7551418CDD974C229119412FBB57444A755141809033F354911941D01656F446755141FA997272669119417E7DBD9443755141');
INSERT INTO SCHEMA_NAME.subcatchment VALUES ('S50', 'N50', 'RG-01', 0.170611, 90.0000, 28.1550, 8.1967, 60.5970, NULL, 0.0130, 0.0250, 2.6217, 0.0000, 0.0000, 'IMPERVIOUS', 100.0000, NULL, NULL, NULL, NULL, NULL, NULL, NULL, NULL, 82.9999, 0.0000, 10.0000, 'sector_01', 'HC_DEFAULT', '0106000020E764000001000000010300000001000000090000008FAC301E45911941E750194742755141CD9F0AF2BE9019413D0C28833575514163AA6459B6901941ACC112DE35755141A87195B4749019415932C57838755141C1EDCA686290194107D27338387551417EF5D08E46901941CB3AF8F03C7551417EF5D08E469019412075F8F03C7551412CBFAD9E47901941EE37FB483F7551418FAC301E45911941E750194742755141');
INSERT INTO SCHEMA_NAME.subcatchment VALUES ('S51', 'N51', 'RG-01', 0.363698, 90.0000, 43.2363, 2.7170, 84.1188, NULL, 0.0130, 0.0250, 4.5036, 0.0000, 0.0000, 'IMPERVIOUS', 100.0000, NULL, NULL, NULL, NULL, NULL, NULL, NULL, NULL, 83.0000, 0.0000, 10.0000, 'sector_01', 'HC_DEFAULT', '0106000020E76400000100000001030000000100000007000000563460A76C911941BD4DA324617551413255907703911941FC054AD463755141901F9A76CF9019415B62096F68755141DC564CDBEB9019415947A56C7275514151542C487391194158B7E61B7A755141FCFF46DCBB91194161C67FA078755141563460A76C911941BD4DA32461755141');
INSERT INTO SCHEMA_NAME.subcatchment VALUES ('S52', 'N52', 'RG-01', 0.436791, 90.0000, 47.3296, 4.2295, 92.2872, NULL, 0.0130, 0.0250, 3.6256, 0.0000, 0.0000, 'IMPERVIOUS', 100.0000, NULL, NULL, NULL, NULL, NULL, NULL, NULL, NULL, 83.0000, 0.0000, 10.0000, 'sector_01', 'HC_DEFAULT', '0106000020E76400000100000001030000000100000008000000702DA9D12C9219410242FB3563755141A28682E6CA911941200536975E7551414942232075911941C60DBE7160755141563460A76C911941BD4DA32461755141FCFF46DCBB91194161C67FA07875514149088BE0E69119411A3C41C678755141B0A2F9996C921941847B0A6D76755141702DA9D12C9219410242FB3563755141');
INSERT INTO SCHEMA_NAME.subcatchment VALUES ('S53', 'N53', 'RG-01', 0.296166, 80.0000, 36.8413, 12.6956, 80.3898, NULL, 0.0130, 0.0250, 2.1158, 0.0000, 0.0000, 'IMPERVIOUS', 100.0000, NULL, NULL, NULL, NULL, NULL, NULL, NULL, NULL, 83.7164, 0.0000, 10.0000, 'sector_01', 'HC_DEFAULT', '0106000020E764000001000000010300000001000000060000009989F44857911941293C9A4A7C75514133F41BEDD09019418F2CEB76867551415EC3273BEC901941F7054163907551418791DF23659119410B7EFF9A96755141FC9EFD779091194168BA5712917551419989F44857911941293C9A4A7C755141');
INSERT INTO SCHEMA_NAME.subcatchment VALUES ('S54', 'N54', 'RG-01', 0.328664, 90.0000, 40.3126, 10.4924, 81.5288, NULL, 0.0130, 0.0250, 2.3229, 0.0000, 0.0000, 'IMPERVIOUS', 100.0000, NULL, NULL, NULL, NULL, NULL, NULL, NULL, NULL, 84.0337, 0.0000, 10.0000, 'sector_01', 'HC_DEFAULT', '0106000020E7640000010000000103000000010000000800000049088BE0E69119411A3C41C678755141FCFF46DCBB91194161C67FA07875514151542C487391194158B7E61B7A75514136E1EBC3579119417B6D6B337C7551419989F44857911941293C9A4A7C755141FC9EFD779091194168BA57129175514138829E012592194165BF95268B75514149088BE0E69119411A3C41C678755141');
INSERT INTO SCHEMA_NAME.subcatchment VALUES ('S55', 'N55', 'RG-01', 0.368637, 80.0000, 43.7758, 4.5683, 84.2102, NULL, 0.0130, 0.0250, 3.4913, 0.0000, 0.0000, 'IMPERVIOUS', 100.0000, NULL, NULL, NULL, NULL, NULL, NULL, NULL, NULL, 88.4935, 0.0000, 10.0000, 'sector_01', 'HC_DEFAULT', '0106000020E7640000010000000103000000010000000A0000004CF84F85D492194126D3CFB48E75514138829E012592194165BF95268B755141FC9EFD779091194168BA5712917551418791DF23659119410B7EFF9A96755141DCB8102F729119413586CBF09B7551416CB4E06F8D9119414EDE7D609C75514175C419AED29119419235B3F09B75514132C437E7E1921941AA1E8AC490755141DCEB0AF6E7921941EC33FAE98F7551414CF84F85D492194126D3CFB48E755141');
INSERT INTO SCHEMA_NAME.subcatchment VALUES ('S56', 'N56', 'RG-01', 0.207517, 80.0000, 30.9145, 2.8511, 67.1260, NULL, 0.0130, 0.0250, 4.3985, 0.0000, 0.0000, 'IMPERVIOUS', 100.0000, NULL, NULL, NULL, NULL, NULL, NULL, NULL, NULL, 87.9808, 0.0000, 10.0000, 'sector_01', 'HC_DEFAULT', '0106000020E76400000100000001030000000100000005000000D858338EEE921941B8B3C96F9975514132C437E7E1921941AA1E8AC49075514175C419AED29119419235B3F09B755141E5C413B877921941B6831053A0755141D858338EEE921941B8B3C96F99755141');
INSERT INTO SCHEMA_NAME.subcatchment VALUES ('S57', 'N57', 'RG-01', 0.349323, 90.0000, 40.6342, 3.1781, 85.9677, NULL, 0.0130, 0.0250, 4.1706, 0.0000, 0.0000, 'IMPERVIOUS', 100.0000, NULL, NULL, NULL, NULL, NULL, NULL, NULL, NULL, 85.5823, 0.0000, 10.0000, 'sector_01', 'HC_DEFAULT', '0106000020E76400000100000001030000000100000007000000FA98B2F16D9219413B78226F76755141B0A2F9996C921941847B0A6D7675514149088BE0E69119411A3C41C67875514138829E012592194165BF95268B7551414CF84F85D492194126D3CFB48E755141DE69EB40899219415106F16A78755141FA98B2F16D9219413B78226F76755141');
INSERT INTO SCHEMA_NAME.subcatchment VALUES ('S58', 'N58', 'RG-01', 0.292477, 90.0000, 36.8598, 4.8442, 79.3485, NULL, 0.0130, 0.0250, 3.3924, 0.0000, 0.0000, 'IMPERVIOUS', 100.0000, NULL, NULL, NULL, NULL, NULL, NULL, NULL, NULL, 84.7510, 0.0000, 10.0000, 'sector_01', 'HC_DEFAULT', '0106000020E7640000010000000103000000010000000800000009CFAFC9309319412B8E65037E755141DE69EB40899219415106F16A787551414CF84F85D492194126D3CFB48E755141DCEB0AF6E7921941EC33FAE98F755141F84A17503C9319417037BFB08E755141CAC5EF10429319413DAC27658E75514102C144D761931941AE6938ED8A75514109CFAFC9309319412B8E65037E755141');
INSERT INTO SCHEMA_NAME.subcatchment VALUES ('S59', 'N59', 'RG-01', 0.285531, 90.0000, 36.4022, 4.3333, 78.4378, NULL, 0.0130, 0.0250, 3.5828, 0.0000, 0.0000, 'IMPERVIOUS', 100.0000, NULL, NULL, NULL, NULL, NULL, NULL, NULL, NULL, 83.0000, 0.0000, 10.0000, 'sector_01', 'HC_DEFAULT', '0106000020E764000001000000010300000001000000050000003EAFA52171941941F7D972147A75514109CFAFC9309319412B8E65037E75514102C144D761931941AE6938ED8A75514136FB565B49941941B94CE0A3817551413EAFA52171941941F7D972147A755141');
INSERT INTO SCHEMA_NAME.subcatchment VALUES ('S60', 'N60', 'RG-01', 0.213464, 90.0000, 31.4867, 3.1749, 67.7950, NULL, 0.0130, 0.0250, 4.1727, 0.0000, 0.0000, 'IMPERVIOUS', 100.0000, NULL, NULL, NULL, NULL, NULL, NULL, NULL, NULL, 83.0000, 0.0000, 10.0000, 'sector_01', 'HC_DEFAULT', '0106000020E76400000100000001030000000100000006000000842BB523559419415F99F7F68475514136FB565B49941941B94CE0A38175514102C144D761931941AE6938ED8A755141CAC5EF10429319413DAC27658E75514198EF15F5159419410F18861391755141842BB523559419415F99F7F684755141');
INSERT INTO SCHEMA_NAME.subcatchment VALUES ('S61', 'N61', 'RG-01', 0.446953, 90.0000, 43.0040, 4.0122, 103.9328, NULL, 0.0130, 0.0250, 3.7206, 0.0000, 0.0000, 'IMPERVIOUS', 100.0000, NULL, NULL, NULL, NULL, NULL, NULL, NULL, NULL, 83.0000, 0.0000, 10.0000, 'sector_01', 'HC_DEFAULT', '0106000020E7640000010000000103000000010000000900000040E6D992369419414615779B70755141B43EB93A7492194158953B2376755141FA98B2F16D9219413B78226F76755141DE69EB40899219415106F16A7875514109CFAFC9309319412B8E65037E7551413EAFA52171941941F7D972147A7551411E6339208A94194137FE45E5777551415CE553F99D941941D294566B7475514140E6D992369419414615779B70755141');
INSERT INTO SCHEMA_NAME.subcatchment VALUES ('S62', 'N62', 'RG-01', 0.301839, 90.0000, 34.5372, 2.3445, 87.3955, NULL, 0.0130, 0.0250, 4.8411, 0.0000, 0.0000, 'IMPERVIOUS', 100.0000, NULL, NULL, NULL, NULL, NULL, NULL, NULL, NULL, 83.0000, 0.0000, 10.0000, 'sector_01', 'HC_DEFAULT', '0106000020E764000001000000010300000001000000060000004D3A7FEB7F9319412D0E95ED68755141B8CED075EF921941E14AB0AB6A755141B43EB93A7492194158953B237675514140E6D992369419414615779B707551417FEB6B0D21941941F38B6D026F7551414D3A7FEB7F9319412D0E95ED68755141');
INSERT INTO SCHEMA_NAME.subcatchment VALUES ('S63', 'N63', 'RG-01', 0.347672, 90.0000, 38.0122, 5.9583, 91.4632, NULL, 0.0130, 0.0250, 3.0652, 0.0000, 0.0000, 'IMPERVIOUS', 100.0000, NULL, NULL, NULL, NULL, NULL, NULL, NULL, NULL, 78.7732, 0.0000, 10.0000, 'sector_01', 'HC_DEFAULT', '0106000020E76400000100000001030000000100000008000000C60CEAD6CC931941885456CE547551414A263E38C3931941A070951454755141D1AAC1E09493194172C11A5452755141281A3B774D93194122D67ABE547551419F23B7164293194135085910577551414D3A7FEB7F9319412D0E95ED687551417FEB6B0D21941941F38B6D026F755141C60CEAD6CC931941885456CE54755141');
INSERT INTO SCHEMA_NAME.subcatchment VALUES ('S64', 'N64', 'RG-01', 0.389686, 90.0000, 38.7126, 5.0334, 100.6613, NULL, 0.0130, 0.0250, 3.3293, 0.0000, 0.0000, 'IMPERVIOUS', 100.0000, NULL, NULL, NULL, NULL, NULL, NULL, NULL, NULL, 83.0000, 0.0000, 10.0000, 'sector_01', 'HC_DEFAULT', '0106000020E76400000100000001030000000100000007000000361FF3C1799419415450C4C85B755141C60CEAD6CC931941885456CE547551417FEB6B0D21941941F38B6D026F75514140E6D992369419414615779B707551415CE553F99D941941D294566B74755141B2914934C09419414A52D93F73755141361FF3C1799419415450C4C85B755141');
INSERT INTO SCHEMA_NAME.subcatchment VALUES ('S65', 'N65', 'RG-01', 0.236532, 90.0000, 35.6654, 10.6499, 66.3196, NULL, 0.0130, 0.0250, 2.3060, 0.0000, 0.0000, 'IMPERVIOUS', 100.0000, NULL, NULL, NULL, NULL, NULL, NULL, NULL, NULL, 83.0007, 0.0000, 10.0000, 'sector_01', 'HC_DEFAULT', '0106000020E76400000100000001030000000100000008000000609084749C911941B0C708253D755141C1AD644189911941E0788E8B367551417FF3066A44911941CF4C8DFF2F755141CD9F0AF2BE9019413D0C2883357551418FAC301E45911941E750194742755141FA997272669119417E7DBD9443755141976AD097779119416A6889E542755141609084749C911941B0C708253D755141');
INSERT INTO SCHEMA_NAME.subcatchment VALUES ('S66', 'N66', 'RG-01', 0.090918, 90.0000, 21.0980, 7.6104, 43.0934, NULL, 0.0130, 0.0250, 2.7188, 0.0000, 0.0000, 'IMPERVIOUS', 100.0000, NULL, NULL, NULL, NULL, NULL, NULL, NULL, NULL, 83.2838, 0.0000, 10.0000, 'sector_01', 'HC_DEFAULT', '0106000020E76400000100000001030000000100000006000000C1AD644189911941E0788E8B367551417D17200AEA911941E0F98E2D2D755141C0D4DD91CD91194155F56F8D2A75514105598392B4911941FA88555D2B7551417FF3066A44911941CF4C8DFF2F755141C1AD644189911941E0788E8B36755141');
INSERT INTO SCHEMA_NAME.subcatchment VALUES ('S67', 'N67', 'RG-01', 0.282449, 90.0000, 39.4283, 3.8371, 71.6361, NULL, 0.0130, 0.0250, 3.8028, 0.0000, 0.0000, 'IMPERVIOUS', 100.0000, NULL, NULL, NULL, NULL, NULL, NULL, NULL, NULL, 83.0000, 0.0000, 10.0000, 'sector_01', 'HC_DEFAULT', '0106000020E7640000010000000103000000010000000700000069630D60719219410DA5DE0F4B7551413BA2D7E2379219412F97128945755141976AD097779119416A6889E542755141FA997272669119417E7DBD9443755141809033F354911941D01656F446755141989889F2EB91194101ADE1125575514169630D60719219410DA5DE0F4B755141');
INSERT INTO SCHEMA_NAME.subcatchment VALUES ('S68', 'N68', 'RG-01', 0.479863, 90.0000, 51.8660, 4.4623, 92.5199, NULL, 0.0130, 0.0250, 3.5317, 0.0000, 0.0000, 'IMPERVIOUS', 100.0000, NULL, NULL, NULL, NULL, NULL, NULL, NULL, NULL, 81.2026, 0.0000, 10.0000, 'sector_01', 'HC_DEFAULT', '0106000020E76400000100000001030000000100000008000000BA53E1521C931941D6F7D0893C7551413BA2D7E2379219412F9712894575514169630D60719219410DA5DE0F4B755141F8142F2B349319413820566554755141281A3B774D93194122D67ABE54755141D1AAC1E09493194172C11A5452755141F6DB69E0A2931941651BCCF94C755141BA53E1521C931941D6F7D0893C755141');
INSERT INTO SCHEMA_NAME.subcatchment VALUES ('S69', 'N69', 'RG-01', 0.388784, 90.0000, 46.3135, 5.8044, 83.9461, NULL, 0.0130, 0.0250, 3.1047, 0.0000, 0.0000, 'IMPERVIOUS', 100.0000, NULL, NULL, NULL, NULL, NULL, NULL, NULL, NULL, 83.0000, 0.0000, 10.0000, 'sector_01', 'HC_DEFAULT', '0106000020E76400000100000001030000000100000008000000809033F354911941D01656F4467551418CDD974C229119412FBB57444A755141885BCA30ED9019419E3735C0537551414942232075911941C60DBE7160755141A28682E6CA911941200536975E755141369B216BFC911941B18FB25958755141989889F2EB91194101ADE11255755141809033F354911941D01656F446755141');
INSERT INTO SCHEMA_NAME.subcatchment VALUES ('S70', 'N70', 'RG-01', 0.200695, 90.0000, 33.0939, 4.5619, 60.6441, NULL, 0.0130, 0.0250, 3.4937, 0.0000, 0.0000, 'IMPERVIOUS', 100.0000, NULL, NULL, NULL, NULL, NULL, NULL, NULL, NULL, 83.0000, 0.0000, 10.0000, 'sector_01', 'HC_DEFAULT', '0106000020E76400000100000001030000000100000007000000885BCA30ED9019419E3735C0537551415612AA98D590194161E6E9695475514188B343B687901941116905905E7551413255907703911941FC054AD463755141563460A76C911941BD4DA324617551414942232075911941C60DBE7160755141885BCA30ED9019419E3735C053755141');
INSERT INTO SCHEMA_NAME.subcatchment VALUES ('S71', 'N71', 'RG-01', 0.340309, 90.0000, 41.6150, 5.4179, 81.7755, NULL, 0.0130, 0.0250, 3.2114, 0.0000, 0.0000, 'IMPERVIOUS', 100.0000, NULL, NULL, NULL, NULL, NULL, NULL, NULL, NULL, 76.1746, 0.0000, 10.0000, 'sector_01', 'HC_DEFAULT', '0106000020E76400000100000001030000000100000008000000F8142F2B349319413820566554755141369B216BFC911941B18FB25958755141A28682E6CA911941200536975E755141702DA9D12C9219410242FB35637551414F18D0DCD0921941C55F2623617551419F23B716429319413508591057755141281A3B774D93194122D67ABE54755141F8142F2B349319413820566554755141');
INSERT INTO SCHEMA_NAME.subcatchment VALUES ('S72', 'N72', 'RG-01', 0.214112, 90.0000, 31.0686, 2.4006, 68.9159, NULL, 0.0130, 0.0250, 4.7853, 0.0000, 0.0000, 'IMPERVIOUS', 100.0000, NULL, NULL, NULL, NULL, NULL, NULL, NULL, NULL, 78.9227, 0.0000, 10.0000, 'sector_01', 'HC_DEFAULT', '0106000020E7640000010000000103000000010000000500000069630D60719219410DA5DE0F4B755141989889F2EB91194101ADE11255755141369B216BFC911941B18FB25958755141F8142F2B34931941382056655475514169630D60719219410DA5DE0F4B755141');
INSERT INTO SCHEMA_NAME.subcatchment VALUES ('S73', 'N73', 'RG-01', 0.497480, 90.0000, 50.8074, 3.6284, 97.9149, NULL, 0.0130, 0.0250, 3.9085, 0.0000, 0.0000, 'IMPERVIOUS', 100.0000, NULL, NULL, NULL, NULL, NULL, NULL, NULL, NULL, 83.0000, 0.0000, 10.0000, 'sector_01', 'HC_DEFAULT', '0106000020E764000001000000010300000001000000080000008BF30F69DD9219411459E99B317551412F84C701A6921941C65E632A32755141609084749C911941B0C708253D755141976AD097779119416A6889E5427551413BA2D7E2379219412F97128945755141BA53E1521C931941D6F7D0893C7551413A9E26522693194181FA728F327551418BF30F69DD9219411459E99B31755141');
INSERT INTO SCHEMA_NAME.subcatchment VALUES ('S74', 'N74', 'RG-01', 0.210338, 90.0000, 31.2254, 10.3643, 67.3612, NULL, 0.0130, 0.0250, 2.3370, 0.0000, 0.0000, 'IMPERVIOUS', 100.0000, NULL, NULL, NULL, NULL, NULL, NULL, NULL, NULL, 83.0000, 0.0000, 10.0000, 'sector_01', 'HC_DEFAULT', '0106000020E764000001000000010300000001000000050000007D17200AEA911941E0F98E2D2D755141C1AD644189911941E0788E8B36755141609084749C911941B0C708253D7551412F84C701A6921941C65E632A327551417D17200AEA911941E0F98E2D2D755141');
INSERT INTO SCHEMA_NAME.subcatchment VALUES ('S75', 'N75', 'RG-01', 0.157548, 90.0000, 29.0269, 5.3430, 54.2764, NULL, 0.0130, 0.0250, 3.2333, 0.0000, 0.0000, 'IMPERVIOUS', 100.0000, NULL, NULL, NULL, NULL, NULL, NULL, NULL, NULL, 74.8638, 0.0000, 10.0000, 'sector_01', 'HC_DEFAULT', '0106000020E76400000100000001030000000100000007000000F6EE401E4B941941C0A152AD187551416A3EDDD8CC93194157541C70127551414BE448C7A19319419C154AA615755141155A404474931941C2065A7B17755141355131755F931941912D4698187551415C2308BAA99319417699DB1B20755141F6EE401E4B941941C0A152AD18755141');
INSERT INTO SCHEMA_NAME.subcatchment VALUES ('S76', 'N76', 'RG-01', 0.167950, 90.0000, 28.1109, 10.9236, 59.7455, NULL, 0.0130, 0.0250, 2.2775, 0.0000, 0.0000, 'IMPERVIOUS', 100.0000, NULL, NULL, NULL, NULL, NULL, NULL, NULL, NULL, 83.2766, 0.0000, 10.0000, 'sector_01', 'HC_DEFAULT', '0106000020E764000001000000010300000001000000070000007D17200AEA911941E0F98E2D2D7551412F84C701A6921941C65E632A327551418BF30F69DD9219411459E99B31755141EACF0580569219410A59090125755141AEB24008D6911941CDBF0E472A755141C0D4DD91CD91194155F56F8D2A7551417D17200AEA911941E0F98E2D2D755141');
INSERT INTO SCHEMA_NAME.subcatchment VALUES ('S77', 'N77', 'RG-01', 0.285861, 90.0000, 39.1259, 6.7407, 73.0618, NULL, 0.0130, 0.0250, 2.8854, 0.0000, 0.0000, 'IMPERVIOUS', 100.0000, NULL, NULL, NULL, NULL, NULL, NULL, NULL, NULL, 83.1444, 0.0000, 10.0000, 'sector_01', 'HC_DEFAULT', '0106000020E7640000010000000103000000010000000700000080249C877E931941556484902E75514198C242D7DB921941D562B17F1F75514180BDE9ADDA921941AF7B03941F755141EACF0580569219410A590901257551418BF30F69DD9219411459E99B317551413A9E26522693194181FA728F3275514180249C877E931941556484902E755141');
INSERT INTO SCHEMA_NAME.subcatchment VALUES ('S78', 'N78', 'RG-01', 0.236530, 90.0000, 33.5414, 5.0565, 70.5188, NULL, 0.0130, 0.0250, 3.3218, 0.0000, 0.0000, 'IMPERVIOUS', 100.0000, NULL, NULL, NULL, NULL, NULL, NULL, NULL, NULL, 79.5649, 0.0000, 10.0000, 'sector_01', 'HC_DEFAULT', '0106000020E764000001000000010300000001000000080000005C2308BAA99319417699DB1B20755141355131755F931941912D4698187551412BBA81A24E93194153FD9E7E19755141F00A789E0B9319416A76D03B1C75514198C242D7DB921941D562B17F1F75514180249C877E931941556484902E7551411411B5EA88931941CD8C1B582E7551415C2308BAA99319417699DB1B20755141');
INSERT INTO SCHEMA_NAME.subcatchment VALUES ('S79', 'N79', 'RG-01', 0.433619, 90.0000, 43.7593, 2.6026, 99.0918, NULL, 0.0130, 0.0250, 4.5996, 0.0000, 0.0000, 'IMPERVIOUS', 100.0000, NULL, NULL, NULL, NULL, NULL, NULL, NULL, NULL, 83.0000, 0.0000, 10.0000, 'sector_01', 'HC_DEFAULT', '0106000020E76400000100000001030000000100000007000000F6EE401E4B941941C0A152AD187551415C2308BAA99319417699DB1B207551411411B5EA88931941CD8C1B582E755141E251F7FC919319415EB80F6E2E755141B72F34D619951941AB940ECB1D7551417400248B0F95194103DBE7E218755141F6EE401E4B941941C0A152AD18755141');
INSERT INTO SCHEMA_NAME.subcatchment VALUES ('S80', 'N80', 'RG-01', 0.491930, 90.0000, 48.4219, 3.1623, 101.5925, NULL, 0.0130, 0.0250, 4.1808, 0.0000, 0.0000, 'IMPERVIOUS', 100.0000, NULL, NULL, NULL, NULL, NULL, NULL, NULL, NULL, 83.0000, 0.0000, 10.0000, 'sector_01', 'HC_DEFAULT', '0106000020E764000001000000010300000001000000080000006BD8457D449519413DCC3C2F22755141B72F34D619951941AB940ECB1D755141E251F7FC919319415EB80F6E2E755141ACA73C6208941941B86D75CF32755141D8A3872B3B94194157BE8821337551415A2744655F9519417A73601E2C755141E93A946260951941768707D32B7551416BD8457D449519413DCC3C2F22755141');
INSERT INTO SCHEMA_NAME.subcatchment VALUES ('S81', 'N81', 'RG-01', 0.214478, 90.0000, 32.0598, 2.2552, 66.8993, NULL, 0.0130, 0.0250, 4.9341, 0.0000, 0.0000, 'IMPERVIOUS', 100.0000, NULL, NULL, NULL, NULL, NULL, NULL, NULL, NULL, 83.0000, 0.0000, 10.0000, 'sector_01', 'HC_DEFAULT', '0106000020E76400000100000001030000000100000006000000ED4CA81B6F951941A4AF2CE42F7551415A2744655F9519417A73601E2C755141D8A3872B3B94194157BE882133755141785CA0C2C69419417AECF3703A755141A83E507F57951941311D109733755141ED4CA81B6F951941A4AF2CE42F755141');
INSERT INTO SCHEMA_NAME.subcatchment VALUES ('S82', 'N82', 'RG-01', 0.564226, 90.0000, 56.7097, 4.0158, 99.4938, NULL, 0.0130, 0.0250, 3.7189, 0.0000, 0.0000, 'IMPERVIOUS', 100.0000, NULL, NULL, NULL, NULL, NULL, NULL, NULL, NULL, 83.0000, 0.0000, 10.0000, 'sector_01', 'HC_DEFAULT', '0106000020E7640000010000000103000000010000000A000000ACA73C6208941941B86D75CF32755141E251F7FC919319415EB80F6E2E7551411411B5EA88931941CD8C1B582E75514180249C877E931941556484902E7551413A9E26522693194181FA728F32755141BA53E1521C931941D6F7D0893C755141F6DB69E0A2931941651BCCF94C755141340D7FF2EB93194121B2C839497551416EF6FED93194194189FE6E033F755141ACA73C6208941941B86D75CF32755141');
INSERT INTO SCHEMA_NAME.subcatchment VALUES ('S83', 'N83', 'RG-01', 0.311321, 90.0000, 36.8336, 5.4208, 84.5210, NULL, 0.0130, 0.0250, 3.2105, 0.0000, 0.0000, 'IMPERVIOUS', 100.0000, NULL, NULL, NULL, NULL, NULL, NULL, NULL, NULL, 83.0000, 0.0000, 10.0000, 'sector_01', 'HC_DEFAULT', '0106000020E764000001000000010300000001000000070000008A796B9870951941BACA3B2C5175514130583D9F629519419F012B864E7551414A263E38C3931941A070951454755141C60CEAD6CC931941885456CE54755141361FF3C1799419415450C4C85B7551411B6171C511951941E58D21EA597551418A796B9870951941BACA3B2C51755141');
INSERT INTO SCHEMA_NAME.subcatchment VALUES ('S84', 'N84', 'RG-01', 0.438029, 90.0000, 45.4211, 3.2076, 96.4373, NULL, 0.0130, 0.0250, 4.1518, 0.0000, 0.0000, 'IMPERVIOUS', 100.0000, NULL, NULL, NULL, NULL, NULL, NULL, NULL, NULL, 83.0000, 0.0000, 10.0000, 'sector_01', 'HC_DEFAULT', '0106000020E76400000100000001030000000100000009000000B213C5F814951941E10F3F6645755141340D7FF2EB93194121B2C83949755141F6DB69E0A2931941651BCCF94C755141D1AAC1E09493194172C11A54527551414A263E38C3931941A07095145475514130583D9F629519419F012B864E755141898466336895194118254C9D497551413AB8EFED5D95194178C6C09647755141B213C5F814951941E10F3F6645755141');
INSERT INTO SCHEMA_NAME.subcatchment VALUES ('S85', 'N85', 'RG-01', 0.181094, 90.0000, 28.8127, 2.2869, 62.8523, NULL, 0.0130, 0.0250, 4.9004, 0.0000, 0.0000, 'IMPERVIOUS', 100.0000, NULL, NULL, NULL, NULL, NULL, NULL, NULL, NULL, 83.0000, 0.0000, 10.0000, 'sector_01', 'HC_DEFAULT', '0106000020E7640000010000000103000000010000000500000001983AA4D3941941A3FB15CB3F7551416EF6FED93194194189FE6E033F755141340D7FF2EB93194121B2C83949755141B213C5F814951941E10F3F664575514101983AA4D3941941A3FB15CB3F755141');
INSERT INTO SCHEMA_NAME.subcatchment VALUES ('S86', 'N86', 'RG-01', 0.159455, 90.0000, 28.0719, 3.0083, 56.8025, NULL, 0.0130, 0.0250, 4.2844, 0.0000, 0.0000, 'IMPERVIOUS', 100.0000, NULL, NULL, NULL, NULL, NULL, NULL, NULL, NULL, 83.0000, 0.0000, 10.0000, 'sector_01', 'HC_DEFAULT', '0106000020E76400000100000001030000000100000006000000D8A3872B3B94194157BE882133755141ACA73C6208941941B86D75CF327551416EF6FED93194194189FE6E033F75514101983AA4D3941941A3FB15CB3F755141785CA0C2C69419417AECF3703A755141D8A3872B3B94194157BE882133755141');
INSERT INTO SCHEMA_NAME.subcatchment VALUES ('S87', 'N87', 'RG-01', 0.200003, 90.0000, 30.6821, 2.6286, 65.1857, NULL, 0.0130, 0.0250, 4.5772, 0.0000, 0.0000, 'IMPERVIOUS', 100.0000, NULL, NULL, NULL, NULL, NULL, NULL, NULL, NULL, 83.0000, 0.0000, 10.0000, 'sector_01', 'HC_DEFAULT', '0106000020E76400000100000001030000000100000007000000A83E507F57951941311D109733755141785CA0C2C69419417AECF3703A75514101983AA4D3941941A3FB15CB3F755141B213C5F814951941E10F3F66457551413AB8EFED5D95194178C6C096477551412E3A056F659519419FE601B546755141A83E507F57951941311D109733755141');
INSERT INTO SCHEMA_NAME.subcatchment VALUES ('S88', 'N88', 'RG-01', 0.245652, 90.0000, 36.5746, 2.1785, 67.1648, NULL, 0.0130, 0.0250, 5.0184, 0.0000, 0.0000, 'IMPERVIOUS', 100.0000, NULL, NULL, NULL, NULL, NULL, NULL, NULL, NULL, 83.0000, 0.0000, 10.0000, 'sector_01', 'HC_DEFAULT', '0106000020E764000001000000010300000001000000070000002A5A197081961941AE9FCAB73475514129148405E1951941DCB98450357551414834A630E89519413E4928323F755141170E135EF896194177E26A9E3E75514106CFEFADEA961941CC0B8E0C3A7551410F3B494AB89619419DCEC60C367551412A5A197081961941AE9FCAB734755141');
INSERT INTO SCHEMA_NAME.subcatchment VALUES ('S89', 'N89', 'RG-01', 0.225015, 90.0000, 31.8056, 2.1738, 70.7469, NULL, 0.0130, 0.0250, 5.0237, 0.0000, 0.0000, 'OUTLET', 100.0000, NULL, NULL, NULL, NULL, NULL, NULL, NULL, NULL, 83.0000, 0.0000, 10.0000, 'sector_01', 'HC_DEFAULT', '0106000020E76400000100000001030000000100000006000000ED4CA81B6F951941A4AF2CE42F755141A83E507F57951941311D1097337551412E3A056F659519419FE601B5467551414834A630E89519413E4928323F75514129148405E1951941DCB9845035755141ED4CA81B6F951941A4AF2CE42F755141');
INSERT INTO SCHEMA_NAME.subcatchment VALUES ('S90', 'N90', 'RG-01', 0.261062, 90.0000, 36.3886, 3.7921, 71.7428, NULL, 0.0130, 0.0250, 3.8248, 0.0000, 0.0000, 'IMPERVIOUS', 100.0000, NULL, NULL, NULL, NULL, NULL, NULL, NULL, NULL, 79.2674, 0.0000, 10.0000, 'sector_01', 'HC_DEFAULT', '0106000020E764000001000000010300000001000000080000006A3EDDD8CC93194157541C7012755141F6EE401E4B941941C0A152AD187551417400248B0F95194103DBE7E218755141642F7DFE139519419558AA2C18755141682814CB1695194195D4D262157551417F17CDE22E941941F51484AD0A75514132319504EC931941F1E70F1D107551416A3EDDD8CC93194157541C7012755141');
INSERT INTO SCHEMA_NAME.subcatchment VALUES ('S91', 'N91', 'RG-01', 0.267273, 90.0000, 35.6211, 5.9772, 75.0321, NULL, 0.0130, 0.0250, 3.0604, 0.0000, 0.0000, 'IMPERVIOUS', 100.0000, NULL, NULL, NULL, NULL, NULL, NULL, NULL, NULL, 78.5505, 0.0000, 10.0000, 'sector_01', 'HC_DEFAULT', '0106000020E76400000100000001030000000100000009000000F4C74DF54E951941B3481CE00C755141D690DB104D95194183D886CA0B755141E66DA8CB7A9419411D1A8C9B01755141B7590852729419412982684F02755141A8E607A5829419419D22E7D90375514136E1D4EF6B9419412AC106B7057551417F17CDE22E941941F51484AD0A755141682814CB1695194195D4D26215755141F4C74DF54E951941B3481CE00C755141');
INSERT INTO SCHEMA_NAME.subcatchment VALUES ('S92', 'N92', 'RG-01', 0.348042, 90.0000, 39.9304, 5.5373, 87.1621, NULL, 0.0130, 0.0250, 3.1772, 0.0000, 0.0000, 'IMPERVIOUS', 100.0000, NULL, NULL, NULL, NULL, NULL, NULL, NULL, NULL, 68.9078, 0.0000, 10.0000, 'sector_01', 'HC_DEFAULT', '0106000020E76400000100000001030000000100000006000000D690DB104D95194183D886CA0B755141E25992E17C951941190DFF17027551417702B4A1469519418EC259DDF0745141ABE2EB2BD9941941391BACC8F9745141E66DA8CB7A9419411D1A8C9B01755141D690DB104D95194183D886CA0B755141');
INSERT INTO SCHEMA_NAME.subcatchment VALUES ('S93', 'N93', 'RG-01', 0.199968, 90.0000, 31.9659, 2.5266, 62.5567, NULL, 0.0130, 0.0250, 4.6668, 0.0000, 0.0000, 'IMPERVIOUS', 100.0000, NULL, NULL, NULL, NULL, NULL, NULL, NULL, NULL, 83.0000, 0.0000, 10.0000, 'sector_01', 'HC_DEFAULT', '0106000020E76400000100000001030000000100000007000000CFAFEAEB2F961941D3D4EF422B755141E93A946260951941768707D32B7551415A2744655F9519417A73601E2C755141ED4CA81B6F951941A4AF2CE42F75514129148405E1951941DCB98450357551412A5A197081961941AE9FCAB734755141CFAFEAEB2F961941D3D4EF422B755141');
INSERT INTO SCHEMA_NAME.subcatchment VALUES ('S94', 'N94', 'RG-01', 0.409847, 90.0000, 48.5014, 6.2660, 84.5020, NULL, 0.0130, 0.0250, 2.9905, 0.0000, 0.0000, 'IMPERVIOUS', 100.0000, NULL, NULL, NULL, NULL, NULL, NULL, NULL, NULL, 59.4784, 0.0000, 10.0000, 'sector_01', 'HC_DEFAULT', '0106000020E7640000010000000103000000010000000C000000E25992E17C951941190DFF1702755141EC47ABEC3D961941276B9C93017551418C816845819619411DB87964F97451410DAE38BB199619419969C8B9F3745141A2E4B82CD49519412C955D5AEF74514127C22EC1BC9519414B7A9105EF74514131D7D6B2959519416B89B548EF745141F0A4AEAB7C951941171BD5F5EF7451415D795E7266951941CA8BC53DF174514118EC10BC4995194188769F9CF07451417702B4A1469519418EC259DDF0745141E25992E17C951941190DFF1702755141');
INSERT INTO SCHEMA_NAME.subcatchment VALUES ('S95', 'N95', 'RG-01', 0.207417, 90.0000, 32.8806, 11.1235, 63.0817, NULL, 0.0130, 0.0250, 2.2574, 0.0000, 0.0000, 'IMPERVIOUS', 100.0000, NULL, NULL, NULL, NULL, NULL, NULL, NULL, NULL, 83.0000, 0.0000, 10.0000, 'sector_01', 'HC_DEFAULT', '0106000020E76400000100000001030000000100000008000000EC47ABEC3D961941276B9C93017551410A6A7F467B9619417845E2FB0B75514124D1020C91961941DDF315C00C7551419E0B325E0A971941243C54EE0075514162726A86EC9619414CB7DF4BFF745141490F9892B89619419D944D6BFC7451418C816845819619411DB87964F9745141EC47ABEC3D961941276B9C9301755141');
INSERT INTO SCHEMA_NAME.subcatchment VALUES ('S96', 'N96', 'RG-01', 0.265399, 90.0000, 37.4176, 7.6229, 70.9289, NULL, 0.0130, 0.0250, 2.7166, 0.0000, 0.0000, 'IMPERVIOUS', 100.0000, NULL, NULL, NULL, NULL, NULL, NULL, NULL, NULL, 83.0000, 0.0000, 10.0000, 'sector_01', 'HC_DEFAULT', '0106000020E76400000100000001030000000100000006000000EC47ABEC3D961941276B9C9301755141E25992E17C951941190DFF1702755141D690DB104D95194183D886CA0B755141F4C74DF54E951941B3481CE00C7551410A6A7F467B9619417845E2FB0B755141EC47ABEC3D961941276B9C9301755141');
INSERT INTO SCHEMA_NAME.subcatchment VALUES ('S97', 'N97', 'RG-01', 0.450724, 90.0000, 46.4014, 2.0535, 97.1359, NULL, 0.0130, 0.0250, 5.1659, 0.0000, 0.0000, 'IMPERVIOUS', 100.0000, NULL, NULL, NULL, NULL, NULL, NULL, NULL, NULL, 83.0000, 0.0000, 10.0000, 'sector_01', 'HC_DEFAULT', '0106000020E7640000010000000103000000010000000800000024D1020C91961941DDF315C00C7551410A6A7F467B9619417845E2FB0B755141F4C74DF54E951941B3481CE00C755141682814CB1695194195D4D26215755141642F7DFE139519419558AA2C187551411D05087EE196194113D63E0F17755141FD956C61DA96194175049B3F1475514124D1020C91961941DDF315C00C755141');
INSERT INTO SCHEMA_NAME.subcatchment VALUES ('S98', 'N98', 'RG-01', 0.479102, 90.0000, 46.0678, 2.4709, 103.9993, NULL, 0.0130, 0.0250, 4.7181, 0.0000, 0.0000, 'IMPERVIOUS', 100.0000, NULL, NULL, NULL, NULL, NULL, NULL, NULL, NULL, 83.0000, 0.0000, 10.0000, 'sector_01', 'HC_DEFAULT', '0106000020E764000001000000010300000001000000090000001D05087EE196194113D63E0F17755141642F7DFE139519419558AA2C187551417400248B0F95194103DBE7E218755141B72F34D619951941AB940ECB1D7551416BD8457D449519413DCC3C2F22755141B675E1B2DF961941312998F4207551418BC19627E296194146E3F6E420755141365517481C971941A976D8821D7551411D05087EE196194113D63E0F17755141');
INSERT INTO SCHEMA_NAME.subcatchment VALUES ('S99', 'N99', 'RG-01', 0.301910, 90.0000, 35.6178, 2.5629, 84.7638, NULL, 0.0130, 0.0250, 4.6343, 0.0000, 0.0000, 'IMPERVIOUS', 100.0000, NULL, NULL, NULL, NULL, NULL, NULL, NULL, NULL, 83.0000, 0.0000, 10.0000, 'sector_01', 'HC_DEFAULT', '0106000020E76400000100000001030000000100000005000000B675E1B2DF961941312998F4207551416BD8457D449519413DCC3C2F22755141E93A946260951941768707D32B755141CFAFEAEB2F961941D3D4EF422B755141B675E1B2DF961941312998F420755141');
INSERT INTO SCHEMA_NAME.subcatchment VALUES ('S237', 'N237', 'RG-01', 0.077540, 90.0000, 17.4665, 1.9112, 42.2788, NULL, 0.0130, 0.2500, 5.4029, 0.0000, 0.0000, 'IMPERVIOUS', 100.0000, NULL, NULL, NULL, NULL, NULL, NULL, NULL, NULL, 82.6522, 0.0000, 10.0000, 'sector_01', 'HC_DEFAULT', '0106000020E7640000010000000103000000010000000600000049E67282AE9B1941F5E7A8EA35755141246C805D429C19418C8229E62F7551419A1207EE6B9C1941AABD8FA133755141868B19E74C9C19412A3B18953475514102BC9D24D69B19419AEEEE9E3975514149E67282AE9B1941F5E7A8EA35755141');



SELECT pg_catalog.setval('element_seq', 110, true);
SELECT pg_catalog.setval('element_x_node_seq', 112, true);
SELECT pg_catalog.setval('event_x_conduit_seq', 21, true);
SELECT pg_catalog.setval('event_x_cover_seq', 228, true);
SELECT pg_catalog.setval('event_x_junction_seq', 26, true);
SELECT pg_catalog.setval('event_x_pump_seq', 4, true);
SELECT pg_catalog.setval('event_x_storage_seq', 5, true);
SELECT pg_catalog.setval('inp_curve_seq', 4, true);
SELECT pg_catalog.setval('inp_timeseries_seq', 24, true);



