/*
This file is part of Giswater
The program is free software: you can redistribute it and/or modify it under the terms of the GNU General Public License as published by the Free Software Foundation, either version 3 of the License, or (at your option) any later version.
This version of Giswater is provided by Giswater Association
*/


SET search_path = "SCHEMA_NAME", public, pg_catalog;


CREATE OR REPLACE VIEW ve_arc AS
 SELECT v_arc.arc_id,
    v_arc.code,
    v_arc.node_1,
    v_arc.nodetype_1,
    v_arc.y1,
    v_arc.custom_y1,
    v_arc.elev1,
    v_arc.custom_elev1,
    v_arc.sys_elev1,
    v_arc.sys_y1,
    v_arc.r1,
    v_arc.z1,
    v_arc.node_2,
    v_arc.nodetype_2,
    v_arc.y2,
    v_arc.custom_y2,
    v_arc.elev2,
    v_arc.custom_elev2,
    v_arc.sys_elev2,
    v_arc.sys_y2,
    v_arc.r2,
    v_arc.z2,
    v_arc.slope,
    v_arc.arc_type,
    v_arc.sys_type,
    v_arc.arccat_id,
    v_arc.matcat_id,
    v_arc.cat_shape,
    v_arc.cat_geom1,
    v_arc.cat_geom2,
    v_arc.width,
    v_arc.epa_type,
    v_arc.expl_id,
    v_arc.macroexpl_id,
    v_arc.sector_id,
    v_arc.macrosector_id,
    v_arc.state,
    v_arc.state_type,
    v_arc.annotation,
    v_arc.gis_length,
    v_arc.custom_length,
    v_arc.inverted_slope,
    v_arc.observ,
    v_arc.comment,
    v_arc.dma_id,
    v_arc.macrodma_id,
    v_arc.soilcat_id,
    v_arc.function_type,
    v_arc.category_type,
    v_arc.fluid_type,
    v_arc.location_type,
    v_arc.workcat_id,
    v_arc.workcat_id_end,
    v_arc.builtdate,
    v_arc.enddate,
    v_arc.buildercat_id,
    v_arc.ownercat_id,
    v_arc.muni_id,
    v_arc.postcode,
    v_arc.district_id,
    v_arc.streetname,
    v_arc.postnumber,
    v_arc.postcomplement,
    v_arc.streetname2,
    v_arc.postnumber2,
    v_arc.postcomplement2,
    v_arc.descript,
    v_arc.link,
    v_arc.verified,
    v_arc.undelete,
    v_arc.label,
    v_arc.label_x,
    v_arc.label_y,
    v_arc.label_rotation,
    v_arc.publish,
    v_arc.inventory,
    v_arc.uncertain,
    v_arc.num_value,
    v_arc.tstamp,
    v_arc.insert_user,
    v_arc.lastupdate,
    v_arc.lastupdate_user,
    v_arc.the_geom,
    v_arc.workcat_id_plan,
    v_arc.asset_id,
    v_arc.pavcat_id,
    v_arc.drainzone_id,
    v_arc.cat_area,
    v_arc.parent_id,
    v_arc.expl_id2,
    v_arc.is_operative,
    v_arc.region_id,
    v_arc.province_id,
    v_arc.adate,
    v_arc.adescript,
    v_arc.visitability
   FROM v_arc;


--
-- Name: ve_arc_conducte; Type: VIEW; Schema: ; Owner: -
--

CREATE VIEW ve_arc_conducte AS
 SELECT ve_arc.arc_id,
    ve_arc.code,
    ve_arc.node_1,
    ve_arc.nodetype_1,
    ve_arc.y1,
    ve_arc.custom_y1,
    ve_arc.elev1,
    ve_arc.custom_elev1,
    ve_arc.sys_elev1,
    ve_arc.sys_y1,
    ve_arc.r1,
    ve_arc.z1,
    ve_arc.node_2,
    ve_arc.nodetype_2,
    ve_arc.y2,
    ve_arc.custom_y2,
    ve_arc.elev2,
    ve_arc.custom_elev2,
    ve_arc.sys_elev2,
    ve_arc.sys_y2,
    ve_arc.r2,
    ve_arc.z2,
    ve_arc.slope,
    ve_arc.arc_type,
    ve_arc.sys_type,
    ve_arc.arccat_id,
    ve_arc.matcat_id,
    ve_arc.cat_shape,
    ve_arc.cat_geom1,
    ve_arc.cat_geom2,
    ve_arc.width,
    ve_arc.epa_type,
    ve_arc.expl_id,
    ve_arc.macroexpl_id,
    ve_arc.sector_id,
    ve_arc.macrosector_id,
    ve_arc.state,
    ve_arc.state_type,
    ve_arc.annotation,
    ve_arc.gis_length,
    ve_arc.custom_length,
    ve_arc.inverted_slope,
    ve_arc.observ,
    ve_arc.comment,
    ve_arc.dma_id,
    ve_arc.macrodma_id,
    ve_arc.soilcat_id,
    ve_arc.function_type,
    ve_arc.category_type,
    ve_arc.fluid_type,
    ve_arc.location_type,
    ve_arc.workcat_id,
    ve_arc.workcat_id_end,
    ve_arc.builtdate,
    ve_arc.enddate,
    ve_arc.buildercat_id,
    ve_arc.ownercat_id,
    ve_arc.muni_id,
    ve_arc.postcode,
    ve_arc.district_id,
    ve_arc.streetname,
    ve_arc.postnumber,
    ve_arc.postcomplement,
    ve_arc.streetname2,
    ve_arc.postnumber2,
    ve_arc.postcomplement2,
    ve_arc.descript,
    ve_arc.link,
    ve_arc.verified,
    ve_arc.undelete,
    ve_arc.label,
    ve_arc.label_x,
    ve_arc.label_y,
    ve_arc.label_rotation,
    ve_arc.publish,
    ve_arc.inventory,
    ve_arc.uncertain,
    ve_arc.num_value,
    ve_arc.tstamp,
    ve_arc.insert_user,
    ve_arc.lastupdate,
    ve_arc.lastupdate_user,
    ve_arc.the_geom,
    ve_arc.workcat_id_plan,
    ve_arc.asset_id,
    ve_arc.pavcat_id,
    ve_arc.drainzone_id,
    ve_arc.cat_area,
    ve_arc.parent_id,
    ve_arc.expl_id2,
    ve_arc.is_operative,
    ve_arc.region_id,
    ve_arc.province_id,
    ve_arc.adate,
    ve_arc.adescript,
    ve_arc.visitability,
    man_conduit.inlet_offset,
    man_conduit.bottom_mat
   FROM (ve_arc
     JOIN man_conduit ON (((man_conduit.arc_id)::text = (ve_arc.arc_id)::text)))
  WHERE ((ve_arc.arc_type)::text = 'CONDUCTE'::text);


--
-- Name: ve_arc_fictici; Type: VIEW; Schema: ; Owner: -
--

CREATE VIEW ve_arc_fictici AS
 SELECT ve_arc.arc_id,
    ve_arc.code,
    ve_arc.node_1,
    ve_arc.nodetype_1,
    ve_arc.y1,
    ve_arc.custom_y1,
    ve_arc.elev1,
    ve_arc.custom_elev1,
    ve_arc.sys_elev1,
    ve_arc.sys_y1,
    ve_arc.r1,
    ve_arc.z1,
    ve_arc.node_2,
    ve_arc.nodetype_2,
    ve_arc.y2,
    ve_arc.custom_y2,
    ve_arc.elev2,
    ve_arc.custom_elev2,
    ve_arc.sys_elev2,
    ve_arc.sys_y2,
    ve_arc.r2,
    ve_arc.z2,
    ve_arc.slope,
    ve_arc.arc_type,
    ve_arc.sys_type,
    ve_arc.arccat_id,
    ve_arc.matcat_id,
    ve_arc.cat_shape,
    ve_arc.cat_geom1,
    ve_arc.cat_geom2,
    ve_arc.width,
    ve_arc.epa_type,
    ve_arc.expl_id,
    ve_arc.macroexpl_id,
    ve_arc.sector_id,
    ve_arc.macrosector_id,
    ve_arc.state,
    ve_arc.state_type,
    ve_arc.annotation,
    ve_arc.gis_length,
    ve_arc.custom_length,
    ve_arc.inverted_slope,
    ve_arc.observ,
    ve_arc.comment,
    ve_arc.dma_id,
    ve_arc.macrodma_id,
    ve_arc.soilcat_id,
    ve_arc.function_type,
    ve_arc.category_type,
    ve_arc.fluid_type,
    ve_arc.location_type,
    ve_arc.workcat_id,
    ve_arc.workcat_id_end,
    ve_arc.builtdate,
    ve_arc.enddate,
    ve_arc.buildercat_id,
    ve_arc.ownercat_id,
    ve_arc.muni_id,
    ve_arc.postcode,
    ve_arc.district_id,
    ve_arc.streetname,
    ve_arc.postnumber,
    ve_arc.postcomplement,
    ve_arc.streetname2,
    ve_arc.postnumber2,
    ve_arc.postcomplement2,
    ve_arc.descript,
    ve_arc.link,
    ve_arc.verified,
    ve_arc.undelete,
    ve_arc.label,
    ve_arc.label_x,
    ve_arc.label_y,
    ve_arc.label_rotation,
    ve_arc.publish,
    ve_arc.inventory,
    ve_arc.uncertain,
    ve_arc.num_value,
    ve_arc.tstamp,
    ve_arc.insert_user,
    ve_arc.lastupdate,
    ve_arc.lastupdate_user,
    ve_arc.the_geom,
    ve_arc.workcat_id_plan,
    ve_arc.asset_id,
    ve_arc.pavcat_id,
    ve_arc.drainzone_id,
    ve_arc.cat_area,
    ve_arc.parent_id,
    ve_arc.expl_id2,
    ve_arc.is_operative,
    ve_arc.region_id,
    ve_arc.province_id,
    ve_arc.adate,
    ve_arc.adescript,
    ve_arc.visitability
   FROM (ve_arc
     JOIN man_varc ON (((man_varc.arc_id)::text = (ve_arc.arc_id)::text)))
  WHERE ((ve_arc.arc_type)::text = 'FICTICI'::text);


--
-- Name: ve_arc_impulsio; Type: VIEW; Schema: ; Owner: -
--

CREATE VIEW ve_arc_impulsio AS
 SELECT ve_arc.arc_id,
    ve_arc.code,
    ve_arc.node_1,
    ve_arc.nodetype_1,
    ve_arc.y1,
    ve_arc.custom_y1,
    ve_arc.elev1,
    ve_arc.custom_elev1,
    ve_arc.sys_elev1,
    ve_arc.sys_y1,
    ve_arc.r1,
    ve_arc.z1,
    ve_arc.node_2,
    ve_arc.nodetype_2,
    ve_arc.y2,
    ve_arc.custom_y2,
    ve_arc.elev2,
    ve_arc.custom_elev2,
    ve_arc.sys_elev2,
    ve_arc.sys_y2,
    ve_arc.r2,
    ve_arc.z2,
    ve_arc.slope,
    ve_arc.arc_type,
    ve_arc.sys_type,
    ve_arc.arccat_id,
    ve_arc.matcat_id,
    ve_arc.cat_shape,
    ve_arc.cat_geom1,
    ve_arc.cat_geom2,
    ve_arc.width,
    ve_arc.epa_type,
    ve_arc.expl_id,
    ve_arc.macroexpl_id,
    ve_arc.sector_id,
    ve_arc.macrosector_id,
    ve_arc.state,
    ve_arc.state_type,
    ve_arc.annotation,
    ve_arc.gis_length,
    ve_arc.custom_length,
    ve_arc.inverted_slope,
    ve_arc.observ,
    ve_arc.comment,
    ve_arc.dma_id,
    ve_arc.macrodma_id,
    ve_arc.soilcat_id,
    ve_arc.function_type,
    ve_arc.category_type,
    ve_arc.fluid_type,
    ve_arc.location_type,
    ve_arc.workcat_id,
    ve_arc.workcat_id_end,
    ve_arc.builtdate,
    ve_arc.enddate,
    ve_arc.buildercat_id,
    ve_arc.ownercat_id,
    ve_arc.muni_id,
    ve_arc.postcode,
    ve_arc.district_id,
    ve_arc.streetname,
    ve_arc.postnumber,
    ve_arc.postcomplement,
    ve_arc.streetname2,
    ve_arc.postnumber2,
    ve_arc.postcomplement2,
    ve_arc.descript,
    ve_arc.link,
    ve_arc.verified,
    ve_arc.undelete,
    ve_arc.label,
    ve_arc.label_x,
    ve_arc.label_y,
    ve_arc.label_rotation,
    ve_arc.publish,
    ve_arc.inventory,
    ve_arc.uncertain,
    ve_arc.num_value,
    ve_arc.tstamp,
    ve_arc.insert_user,
    ve_arc.lastupdate,
    ve_arc.lastupdate_user,
    ve_arc.the_geom,
    ve_arc.workcat_id_plan,
    ve_arc.asset_id,
    ve_arc.pavcat_id,
    ve_arc.drainzone_id,
    ve_arc.cat_area,
    ve_arc.parent_id,
    ve_arc.expl_id2,
    ve_arc.is_operative,
    ve_arc.region_id,
    ve_arc.province_id,
    ve_arc.adate,
    ve_arc.adescript,
    ve_arc.visitability,
    man_conduit.inlet_offset,
    man_conduit.bottom_mat
   FROM (ve_arc
     JOIN man_conduit ON (((man_conduit.arc_id)::text = (ve_arc.arc_id)::text)))
  WHERE ((ve_arc.arc_type)::text = 'IMPULSIO'::text);


--
-- Name: ve_arc_rapid; Type: VIEW; Schema: ; Owner: -
--

CREATE VIEW ve_arc_rapid AS
 SELECT ve_arc.arc_id,
    ve_arc.code,
    ve_arc.node_1,
    ve_arc.nodetype_1,
    ve_arc.y1,
    ve_arc.custom_y1,
    ve_arc.elev1,
    ve_arc.custom_elev1,
    ve_arc.sys_elev1,
    ve_arc.sys_y1,
    ve_arc.r1,
    ve_arc.z1,
    ve_arc.node_2,
    ve_arc.nodetype_2,
    ve_arc.y2,
    ve_arc.custom_y2,
    ve_arc.elev2,
    ve_arc.custom_elev2,
    ve_arc.sys_elev2,
    ve_arc.sys_y2,
    ve_arc.r2,
    ve_arc.z2,
    ve_arc.slope,
    ve_arc.arc_type,
    ve_arc.sys_type,
    ve_arc.arccat_id,
    ve_arc.matcat_id,
    ve_arc.cat_shape,
    ve_arc.cat_geom1,
    ve_arc.cat_geom2,
    ve_arc.width,
    ve_arc.epa_type,
    ve_arc.expl_id,
    ve_arc.macroexpl_id,
    ve_arc.sector_id,
    ve_arc.macrosector_id,
    ve_arc.state,
    ve_arc.state_type,
    ve_arc.annotation,
    ve_arc.gis_length,
    ve_arc.custom_length,
    ve_arc.inverted_slope,
    ve_arc.observ,
    ve_arc.comment,
    ve_arc.dma_id,
    ve_arc.macrodma_id,
    ve_arc.soilcat_id,
    ve_arc.function_type,
    ve_arc.category_type,
    ve_arc.fluid_type,
    ve_arc.location_type,
    ve_arc.workcat_id,
    ve_arc.workcat_id_end,
    ve_arc.builtdate,
    ve_arc.enddate,
    ve_arc.buildercat_id,
    ve_arc.ownercat_id,
    ve_arc.muni_id,
    ve_arc.postcode,
    ve_arc.district_id,
    ve_arc.streetname,
    ve_arc.postnumber,
    ve_arc.postcomplement,
    ve_arc.streetname2,
    ve_arc.postnumber2,
    ve_arc.postcomplement2,
    ve_arc.descript,
    ve_arc.link,
    ve_arc.verified,
    ve_arc.undelete,
    ve_arc.label,
    ve_arc.label_x,
    ve_arc.label_y,
    ve_arc.label_rotation,
    ve_arc.publish,
    ve_arc.inventory,
    ve_arc.uncertain,
    ve_arc.num_value,
    ve_arc.tstamp,
    ve_arc.insert_user,
    ve_arc.lastupdate,
    ve_arc.lastupdate_user,
    ve_arc.the_geom,
    ve_arc.workcat_id_plan,
    ve_arc.asset_id,
    ve_arc.pavcat_id,
    ve_arc.drainzone_id,
    ve_arc.cat_area,
    ve_arc.parent_id,
    ve_arc.expl_id2,
    ve_arc.is_operative,
    ve_arc.region_id,
    ve_arc.province_id,
    ve_arc.adate,
    ve_arc.adescript,
    ve_arc.visitability,
    man_waccel.sander_length,
    man_waccel.sander_depth,
    man_waccel.prot_surface,
    man_waccel.accessibility,
    man_waccel.name
   FROM (ve_arc
     JOIN man_waccel ON (((man_waccel.arc_id)::text = (ve_arc.arc_id)::text)))
  WHERE ((ve_arc.arc_type)::text = 'RAPID'::text);


--
-- Name: ve_arc_sifo; Type: VIEW; Schema: ; Owner: -
--

CREATE VIEW ve_arc_sifo AS
 SELECT ve_arc.arc_id,
    ve_arc.code,
    ve_arc.node_1,
    ve_arc.nodetype_1,
    ve_arc.y1,
    ve_arc.custom_y1,
    ve_arc.elev1,
    ve_arc.custom_elev1,
    ve_arc.sys_elev1,
    ve_arc.sys_y1,
    ve_arc.r1,
    ve_arc.z1,
    ve_arc.node_2,
    ve_arc.nodetype_2,
    ve_arc.y2,
    ve_arc.custom_y2,
    ve_arc.elev2,
    ve_arc.custom_elev2,
    ve_arc.sys_elev2,
    ve_arc.sys_y2,
    ve_arc.r2,
    ve_arc.z2,
    ve_arc.slope,
    ve_arc.arc_type,
    ve_arc.sys_type,
    ve_arc.arccat_id,
    ve_arc.matcat_id,
    ve_arc.cat_shape,
    ve_arc.cat_geom1,
    ve_arc.cat_geom2,
    ve_arc.width,
    ve_arc.epa_type,
    ve_arc.expl_id,
    ve_arc.macroexpl_id,
    ve_arc.sector_id,
    ve_arc.macrosector_id,
    ve_arc.state,
    ve_arc.state_type,
    ve_arc.annotation,
    ve_arc.gis_length,
    ve_arc.custom_length,
    ve_arc.inverted_slope,
    ve_arc.observ,
    ve_arc.comment,
    ve_arc.dma_id,
    ve_arc.macrodma_id,
    ve_arc.soilcat_id,
    ve_arc.function_type,
    ve_arc.category_type,
    ve_arc.fluid_type,
    ve_arc.location_type,
    ve_arc.workcat_id,
    ve_arc.workcat_id_end,
    ve_arc.builtdate,
    ve_arc.enddate,
    ve_arc.buildercat_id,
    ve_arc.ownercat_id,
    ve_arc.muni_id,
    ve_arc.postcode,
    ve_arc.district_id,
    ve_arc.streetname,
    ve_arc.postnumber,
    ve_arc.postcomplement,
    ve_arc.streetname2,
    ve_arc.postnumber2,
    ve_arc.postcomplement2,
    ve_arc.descript,
    ve_arc.link,
    ve_arc.verified,
    ve_arc.undelete,
    ve_arc.label,
    ve_arc.label_x,
    ve_arc.label_y,
    ve_arc.label_rotation,
    ve_arc.publish,
    ve_arc.inventory,
    ve_arc.uncertain,
    ve_arc.num_value,
    ve_arc.tstamp,
    ve_arc.insert_user,
    ve_arc.lastupdate,
    ve_arc.lastupdate_user,
    ve_arc.the_geom,
    ve_arc.workcat_id_plan,
    ve_arc.asset_id,
    ve_arc.pavcat_id,
    ve_arc.drainzone_id,
    ve_arc.cat_area,
    ve_arc.parent_id,
    ve_arc.expl_id2,
    ve_arc.is_operative,
    ve_arc.region_id,
    ve_arc.province_id,
    ve_arc.adate,
    ve_arc.adescript,
    ve_arc.visitability,
    man_siphon.name
   FROM (ve_arc
     JOIN man_siphon ON (((man_siphon.arc_id)::text = (ve_arc.arc_id)::text)))
  WHERE ((ve_arc.arc_type)::text = 'SIFO'::text);



--
-- Name: ve_connec_escomesa; Type: VIEW; Schema: ; Owner: -
--

CREATE VIEW ve_connec_escomesa AS
 SELECT ve_connec.connec_id,
    ve_connec.code,
    ve_connec.customer_code,
    ve_connec.top_elev,
    ve_connec.y1,
    ve_connec.y2,
    ve_connec.connecat_id,
    ve_connec.connec_type,
    ve_connec.sys_type,
    ve_connec.private_connecat_id,
    ve_connec.matcat_id,
    ve_connec.expl_id,
    ve_connec.macroexpl_id,
    ve_connec.sector_id,
    ve_connec.macrosector_id,
    ve_connec.demand,
    ve_connec.state,
    ve_connec.state_type,
    ve_connec.connec_depth,
    ve_connec.connec_length,
    ve_connec.arc_id,
    ve_connec.annotation,
    ve_connec.observ,
    ve_connec.comment,
    ve_connec.dma_id,
    ve_connec.macrodma_id,
    ve_connec.soilcat_id,
    ve_connec.function_type,
    ve_connec.category_type,
    ve_connec.fluid_type,
    ve_connec.location_type,
    ve_connec.workcat_id,
    ve_connec.workcat_id_end,
    ve_connec.buildercat_id,
    ve_connec.builtdate,
    ve_connec.enddate,
    ve_connec.ownercat_id,
    ve_connec.muni_id,
    ve_connec.postcode,
    ve_connec.district_id,
    ve_connec.streetname,
    ve_connec.postnumber,
    ve_connec.postcomplement,
    ve_connec.streetname2,
    ve_connec.postnumber2,
    ve_connec.postcomplement2,
    ve_connec.descript,
    ve_connec.svg,
    ve_connec.rotation,
    ve_connec.link,
    ve_connec.verified,
    ve_connec.undelete,
    ve_connec.label,
    ve_connec.label_x,
    ve_connec.label_y,
    ve_connec.label_rotation,
    ve_connec.accessibility,
    ve_connec.diagonal,
    ve_connec.publish,
    ve_connec.inventory,
    ve_connec.uncertain,
    ve_connec.num_value,
    ve_connec.pjoint_id,
    ve_connec.pjoint_type,
    ve_connec.tstamp,
    ve_connec.insert_user,
    ve_connec.lastupdate,
    ve_connec.lastupdate_user,
    ve_connec.the_geom,
    ve_connec.workcat_id_plan,
    ve_connec.asset_id,
    ve_connec.drainzone_id,
    ve_connec.expl_id2,
    ve_connec.is_operative,
    ve_connec.region_id,
    ve_connec.province_id,
    ve_connec.adate,
    ve_connec.adescript,
    ve_connec.plot_code
   FROM ve_connec
  WHERE ((ve_connec.connec_type)::text = 'ESCOMESA'::text);


--
-- Name: ve_connec_escomesa_ficticia; Type: VIEW; Schema: ; Owner: -
--

CREATE VIEW ve_connec_escomesa_ficticia AS
 SELECT ve_connec.connec_id,
    ve_connec.code,
    ve_connec.customer_code,
    ve_connec.top_elev,
    ve_connec.y1,
    ve_connec.y2,
    ve_connec.connecat_id,
    ve_connec.connec_type,
    ve_connec.sys_type,
    ve_connec.private_connecat_id,
    ve_connec.matcat_id,
    ve_connec.expl_id,
    ve_connec.macroexpl_id,
    ve_connec.sector_id,
    ve_connec.macrosector_id,
    ve_connec.demand,
    ve_connec.state,
    ve_connec.state_type,
    ve_connec.connec_depth,
    ve_connec.connec_length,
    ve_connec.arc_id,
    ve_connec.annotation,
    ve_connec.observ,
    ve_connec.comment,
    ve_connec.dma_id,
    ve_connec.macrodma_id,
    ve_connec.soilcat_id,
    ve_connec.function_type,
    ve_connec.category_type,
    ve_connec.fluid_type,
    ve_connec.location_type,
    ve_connec.workcat_id,
    ve_connec.workcat_id_end,
    ve_connec.buildercat_id,
    ve_connec.builtdate,
    ve_connec.enddate,
    ve_connec.ownercat_id,
    ve_connec.muni_id,
    ve_connec.postcode,
    ve_connec.district_id,
    ve_connec.streetname,
    ve_connec.postnumber,
    ve_connec.postcomplement,
    ve_connec.streetname2,
    ve_connec.postnumber2,
    ve_connec.postcomplement2,
    ve_connec.descript,
    ve_connec.svg,
    ve_connec.rotation,
    ve_connec.link,
    ve_connec.verified,
    ve_connec.undelete,
    ve_connec.label,
    ve_connec.label_x,
    ve_connec.label_y,
    ve_connec.label_rotation,
    ve_connec.accessibility,
    ve_connec.diagonal,
    ve_connec.publish,
    ve_connec.inventory,
    ve_connec.uncertain,
    ve_connec.num_value,
    ve_connec.pjoint_id,
    ve_connec.pjoint_type,
    ve_connec.tstamp,
    ve_connec.insert_user,
    ve_connec.lastupdate,
    ve_connec.lastupdate_user,
    ve_connec.the_geom,
    ve_connec.workcat_id_plan,
    ve_connec.asset_id,
    ve_connec.drainzone_id,
    ve_connec.expl_id2,
    ve_connec.is_operative,
    ve_connec.region_id,
    ve_connec.province_id,
    ve_connec.adate,
    ve_connec.adescript,
    ve_connec.plot_code
   FROM ve_connec
  WHERE ((ve_connec.connec_type)::text = 'ESCOMESA_FICTICIA'::text);


--
-- Name: ve_node_arqueta_sorrera; Type: VIEW; Schema: ; Owner: -
--

CREATE VIEW ve_node_arqueta_sorrera AS
 SELECT ve_node.node_id,
    ve_node.code,
    ve_node.top_elev,
    ve_node.custom_top_elev,
    ve_node.sys_top_elev,
    ve_node.ymax,
    ve_node.custom_ymax,
    ve_node.sys_ymax,
    ve_node.elev,
    ve_node.custom_elev,
    ve_node.sys_elev,
    ve_node.node_type,
    ve_node.sys_type,
    ve_node.nodecat_id,
    ve_node.matcat_id,
    ve_node.epa_type,
    ve_node.expl_id,
    ve_node.macroexpl_id,
    ve_node.sector_id,
    ve_node.macrosector_id,
    ve_node.state,
    ve_node.state_type,
    ve_node.annotation,
    ve_node.observ,
    ve_node.comment,
    ve_node.dma_id,
    ve_node.macrodma_id,
    ve_node.soilcat_id,
    ve_node.function_type,
    ve_node.category_type,
    ve_node.fluid_type,
    ve_node.location_type,
    ve_node.workcat_id,
    ve_node.workcat_id_end,
    ve_node.buildercat_id,
    ve_node.builtdate,
    ve_node.enddate,
    ve_node.ownercat_id,
    ve_node.muni_id,
    ve_node.postcode,
    ve_node.district_id,
    ve_node.streetname,
    ve_node.postnumber,
    ve_node.postcomplement,
    ve_node.streetname2,
    ve_node.postnumber2,
    ve_node.postcomplement2,
    ve_node.descript,
    ve_node.svg,
    ve_node.rotation,
    ve_node.link,
    ve_node.verified,
    ve_node.the_geom,
    ve_node.undelete,
    ve_node.label,
    ve_node.label_x,
    ve_node.label_y,
    ve_node.label_rotation,
    ve_node.publish,
    ve_node.inventory,
    ve_node.uncertain,
    ve_node.xyz_date,
    ve_node.unconnected,
    ve_node.num_value,
    ve_node.tstamp,
    ve_node.insert_user,
    ve_node.lastupdate,
    ve_node.lastupdate_user,
    ve_node.workcat_id_plan,
    ve_node.asset_id,
    ve_node.drainzone_id,
    ve_node.parent_id,
    ve_node.arc_id,
    ve_node.expl_id2,
    ve_node.is_operative,
    ve_node.region_id,
    ve_node.province_id,
    ve_node.adate,
    ve_node.adescript,
    man_manhole.length,
    man_manhole.width,
    man_manhole.sander_depth,
    man_manhole.prot_surface,
    man_manhole.inlet,
    man_manhole.bottom_channel,
    man_manhole.accessibility,
    man_manhole.step_pp,
    man_manhole.step_fe,
    man_manhole.step_replace,
    man_manhole.cover,
    man_manhole.bottom_mat
   FROM (ve_node
     JOIN man_manhole ON (((man_manhole.node_id)::text = (ve_node.node_id)::text)))
  WHERE ((ve_node.node_type)::text = 'ARQUETA_SORRERA'::text);


--
-- Name: ve_node_cambra; Type: VIEW; Schema: ; Owner: -
--

CREATE VIEW ve_node_cambra AS
 SELECT ve_node.node_id,
    ve_node.code,
    ve_node.top_elev,
    ve_node.custom_top_elev,
    ve_node.sys_top_elev,
    ve_node.ymax,
    ve_node.custom_ymax,
    ve_node.sys_ymax,
    ve_node.elev,
    ve_node.custom_elev,
    ve_node.sys_elev,
    ve_node.node_type,
    ve_node.sys_type,
    ve_node.nodecat_id,
    ve_node.matcat_id,
    ve_node.epa_type,
    ve_node.expl_id,
    ve_node.macroexpl_id,
    ve_node.sector_id,
    ve_node.macrosector_id,
    ve_node.state,
    ve_node.state_type,
    ve_node.annotation,
    ve_node.observ,
    ve_node.comment,
    ve_node.dma_id,
    ve_node.macrodma_id,
    ve_node.soilcat_id,
    ve_node.function_type,
    ve_node.category_type,
    ve_node.fluid_type,
    ve_node.location_type,
    ve_node.workcat_id,
    ve_node.workcat_id_end,
    ve_node.buildercat_id,
    ve_node.builtdate,
    ve_node.enddate,
    ve_node.ownercat_id,
    ve_node.muni_id,
    ve_node.postcode,
    ve_node.district_id,
    ve_node.streetname,
    ve_node.postnumber,
    ve_node.postcomplement,
    ve_node.streetname2,
    ve_node.postnumber2,
    ve_node.postcomplement2,
    ve_node.descript,
    ve_node.svg,
    ve_node.rotation,
    ve_node.link,
    ve_node.verified,
    ve_node.the_geom,
    ve_node.undelete,
    ve_node.label,
    ve_node.label_x,
    ve_node.label_y,
    ve_node.label_rotation,
    ve_node.publish,
    ve_node.inventory,
    ve_node.uncertain,
    ve_node.xyz_date,
    ve_node.unconnected,
    ve_node.num_value,
    ve_node.tstamp,
    ve_node.insert_user,
    ve_node.lastupdate,
    ve_node.lastupdate_user,
    ve_node.workcat_id_plan,
    ve_node.asset_id,
    ve_node.drainzone_id,
    ve_node.parent_id,
    ve_node.arc_id,
    ve_node.expl_id2,
    ve_node.is_operative,
    ve_node.region_id,
    ve_node.province_id,
    ve_node.adate,
    ve_node.adescript,
    man_chamber.length,
    man_chamber.width,
    man_chamber.sander_depth,
    man_chamber.max_volume,
    man_chamber.util_volume,
    man_chamber.inlet,
    man_chamber.bottom_channel,
    man_chamber.accessibility,
    man_chamber.name,
    man_chamber.bottom_mat,
    man_chamber.slope
   FROM (ve_node
     JOIN man_chamber ON (((man_chamber.node_id)::text = (ve_node.node_id)::text)))
  WHERE ((ve_node.node_type)::text = 'CAMBRA'::text);


--
-- Name: ve_node_canvi_seccio; Type: VIEW; Schema: ; Owner: -
--

CREATE VIEW ve_node_canvi_seccio AS
 SELECT ve_node.node_id,
    ve_node.code,
    ve_node.top_elev,
    ve_node.custom_top_elev,
    ve_node.sys_top_elev,
    ve_node.ymax,
    ve_node.custom_ymax,
    ve_node.sys_ymax,
    ve_node.elev,
    ve_node.custom_elev,
    ve_node.sys_elev,
    ve_node.node_type,
    ve_node.sys_type,
    ve_node.nodecat_id,
    ve_node.matcat_id,
    ve_node.epa_type,
    ve_node.expl_id,
    ve_node.macroexpl_id,
    ve_node.sector_id,
    ve_node.macrosector_id,
    ve_node.state,
    ve_node.state_type,
    ve_node.annotation,
    ve_node.observ,
    ve_node.comment,
    ve_node.dma_id,
    ve_node.macrodma_id,
    ve_node.soilcat_id,
    ve_node.function_type,
    ve_node.category_type,
    ve_node.fluid_type,
    ve_node.location_type,
    ve_node.workcat_id,
    ve_node.workcat_id_end,
    ve_node.buildercat_id,
    ve_node.builtdate,
    ve_node.enddate,
    ve_node.ownercat_id,
    ve_node.muni_id,
    ve_node.postcode,
    ve_node.district_id,
    ve_node.streetname,
    ve_node.postnumber,
    ve_node.postcomplement,
    ve_node.streetname2,
    ve_node.postnumber2,
    ve_node.postcomplement2,
    ve_node.descript,
    ve_node.svg,
    ve_node.rotation,
    ve_node.link,
    ve_node.verified,
    ve_node.the_geom,
    ve_node.undelete,
    ve_node.label,
    ve_node.label_x,
    ve_node.label_y,
    ve_node.label_rotation,
    ve_node.publish,
    ve_node.inventory,
    ve_node.uncertain,
    ve_node.xyz_date,
    ve_node.unconnected,
    ve_node.num_value,
    ve_node.tstamp,
    ve_node.insert_user,
    ve_node.lastupdate,
    ve_node.lastupdate_user,
    ve_node.workcat_id_plan,
    ve_node.asset_id,
    ve_node.drainzone_id,
    ve_node.parent_id,
    ve_node.arc_id,
    ve_node.expl_id2,
    ve_node.is_operative,
    ve_node.region_id,
    ve_node.province_id,
    ve_node.adate,
    ve_node.adescript
   FROM (ve_node
     JOIN man_junction ON (((man_junction.node_id)::text = (ve_node.node_id)::text)))
  WHERE ((ve_node.node_type)::text = 'CANVI_SECCIO'::text);


--
-- Name: ve_node_desguas; Type: VIEW; Schema: ; Owner: -
--

CREATE VIEW ve_node_desguas AS
 SELECT ve_node.node_id,
    ve_node.code,
    ve_node.top_elev,
    ve_node.custom_top_elev,
    ve_node.sys_top_elev,
    ve_node.ymax,
    ve_node.custom_ymax,
    ve_node.sys_ymax,
    ve_node.elev,
    ve_node.custom_elev,
    ve_node.sys_elev,
    ve_node.node_type,
    ve_node.sys_type,
    ve_node.nodecat_id,
    ve_node.matcat_id,
    ve_node.epa_type,
    ve_node.expl_id,
    ve_node.macroexpl_id,
    ve_node.sector_id,
    ve_node.macrosector_id,
    ve_node.state,
    ve_node.state_type,
    ve_node.annotation,
    ve_node.observ,
    ve_node.comment,
    ve_node.dma_id,
    ve_node.macrodma_id,
    ve_node.soilcat_id,
    ve_node.function_type,
    ve_node.category_type,
    ve_node.fluid_type,
    ve_node.location_type,
    ve_node.workcat_id,
    ve_node.workcat_id_end,
    ve_node.buildercat_id,
    ve_node.builtdate,
    ve_node.enddate,
    ve_node.ownercat_id,
    ve_node.muni_id,
    ve_node.postcode,
    ve_node.district_id,
    ve_node.streetname,
    ve_node.postnumber,
    ve_node.postcomplement,
    ve_node.streetname2,
    ve_node.postnumber2,
    ve_node.postcomplement2,
    ve_node.descript,
    ve_node.svg,
    ve_node.rotation,
    ve_node.link,
    ve_node.verified,
    ve_node.the_geom,
    ve_node.undelete,
    ve_node.label,
    ve_node.label_x,
    ve_node.label_y,
    ve_node.label_rotation,
    ve_node.publish,
    ve_node.inventory,
    ve_node.uncertain,
    ve_node.xyz_date,
    ve_node.unconnected,
    ve_node.num_value,
    ve_node.tstamp,
    ve_node.insert_user,
    ve_node.lastupdate,
    ve_node.lastupdate_user,
    ve_node.workcat_id_plan,
    ve_node.asset_id,
    ve_node.drainzone_id,
    ve_node.parent_id,
    ve_node.arc_id,
    ve_node.expl_id2,
    ve_node.is_operative,
    ve_node.region_id,
    ve_node.province_id,
    ve_node.adate,
    ve_node.adescript,
    man_outfall.name
   FROM (ve_node
     JOIN man_outfall ON (((man_outfall.node_id)::text = (ve_node.node_id)::text)))
  WHERE ((ve_node.node_type)::text = 'DESGUAS'::text);


--
-- Name: ve_node_diposit; Type: VIEW; Schema: ; Owner: -
--

CREATE VIEW ve_node_diposit AS
 SELECT ve_node.node_id,
    ve_node.code,
    ve_node.top_elev,
    ve_node.custom_top_elev,
    ve_node.sys_top_elev,
    ve_node.ymax,
    ve_node.custom_ymax,
    ve_node.sys_ymax,
    ve_node.elev,
    ve_node.custom_elev,
    ve_node.sys_elev,
    ve_node.node_type,
    ve_node.sys_type,
    ve_node.nodecat_id,
    ve_node.matcat_id,
    ve_node.epa_type,
    ve_node.expl_id,
    ve_node.macroexpl_id,
    ve_node.sector_id,
    ve_node.macrosector_id,
    ve_node.state,
    ve_node.state_type,
    ve_node.annotation,
    ve_node.observ,
    ve_node.comment,
    ve_node.dma_id,
    ve_node.macrodma_id,
    ve_node.soilcat_id,
    ve_node.function_type,
    ve_node.category_type,
    ve_node.fluid_type,
    ve_node.location_type,
    ve_node.workcat_id,
    ve_node.workcat_id_end,
    ve_node.buildercat_id,
    ve_node.builtdate,
    ve_node.enddate,
    ve_node.ownercat_id,
    ve_node.muni_id,
    ve_node.postcode,
    ve_node.district_id,
    ve_node.streetname,
    ve_node.postnumber,
    ve_node.postcomplement,
    ve_node.streetname2,
    ve_node.postnumber2,
    ve_node.postcomplement2,
    ve_node.descript,
    ve_node.svg,
    ve_node.rotation,
    ve_node.link,
    ve_node.verified,
    ve_node.the_geom,
    ve_node.undelete,
    ve_node.label,
    ve_node.label_x,
    ve_node.label_y,
    ve_node.label_rotation,
    ve_node.publish,
    ve_node.inventory,
    ve_node.uncertain,
    ve_node.xyz_date,
    ve_node.unconnected,
    ve_node.num_value,
    ve_node.tstamp,
    ve_node.insert_user,
    ve_node.lastupdate,
    ve_node.lastupdate_user,
    ve_node.workcat_id_plan,
    ve_node.asset_id,
    ve_node.drainzone_id,
    ve_node.parent_id,
    ve_node.arc_id,
    ve_node.expl_id2,
    ve_node.is_operative,
    ve_node.region_id,
    ve_node.province_id,
    ve_node.adate,
    ve_node.adescript,
    man_storage.length,
    man_storage.width,
    man_storage.custom_area,
    man_storage.max_volume,
    man_storage.util_volume,
    man_storage.min_height,
    man_storage.accessibility,
    man_storage.name
   FROM (ve_node
     JOIN man_storage ON (((man_storage.node_id)::text = (ve_node.node_id)::text)))
  WHERE ((ve_node.node_type)::text = 'DIPOSIT'::text);


--
-- Name: ve_node_diposit_desbordament; Type: VIEW; Schema: ; Owner: -
--

CREATE VIEW ve_node_diposit_desbordament AS
 SELECT ve_node.node_id,
    ve_node.code,
    ve_node.top_elev,
    ve_node.custom_top_elev,
    ve_node.sys_top_elev,
    ve_node.ymax,
    ve_node.custom_ymax,
    ve_node.sys_ymax,
    ve_node.elev,
    ve_node.custom_elev,
    ve_node.sys_elev,
    ve_node.node_type,
    ve_node.sys_type,
    ve_node.nodecat_id,
    ve_node.matcat_id,
    ve_node.epa_type,
    ve_node.expl_id,
    ve_node.macroexpl_id,
    ve_node.sector_id,
    ve_node.macrosector_id,
    ve_node.state,
    ve_node.state_type,
    ve_node.annotation,
    ve_node.observ,
    ve_node.comment,
    ve_node.dma_id,
    ve_node.macrodma_id,
    ve_node.soilcat_id,
    ve_node.function_type,
    ve_node.category_type,
    ve_node.fluid_type,
    ve_node.location_type,
    ve_node.workcat_id,
    ve_node.workcat_id_end,
    ve_node.buildercat_id,
    ve_node.builtdate,
    ve_node.enddate,
    ve_node.ownercat_id,
    ve_node.muni_id,
    ve_node.postcode,
    ve_node.district_id,
    ve_node.streetname,
    ve_node.postnumber,
    ve_node.postcomplement,
    ve_node.streetname2,
    ve_node.postnumber2,
    ve_node.postcomplement2,
    ve_node.descript,
    ve_node.svg,
    ve_node.rotation,
    ve_node.link,
    ve_node.verified,
    ve_node.the_geom,
    ve_node.undelete,
    ve_node.label,
    ve_node.label_x,
    ve_node.label_y,
    ve_node.label_rotation,
    ve_node.publish,
    ve_node.inventory,
    ve_node.uncertain,
    ve_node.xyz_date,
    ve_node.unconnected,
    ve_node.num_value,
    ve_node.tstamp,
    ve_node.insert_user,
    ve_node.lastupdate,
    ve_node.lastupdate_user,
    ve_node.workcat_id_plan,
    ve_node.asset_id,
    ve_node.drainzone_id,
    ve_node.parent_id,
    ve_node.arc_id,
    ve_node.expl_id2,
    ve_node.is_operative,
    ve_node.region_id,
    ve_node.province_id,
    ve_node.adate,
    ve_node.adescript,
    man_storage.length,
    man_storage.width,
    man_storage.custom_area,
    man_storage.max_volume,
    man_storage.util_volume,
    man_storage.min_height,
    man_storage.accessibility,
    man_storage.name
   FROM (ve_node
     JOIN man_storage ON (((man_storage.node_id)::text = (ve_node.node_id)::text)))
  WHERE ((ve_node.node_type)::text = 'DIPOSIT_DESBORDAMENT'::text);


--
-- Name: ve_node_edar; Type: VIEW; Schema: ; Owner: -
--

CREATE VIEW ve_node_edar AS
 SELECT ve_node.node_id,
    ve_node.code,
    ve_node.top_elev,
    ve_node.custom_top_elev,
    ve_node.sys_top_elev,
    ve_node.ymax,
    ve_node.custom_ymax,
    ve_node.sys_ymax,
    ve_node.elev,
    ve_node.custom_elev,
    ve_node.sys_elev,
    ve_node.node_type,
    ve_node.sys_type,
    ve_node.nodecat_id,
    ve_node.matcat_id,
    ve_node.epa_type,
    ve_node.expl_id,
    ve_node.macroexpl_id,
    ve_node.sector_id,
    ve_node.macrosector_id,
    ve_node.state,
    ve_node.state_type,
    ve_node.annotation,
    ve_node.observ,
    ve_node.comment,
    ve_node.dma_id,
    ve_node.macrodma_id,
    ve_node.soilcat_id,
    ve_node.function_type,
    ve_node.category_type,
    ve_node.fluid_type,
    ve_node.location_type,
    ve_node.workcat_id,
    ve_node.workcat_id_end,
    ve_node.buildercat_id,
    ve_node.builtdate,
    ve_node.enddate,
    ve_node.ownercat_id,
    ve_node.muni_id,
    ve_node.postcode,
    ve_node.district_id,
    ve_node.streetname,
    ve_node.postnumber,
    ve_node.postcomplement,
    ve_node.streetname2,
    ve_node.postnumber2,
    ve_node.postcomplement2,
    ve_node.descript,
    ve_node.svg,
    ve_node.rotation,
    ve_node.link,
    ve_node.verified,
    ve_node.the_geom,
    ve_node.undelete,
    ve_node.label,
    ve_node.label_x,
    ve_node.label_y,
    ve_node.label_rotation,
    ve_node.publish,
    ve_node.inventory,
    ve_node.uncertain,
    ve_node.xyz_date,
    ve_node.unconnected,
    ve_node.num_value,
    ve_node.tstamp,
    ve_node.insert_user,
    ve_node.lastupdate,
    ve_node.lastupdate_user,
    ve_node.workcat_id_plan,
    ve_node.asset_id,
    ve_node.drainzone_id,
    ve_node.parent_id,
    ve_node.arc_id,
    ve_node.expl_id2,
    ve_node.is_operative,
    ve_node.region_id,
    ve_node.province_id,
    ve_node.adate,
    ve_node.adescript,
    man_wwtp.name
   FROM (ve_node
     JOIN man_wwtp ON (((man_wwtp.node_id)::text = (ve_node.node_id)::text)))
  WHERE ((ve_node.node_type)::text = 'EDAR'::text);


--
-- Name: ve_node_element_topo; Type: VIEW; Schema: ; Owner: -
--

CREATE VIEW ve_node_element_topo AS
 SELECT ve_node.node_id,
    ve_node.code,
    ve_node.top_elev,
    ve_node.custom_top_elev,
    ve_node.sys_top_elev,
    ve_node.ymax,
    ve_node.custom_ymax,
    ve_node.sys_ymax,
    ve_node.elev,
    ve_node.custom_elev,
    ve_node.sys_elev,
    ve_node.node_type,
    ve_node.sys_type,
    ve_node.nodecat_id,
    ve_node.matcat_id,
    ve_node.epa_type,
    ve_node.expl_id,
    ve_node.macroexpl_id,
    ve_node.sector_id,
    ve_node.macrosector_id,
    ve_node.state,
    ve_node.state_type,
    ve_node.annotation,
    ve_node.observ,
    ve_node.comment,
    ve_node.dma_id,
    ve_node.macrodma_id,
    ve_node.soilcat_id,
    ve_node.function_type,
    ve_node.category_type,
    ve_node.fluid_type,
    ve_node.location_type,
    ve_node.workcat_id,
    ve_node.workcat_id_end,
    ve_node.buildercat_id,
    ve_node.builtdate,
    ve_node.enddate,
    ve_node.ownercat_id,
    ve_node.muni_id,
    ve_node.postcode,
    ve_node.district_id,
    ve_node.streetname,
    ve_node.postnumber,
    ve_node.postcomplement,
    ve_node.streetname2,
    ve_node.postnumber2,
    ve_node.postcomplement2,
    ve_node.descript,
    ve_node.svg,
    ve_node.rotation,
    ve_node.link,
    ve_node.verified,
    ve_node.the_geom,
    ve_node.undelete,
    ve_node.label,
    ve_node.label_x,
    ve_node.label_y,
    ve_node.label_rotation,
    ve_node.publish,
    ve_node.inventory,
    ve_node.uncertain,
    ve_node.xyz_date,
    ve_node.unconnected,
    ve_node.num_value,
    ve_node.tstamp,
    ve_node.insert_user,
    ve_node.lastupdate,
    ve_node.lastupdate_user,
    ve_node.workcat_id_plan,
    ve_node.asset_id,
    ve_node.drainzone_id,
    ve_node.parent_id,
    ve_node.arc_id,
    ve_node.expl_id2,
    ve_node.is_operative,
    ve_node.region_id,
    ve_node.province_id,
    ve_node.adate,
    ve_node.adescript,
    man_netelement.serial_number
   FROM (ve_node
     JOIN man_netelement ON (((man_netelement.node_id)::text = (ve_node.node_id)::text)))
  WHERE ((ve_node.node_type)::text = 'ELEMENT_TOPO'::text);


--
-- Name: ve_node_embornal_topo; Type: VIEW; Schema: ; Owner: -
--

CREATE VIEW ve_node_embornal_topo AS
 SELECT ve_node.node_id,
    ve_node.code,
    ve_node.top_elev,
    ve_node.custom_top_elev,
    ve_node.sys_top_elev,
    ve_node.ymax,
    ve_node.custom_ymax,
    ve_node.sys_ymax,
    ve_node.elev,
    ve_node.custom_elev,
    ve_node.sys_elev,
    ve_node.node_type,
    ve_node.sys_type,
    ve_node.nodecat_id,
    ve_node.matcat_id,
    ve_node.epa_type,
    ve_node.expl_id,
    ve_node.macroexpl_id,
    ve_node.sector_id,
    ve_node.macrosector_id,
    ve_node.state,
    ve_node.state_type,
    ve_node.annotation,
    ve_node.observ,
    ve_node.comment,
    ve_node.dma_id,
    ve_node.macrodma_id,
    ve_node.soilcat_id,
    ve_node.function_type,
    ve_node.category_type,
    ve_node.fluid_type,
    ve_node.location_type,
    ve_node.workcat_id,
    ve_node.workcat_id_end,
    ve_node.buildercat_id,
    ve_node.builtdate,
    ve_node.enddate,
    ve_node.ownercat_id,
    ve_node.muni_id,
    ve_node.postcode,
    ve_node.district_id,
    ve_node.streetname,
    ve_node.postnumber,
    ve_node.postcomplement,
    ve_node.streetname2,
    ve_node.postnumber2,
    ve_node.postcomplement2,
    ve_node.descript,
    ve_node.svg,
    ve_node.rotation,
    ve_node.link,
    ve_node.verified,
    ve_node.the_geom,
    ve_node.undelete,
    ve_node.label,
    ve_node.label_x,
    ve_node.label_y,
    ve_node.label_rotation,
    ve_node.publish,
    ve_node.inventory,
    ve_node.uncertain,
    ve_node.xyz_date,
    ve_node.unconnected,
    ve_node.num_value,
    ve_node.tstamp,
    ve_node.insert_user,
    ve_node.lastupdate,
    ve_node.lastupdate_user,
    ve_node.workcat_id_plan,
    ve_node.asset_id,
    ve_node.drainzone_id,
    ve_node.parent_id,
    ve_node.arc_id,
    ve_node.expl_id2,
    ve_node.is_operative,
    ve_node.region_id,
    ve_node.province_id,
    ve_node.adate,
    ve_node.adescript,
    man_netgully.sander_depth,
    man_netgully.gratecat_id,
    man_netgully.units,
    man_netgully.groove,
    man_netgully.siphon,
    man_netgully.gratecat2_id,
    man_netgully.groove_height,
    man_netgully.groove_length,
    man_netgully.units_placement
   FROM (ve_node
     JOIN man_netgully ON (((man_netgully.node_id)::text = (ve_node.node_id)::text)))
  WHERE ((ve_node.node_type)::text = 'EMBORNAL_TOPO'::text);


--
-- Name: ve_node_estacio_bombament; Type: VIEW; Schema: ; Owner: -
--

CREATE VIEW ve_node_estacio_bombament AS
 SELECT ve_node.node_id,
    ve_node.code,
    ve_node.top_elev,
    ve_node.custom_top_elev,
    ve_node.sys_top_elev,
    ve_node.ymax,
    ve_node.custom_ymax,
    ve_node.sys_ymax,
    ve_node.elev,
    ve_node.custom_elev,
    ve_node.sys_elev,
    ve_node.node_type,
    ve_node.sys_type,
    ve_node.nodecat_id,
    ve_node.matcat_id,
    ve_node.epa_type,
    ve_node.expl_id,
    ve_node.macroexpl_id,
    ve_node.sector_id,
    ve_node.macrosector_id,
    ve_node.state,
    ve_node.state_type,
    ve_node.annotation,
    ve_node.observ,
    ve_node.comment,
    ve_node.dma_id,
    ve_node.macrodma_id,
    ve_node.soilcat_id,
    ve_node.function_type,
    ve_node.category_type,
    ve_node.fluid_type,
    ve_node.location_type,
    ve_node.workcat_id,
    ve_node.workcat_id_end,
    ve_node.buildercat_id,
    ve_node.builtdate,
    ve_node.enddate,
    ve_node.ownercat_id,
    ve_node.muni_id,
    ve_node.postcode,
    ve_node.district_id,
    ve_node.streetname,
    ve_node.postnumber,
    ve_node.postcomplement,
    ve_node.streetname2,
    ve_node.postnumber2,
    ve_node.postcomplement2,
    ve_node.descript,
    ve_node.svg,
    ve_node.rotation,
    ve_node.link,
    ve_node.verified,
    ve_node.the_geom,
    ve_node.undelete,
    ve_node.label,
    ve_node.label_x,
    ve_node.label_y,
    ve_node.label_rotation,
    ve_node.publish,
    ve_node.inventory,
    ve_node.uncertain,
    ve_node.xyz_date,
    ve_node.unconnected,
    ve_node.num_value,
    ve_node.tstamp,
    ve_node.insert_user,
    ve_node.lastupdate,
    ve_node.lastupdate_user,
    ve_node.workcat_id_plan,
    ve_node.asset_id,
    ve_node.drainzone_id,
    ve_node.parent_id,
    ve_node.arc_id,
    ve_node.expl_id2,
    ve_node.is_operative,
    ve_node.region_id,
    ve_node.province_id,
    ve_node.adate,
    ve_node.adescript,
    man_chamber.length,
    man_chamber.width,
    man_chamber.sander_depth,
    man_chamber.max_volume,
    man_chamber.util_volume,
    man_chamber.inlet,
    man_chamber.bottom_channel,
    man_chamber.accessibility,
    man_chamber.name,
    man_chamber.bottom_mat,
    man_chamber.slope
   FROM (ve_node
     JOIN man_chamber ON (((man_chamber.node_id)::text = (ve_node.node_id)::text)))
  WHERE ((ve_node.node_type)::text = 'ESTACIO_BOMBAMENT'::text);


--
-- Name: ve_node_inici; Type: VIEW; Schema: ; Owner: -
--

CREATE VIEW ve_node_inici AS
 SELECT ve_node.node_id,
    ve_node.code,
    ve_node.top_elev,
    ve_node.custom_top_elev,
    ve_node.sys_top_elev,
    ve_node.ymax,
    ve_node.custom_ymax,
    ve_node.sys_ymax,
    ve_node.elev,
    ve_node.custom_elev,
    ve_node.sys_elev,
    ve_node.node_type,
    ve_node.sys_type,
    ve_node.nodecat_id,
    ve_node.matcat_id,
    ve_node.epa_type,
    ve_node.expl_id,
    ve_node.macroexpl_id,
    ve_node.sector_id,
    ve_node.macrosector_id,
    ve_node.state,
    ve_node.state_type,
    ve_node.annotation,
    ve_node.observ,
    ve_node.comment,
    ve_node.dma_id,
    ve_node.macrodma_id,
    ve_node.soilcat_id,
    ve_node.function_type,
    ve_node.category_type,
    ve_node.fluid_type,
    ve_node.location_type,
    ve_node.workcat_id,
    ve_node.workcat_id_end,
    ve_node.buildercat_id,
    ve_node.builtdate,
    ve_node.enddate,
    ve_node.ownercat_id,
    ve_node.muni_id,
    ve_node.postcode,
    ve_node.district_id,
    ve_node.streetname,
    ve_node.postnumber,
    ve_node.postcomplement,
    ve_node.streetname2,
    ve_node.postnumber2,
    ve_node.postcomplement2,
    ve_node.descript,
    ve_node.svg,
    ve_node.rotation,
    ve_node.link,
    ve_node.verified,
    ve_node.the_geom,
    ve_node.undelete,
    ve_node.label,
    ve_node.label_x,
    ve_node.label_y,
    ve_node.label_rotation,
    ve_node.publish,
    ve_node.inventory,
    ve_node.uncertain,
    ve_node.xyz_date,
    ve_node.unconnected,
    ve_node.num_value,
    ve_node.tstamp,
    ve_node.insert_user,
    ve_node.lastupdate,
    ve_node.lastupdate_user,
    ve_node.workcat_id_plan,
    ve_node.asset_id,
    ve_node.drainzone_id,
    ve_node.parent_id,
    ve_node.arc_id,
    ve_node.expl_id2,
    ve_node.is_operative,
    ve_node.region_id,
    ve_node.province_id,
    ve_node.adate,
    ve_node.adescript,
    man_netinit.length,
    man_netinit.width,
    man_netinit.inlet,
    man_netinit.bottom_channel,
    man_netinit.accessibility,
    man_netinit.name,
    man_netinit.sander_depth
   FROM (ve_node
     JOIN man_netinit ON (((man_netinit.node_id)::text = (ve_node.node_id)::text)))
  WHERE ((ve_node.node_type)::text = 'INICI'::text);


--
-- Name: ve_node_node_fictici; Type: VIEW; Schema: ; Owner: -
--

CREATE VIEW ve_node_node_fictici AS
 SELECT ve_node.node_id,
    ve_node.code,
    ve_node.top_elev,
    ve_node.custom_top_elev,
    ve_node.sys_top_elev,
    ve_node.ymax,
    ve_node.custom_ymax,
    ve_node.sys_ymax,
    ve_node.elev,
    ve_node.custom_elev,
    ve_node.sys_elev,
    ve_node.node_type,
    ve_node.sys_type,
    ve_node.nodecat_id,
    ve_node.matcat_id,
    ve_node.epa_type,
    ve_node.expl_id,
    ve_node.macroexpl_id,
    ve_node.sector_id,
    ve_node.macrosector_id,
    ve_node.state,
    ve_node.state_type,
    ve_node.annotation,
    ve_node.observ,
    ve_node.comment,
    ve_node.dma_id,
    ve_node.macrodma_id,
    ve_node.soilcat_id,
    ve_node.function_type,
    ve_node.category_type,
    ve_node.fluid_type,
    ve_node.location_type,
    ve_node.workcat_id,
    ve_node.workcat_id_end,
    ve_node.buildercat_id,
    ve_node.builtdate,
    ve_node.enddate,
    ve_node.ownercat_id,
    ve_node.muni_id,
    ve_node.postcode,
    ve_node.district_id,
    ve_node.streetname,
    ve_node.postnumber,
    ve_node.postcomplement,
    ve_node.streetname2,
    ve_node.postnumber2,
    ve_node.postcomplement2,
    ve_node.descript,
    ve_node.svg,
    ve_node.rotation,
    ve_node.link,
    ve_node.verified,
    ve_node.the_geom,
    ve_node.undelete,
    ve_node.label,
    ve_node.label_x,
    ve_node.label_y,
    ve_node.label_rotation,
    ve_node.publish,
    ve_node.inventory,
    ve_node.uncertain,
    ve_node.xyz_date,
    ve_node.unconnected,
    ve_node.num_value,
    ve_node.tstamp,
    ve_node.insert_user,
    ve_node.lastupdate,
    ve_node.lastupdate_user,
    ve_node.workcat_id_plan,
    ve_node.asset_id,
    ve_node.drainzone_id,
    ve_node.parent_id,
    ve_node.arc_id,
    ve_node.expl_id2,
    ve_node.is_operative,
    ve_node.region_id,
    ve_node.province_id,
    ve_node.adate,
    ve_node.adescript
   FROM (ve_node
     JOIN man_junction ON (((man_junction.node_id)::text = (ve_node.node_id)::text)))
  WHERE ((ve_node.node_type)::text = 'NODE_FICTICI'::text);


--
-- Name: ve_node_pou_circular; Type: VIEW; Schema: ; Owner: -
--

CREATE VIEW ve_node_pou_circular AS
 SELECT ve_node.node_id,
    ve_node.code,
    ve_node.top_elev,
    ve_node.custom_top_elev,
    ve_node.sys_top_elev,
    ve_node.ymax,
    ve_node.custom_ymax,
    ve_node.sys_ymax,
    ve_node.elev,
    ve_node.custom_elev,
    ve_node.sys_elev,
    ve_node.node_type,
    ve_node.sys_type,
    ve_node.nodecat_id,
    ve_node.matcat_id,
    ve_node.epa_type,
    ve_node.expl_id,
    ve_node.macroexpl_id,
    ve_node.sector_id,
    ve_node.macrosector_id,
    ve_node.state,
    ve_node.state_type,
    ve_node.annotation,
    ve_node.observ,
    ve_node.comment,
    ve_node.dma_id,
    ve_node.macrodma_id,
    ve_node.soilcat_id,
    ve_node.function_type,
    ve_node.category_type,
    ve_node.fluid_type,
    ve_node.location_type,
    ve_node.workcat_id,
    ve_node.workcat_id_end,
    ve_node.buildercat_id,
    ve_node.builtdate,
    ve_node.enddate,
    ve_node.ownercat_id,
    ve_node.muni_id,
    ve_node.postcode,
    ve_node.district_id,
    ve_node.streetname,
    ve_node.postnumber,
    ve_node.postcomplement,
    ve_node.streetname2,
    ve_node.postnumber2,
    ve_node.postcomplement2,
    ve_node.descript,
    ve_node.svg,
    ve_node.rotation,
    ve_node.link,
    ve_node.verified,
    ve_node.the_geom,
    ve_node.undelete,
    ve_node.label,
    ve_node.label_x,
    ve_node.label_y,
    ve_node.label_rotation,
    ve_node.publish,
    ve_node.inventory,
    ve_node.uncertain,
    ve_node.xyz_date,
    ve_node.unconnected,
    ve_node.num_value,
    ve_node.tstamp,
    ve_node.insert_user,
    ve_node.lastupdate,
    ve_node.lastupdate_user,
    ve_node.workcat_id_plan,
    ve_node.asset_id,
    ve_node.drainzone_id,
    ve_node.parent_id,
    ve_node.arc_id,
    ve_node.expl_id2,
    ve_node.is_operative,
    ve_node.region_id,
    ve_node.province_id,
    ve_node.adate,
    ve_node.adescript,
    man_manhole.length,
    man_manhole.width,
    man_manhole.sander_depth,
    man_manhole.prot_surface,
    man_manhole.inlet,
    man_manhole.bottom_channel,
    man_manhole.accessibility,
    man_manhole.step_pp,
    man_manhole.step_fe,
    man_manhole.step_replace,
    man_manhole.cover,
    man_manhole.bottom_mat
   FROM (ve_node
     JOIN man_manhole ON (((man_manhole.node_id)::text = (ve_node.node_id)::text)))
  WHERE ((ve_node.node_type)::text = 'POU_CIRCULAR'::text);


--
-- Name: ve_node_pou_rectangular; Type: VIEW; Schema: ; Owner: -
--

CREATE VIEW ve_node_pou_rectangular AS
 SELECT ve_node.node_id,
    ve_node.code,
    ve_node.top_elev,
    ve_node.custom_top_elev,
    ve_node.sys_top_elev,
    ve_node.ymax,
    ve_node.custom_ymax,
    ve_node.sys_ymax,
    ve_node.elev,
    ve_node.custom_elev,
    ve_node.sys_elev,
    ve_node.node_type,
    ve_node.sys_type,
    ve_node.nodecat_id,
    ve_node.matcat_id,
    ve_node.epa_type,
    ve_node.expl_id,
    ve_node.macroexpl_id,
    ve_node.sector_id,
    ve_node.macrosector_id,
    ve_node.state,
    ve_node.state_type,
    ve_node.annotation,
    ve_node.observ,
    ve_node.comment,
    ve_node.dma_id,
    ve_node.macrodma_id,
    ve_node.soilcat_id,
    ve_node.function_type,
    ve_node.category_type,
    ve_node.fluid_type,
    ve_node.location_type,
    ve_node.workcat_id,
    ve_node.workcat_id_end,
    ve_node.buildercat_id,
    ve_node.builtdate,
    ve_node.enddate,
    ve_node.ownercat_id,
    ve_node.muni_id,
    ve_node.postcode,
    ve_node.district_id,
    ve_node.streetname,
    ve_node.postnumber,
    ve_node.postcomplement,
    ve_node.streetname2,
    ve_node.postnumber2,
    ve_node.postcomplement2,
    ve_node.descript,
    ve_node.svg,
    ve_node.rotation,
    ve_node.link,
    ve_node.verified,
    ve_node.the_geom,
    ve_node.undelete,
    ve_node.label,
    ve_node.label_x,
    ve_node.label_y,
    ve_node.label_rotation,
    ve_node.publish,
    ve_node.inventory,
    ve_node.uncertain,
    ve_node.xyz_date,
    ve_node.unconnected,
    ve_node.num_value,
    ve_node.tstamp,
    ve_node.insert_user,
    ve_node.lastupdate,
    ve_node.lastupdate_user,
    ve_node.workcat_id_plan,
    ve_node.asset_id,
    ve_node.drainzone_id,
    ve_node.parent_id,
    ve_node.arc_id,
    ve_node.expl_id2,
    ve_node.is_operative,
    ve_node.region_id,
    ve_node.province_id,
    ve_node.adate,
    ve_node.adescript,
    man_manhole.length,
    man_manhole.width,
    man_manhole.sander_depth,
    man_manhole.prot_surface,
    man_manhole.inlet,
    man_manhole.bottom_channel,
    man_manhole.accessibility,
    man_manhole.step_pp,
    man_manhole.step_fe,
    man_manhole.step_replace,
    man_manhole.cover,
    man_manhole.bottom_mat
   FROM (ve_node
     JOIN man_manhole ON (((man_manhole.node_id)::text = (ve_node.node_id)::text)))
  WHERE ((ve_node.node_type)::text = 'POU_RECTANGULAR'::text);


--
-- Name: ve_node_sobreixidor; Type: VIEW; Schema: ; Owner: -
--

CREATE VIEW ve_node_sobreixidor AS
 SELECT ve_node.node_id,
    ve_node.code,
    ve_node.top_elev,
    ve_node.custom_top_elev,
    ve_node.sys_top_elev,
    ve_node.ymax,
    ve_node.custom_ymax,
    ve_node.sys_ymax,
    ve_node.elev,
    ve_node.custom_elev,
    ve_node.sys_elev,
    ve_node.node_type,
    ve_node.sys_type,
    ve_node.nodecat_id,
    ve_node.matcat_id,
    ve_node.epa_type,
    ve_node.expl_id,
    ve_node.macroexpl_id,
    ve_node.sector_id,
    ve_node.macrosector_id,
    ve_node.state,
    ve_node.state_type,
    ve_node.annotation,
    ve_node.observ,
    ve_node.comment,
    ve_node.dma_id,
    ve_node.macrodma_id,
    ve_node.soilcat_id,
    ve_node.function_type,
    ve_node.category_type,
    ve_node.fluid_type,
    ve_node.location_type,
    ve_node.workcat_id,
    ve_node.workcat_id_end,
    ve_node.buildercat_id,
    ve_node.builtdate,
    ve_node.enddate,
    ve_node.ownercat_id,
    ve_node.muni_id,
    ve_node.postcode,
    ve_node.district_id,
    ve_node.streetname,
    ve_node.postnumber,
    ve_node.postcomplement,
    ve_node.streetname2,
    ve_node.postnumber2,
    ve_node.postcomplement2,
    ve_node.descript,
    ve_node.svg,
    ve_node.rotation,
    ve_node.link,
    ve_node.verified,
    ve_node.the_geom,
    ve_node.undelete,
    ve_node.label,
    ve_node.label_x,
    ve_node.label_y,
    ve_node.label_rotation,
    ve_node.publish,
    ve_node.inventory,
    ve_node.uncertain,
    ve_node.xyz_date,
    ve_node.unconnected,
    ve_node.num_value,
    ve_node.tstamp,
    ve_node.insert_user,
    ve_node.lastupdate,
    ve_node.lastupdate_user,
    ve_node.workcat_id_plan,
    ve_node.asset_id,
    ve_node.drainzone_id,
    ve_node.parent_id,
    ve_node.arc_id,
    ve_node.expl_id2,
    ve_node.is_operative,
    ve_node.region_id,
    ve_node.province_id,
    ve_node.adate,
    ve_node.adescript
   FROM (ve_node
     JOIN man_junction ON (((man_junction.node_id)::text = (ve_node.node_id)::text)))
  WHERE ((ve_node.node_type)::text = 'SOBREIXIDOR'::text);


--
-- Name: ve_node_punt_alt; Type: VIEW; Schema: ; Owner: -
--

CREATE VIEW ve_node_punt_alt AS
 SELECT ve_node.node_id,
    ve_node.code,
    ve_node.top_elev,
    ve_node.custom_top_elev,
    ve_node.sys_top_elev,
    ve_node.ymax,
    ve_node.custom_ymax,
    ve_node.sys_ymax,
    ve_node.elev,
    ve_node.custom_elev,
    ve_node.sys_elev,
    ve_node.node_type,
    ve_node.sys_type,
    ve_node.nodecat_id,
    ve_node.matcat_id,
    ve_node.epa_type,
    ve_node.expl_id,
    ve_node.macroexpl_id,
    ve_node.sector_id,
    ve_node.macrosector_id,
    ve_node.state,
    ve_node.state_type,
    ve_node.annotation,
    ve_node.observ,
    ve_node.comment,
    ve_node.dma_id,
    ve_node.macrodma_id,
    ve_node.soilcat_id,
    ve_node.function_type,
    ve_node.category_type,
    ve_node.fluid_type,
    ve_node.location_type,
    ve_node.workcat_id,
    ve_node.workcat_id_end,
    ve_node.buildercat_id,
    ve_node.builtdate,
    ve_node.enddate,
    ve_node.ownercat_id,
    ve_node.muni_id,
    ve_node.postcode,
    ve_node.district_id,
    ve_node.streetname,
    ve_node.postnumber,
    ve_node.postcomplement,
    ve_node.streetname2,
    ve_node.postnumber2,
    ve_node.postcomplement2,
    ve_node.descript,
    ve_node.svg,
    ve_node.rotation,
    ve_node.link,
    ve_node.verified,
    ve_node.the_geom,
    ve_node.undelete,
    ve_node.label,
    ve_node.label_x,
    ve_node.label_y,
    ve_node.label_rotation,
    ve_node.publish,
    ve_node.inventory,
    ve_node.uncertain,
    ve_node.xyz_date,
    ve_node.unconnected,
    ve_node.num_value,
    ve_node.tstamp,
    ve_node.insert_user,
    ve_node.lastupdate,
    ve_node.lastupdate_user,
    ve_node.workcat_id_plan,
    ve_node.asset_id,
    ve_node.drainzone_id,
    ve_node.parent_id,
    ve_node.arc_id,
    ve_node.expl_id2,
    ve_node.is_operative,
    ve_node.region_id,
    ve_node.province_id,
    ve_node.adate,
    ve_node.adescript
   FROM (ve_node
     JOIN man_junction ON (((man_junction.node_id)::text = (ve_node.node_id)::text)))
  WHERE ((ve_node.node_type)::text = 'PUNT_ALT'::text);


--
-- Name: ve_node_registre; Type: VIEW; Schema: ; Owner: -
--

CREATE VIEW ve_node_registre AS
 SELECT ve_node.node_id,
    ve_node.code,
    ve_node.top_elev,
    ve_node.custom_top_elev,
    ve_node.sys_top_elev,
    ve_node.ymax,
    ve_node.custom_ymax,
    ve_node.sys_ymax,
    ve_node.elev,
    ve_node.custom_elev,
    ve_node.sys_elev,
    ve_node.node_type,
    ve_node.sys_type,
    ve_node.nodecat_id,
    ve_node.matcat_id,
    ve_node.epa_type,
    ve_node.expl_id,
    ve_node.macroexpl_id,
    ve_node.sector_id,
    ve_node.macrosector_id,
    ve_node.state,
    ve_node.state_type,
    ve_node.annotation,
    ve_node.observ,
    ve_node.comment,
    ve_node.dma_id,
    ve_node.macrodma_id,
    ve_node.soilcat_id,
    ve_node.function_type,
    ve_node.category_type,
    ve_node.fluid_type,
    ve_node.location_type,
    ve_node.workcat_id,
    ve_node.workcat_id_end,
    ve_node.buildercat_id,
    ve_node.builtdate,
    ve_node.enddate,
    ve_node.ownercat_id,
    ve_node.muni_id,
    ve_node.postcode,
    ve_node.district_id,
    ve_node.streetname,
    ve_node.postnumber,
    ve_node.postcomplement,
    ve_node.streetname2,
    ve_node.postnumber2,
    ve_node.postcomplement2,
    ve_node.descript,
    ve_node.svg,
    ve_node.rotation,
    ve_node.link,
    ve_node.verified,
    ve_node.the_geom,
    ve_node.undelete,
    ve_node.label,
    ve_node.label_x,
    ve_node.label_y,
    ve_node.label_rotation,
    ve_node.publish,
    ve_node.inventory,
    ve_node.uncertain,
    ve_node.xyz_date,
    ve_node.unconnected,
    ve_node.num_value,
    ve_node.tstamp,
    ve_node.insert_user,
    ve_node.lastupdate,
    ve_node.lastupdate_user,
    ve_node.workcat_id_plan,
    ve_node.asset_id,
    ve_node.drainzone_id,
    ve_node.parent_id,
    ve_node.arc_id,
    ve_node.expl_id2,
    ve_node.is_operative,
    ve_node.region_id,
    ve_node.province_id,
    ve_node.adate,
    ve_node.adescript
   FROM (ve_node
     JOIN man_junction ON (((man_junction.node_id)::text = (ve_node.node_id)::text)))
  WHERE ((ve_node.node_type)::text = 'REGISTRE'::text);


--
-- Name: ve_node_salt; Type: VIEW; Schema: ; Owner: -
--

CREATE VIEW ve_node_salt AS
 SELECT ve_node.node_id,
    ve_node.code,
    ve_node.top_elev,
    ve_node.custom_top_elev,
    ve_node.sys_top_elev,
    ve_node.ymax,
    ve_node.custom_ymax,
    ve_node.sys_ymax,
    ve_node.elev,
    ve_node.custom_elev,
    ve_node.sys_elev,
    ve_node.node_type,
    ve_node.sys_type,
    ve_node.nodecat_id,
    ve_node.matcat_id,
    ve_node.epa_type,
    ve_node.expl_id,
    ve_node.macroexpl_id,
    ve_node.sector_id,
    ve_node.macrosector_id,
    ve_node.state,
    ve_node.state_type,
    ve_node.annotation,
    ve_node.observ,
    ve_node.comment,
    ve_node.dma_id,
    ve_node.macrodma_id,
    ve_node.soilcat_id,
    ve_node.function_type,
    ve_node.category_type,
    ve_node.fluid_type,
    ve_node.location_type,
    ve_node.workcat_id,
    ve_node.workcat_id_end,
    ve_node.buildercat_id,
    ve_node.builtdate,
    ve_node.enddate,
    ve_node.ownercat_id,
    ve_node.muni_id,
    ve_node.postcode,
    ve_node.district_id,
    ve_node.streetname,
    ve_node.postnumber,
    ve_node.postcomplement,
    ve_node.streetname2,
    ve_node.postnumber2,
    ve_node.postcomplement2,
    ve_node.descript,
    ve_node.svg,
    ve_node.rotation,
    ve_node.link,
    ve_node.verified,
    ve_node.the_geom,
    ve_node.undelete,
    ve_node.label,
    ve_node.label_x,
    ve_node.label_y,
    ve_node.label_rotation,
    ve_node.publish,
    ve_node.inventory,
    ve_node.uncertain,
    ve_node.xyz_date,
    ve_node.unconnected,
    ve_node.num_value,
    ve_node.tstamp,
    ve_node.insert_user,
    ve_node.lastupdate,
    ve_node.lastupdate_user,
    ve_node.workcat_id_plan,
    ve_node.asset_id,
    ve_node.drainzone_id,
    ve_node.parent_id,
    ve_node.arc_id,
    ve_node.expl_id2,
    ve_node.is_operative,
    ve_node.region_id,
    ve_node.province_id,
    ve_node.adate,
    ve_node.adescript,
    man_wjump.length,
    man_wjump.width,
    man_wjump.sander_depth,
    man_wjump.prot_surface,
    man_wjump.accessibility,
    man_wjump.name
   FROM (ve_node
     JOIN man_wjump ON (((man_wjump.node_id)::text = (ve_node.node_id)::text)))
  WHERE ((ve_node.node_type)::text = 'SALT'::text);


--
-- Name: ve_node_unio; Type: VIEW; Schema: ; Owner: -
--

CREATE VIEW ve_node_unio AS
 SELECT ve_node.node_id,
    ve_node.code,
    ve_node.top_elev,
    ve_node.custom_top_elev,
    ve_node.sys_top_elev,
    ve_node.ymax,
    ve_node.custom_ymax,
    ve_node.sys_ymax,
    ve_node.elev,
    ve_node.custom_elev,
    ve_node.sys_elev,
    ve_node.node_type,
    ve_node.sys_type,
    ve_node.nodecat_id,
    ve_node.matcat_id,
    ve_node.epa_type,
    ve_node.expl_id,
    ve_node.macroexpl_id,
    ve_node.sector_id,
    ve_node.macrosector_id,
    ve_node.state,
    ve_node.state_type,
    ve_node.annotation,
    ve_node.observ,
    ve_node.comment,
    ve_node.dma_id,
    ve_node.macrodma_id,
    ve_node.soilcat_id,
    ve_node.function_type,
    ve_node.category_type,
    ve_node.fluid_type,
    ve_node.location_type,
    ve_node.workcat_id,
    ve_node.workcat_id_end,
    ve_node.buildercat_id,
    ve_node.builtdate,
    ve_node.enddate,
    ve_node.ownercat_id,
    ve_node.muni_id,
    ve_node.postcode,
    ve_node.district_id,
    ve_node.streetname,
    ve_node.postnumber,
    ve_node.postcomplement,
    ve_node.streetname2,
    ve_node.postnumber2,
    ve_node.postcomplement2,
    ve_node.descript,
    ve_node.svg,
    ve_node.rotation,
    ve_node.link,
    ve_node.verified,
    ve_node.the_geom,
    ve_node.undelete,
    ve_node.label,
    ve_node.label_x,
    ve_node.label_y,
    ve_node.label_rotation,
    ve_node.publish,
    ve_node.inventory,
    ve_node.uncertain,
    ve_node.xyz_date,
    ve_node.unconnected,
    ve_node.num_value,
    ve_node.tstamp,
    ve_node.insert_user,
    ve_node.lastupdate,
    ve_node.lastupdate_user,
    ve_node.workcat_id_plan,
    ve_node.asset_id,
    ve_node.drainzone_id,
    ve_node.parent_id,
    ve_node.arc_id,
    ve_node.expl_id2,
    ve_node.is_operative,
    ve_node.region_id,
    ve_node.province_id,
    ve_node.adate,
    ve_node.adescript
   FROM (ve_node
     JOIN man_junction ON (((man_junction.node_id)::text = (ve_node.node_id)::text)))
  WHERE ((ve_node.node_type)::text = 'UNIO'::text);


--
-- Name: ve_node_valvula; Type: VIEW; Schema: ; Owner: -
--

CREATE VIEW ve_node_valvula AS
 SELECT ve_node.node_id,
    ve_node.code,
    ve_node.top_elev,
    ve_node.custom_top_elev,
    ve_node.sys_top_elev,
    ve_node.ymax,
    ve_node.custom_ymax,
    ve_node.sys_ymax,
    ve_node.elev,
    ve_node.custom_elev,
    ve_node.sys_elev,
    ve_node.node_type,
    ve_node.sys_type,
    ve_node.nodecat_id,
    ve_node.matcat_id,
    ve_node.epa_type,
    ve_node.expl_id,
    ve_node.macroexpl_id,
    ve_node.sector_id,
    ve_node.macrosector_id,
    ve_node.state,
    ve_node.state_type,
    ve_node.annotation,
    ve_node.observ,
    ve_node.comment,
    ve_node.dma_id,
    ve_node.macrodma_id,
    ve_node.soilcat_id,
    ve_node.function_type,
    ve_node.category_type,
    ve_node.fluid_type,
    ve_node.location_type,
    ve_node.workcat_id,
    ve_node.workcat_id_end,
    ve_node.buildercat_id,
    ve_node.builtdate,
    ve_node.enddate,
    ve_node.ownercat_id,
    ve_node.muni_id,
    ve_node.postcode,
    ve_node.district_id,
    ve_node.streetname,
    ve_node.postnumber,
    ve_node.postcomplement,
    ve_node.streetname2,
    ve_node.postnumber2,
    ve_node.postcomplement2,
    ve_node.descript,
    ve_node.svg,
    ve_node.rotation,
    ve_node.link,
    ve_node.verified,
    ve_node.the_geom,
    ve_node.undelete,
    ve_node.label,
    ve_node.label_x,
    ve_node.label_y,
    ve_node.label_rotation,
    ve_node.publish,
    ve_node.inventory,
    ve_node.uncertain,
    ve_node.xyz_date,
    ve_node.unconnected,
    ve_node.num_value,
    ve_node.tstamp,
    ve_node.insert_user,
    ve_node.lastupdate,
    ve_node.lastupdate_user,
    ve_node.workcat_id_plan,
    ve_node.asset_id,
    ve_node.drainzone_id,
    ve_node.parent_id,
    ve_node.arc_id,
    ve_node.expl_id2,
    ve_node.is_operative,
    ve_node.region_id,
    ve_node.province_id,
    ve_node.adate,
    ve_node.adescript,
    man_valve.name
   FROM (ve_node
     JOIN man_valve ON (((man_valve.node_id)::text = (ve_node.node_id)::text)))
  WHERE ((ve_node.node_type)::text = 'VALVULA'::text);


--
-- Name: ve_gully_embornal; Type: VIEW; Schema: ; Owner: -
--

CREATE VIEW ve_gully_embornal AS
 SELECT ve_gully.gully_id,
    ve_gully.code,
    ve_gully.top_elev,
    ve_gully.ymax,
    ve_gully.sandbox,
    ve_gully.matcat_id,
    ve_gully.gully_type,
    ve_gully.sys_type,
    ve_gully.gratecat_id,
    ve_gully.cat_grate_matcat,
    ve_gully.units,
    ve_gully.groove,
    ve_gully.siphon,
    ve_gully.connec_arccat_id,
    ve_gully.connec_length,
    ve_gully.connec_depth,
    ve_gully.arc_id,
    ve_gully.expl_id,
    ve_gully.macroexpl_id,
    ve_gully.sector_id,
    ve_gully.macrosector_id,
    ve_gully.state,
    ve_gully.state_type,
    ve_gully.annotation,
    ve_gully.observ,
    ve_gully.comment,
    ve_gully.dma_id,
    ve_gully.macrodma_id,
    ve_gully.soilcat_id,
    ve_gully.function_type,
    ve_gully.category_type,
    ve_gully.fluid_type,
    ve_gully.location_type,
    ve_gully.workcat_id,
    ve_gully.workcat_id_end,
    ve_gully.buildercat_id,
    ve_gully.builtdate,
    ve_gully.enddate,
    ve_gully.ownercat_id,
    ve_gully.muni_id,
    ve_gully.postcode,
    ve_gully.district_id,
    ve_gully.streetname,
    ve_gully.postnumber,
    ve_gully.postcomplement,
    ve_gully.streetname2,
    ve_gully.postnumber2,
    ve_gully.postcomplement2,
    ve_gully.descript,
    ve_gully.svg,
    ve_gully.rotation,
    ve_gully.link,
    ve_gully.verified,
    ve_gully.undelete,
    ve_gully.label,
    ve_gully.label_x,
    ve_gully.label_y,
    ve_gully.label_rotation,
    ve_gully.publish,
    ve_gully.inventory,
    ve_gully.uncertain,
    ve_gully.num_value,
    ve_gully.pjoint_id,
    ve_gully.pjoint_type,
    ve_gully.tstamp,
    ve_gully.insert_user,
    ve_gully.lastupdate,
    ve_gully.lastupdate_user,
    ve_gully.the_geom,
    ve_gully.workcat_id_plan,
    ve_gully.asset_id,
    ve_gully.connec_matcat_id,
    ve_gully.gratecat2_id,
    ve_gully.connec_y1,
    ve_gully.connec_y2,
    ve_gully.epa_type,
    ve_gully.groove_height,
    ve_gully.groove_length,
    ve_gully.grate_width,
    ve_gully.grate_length,
    ve_gully.units_placement,
    ve_gully.drainzone_id,
    ve_gully.expl_id2,
    ve_gully.is_operative,
    ve_gully.region_id,
    ve_gully.province_id,
    ve_gully.adate,
    ve_gully.adescript,
    ve_gully.siphon_type,
    ve_gully.odorflap
   FROM ve_gully
  WHERE ((ve_gully.gully_type)::text = 'EMBORNAL'::text);


--
-- Name: ve_gully_embornal_fictici; Type: VIEW; Schema: ; Owner: -
--

CREATE VIEW ve_gully_embornal_fictici AS
 SELECT ve_gully.gully_id,
    ve_gully.code,
    ve_gully.top_elev,
    ve_gully.ymax,
    ve_gully.sandbox,
    ve_gully.matcat_id,
    ve_gully.gully_type,
    ve_gully.sys_type,
    ve_gully.gratecat_id,
    ve_gully.cat_grate_matcat,
    ve_gully.units,
    ve_gully.groove,
    ve_gully.siphon,
    ve_gully.connec_arccat_id,
    ve_gully.connec_length,
    ve_gully.connec_depth,
    ve_gully.arc_id,
    ve_gully.expl_id,
    ve_gully.macroexpl_id,
    ve_gully.sector_id,
    ve_gully.macrosector_id,
    ve_gully.state,
    ve_gully.state_type,
    ve_gully.annotation,
    ve_gully.observ,
    ve_gully.comment,
    ve_gully.dma_id,
    ve_gully.macrodma_id,
    ve_gully.soilcat_id,
    ve_gully.function_type,
    ve_gully.category_type,
    ve_gully.fluid_type,
    ve_gully.location_type,
    ve_gully.workcat_id,
    ve_gully.workcat_id_end,
    ve_gully.buildercat_id,
    ve_gully.builtdate,
    ve_gully.enddate,
    ve_gully.ownercat_id,
    ve_gully.muni_id,
    ve_gully.postcode,
    ve_gully.district_id,
    ve_gully.streetname,
    ve_gully.postnumber,
    ve_gully.postcomplement,
    ve_gully.streetname2,
    ve_gully.postnumber2,
    ve_gully.postcomplement2,
    ve_gully.descript,
    ve_gully.svg,
    ve_gully.rotation,
    ve_gully.link,
    ve_gully.verified,
    ve_gully.undelete,
    ve_gully.label,
    ve_gully.label_x,
    ve_gully.label_y,
    ve_gully.label_rotation,
    ve_gully.publish,
    ve_gully.inventory,
    ve_gully.uncertain,
    ve_gully.num_value,
    ve_gully.pjoint_id,
    ve_gully.pjoint_type,
    ve_gully.tstamp,
    ve_gully.insert_user,
    ve_gully.lastupdate,
    ve_gully.lastupdate_user,
    ve_gully.the_geom,
    ve_gully.workcat_id_plan,
    ve_gully.asset_id,
    ve_gully.connec_matcat_id,
    ve_gully.gratecat2_id,
    ve_gully.connec_y1,
    ve_gully.connec_y2,
    ve_gully.epa_type,
    ve_gully.groove_height,
    ve_gully.groove_length,
    ve_gully.grate_width,
    ve_gully.grate_length,
    ve_gully.units_placement,
    ve_gully.drainzone_id,
    ve_gully.expl_id2,
    ve_gully.is_operative,
    ve_gully.region_id,
    ve_gully.province_id,
    ve_gully.adate,
    ve_gully.adescript,
    ve_gully.siphon_type,
    ve_gully.odorflap
   FROM ve_gully
  WHERE ((ve_gully.gully_type)::text = 'EMBORNAL_FICTICI'::text);


--
-- Name: ve_gully_reixa; Type: VIEW; Schema: ; Owner: -
--

CREATE VIEW ve_gully_reixa AS
 SELECT ve_gully.gully_id,
    ve_gully.code,
    ve_gully.top_elev,
    ve_gully.ymax,
    ve_gully.sandbox,
    ve_gully.matcat_id,
    ve_gully.gully_type,
    ve_gully.sys_type,
    ve_gully.gratecat_id,
    ve_gully.cat_grate_matcat,
    ve_gully.units,
    ve_gully.groove,
    ve_gully.siphon,
    ve_gully.connec_arccat_id,
    ve_gully.connec_length,
    ve_gully.connec_depth,
    ve_gully.arc_id,
    ve_gully.expl_id,
    ve_gully.macroexpl_id,
    ve_gully.sector_id,
    ve_gully.macrosector_id,
    ve_gully.state,
    ve_gully.state_type,
    ve_gully.annotation,
    ve_gully.observ,
    ve_gully.comment,
    ve_gully.dma_id,
    ve_gully.macrodma_id,
    ve_gully.soilcat_id,
    ve_gully.function_type,
    ve_gully.category_type,
    ve_gully.fluid_type,
    ve_gully.location_type,
    ve_gully.workcat_id,
    ve_gully.workcat_id_end,
    ve_gully.buildercat_id,
    ve_gully.builtdate,
    ve_gully.enddate,
    ve_gully.ownercat_id,
    ve_gully.muni_id,
    ve_gully.postcode,
    ve_gully.district_id,
    ve_gully.streetname,
    ve_gully.postnumber,
    ve_gully.postcomplement,
    ve_gully.streetname2,
    ve_gully.postnumber2,
    ve_gully.postcomplement2,
    ve_gully.descript,
    ve_gully.svg,
    ve_gully.rotation,
    ve_gully.link,
    ve_gully.verified,
    ve_gully.undelete,
    ve_gully.label,
    ve_gully.label_x,
    ve_gully.label_y,
    ve_gully.label_rotation,
    ve_gully.publish,
    ve_gully.inventory,
    ve_gully.uncertain,
    ve_gully.num_value,
    ve_gully.pjoint_id,
    ve_gully.pjoint_type,
    ve_gully.tstamp,
    ve_gully.insert_user,
    ve_gully.lastupdate,
    ve_gully.lastupdate_user,
    ve_gully.the_geom,
    ve_gully.workcat_id_plan,
    ve_gully.asset_id,
    ve_gully.connec_matcat_id,
    ve_gully.gratecat2_id,
    ve_gully.connec_y1,
    ve_gully.connec_y2,
    ve_gully.epa_type,
    ve_gully.groove_height,
    ve_gully.groove_length,
    ve_gully.grate_width,
    ve_gully.grate_length,
    ve_gully.units_placement,
    ve_gully.drainzone_id,
    ve_gully.expl_id2,
    ve_gully.is_operative,
    ve_gully.region_id,
    ve_gully.province_id,
    ve_gully.adate,
    ve_gully.adescript,
    ve_gully.siphon_type,
    ve_gully.odorflap
   FROM ve_gully
  WHERE ((ve_gully.gully_type)::text = 'REIXA'::text);


--
-- Data for Name: config_info_layer_x_type; Type: TABLE DATA; Schema: ; Owner: -
--

INSERT INTO config_info_layer_x_type VALUES ('ve_connec_escomesa', 1, 've_connec_escomesa');
INSERT INTO config_info_layer_x_type VALUES ('ve_connec_escomesa_ficticia', 1, 've_connec_escomesa_ficticia');
INSERT INTO config_info_layer_x_type VALUES ('ve_node_arqueta_sorrera', 1, 've_node_arqueta_sorrera');
INSERT INTO config_info_layer_x_type VALUES ('ve_node_cambra', 1, 've_node_cambra');
INSERT INTO config_info_layer_x_type VALUES ('ve_node_canvi_seccio', 1, 've_node_canvi_seccio');
INSERT INTO config_info_layer_x_type VALUES ('ve_arc_conducte', 1, 've_arc_conducte');
INSERT INTO config_info_layer_x_type VALUES ('ve_node_desguas', 1, 've_node_desguas');
INSERT INTO config_info_layer_x_type VALUES ('ve_node_diposit', 1, 've_node_diposit');
INSERT INTO config_info_layer_x_type VALUES ('ve_node_diposit_desbordament', 1, 've_node_diposit_desbordament');
INSERT INTO config_info_layer_x_type VALUES ('ve_node_edar', 1, 've_node_edar');
INSERT INTO config_info_layer_x_type VALUES ('ve_node_element_topo', 1, 've_node_element_topo');
INSERT INTO config_info_layer_x_type VALUES ('ve_gully_embornal', 1, 've_gully_embornal');
INSERT INTO config_info_layer_x_type VALUES ('ve_gully_embornal_fictici', 1, 've_gully_embornal_fictici');
INSERT INTO config_info_layer_x_type VALUES ('ve_node_embornal_topo', 1, 've_node_embornal_topo');
INSERT INTO config_info_layer_x_type VALUES ('ve_node_estacio_bombament', 1, 've_node_estacio_bombament');
INSERT INTO config_info_layer_x_type VALUES ('ve_arc_fictici', 1, 've_arc_fictici');
INSERT INTO config_info_layer_x_type VALUES ('ve_arc_impulsio', 1, 've_arc_impulsio');
INSERT INTO config_info_layer_x_type VALUES ('ve_node_inici', 1, 've_node_inici');
INSERT INTO config_info_layer_x_type VALUES ('ve_node_node_fictici', 1, 've_node_node_fictici');
INSERT INTO config_info_layer_x_type VALUES ('ve_node_pou_circular', 1, 've_node_pou_circular');
INSERT INTO config_info_layer_x_type VALUES ('ve_node_pou_rectangular', 1, 've_node_pou_rectangular');
INSERT INTO config_info_layer_x_type VALUES ('ve_node_sobreixidor', 1, 've_node_sobreixidor');
INSERT INTO config_info_layer_x_type VALUES ('ve_node_punt_alt', 1, 've_node_punt_alt');
INSERT INTO config_info_layer_x_type VALUES ('ve_arc_rapid', 1, 've_arc_rapid');
INSERT INTO config_info_layer_x_type VALUES ('ve_node_registre', 1, 've_node_registre');
INSERT INTO config_info_layer_x_type VALUES ('ve_gully_reixa', 1, 've_gully_reixa');
INSERT INTO config_info_layer_x_type VALUES ('ve_node_salt', 1, 've_node_salt');
INSERT INTO config_info_layer_x_type VALUES ('ve_arc_sifo', 1, 've_arc_sifo');
INSERT INTO config_info_layer_x_type VALUES ('ve_node_unio', 1, 've_node_unio');
INSERT INTO config_info_layer_x_type VALUES ('ve_node_valvula', 1, 've_node_valvula');


INSERT INTO config_form_fields (formname, formtype, tabname, columnname, layoutname, layoutorder, "datatype", widgettype, "label", tooltip, placeholder, ismandatory, isparent, iseditable, isautoupdate, isfilter, dv_querytext, dv_orderby_id, dv_isnullvalue, dv_parent_id, dv_querytext_filterc, stylesheet, widgetcontrols, widgetfunction, linkedobject, hidden, web_layoutorder) VALUES('ve_connec_escomesa', 'form_feature', 'tab_data', 'region_id', 'lyt_data_3', 9, 'integer', 'combo', 'Region', 'region_id', NULL, false, false, false, false, NULL, 'SELECT region_id as id, name as idval FROM ext_region WHERE region_id IS NOT NULL', true, true, NULL, NULL, NULL, NULL, NULL, NULL, true, NULL);
INSERT INTO config_form_fields (formname, formtype, tabname, columnname, layoutname, layoutorder, "datatype", widgettype, "label", tooltip, placeholder, ismandatory, isparent, iseditable, isautoupdate, isfilter, dv_querytext, dv_orderby_id, dv_isnullvalue, dv_parent_id, dv_querytext_filterc, stylesheet, widgetcontrols, widgetfunction, linkedobject, hidden, web_layoutorder) VALUES('ve_connec_escomesa_ficticia', 'form_feature', 'tab_data', 'region_id', 'lyt_data_3', 9, 'integer', 'combo', 'Region', 'region_id', NULL, false, false, false, false, NULL, 'SELECT region_id as id, name as idval FROM ext_region WHERE region_id IS NOT NULL', true, true, NULL, NULL, NULL, NULL, NULL, NULL, true, NULL);
INSERT INTO config_form_fields (formname, formtype, tabname, columnname, layoutname, layoutorder, "datatype", widgettype, "label", tooltip, placeholder, ismandatory, isparent, iseditable, isautoupdate, isfilter, dv_querytext, dv_orderby_id, dv_isnullvalue, dv_parent_id, dv_querytext_filterc, stylesheet, widgetcontrols, widgetfunction, linkedobject, hidden, web_layoutorder) VALUES('ve_node_arqueta_sorrera', 'form_feature', 'tab_data', 'region_id', 'lyt_data_3', 9, 'integer', 'combo', 'Region', 'region_id', NULL, false, false, false, false, NULL, 'SELECT region_id as id, name as idval FROM ext_region WHERE region_id IS NOT NULL', true, true, NULL, NULL, NULL, NULL, NULL, NULL, true, NULL);
INSERT INTO config_form_fields (formname, formtype, tabname, columnname, layoutname, layoutorder, "datatype", widgettype, "label", tooltip, placeholder, ismandatory, isparent, iseditable, isautoupdate, isfilter, dv_querytext, dv_orderby_id, dv_isnullvalue, dv_parent_id, dv_querytext_filterc, stylesheet, widgetcontrols, widgetfunction, linkedobject, hidden, web_layoutorder) VALUES('ve_node_cambra', 'form_feature', 'tab_data', 'region_id', 'lyt_data_3', 9, 'integer', 'combo', 'Region', 'region_id', NULL, false, false, false, false, NULL, 'SELECT region_id as id, name as idval FROM ext_region WHERE region_id IS NOT NULL', true, true, NULL, NULL, NULL, NULL, NULL, NULL, true, NULL);
INSERT INTO config_form_fields (formname, formtype, tabname, columnname, layoutname, layoutorder, "datatype", widgettype, "label", tooltip, placeholder, ismandatory, isparent, iseditable, isautoupdate, isfilter, dv_querytext, dv_orderby_id, dv_isnullvalue, dv_parent_id, dv_querytext_filterc, stylesheet, widgetcontrols, widgetfunction, linkedobject, hidden, web_layoutorder) VALUES('ve_node_canvi_seccio', 'form_feature', 'tab_data', 'region_id', 'lyt_data_3', 9, 'integer', 'combo', 'Region', 'region_id', NULL, false, false, false, false, NULL, 'SELECT region_id as id, name as idval FROM ext_region WHERE region_id IS NOT NULL', true, true, NULL, NULL, NULL, NULL, NULL, NULL, true, NULL);
INSERT INTO config_form_fields (formname, formtype, tabname, columnname, layoutname, layoutorder, "datatype", widgettype, "label", tooltip, placeholder, ismandatory, isparent, iseditable, isautoupdate, isfilter, dv_querytext, dv_orderby_id, dv_isnullvalue, dv_parent_id, dv_querytext_filterc, stylesheet, widgetcontrols, widgetfunction, linkedobject, hidden, web_layoutorder) VALUES('ve_arc_conducte', 'form_feature', 'tab_data', 'region_id', 'lyt_data_3', 8, 'integer', 'combo', 'Region', 'region_id', NULL, false, false, false, false, NULL, 'SELECT region_id as id, name as idval FROM ext_region WHERE region_id IS NOT NULL', true, true, NULL, NULL, NULL, NULL, NULL, NULL, true, NULL);
INSERT INTO config_form_fields (formname, formtype, tabname, columnname, layoutname, layoutorder, "datatype", widgettype, "label", tooltip, placeholder, ismandatory, isparent, iseditable, isautoupdate, isfilter, dv_querytext, dv_orderby_id, dv_isnullvalue, dv_parent_id, dv_querytext_filterc, stylesheet, widgetcontrols, widgetfunction, linkedobject, hidden, web_layoutorder) VALUES('ve_node_desguas', 'form_feature', 'tab_data', 'region_id', 'lyt_data_3', 9, 'integer', 'combo', 'Region', 'region_id', NULL, false, false, false, false, NULL, 'SELECT region_id as id, name as idval FROM ext_region WHERE region_id IS NOT NULL', true, true, NULL, NULL, NULL, NULL, NULL, NULL, true, NULL);
INSERT INTO config_form_fields (formname, formtype, tabname, columnname, layoutname, layoutorder, "datatype", widgettype, "label", tooltip, placeholder, ismandatory, isparent, iseditable, isautoupdate, isfilter, dv_querytext, dv_orderby_id, dv_isnullvalue, dv_parent_id, dv_querytext_filterc, stylesheet, widgetcontrols, widgetfunction, linkedobject, hidden, web_layoutorder) VALUES('ve_node_diposit', 'form_feature', 'tab_data', 'region_id', 'lyt_data_3', 9, 'integer', 'combo', 'Region', 'region_id', NULL, false, false, false, false, NULL, 'SELECT region_id as id, name as idval FROM ext_region WHERE region_id IS NOT NULL', true, true, NULL, NULL, NULL, NULL, NULL, NULL, true, NULL);
INSERT INTO config_form_fields (formname, formtype, tabname, columnname, layoutname, layoutorder, "datatype", widgettype, "label", tooltip, placeholder, ismandatory, isparent, iseditable, isautoupdate, isfilter, dv_querytext, dv_orderby_id, dv_isnullvalue, dv_parent_id, dv_querytext_filterc, stylesheet, widgetcontrols, widgetfunction, linkedobject, hidden, web_layoutorder) VALUES('ve_node_diposit_desbordament', 'form_feature', 'tab_data', 'region_id', 'lyt_data_3', 9, 'integer', 'combo', 'Region', 'region_id', NULL, false, false, false, false, NULL, 'SELECT region_id as id, name as idval FROM ext_region WHERE region_id IS NOT NULL', true, true, NULL, NULL, NULL, NULL, NULL, NULL, true, NULL);
INSERT INTO config_form_fields (formname, formtype, tabname, columnname, layoutname, layoutorder, "datatype", widgettype, "label", tooltip, placeholder, ismandatory, isparent, iseditable, isautoupdate, isfilter, dv_querytext, dv_orderby_id, dv_isnullvalue, dv_parent_id, dv_querytext_filterc, stylesheet, widgetcontrols, widgetfunction, linkedobject, hidden, web_layoutorder) VALUES('ve_node_edar', 'form_feature', 'tab_data', 'region_id', 'lyt_data_3', 9, 'integer', 'combo', 'Region', 'region_id', NULL, false, false, false, false, NULL, 'SELECT region_id as id, name as idval FROM ext_region WHERE region_id IS NOT NULL', true, true, NULL, NULL, NULL, NULL, NULL, NULL, true, NULL);
INSERT INTO config_form_fields (formname, formtype, tabname, columnname, layoutname, layoutorder, "datatype", widgettype, "label", tooltip, placeholder, ismandatory, isparent, iseditable, isautoupdate, isfilter, dv_querytext, dv_orderby_id, dv_isnullvalue, dv_parent_id, dv_querytext_filterc, stylesheet, widgetcontrols, widgetfunction, linkedobject, hidden, web_layoutorder) VALUES('ve_node_element_topo', 'form_feature', 'tab_data', 'region_id', 'lyt_data_3', 9, 'integer', 'combo', 'Region', 'region_id', NULL, false, false, false, false, NULL, 'SELECT region_id as id, name as idval FROM ext_region WHERE region_id IS NOT NULL', true, true, NULL, NULL, NULL, NULL, NULL, NULL, true, NULL);
INSERT INTO config_form_fields (formname, formtype, tabname, columnname, layoutname, layoutorder, "datatype", widgettype, "label", tooltip, placeholder, ismandatory, isparent, iseditable, isautoupdate, isfilter, dv_querytext, dv_orderby_id, dv_isnullvalue, dv_parent_id, dv_querytext_filterc, stylesheet, widgetcontrols, widgetfunction, linkedobject, hidden, web_layoutorder) VALUES('ve_gully_embornal', 'form_feature', 'tab_data', 'region_id', 'lyt_data_3', 8, 'integer', 'combo', 'Region', 'region_id', NULL, false, false, false, false, NULL, 'SELECT region_id as id, name as idval FROM ext_region WHERE region_id IS NOT NULL', true, true, NULL, NULL, NULL, NULL, NULL, NULL, true, NULL);
INSERT INTO config_form_fields (formname, formtype, tabname, columnname, layoutname, layoutorder, "datatype", widgettype, "label", tooltip, placeholder, ismandatory, isparent, iseditable, isautoupdate, isfilter, dv_querytext, dv_orderby_id, dv_isnullvalue, dv_parent_id, dv_querytext_filterc, stylesheet, widgetcontrols, widgetfunction, linkedobject, hidden, web_layoutorder) VALUES('ve_gully_embornal_fictici', 'form_feature', 'tab_data', 'region_id', 'lyt_data_3', 8, 'integer', 'combo', 'Region', 'region_id', NULL, false, false, false, false, NULL, 'SELECT region_id as id, name as idval FROM ext_region WHERE region_id IS NOT NULL', true, true, NULL, NULL, NULL, NULL, NULL, NULL, true, NULL);
INSERT INTO config_form_fields (formname, formtype, tabname, columnname, layoutname, layoutorder, "datatype", widgettype, "label", tooltip, placeholder, ismandatory, isparent, iseditable, isautoupdate, isfilter, dv_querytext, dv_orderby_id, dv_isnullvalue, dv_parent_id, dv_querytext_filterc, stylesheet, widgetcontrols, widgetfunction, linkedobject, hidden, web_layoutorder) VALUES('ve_node_embornal_topo', 'form_feature', 'tab_data', 'region_id', 'lyt_data_3', 9, 'integer', 'combo', 'Region', 'region_id', NULL, false, false, false, false, NULL, 'SELECT region_id as id, name as idval FROM ext_region WHERE region_id IS NOT NULL', true, true, NULL, NULL, NULL, NULL, NULL, NULL, true, NULL);
INSERT INTO config_form_fields (formname, formtype, tabname, columnname, layoutname, layoutorder, "datatype", widgettype, "label", tooltip, placeholder, ismandatory, isparent, iseditable, isautoupdate, isfilter, dv_querytext, dv_orderby_id, dv_isnullvalue, dv_parent_id, dv_querytext_filterc, stylesheet, widgetcontrols, widgetfunction, linkedobject, hidden, web_layoutorder) VALUES('ve_node_estacio_bombament', 'form_feature', 'tab_data', 'region_id', 'lyt_data_3', 9, 'integer', 'combo', 'Region', 'region_id', NULL, false, false, false, false, NULL, 'SELECT region_id as id, name as idval FROM ext_region WHERE region_id IS NOT NULL', true, true, NULL, NULL, NULL, NULL, NULL, NULL, true, NULL);
INSERT INTO config_form_fields (formname, formtype, tabname, columnname, layoutname, layoutorder, "datatype", widgettype, "label", tooltip, placeholder, ismandatory, isparent, iseditable, isautoupdate, isfilter, dv_querytext, dv_orderby_id, dv_isnullvalue, dv_parent_id, dv_querytext_filterc, stylesheet, widgetcontrols, widgetfunction, linkedobject, hidden, web_layoutorder) VALUES('ve_arc_fictici', 'form_feature', 'tab_data', 'region_id', 'lyt_data_3', 8, 'integer', 'combo', 'Region', 'region_id', NULL, false, false, false, false, NULL, 'SELECT region_id as id, name as idval FROM ext_region WHERE region_id IS NOT NULL', true, true, NULL, NULL, NULL, NULL, NULL, NULL, true, NULL);
INSERT INTO config_form_fields (formname, formtype, tabname, columnname, layoutname, layoutorder, "datatype", widgettype, "label", tooltip, placeholder, ismandatory, isparent, iseditable, isautoupdate, isfilter, dv_querytext, dv_orderby_id, dv_isnullvalue, dv_parent_id, dv_querytext_filterc, stylesheet, widgetcontrols, widgetfunction, linkedobject, hidden, web_layoutorder) VALUES('ve_arc_impulsio', 'form_feature', 'tab_data', 'region_id', 'lyt_data_3', 8, 'integer', 'combo', 'Region', 'region_id', NULL, false, false, false, false, NULL, 'SELECT region_id as id, name as idval FROM ext_region WHERE region_id IS NOT NULL', true, true, NULL, NULL, NULL, NULL, NULL, NULL, true, NULL);
INSERT INTO config_form_fields (formname, formtype, tabname, columnname, layoutname, layoutorder, "datatype", widgettype, "label", tooltip, placeholder, ismandatory, isparent, iseditable, isautoupdate, isfilter, dv_querytext, dv_orderby_id, dv_isnullvalue, dv_parent_id, dv_querytext_filterc, stylesheet, widgetcontrols, widgetfunction, linkedobject, hidden, web_layoutorder) VALUES('ve_node_inici', 'form_feature', 'tab_data', 'region_id', 'lyt_data_3', 9, 'integer', 'combo', 'Region', 'region_id', NULL, false, false, false, false, NULL, 'SELECT region_id as id, name as idval FROM ext_region WHERE region_id IS NOT NULL', true, true, NULL, NULL, NULL, NULL, NULL, NULL, true, NULL);
INSERT INTO config_form_fields (formname, formtype, tabname, columnname, layoutname, layoutorder, "datatype", widgettype, "label", tooltip, placeholder, ismandatory, isparent, iseditable, isautoupdate, isfilter, dv_querytext, dv_orderby_id, dv_isnullvalue, dv_parent_id, dv_querytext_filterc, stylesheet, widgetcontrols, widgetfunction, linkedobject, hidden, web_layoutorder) VALUES('ve_node_node_fictici', 'form_feature', 'tab_data', 'region_id', 'lyt_data_3', 9, 'integer', 'combo', 'Region', 'region_id', NULL, false, false, false, false, NULL, 'SELECT region_id as id, name as idval FROM ext_region WHERE region_id IS NOT NULL', true, true, NULL, NULL, NULL, NULL, NULL, NULL, true, NULL);
INSERT INTO config_form_fields (formname, formtype, tabname, columnname, layoutname, layoutorder, "datatype", widgettype, "label", tooltip, placeholder, ismandatory, isparent, iseditable, isautoupdate, isfilter, dv_querytext, dv_orderby_id, dv_isnullvalue, dv_parent_id, dv_querytext_filterc, stylesheet, widgetcontrols, widgetfunction, linkedobject, hidden, web_layoutorder) VALUES('ve_node_pou_circular', 'form_feature', 'tab_data', 'region_id', 'lyt_data_3', 9, 'integer', 'combo', 'Region', 'region_id', NULL, false, false, false, false, NULL, 'SELECT region_id as id, name as idval FROM ext_region WHERE region_id IS NOT NULL', true, true, NULL, NULL, NULL, NULL, NULL, NULL, true, NULL);
INSERT INTO config_form_fields (formname, formtype, tabname, columnname, layoutname, layoutorder, "datatype", widgettype, "label", tooltip, placeholder, ismandatory, isparent, iseditable, isautoupdate, isfilter, dv_querytext, dv_orderby_id, dv_isnullvalue, dv_parent_id, dv_querytext_filterc, stylesheet, widgetcontrols, widgetfunction, linkedobject, hidden, web_layoutorder) VALUES('ve_node_pou_rectangular', 'form_feature', 'tab_data', 'region_id', 'lyt_data_3', 9, 'integer', 'combo', 'Region', 'region_id', NULL, false, false, false, false, NULL, 'SELECT region_id as id, name as idval FROM ext_region WHERE region_id IS NOT NULL', true, true, NULL, NULL, NULL, NULL, NULL, NULL, true, NULL);
INSERT INTO config_form_fields (formname, formtype, tabname, columnname, layoutname, layoutorder, "datatype", widgettype, "label", tooltip, placeholder, ismandatory, isparent, iseditable, isautoupdate, isfilter, dv_querytext, dv_orderby_id, dv_isnullvalue, dv_parent_id, dv_querytext_filterc, stylesheet, widgetcontrols, widgetfunction, linkedobject, hidden, web_layoutorder) VALUES('ve_node_sobreixidor', 'form_feature', 'tab_data', 'region_id', 'lyt_data_3', 9, 'integer', 'combo', 'Region', 'region_id', NULL, false, false, false, false, NULL, 'SELECT region_id as id, name as idval FROM ext_region WHERE region_id IS NOT NULL', true, true, NULL, NULL, NULL, NULL, NULL, NULL, true, NULL);
INSERT INTO config_form_fields (formname, formtype, tabname, columnname, layoutname, layoutorder, "datatype", widgettype, "label", tooltip, placeholder, ismandatory, isparent, iseditable, isautoupdate, isfilter, dv_querytext, dv_orderby_id, dv_isnullvalue, dv_parent_id, dv_querytext_filterc, stylesheet, widgetcontrols, widgetfunction, linkedobject, hidden, web_layoutorder) VALUES('ve_node_punt_alt', 'form_feature', 'tab_data', 'region_id', 'lyt_data_3', 9, 'integer', 'combo', 'Region', 'region_id', NULL, false, false, false, false, NULL, 'SELECT region_id as id, name as idval FROM ext_region WHERE region_id IS NOT NULL', true, true, NULL, NULL, NULL, NULL, NULL, NULL, true, NULL);
INSERT INTO config_form_fields (formname, formtype, tabname, columnname, layoutname, layoutorder, "datatype", widgettype, "label", tooltip, placeholder, ismandatory, isparent, iseditable, isautoupdate, isfilter, dv_querytext, dv_orderby_id, dv_isnullvalue, dv_parent_id, dv_querytext_filterc, stylesheet, widgetcontrols, widgetfunction, linkedobject, hidden, web_layoutorder) VALUES('ve_arc_rapid', 'form_feature', 'tab_data', 'region_id', 'lyt_data_3', 8, 'integer', 'combo', 'Region', 'region_id', NULL, false, false, false, false, NULL, 'SELECT region_id as id, name as idval FROM ext_region WHERE region_id IS NOT NULL', true, true, NULL, NULL, NULL, NULL, NULL, NULL, true, NULL);
INSERT INTO config_form_fields (formname, formtype, tabname, columnname, layoutname, layoutorder, "datatype", widgettype, "label", tooltip, placeholder, ismandatory, isparent, iseditable, isautoupdate, isfilter, dv_querytext, dv_orderby_id, dv_isnullvalue, dv_parent_id, dv_querytext_filterc, stylesheet, widgetcontrols, widgetfunction, linkedobject, hidden, web_layoutorder) VALUES('ve_node_registre', 'form_feature', 'tab_data', 'region_id', 'lyt_data_3', 9, 'integer', 'combo', 'Region', 'region_id', NULL, false, false, false, false, NULL, 'SELECT region_id as id, name as idval FROM ext_region WHERE region_id IS NOT NULL', true, true, NULL, NULL, NULL, NULL, NULL, NULL, true, NULL);
INSERT INTO config_form_fields (formname, formtype, tabname, columnname, layoutname, layoutorder, "datatype", widgettype, "label", tooltip, placeholder, ismandatory, isparent, iseditable, isautoupdate, isfilter, dv_querytext, dv_orderby_id, dv_isnullvalue, dv_parent_id, dv_querytext_filterc, stylesheet, widgetcontrols, widgetfunction, linkedobject, hidden, web_layoutorder) VALUES('ve_gully_reixa', 'form_feature', 'tab_data', 'region_id', 'lyt_data_3', 8, 'integer', 'combo', 'Region', 'region_id', NULL, false, false, false, false, NULL, 'SELECT region_id as id, name as idval FROM ext_region WHERE region_id IS NOT NULL', true, true, NULL, NULL, NULL, NULL, NULL, NULL, true, NULL);
INSERT INTO config_form_fields (formname, formtype, tabname, columnname, layoutname, layoutorder, "datatype", widgettype, "label", tooltip, placeholder, ismandatory, isparent, iseditable, isautoupdate, isfilter, dv_querytext, dv_orderby_id, dv_isnullvalue, dv_parent_id, dv_querytext_filterc, stylesheet, widgetcontrols, widgetfunction, linkedobject, hidden, web_layoutorder) VALUES('ve_node_salt', 'form_feature', 'tab_data', 'region_id', 'lyt_data_3', 9, 'integer', 'combo', 'Region', 'region_id', NULL, false, false, false, false, NULL, 'SELECT region_id as id, name as idval FROM ext_region WHERE region_id IS NOT NULL', true, true, NULL, NULL, NULL, NULL, NULL, NULL, true, NULL);
INSERT INTO config_form_fields (formname, formtype, tabname, columnname, layoutname, layoutorder, "datatype", widgettype, "label", tooltip, placeholder, ismandatory, isparent, iseditable, isautoupdate, isfilter, dv_querytext, dv_orderby_id, dv_isnullvalue, dv_parent_id, dv_querytext_filterc, stylesheet, widgetcontrols, widgetfunction, linkedobject, hidden, web_layoutorder) VALUES('ve_arc_sifo', 'form_feature', 'tab_data', 'region_id', 'lyt_data_3', 8, 'integer', 'combo', 'Region', 'region_id', NULL, false, false, false, false, NULL, 'SELECT region_id as id, name as idval FROM ext_region WHERE region_id IS NOT NULL', true, true, NULL, NULL, NULL, NULL, NULL, NULL, true, NULL);
INSERT INTO config_form_fields (formname, formtype, tabname, columnname, layoutname, layoutorder, "datatype", widgettype, "label", tooltip, placeholder, ismandatory, isparent, iseditable, isautoupdate, isfilter, dv_querytext, dv_orderby_id, dv_isnullvalue, dv_parent_id, dv_querytext_filterc, stylesheet, widgetcontrols, widgetfunction, linkedobject, hidden, web_layoutorder) VALUES('ve_node_unio', 'form_feature', 'tab_data', 'region_id', 'lyt_data_3', 9, 'integer', 'combo', 'Region', 'region_id', NULL, false, false, false, false, NULL, 'SELECT region_id as id, name as idval FROM ext_region WHERE region_id IS NOT NULL', true, true, NULL, NULL, NULL, NULL, NULL, NULL, true, NULL);
INSERT INTO config_form_fields (formname, formtype, tabname, columnname, layoutname, layoutorder, "datatype", widgettype, "label", tooltip, placeholder, ismandatory, isparent, iseditable, isautoupdate, isfilter, dv_querytext, dv_orderby_id, dv_isnullvalue, dv_parent_id, dv_querytext_filterc, stylesheet, widgetcontrols, widgetfunction, linkedobject, hidden, web_layoutorder) VALUES('ve_node_valvula', 'form_feature', 'tab_data', 'region_id', 'lyt_data_3', 9, 'integer', 'combo', 'Region', 'region_id', NULL, false, false, false, false, NULL, 'SELECT region_id as id, name as idval FROM ext_region WHERE region_id IS NOT NULL', true, true, NULL, NULL, NULL, NULL, NULL, NULL, true, NULL);

INSERT INTO config_form_fields (formname, formtype, tabname, columnname, layoutname, layoutorder, "datatype", widgettype, "label", tooltip, placeholder, ismandatory, isparent, iseditable, isautoupdate, isfilter, dv_querytext, dv_orderby_id, dv_isnullvalue, dv_parent_id, dv_querytext_filterc, stylesheet, widgetcontrols, widgetfunction, linkedobject, hidden, web_layoutorder) VALUES('ve_connec_escomesa', 'form_feature', 'tab_data', 'province_id', 'lyt_data_3', 10, 'integer', 'combo', 'Province', 'province_id', NULL, false, false, false, false, NULL, 'SELECT province_id as id, name as idval FROM ext_province WHERE province_id IS NOT NULL', true, true, NULL, NULL, NULL, NULL, NULL, NULL, true, NULL);
INSERT INTO config_form_fields (formname, formtype, tabname, columnname, layoutname, layoutorder, "datatype", widgettype, "label", tooltip, placeholder, ismandatory, isparent, iseditable, isautoupdate, isfilter, dv_querytext, dv_orderby_id, dv_isnullvalue, dv_parent_id, dv_querytext_filterc, stylesheet, widgetcontrols, widgetfunction, linkedobject, hidden, web_layoutorder) VALUES('ve_connec_escomesa_ficticia', 'form_feature', 'tab_data', 'province_id', 'lyt_data_3', 10, 'integer', 'combo', 'Province', 'province_id', NULL, false, false, false, false, NULL, 'SELECT province_id as id, name as idval FROM ext_province WHERE province_id IS NOT NULL', true, true, NULL, NULL, NULL, NULL, NULL, NULL, true, NULL);
INSERT INTO config_form_fields (formname, formtype, tabname, columnname, layoutname, layoutorder, "datatype", widgettype, "label", tooltip, placeholder, ismandatory, isparent, iseditable, isautoupdate, isfilter, dv_querytext, dv_orderby_id, dv_isnullvalue, dv_parent_id, dv_querytext_filterc, stylesheet, widgetcontrols, widgetfunction, linkedobject, hidden, web_layoutorder) VALUES('ve_node_arqueta_sorrera', 'form_feature', 'tab_data', 'province_id', 'lyt_data_3', 10, 'integer', 'combo', 'Province', 'province_id', NULL, false, false, false, false, NULL, 'SELECT province_id as id, name as idval FROM ext_province WHERE province_id IS NOT NULL', true, true, NULL, NULL, NULL, NULL, NULL, NULL, true, NULL);
INSERT INTO config_form_fields (formname, formtype, tabname, columnname, layoutname, layoutorder, "datatype", widgettype, "label", tooltip, placeholder, ismandatory, isparent, iseditable, isautoupdate, isfilter, dv_querytext, dv_orderby_id, dv_isnullvalue, dv_parent_id, dv_querytext_filterc, stylesheet, widgetcontrols, widgetfunction, linkedobject, hidden, web_layoutorder) VALUES('ve_node_cambra', 'form_feature', 'tab_data', 'province_id', 'lyt_data_3', 10, 'integer', 'combo', 'Province', 'province_id', NULL, false, false, false, false, NULL, 'SELECT province_id as id, name as idval FROM ext_province WHERE province_id IS NOT NULL', true, true, NULL, NULL, NULL, NULL, NULL, NULL, true, NULL);
INSERT INTO config_form_fields (formname, formtype, tabname, columnname, layoutname, layoutorder, "datatype", widgettype, "label", tooltip, placeholder, ismandatory, isparent, iseditable, isautoupdate, isfilter, dv_querytext, dv_orderby_id, dv_isnullvalue, dv_parent_id, dv_querytext_filterc, stylesheet, widgetcontrols, widgetfunction, linkedobject, hidden, web_layoutorder) VALUES('ve_node_canvi_seccio', 'form_feature', 'tab_data', 'province_id', 'lyt_data_3', 10, 'integer', 'combo', 'Province', 'province_id', NULL, false, false, false, false, NULL, 'SELECT province_id as id, name as idval FROM ext_province WHERE province_id IS NOT NULL', true, true, NULL, NULL, NULL, NULL, NULL, NULL, true, NULL);
INSERT INTO config_form_fields (formname, formtype, tabname, columnname, layoutname, layoutorder, "datatype", widgettype, "label", tooltip, placeholder, ismandatory, isparent, iseditable, isautoupdate, isfilter, dv_querytext, dv_orderby_id, dv_isnullvalue, dv_parent_id, dv_querytext_filterc, stylesheet, widgetcontrols, widgetfunction, linkedobject, hidden, web_layoutorder) VALUES('ve_arc_conducte', 'form_feature', 'tab_data', 'province_id', 'lyt_data_3', 9, 'integer', 'combo', 'Province', 'province_id', NULL, false, false, false, false, NULL, 'SELECT province_id as id, name as idval FROM ext_province WHERE province_id IS NOT NULL', true, true, NULL, NULL, NULL, NULL, NULL, NULL, true, NULL);
INSERT INTO config_form_fields (formname, formtype, tabname, columnname, layoutname, layoutorder, "datatype", widgettype, "label", tooltip, placeholder, ismandatory, isparent, iseditable, isautoupdate, isfilter, dv_querytext, dv_orderby_id, dv_isnullvalue, dv_parent_id, dv_querytext_filterc, stylesheet, widgetcontrols, widgetfunction, linkedobject, hidden, web_layoutorder) VALUES('ve_node_desguas', 'form_feature', 'tab_data', 'province_id', 'lyt_data_3', 10, 'integer', 'combo', 'Province', 'province_id', NULL, false, false, false, false, NULL, 'SELECT province_id as id, name as idval FROM ext_province WHERE province_id IS NOT NULL', true, true, NULL, NULL, NULL, NULL, NULL, NULL, true, NULL);
INSERT INTO config_form_fields (formname, formtype, tabname, columnname, layoutname, layoutorder, "datatype", widgettype, "label", tooltip, placeholder, ismandatory, isparent, iseditable, isautoupdate, isfilter, dv_querytext, dv_orderby_id, dv_isnullvalue, dv_parent_id, dv_querytext_filterc, stylesheet, widgetcontrols, widgetfunction, linkedobject, hidden, web_layoutorder) VALUES('ve_node_diposit', 'form_feature', 'tab_data', 'province_id', 'lyt_data_3', 10, 'integer', 'combo', 'Province', 'province_id', NULL, false, false, false, false, NULL, 'SELECT province_id as id, name as idval FROM ext_province WHERE province_id IS NOT NULL', true, true, NULL, NULL, NULL, NULL, NULL, NULL, true, NULL);
INSERT INTO config_form_fields (formname, formtype, tabname, columnname, layoutname, layoutorder, "datatype", widgettype, "label", tooltip, placeholder, ismandatory, isparent, iseditable, isautoupdate, isfilter, dv_querytext, dv_orderby_id, dv_isnullvalue, dv_parent_id, dv_querytext_filterc, stylesheet, widgetcontrols, widgetfunction, linkedobject, hidden, web_layoutorder) VALUES('ve_node_diposit_desbordament', 'form_feature', 'tab_data', 'province_id', 'lyt_data_3', 10, 'integer', 'combo', 'Province', 'province_id', NULL, false, false, false, false, NULL, 'SELECT province_id as id, name as idval FROM ext_province WHERE province_id IS NOT NULL', true, true, NULL, NULL, NULL, NULL, NULL, NULL, true, NULL);
INSERT INTO config_form_fields (formname, formtype, tabname, columnname, layoutname, layoutorder, "datatype", widgettype, "label", tooltip, placeholder, ismandatory, isparent, iseditable, isautoupdate, isfilter, dv_querytext, dv_orderby_id, dv_isnullvalue, dv_parent_id, dv_querytext_filterc, stylesheet, widgetcontrols, widgetfunction, linkedobject, hidden, web_layoutorder) VALUES('ve_node_edar', 'form_feature', 'tab_data', 'province_id', 'lyt_data_3', 10, 'integer', 'combo', 'Province', 'province_id', NULL, false, false, false, false, NULL, 'SELECT province_id as id, name as idval FROM ext_province WHERE province_id IS NOT NULL', true, true, NULL, NULL, NULL, NULL, NULL, NULL, true, NULL);
INSERT INTO config_form_fields (formname, formtype, tabname, columnname, layoutname, layoutorder, "datatype", widgettype, "label", tooltip, placeholder, ismandatory, isparent, iseditable, isautoupdate, isfilter, dv_querytext, dv_orderby_id, dv_isnullvalue, dv_parent_id, dv_querytext_filterc, stylesheet, widgetcontrols, widgetfunction, linkedobject, hidden, web_layoutorder) VALUES('ve_node_element_topo', 'form_feature', 'tab_data', 'province_id', 'lyt_data_3', 10, 'integer', 'combo', 'Province', 'province_id', NULL, false, false, false, false, NULL, 'SELECT province_id as id, name as idval FROM ext_province WHERE province_id IS NOT NULL', true, true, NULL, NULL, NULL, NULL, NULL, NULL, true, NULL);
INSERT INTO config_form_fields (formname, formtype, tabname, columnname, layoutname, layoutorder, "datatype", widgettype, "label", tooltip, placeholder, ismandatory, isparent, iseditable, isautoupdate, isfilter, dv_querytext, dv_orderby_id, dv_isnullvalue, dv_parent_id, dv_querytext_filterc, stylesheet, widgetcontrols, widgetfunction, linkedobject, hidden, web_layoutorder) VALUES('ve_gully_embornal', 'form_feature', 'tab_data', 'province_id', 'lyt_data_3', 9, 'integer', 'combo', 'Province', 'province_id', NULL, false, false, false, false, NULL, 'SELECT province_id as id, name as idval FROM ext_province WHERE province_id IS NOT NULL', true, true, NULL, NULL, NULL, NULL, NULL, NULL, true, NULL);
INSERT INTO config_form_fields (formname, formtype, tabname, columnname, layoutname, layoutorder, "datatype", widgettype, "label", tooltip, placeholder, ismandatory, isparent, iseditable, isautoupdate, isfilter, dv_querytext, dv_orderby_id, dv_isnullvalue, dv_parent_id, dv_querytext_filterc, stylesheet, widgetcontrols, widgetfunction, linkedobject, hidden, web_layoutorder) VALUES('ve_gully_embornal_fictici', 'form_feature', 'tab_data', 'province_id', 'lyt_data_3', 9, 'integer', 'combo', 'Province', 'province_id', NULL, false, false, false, false, NULL, 'SELECT province_id as id, name as idval FROM ext_province WHERE province_id IS NOT NULL', true, true, NULL, NULL, NULL, NULL, NULL, NULL, true, NULL);
INSERT INTO config_form_fields (formname, formtype, tabname, columnname, layoutname, layoutorder, "datatype", widgettype, "label", tooltip, placeholder, ismandatory, isparent, iseditable, isautoupdate, isfilter, dv_querytext, dv_orderby_id, dv_isnullvalue, dv_parent_id, dv_querytext_filterc, stylesheet, widgetcontrols, widgetfunction, linkedobject, hidden, web_layoutorder) VALUES('ve_node_embornal_topo', 'form_feature', 'tab_data', 'province_id', 'lyt_data_3', 10, 'integer', 'combo', 'Province', 'province_id', NULL, false, false, false, false, NULL, 'SELECT province_id as id, name as idval FROM ext_province WHERE province_id IS NOT NULL', true, true, NULL, NULL, NULL, NULL, NULL, NULL, true, NULL);
INSERT INTO config_form_fields (formname, formtype, tabname, columnname, layoutname, layoutorder, "datatype", widgettype, "label", tooltip, placeholder, ismandatory, isparent, iseditable, isautoupdate, isfilter, dv_querytext, dv_orderby_id, dv_isnullvalue, dv_parent_id, dv_querytext_filterc, stylesheet, widgetcontrols, widgetfunction, linkedobject, hidden, web_layoutorder) VALUES('ve_node_estacio_bombament', 'form_feature', 'tab_data', 'province_id', 'lyt_data_3', 10, 'integer', 'combo', 'Province', 'province_id', NULL, false, false, false, false, NULL, 'SELECT province_id as id, name as idval FROM ext_province WHERE province_id IS NOT NULL', true, true, NULL, NULL, NULL, NULL, NULL, NULL, true, NULL);
INSERT INTO config_form_fields (formname, formtype, tabname, columnname, layoutname, layoutorder, "datatype", widgettype, "label", tooltip, placeholder, ismandatory, isparent, iseditable, isautoupdate, isfilter, dv_querytext, dv_orderby_id, dv_isnullvalue, dv_parent_id, dv_querytext_filterc, stylesheet, widgetcontrols, widgetfunction, linkedobject, hidden, web_layoutorder) VALUES('ve_arc_fictici', 'form_feature', 'tab_data', 'province_id', 'lyt_data_3', 9, 'integer', 'combo', 'Province', 'province_id', NULL, false, false, false, false, NULL, 'SELECT province_id as id, name as idval FROM ext_province WHERE province_id IS NOT NULL', true, true, NULL, NULL, NULL, NULL, NULL, NULL, true, NULL);
INSERT INTO config_form_fields (formname, formtype, tabname, columnname, layoutname, layoutorder, "datatype", widgettype, "label", tooltip, placeholder, ismandatory, isparent, iseditable, isautoupdate, isfilter, dv_querytext, dv_orderby_id, dv_isnullvalue, dv_parent_id, dv_querytext_filterc, stylesheet, widgetcontrols, widgetfunction, linkedobject, hidden, web_layoutorder) VALUES('ve_arc_impulsio', 'form_feature', 'tab_data', 'province_id', 'lyt_data_3', 9, 'integer', 'combo', 'Province', 'province_id', NULL, false, false, false, false, NULL, 'SELECT province_id as id, name as idval FROM ext_province WHERE province_id IS NOT NULL', true, true, NULL, NULL, NULL, NULL, NULL, NULL, true, NULL);
INSERT INTO config_form_fields (formname, formtype, tabname, columnname, layoutname, layoutorder, "datatype", widgettype, "label", tooltip, placeholder, ismandatory, isparent, iseditable, isautoupdate, isfilter, dv_querytext, dv_orderby_id, dv_isnullvalue, dv_parent_id, dv_querytext_filterc, stylesheet, widgetcontrols, widgetfunction, linkedobject, hidden, web_layoutorder) VALUES('ve_node_inici', 'form_feature', 'tab_data', 'province_id', 'lyt_data_3', 10, 'integer', 'combo', 'Province', 'province_id', NULL, false, false, false, false, NULL, 'SELECT province_id as id, name as idval FROM ext_province WHERE province_id IS NOT NULL', true, true, NULL, NULL, NULL, NULL, NULL, NULL, true, NULL);
INSERT INTO config_form_fields (formname, formtype, tabname, columnname, layoutname, layoutorder, "datatype", widgettype, "label", tooltip, placeholder, ismandatory, isparent, iseditable, isautoupdate, isfilter, dv_querytext, dv_orderby_id, dv_isnullvalue, dv_parent_id, dv_querytext_filterc, stylesheet, widgetcontrols, widgetfunction, linkedobject, hidden, web_layoutorder) VALUES('ve_node_node_fictici', 'form_feature', 'tab_data', 'province_id', 'lyt_data_3', 10, 'integer', 'combo', 'Province', 'province_id', NULL, false, false, false, false, NULL, 'SELECT province_id as id, name as idval FROM ext_province WHERE province_id IS NOT NULL', true, true, NULL, NULL, NULL, NULL, NULL, NULL, true, NULL);
INSERT INTO config_form_fields (formname, formtype, tabname, columnname, layoutname, layoutorder, "datatype", widgettype, "label", tooltip, placeholder, ismandatory, isparent, iseditable, isautoupdate, isfilter, dv_querytext, dv_orderby_id, dv_isnullvalue, dv_parent_id, dv_querytext_filterc, stylesheet, widgetcontrols, widgetfunction, linkedobject, hidden, web_layoutorder) VALUES('ve_node_pou_circular', 'form_feature', 'tab_data', 'province_id', 'lyt_data_3', 10, 'integer', 'combo', 'Province', 'province_id', NULL, false, false, false, false, NULL, 'SELECT province_id as id, name as idval FROM ext_province WHERE province_id IS NOT NULL', true, true, NULL, NULL, NULL, NULL, NULL, NULL, true, NULL);
INSERT INTO config_form_fields (formname, formtype, tabname, columnname, layoutname, layoutorder, "datatype", widgettype, "label", tooltip, placeholder, ismandatory, isparent, iseditable, isautoupdate, isfilter, dv_querytext, dv_orderby_id, dv_isnullvalue, dv_parent_id, dv_querytext_filterc, stylesheet, widgetcontrols, widgetfunction, linkedobject, hidden, web_layoutorder) VALUES('ve_node_pou_rectangular', 'form_feature', 'tab_data', 'province_id', 'lyt_data_3', 10, 'integer', 'combo', 'Province', 'province_id', NULL, false, false, false, false, NULL, 'SELECT province_id as id, name as idval FROM ext_province WHERE province_id IS NOT NULL', true, true, NULL, NULL, NULL, NULL, NULL, NULL, true, NULL);
INSERT INTO config_form_fields (formname, formtype, tabname, columnname, layoutname, layoutorder, "datatype", widgettype, "label", tooltip, placeholder, ismandatory, isparent, iseditable, isautoupdate, isfilter, dv_querytext, dv_orderby_id, dv_isnullvalue, dv_parent_id, dv_querytext_filterc, stylesheet, widgetcontrols, widgetfunction, linkedobject, hidden, web_layoutorder) VALUES('ve_node_sobreixidor', 'form_feature', 'tab_data', 'province_id', 'lyt_data_3', 10, 'integer', 'combo', 'Province', 'province_id', NULL, false, false, false, false, NULL, 'SELECT province_id as id, name as idval FROM ext_province WHERE province_id IS NOT NULL', true, true, NULL, NULL, NULL, NULL, NULL, NULL, true, NULL);
INSERT INTO config_form_fields (formname, formtype, tabname, columnname, layoutname, layoutorder, "datatype", widgettype, "label", tooltip, placeholder, ismandatory, isparent, iseditable, isautoupdate, isfilter, dv_querytext, dv_orderby_id, dv_isnullvalue, dv_parent_id, dv_querytext_filterc, stylesheet, widgetcontrols, widgetfunction, linkedobject, hidden, web_layoutorder) VALUES('ve_node_punt_alt', 'form_feature', 'tab_data', 'province_id', 'lyt_data_3', 10, 'integer', 'combo', 'Province', 'province_id', NULL, false, false, false, false, NULL, 'SELECT province_id as id, name as idval FROM ext_province WHERE province_id IS NOT NULL', true, true, NULL, NULL, NULL, NULL, NULL, NULL, true, NULL);
INSERT INTO config_form_fields (formname, formtype, tabname, columnname, layoutname, layoutorder, "datatype", widgettype, "label", tooltip, placeholder, ismandatory, isparent, iseditable, isautoupdate, isfilter, dv_querytext, dv_orderby_id, dv_isnullvalue, dv_parent_id, dv_querytext_filterc, stylesheet, widgetcontrols, widgetfunction, linkedobject, hidden, web_layoutorder) VALUES('ve_arc_rapid', 'form_feature', 'tab_data', 'province_id', 'lyt_data_3', 9, 'integer', 'combo', 'Province', 'province_id', NULL, false, false, false, false, NULL, 'SELECT province_id as id, name as idval FROM ext_province WHERE province_id IS NOT NULL', true, true, NULL, NULL, NULL, NULL, NULL, NULL, true, NULL);
INSERT INTO config_form_fields (formname, formtype, tabname, columnname, layoutname, layoutorder, "datatype", widgettype, "label", tooltip, placeholder, ismandatory, isparent, iseditable, isautoupdate, isfilter, dv_querytext, dv_orderby_id, dv_isnullvalue, dv_parent_id, dv_querytext_filterc, stylesheet, widgetcontrols, widgetfunction, linkedobject, hidden, web_layoutorder) VALUES('ve_node_registre', 'form_feature', 'tab_data', 'province_id', 'lyt_data_3', 10, 'integer', 'combo', 'Province', 'province_id', NULL, false, false, false, false, NULL, 'SELECT province_id as id, name as idval FROM ext_province WHERE province_id IS NOT NULL', true, true, NULL, NULL, NULL, NULL, NULL, NULL, true, NULL);
INSERT INTO config_form_fields (formname, formtype, tabname, columnname, layoutname, layoutorder, "datatype", widgettype, "label", tooltip, placeholder, ismandatory, isparent, iseditable, isautoupdate, isfilter, dv_querytext, dv_orderby_id, dv_isnullvalue, dv_parent_id, dv_querytext_filterc, stylesheet, widgetcontrols, widgetfunction, linkedobject, hidden, web_layoutorder) VALUES('ve_gully_reixa', 'form_feature', 'tab_data', 'province_id', 'lyt_data_3', 9, 'integer', 'combo', 'Province', 'province_id', NULL, false, false, false, false, NULL, 'SELECT province_id as id, name as idval FROM ext_province WHERE province_id IS NOT NULL', true, true, NULL, NULL, NULL, NULL, NULL, NULL, true, NULL);
INSERT INTO config_form_fields (formname, formtype, tabname, columnname, layoutname, layoutorder, "datatype", widgettype, "label", tooltip, placeholder, ismandatory, isparent, iseditable, isautoupdate, isfilter, dv_querytext, dv_orderby_id, dv_isnullvalue, dv_parent_id, dv_querytext_filterc, stylesheet, widgetcontrols, widgetfunction, linkedobject, hidden, web_layoutorder) VALUES('ve_node_salt', 'form_feature', 'tab_data', 'province_id', 'lyt_data_3', 10, 'integer', 'combo', 'Province', 'province_id', NULL, false, false, false, false, NULL, 'SELECT province_id as id, name as idval FROM ext_province WHERE province_id IS NOT NULL', true, true, NULL, NULL, NULL, NULL, NULL, NULL, true, NULL);
INSERT INTO config_form_fields (formname, formtype, tabname, columnname, layoutname, layoutorder, "datatype", widgettype, "label", tooltip, placeholder, ismandatory, isparent, iseditable, isautoupdate, isfilter, dv_querytext, dv_orderby_id, dv_isnullvalue, dv_parent_id, dv_querytext_filterc, stylesheet, widgetcontrols, widgetfunction, linkedobject, hidden, web_layoutorder) VALUES('ve_arc_sifo', 'form_feature', 'tab_data', 'province_id', 'lyt_data_3', 9, 'integer', 'combo', 'Province', 'province_id', NULL, false, false, false, false, NULL, 'SELECT province_id as id, name as idval FROM ext_province WHERE province_id IS NOT NULL', true, true, NULL, NULL, NULL, NULL, NULL, NULL, true, NULL);
INSERT INTO config_form_fields (formname, formtype, tabname, columnname, layoutname, layoutorder, "datatype", widgettype, "label", tooltip, placeholder, ismandatory, isparent, iseditable, isautoupdate, isfilter, dv_querytext, dv_orderby_id, dv_isnullvalue, dv_parent_id, dv_querytext_filterc, stylesheet, widgetcontrols, widgetfunction, linkedobject, hidden, web_layoutorder) VALUES('ve_node_unio', 'form_feature', 'tab_data', 'province_id', 'lyt_data_3', 10, 'integer', 'combo', 'Province', 'province_id', NULL, false, false, false, false, NULL, 'SELECT province_id as id, name as idval FROM ext_province WHERE province_id IS NOT NULL', true, true, NULL, NULL, NULL, NULL, NULL, NULL, true, NULL);
INSERT INTO config_form_fields (formname, formtype, tabname, columnname, layoutname, layoutorder, "datatype", widgettype, "label", tooltip, placeholder, ismandatory, isparent, iseditable, isautoupdate, isfilter, dv_querytext, dv_orderby_id, dv_isnullvalue, dv_parent_id, dv_querytext_filterc, stylesheet, widgetcontrols, widgetfunction, linkedobject, hidden, web_layoutorder) VALUES('ve_node_valvula', 'form_feature', 'tab_data', 'province_id', 'lyt_data_3', 10, 'integer', 'combo', 'Province', 'province_id', NULL, false, false, false, false, NULL, 'SELECT province_id as id, name as idval FROM ext_province WHERE province_id IS NOT NULL', true, true, NULL, NULL, NULL, NULL, NULL, NULL, true, NULL);

-- triggers
DROP TRIGGER IF EXISTS gw_trg_edit_arc ON v_edit_arc;
CREATE TRIGGER gw_trg_edit_arc INSTEAD OF INSERT OR DELETE OR UPDATE ON v_edit_arc FOR EACH ROW EXECUTE FUNCTION gw_trg_edit_arc('parent');

DROP TRIGGER IF EXISTS gw_trg_edit_arc_conducte ON ve_arc_conducte;
CREATE TRIGGER gw_trg_edit_arc_conducte INSTEAD OF INSERT OR DELETE OR UPDATE ON ve_arc_conducte FOR EACH ROW EXECUTE FUNCTION gw_trg_edit_arc('CONDUCTE');

DROP TRIGGER IF EXISTS gw_trg_edit_arc_fictici ON ve_arc_fictici;
CREATE TRIGGER gw_trg_edit_arc_fictici INSTEAD OF INSERT OR DELETE OR UPDATE ON ve_arc_fictici FOR EACH ROW EXECUTE FUNCTION gw_trg_edit_arc('FICTICI');

DROP TRIGGER IF EXISTS gw_trg_edit_arc_impulsio ON ve_arc_impulsio;
CREATE TRIGGER gw_trg_edit_arc_impulsio INSTEAD OF INSERT OR DELETE OR UPDATE ON ve_arc_impulsio FOR EACH ROW EXECUTE FUNCTION gw_trg_edit_arc('IMPULSIO');

DROP TRIGGER IF EXISTS gw_trg_edit_arc_rapid ON ve_arc_rapid;
CREATE TRIGGER gw_trg_edit_arc_rapid INSTEAD OF INSERT OR DELETE OR UPDATE ON ve_arc_rapid FOR EACH ROW EXECUTE FUNCTION gw_trg_edit_arc('RAPID');

DROP TRIGGER IF EXISTS gw_trg_edit_arc_sifo ON ve_arc_sifo;
CREATE TRIGGER gw_trg_edit_arc_sifo INSTEAD OF INSERT OR DELETE OR UPDATE ON ve_arc_sifo FOR EACH ROW EXECUTE FUNCTION gw_trg_edit_arc('SIFO');

DROP TRIGGER IF EXISTS gw_trg_edit_connec ON v_edit_connec;
CREATE TRIGGER gw_trg_edit_connec INSTEAD OF INSERT OR DELETE OR UPDATE ON v_edit_connec FOR EACH ROW EXECUTE FUNCTION gw_trg_edit_connec('parent');

DROP TRIGGER IF EXISTS gw_trg_edit_connec_escomesa ON ve_connec_escomesa;
CREATE TRIGGER gw_trg_edit_connec_escomesa INSTEAD OF INSERT OR DELETE OR UPDATE ON ve_connec_escomesa FOR EACH ROW EXECUTE FUNCTION gw_trg_edit_connec('ESCOMESA');

DROP TRIGGER IF EXISTS gw_trg_edit_connec_escomesa_ficticia ON ve_connec_escomesa_ficticia;
CREATE TRIGGER gw_trg_edit_connec_escomesa_ficticia INSTEAD OF INSERT OR DELETE OR UPDATE ON ve_connec_escomesa_ficticia FOR EACH ROW EXECUTE FUNCTION gw_trg_edit_connec('ESCOMESA_FICTICIA');

DROP TRIGGER IF EXISTS gw_trg_edit_gully ON v_edit_gully;
CREATE TRIGGER gw_trg_edit_gully INSTEAD OF INSERT OR DELETE OR UPDATE ON v_edit_gully FOR EACH ROW EXECUTE FUNCTION gw_trg_edit_gully('parent');

DROP TRIGGER IF EXISTS gw_trg_edit_gully_embornal ON ve_gully_embornal;
CREATE TRIGGER gw_trg_edit_gully_embornal INSTEAD OF INSERT OR DELETE OR UPDATE ON ve_gully_embornal FOR EACH ROW EXECUTE FUNCTION gw_trg_edit_gully('EMBORNAL');

DROP TRIGGER IF EXISTS gw_trg_edit_gully_embornal_fictici ON ve_gully_embornal_fictici;
CREATE TRIGGER gw_trg_edit_gully_embornal_fictici INSTEAD OF INSERT OR DELETE OR UPDATE ON ve_gully_embornal_fictici FOR EACH ROW EXECUTE FUNCTION gw_trg_edit_gully('EMBORNAL_FICTICI');

DROP TRIGGER IF EXISTS gw_trg_edit_gully_reixa ON ve_gully_reixa;
CREATE TRIGGER gw_trg_edit_gully_reixa INSTEAD OF INSERT OR DELETE OR UPDATE ON ve_gully_reixa FOR EACH ROW EXECUTE FUNCTION gw_trg_edit_gully('REIXA');

DROP TRIGGER IF EXISTS gw_trg_edit_node ON v_edit_node;
CREATE TRIGGER gw_trg_edit_node INSTEAD OF INSERT OR DELETE OR UPDATE ON v_edit_node FOR EACH ROW EXECUTE FUNCTION gw_trg_edit_node('parent');

DROP TRIGGER IF EXISTS gw_trg_edit_node_arqueta_sorrera ON ve_node_arqueta_sorrera;
CREATE TRIGGER gw_trg_edit_node_arqueta_sorrera INSTEAD OF INSERT OR DELETE OR UPDATE ON ve_node_arqueta_sorrera FOR EACH ROW EXECUTE FUNCTION gw_trg_edit_node('ARQUETA_SORRERA');

DROP TRIGGER IF EXISTS gw_trg_edit_node_cambra ON ve_node_cambra;
CREATE TRIGGER gw_trg_edit_node_cambra INSTEAD OF INSERT OR DELETE OR UPDATE ON ve_node_cambra FOR EACH ROW EXECUTE FUNCTION gw_trg_edit_node('CAMBRA');

DROP TRIGGER IF EXISTS gw_trg_edit_node_canvi_seccio ON ve_node_canvi_seccio;
CREATE TRIGGER gw_trg_edit_node_canvi_seccio INSTEAD OF INSERT OR DELETE OR UPDATE ON ve_node_canvi_seccio FOR EACH ROW EXECUTE FUNCTION gw_trg_edit_node('CANVI_SECCIO');

DROP TRIGGER IF EXISTS gw_trg_edit_node_desguas ON ve_node_desguas;
CREATE TRIGGER gw_trg_edit_node_desguas INSTEAD OF INSERT OR DELETE OR UPDATE ON ve_node_desguas FOR EACH ROW EXECUTE FUNCTION gw_trg_edit_node('DESGUAS');

DROP TRIGGER IF EXISTS gw_trg_edit_node_diposit ON ve_node_diposit;
CREATE TRIGGER gw_trg_edit_node_diposit INSTEAD OF INSERT OR DELETE OR UPDATE ON ve_node_diposit FOR EACH ROW EXECUTE FUNCTION gw_trg_edit_node('DIPOSIT');

DROP TRIGGER IF EXISTS gw_trg_edit_node_diposit_desbordament ON ve_node_diposit_desbordament;
CREATE TRIGGER gw_trg_edit_node_diposit_desbordament INSTEAD OF INSERT OR DELETE OR UPDATE ON ve_node_diposit_desbordament FOR EACH ROW EXECUTE FUNCTION gw_trg_edit_node('DIPOSIT_DESBORDAMENT');

DROP TRIGGER IF EXISTS gw_trg_edit_node_edar ON ve_node_edar;
CREATE TRIGGER gw_trg_edit_node_edar INSTEAD OF INSERT OR DELETE OR UPDATE ON ve_node_edar FOR EACH ROW EXECUTE FUNCTION gw_trg_edit_node('EDAR');

DROP TRIGGER IF EXISTS gw_trg_edit_node_element_topo ON ve_node_element_topo;
CREATE TRIGGER gw_trg_edit_node_element_topo INSTEAD OF INSERT OR DELETE OR UPDATE ON ve_node_element_topo FOR EACH ROW EXECUTE FUNCTION gw_trg_edit_node('ELEMENT_TOPO');

DROP TRIGGER IF EXISTS gw_trg_edit_node_embornal_topo ON ve_node_embornal_topo;
CREATE TRIGGER gw_trg_edit_node_embornal_topo INSTEAD OF INSERT OR DELETE OR UPDATE ON ve_node_embornal_topo FOR EACH ROW EXECUTE FUNCTION gw_trg_edit_node('EMBORNAL_TOPO');

DROP TRIGGER IF EXISTS gw_trg_edit_node_estacio_bombament ON ve_node_estacio_bombament;
CREATE TRIGGER gw_trg_edit_node_estacio_bombament INSTEAD OF INSERT OR DELETE OR UPDATE ON ve_node_estacio_bombament FOR EACH ROW EXECUTE FUNCTION gw_trg_edit_node('ESTACIO_BOMBAMENT');

DROP TRIGGER IF EXISTS gw_trg_edit_node_inici ON ve_node_inici;
CREATE TRIGGER gw_trg_edit_node_inici INSTEAD OF INSERT OR DELETE OR UPDATE ON ve_node_inici FOR EACH ROW EXECUTE FUNCTION gw_trg_edit_node('INICI');

DROP TRIGGER IF EXISTS gw_trg_edit_node_node_fictici ON ve_node_node_fictici;
CREATE TRIGGER gw_trg_edit_node_node_fictici INSTEAD OF INSERT OR DELETE OR UPDATE ON ve_node_node_fictici FOR EACH ROW EXECUTE FUNCTION gw_trg_edit_node('NODE_FICTICI');

DROP TRIGGER IF EXISTS gw_trg_edit_node_pou_circular ON ve_node_pou_circular;
CREATE TRIGGER gw_trg_edit_node_pou_circular INSTEAD OF INSERT OR DELETE OR UPDATE ON ve_node_pou_circular FOR EACH ROW EXECUTE FUNCTION gw_trg_edit_node('POU_CIRCULAR');

DROP TRIGGER IF EXISTS gw_trg_edit_node_pou_rectangular ON ve_node_pou_rectangular;
CREATE TRIGGER gw_trg_edit_node_pou_rectangular INSTEAD OF INSERT OR DELETE OR UPDATE ON ve_node_pou_rectangular FOR EACH ROW EXECUTE FUNCTION gw_trg_edit_node('POU_RECTANGULAR');

DROP TRIGGER IF EXISTS gw_trg_edit_node_sobreixidor ON ve_node_sobreixidor;
CREATE TRIGGER gw_trg_edit_node_sobreixidor INSTEAD OF INSERT OR DELETE OR UPDATE ON ve_node_sobreixidor FOR EACH ROW EXECUTE FUNCTION gw_trg_edit_node('SOBREIXIDOR');

DROP TRIGGER IF EXISTS gw_trg_edit_node_punt_alt ON ve_node_punt_alt;
CREATE TRIGGER gw_trg_edit_node_punt_alt INSTEAD OF INSERT OR DELETE OR UPDATE ON ve_node_punt_alt FOR EACH ROW EXECUTE FUNCTION gw_trg_edit_node('PUNT_ALT');

DROP TRIGGER IF EXISTS gw_trg_edit_node_registre ON ve_node_registre;
CREATE TRIGGER gw_trg_edit_node_registre INSTEAD OF INSERT OR DELETE OR UPDATE ON ve_node_registre FOR EACH ROW EXECUTE FUNCTION gw_trg_edit_node('REGISTRE');

DROP TRIGGER IF EXISTS gw_trg_edit_node_salt ON ve_node_salt;
CREATE TRIGGER gw_trg_edit_node_salt INSTEAD OF INSERT OR DELETE OR UPDATE ON ve_node_salt FOR EACH ROW EXECUTE FUNCTION gw_trg_edit_node('SALT');

DROP TRIGGER IF EXISTS gw_trg_edit_node_unio ON ve_node_unio;
CREATE TRIGGER gw_trg_edit_node_unio INSTEAD OF INSERT OR DELETE OR UPDATE ON ve_node_unio FOR EACH ROW EXECUTE FUNCTION gw_trg_edit_node('UNIO');

DROP TRIGGER IF EXISTS gw_trg_edit_node_valvula ON ve_node_valvula;
CREATE TRIGGER gw_trg_edit_node_valvula INSTEAD OF INSERT OR DELETE OR UPDATE ON ve_node_valvula FOR EACH ROW EXECUTE FUNCTION gw_trg_edit_node('VALVULA');


-- sys_table
INSERT INTO sys_table VALUES ('ve_connec_escomesa', 'Custom editable view for ESCOMESA', 'role_edit', 0, '{"level_1":"INVENTORY","level_2":"NETWORK","level_3":"CONNEC"}', NULL, 'Escomesa', NULL, NULL, NULL, NULL, NULL, NULL);
INSERT INTO sys_table VALUES ('ve_connec_escomesa_ficticia', 'Custom editable view for ESCOMESA_FICTICIA', 'role_edit', 0, '{"level_1":"INVENTORY","level_2":"NETWORK","level_3":"CONNEC"}', NULL, 'Escomesa ficticia', NULL, NULL, NULL, NULL, NULL, NULL);
INSERT INTO sys_table VALUES ('ve_node_arqueta_sorrera', 'Custom editable view for ARQUETA_SORRERA', 'role_edit', 0, '{"level_1":"INVENTORY","level_2":"NETWORK","level_3":"NODE"}', NULL, 'Arqueta_Sorrera', NULL, NULL, NULL, NULL, NULL, NULL);
INSERT INTO sys_table VALUES ('ve_node_cambra', 'Custom editable view for CAMBRA', 'role_edit', 0, '{"level_1":"INVENTORY","level_2":"NETWORK","level_3":"NODE"}', NULL, 'Cambra', NULL, NULL, NULL, NULL, NULL, NULL);
INSERT INTO sys_table VALUES ('ve_node_canvi_seccio', 'Custom editable view for CANVI_SECCIO', 'role_edit', 0, '{"level_1":"INVENTORY","level_2":"NETWORK","level_3":"NODE"}', NULL, 'Canvi_Seccio', NULL, NULL, NULL, NULL, NULL, NULL);
INSERT INTO sys_table VALUES ('ve_arc_conducte', 'Custom editable view for CONDUCTE', 'role_edit', 0, '{"level_1":"INVENTORY","level_2":"NETWORK","level_3":"ARC"}', NULL, 'Conducte', NULL, NULL, NULL, NULL, NULL, NULL);
INSERT INTO sys_table VALUES ('ve_node_desguas', 'Custom editable view for DESGUAS', 'role_edit', 0, '{"level_1":"INVENTORY","level_2":"NETWORK","level_3":"NODE"}', NULL, 'Desguas', NULL, NULL, NULL, NULL, NULL, NULL);
INSERT INTO sys_table VALUES ('ve_node_diposit', 'Custom editable view for DIPOSIT', 'role_edit', 0, '{"level_1":"INVENTORY","level_2":"NETWORK","level_3":"NODE"}', NULL, 'Diposit', NULL, NULL, NULL, NULL, NULL, NULL);
INSERT INTO sys_table VALUES ('ve_node_diposit_desbordament', 'Custom editable view for DIPOSIT_DESBORDAMENT', 'role_edit', 0, '{"level_1":"INVENTORY","level_2":"NETWORK","level_3":"NODE"}', NULL, 'Diposit_Desbordament', NULL, NULL, NULL, NULL, NULL, NULL);
INSERT INTO sys_table VALUES ('ve_node_edar', 'Custom editable view for EDAR', 'role_edit', 0, '{"level_1":"INVENTORY","level_2":"NETWORK","level_3":"NODE"}', NULL, 'Edar', NULL, NULL, NULL, NULL, NULL, NULL);
INSERT INTO sys_table VALUES ('ve_node_element_topo', 'Custom editable view for ELEMENT_TOPO', 'role_edit', 0, '{"level_1":"INVENTORY","level_2":"NETWORK","level_3":"NODE"}', NULL, 'Element_Topo', NULL, NULL, NULL, NULL, NULL, NULL);
INSERT INTO sys_table VALUES ('ve_gully_embornal', 'Custom editable view for EMBORNAL', 'role_edit', 0, '{"level_1":"INVENTORY","level_2":"NETWORK","level_3":"GULLY"}', NULL, 'Embornal', NULL, NULL, NULL, NULL, NULL, NULL);
INSERT INTO sys_table VALUES ('ve_gully_embornal_fictici', 'Custom editable view for EMBORNAL_FICTICI', 'role_edit', 0, '{"level_1":"INVENTORY","level_2":"NETWORK","level_3":"GULLY"}', NULL, 'Embornal_Fictici', NULL, NULL, NULL, NULL, NULL, NULL);
INSERT INTO sys_table VALUES ('ve_node_embornal_topo', 'Custom editable view for EMBORNAL_TOPO', 'role_edit', 0, '{"level_1":"INVENTORY","level_2":"NETWORK","level_3":"NODE"}', NULL, 'Embornal_Topo', NULL, NULL, NULL, NULL, NULL, NULL);
INSERT INTO sys_table VALUES ('ve_node_estacio_bombament', 'Custom editable view for ESTACIO_BOMBAMENT', 'role_edit', 0, '{"level_1":"INVENTORY","level_2":"NETWORK","level_3":"NODE"}', NULL, 'Estacio_Bombament', NULL, NULL, NULL, NULL, NULL, NULL);
INSERT INTO sys_table VALUES ('ve_arc_fictici', 'Custom editable view for FICTICI', 'role_edit', 0, '{"level_1":"INVENTORY","level_2":"NETWORK","level_3":"ARC"}', NULL, 'Fictici', NULL, NULL, NULL, NULL, NULL, NULL);
INSERT INTO sys_table VALUES ('ve_arc_impulsio', 'Custom editable view for IMPULSIO', 'role_edit', 0, '{"level_1":"INVENTORY","level_2":"NETWORK","level_3":"ARC"}', NULL, 'Impulsio', NULL, NULL, NULL, NULL, NULL, NULL);
INSERT INTO sys_table VALUES ('ve_node_inici', 'Custom editable view for INICI', 'role_edit', 0, '{"level_1":"INVENTORY","level_2":"NETWORK","level_3":"NODE"}', NULL, 'Inici', NULL, NULL, NULL, NULL, NULL, NULL);
INSERT INTO sys_table VALUES ('ve_node_node_fictici', 'Custom editable view for NODE_FICTICI', 'role_edit', 0, '{"level_1":"INVENTORY","level_2":"NETWORK","level_3":"NODE"}', NULL, 'Node_Fictici', NULL, NULL, NULL, NULL, NULL, NULL);
INSERT INTO sys_table VALUES ('ve_node_pou_circular', 'Custom editable view for POU_CIRCULAR', 'role_edit', 0, '{"level_1":"INVENTORY","level_2":"NETWORK","level_3":"NODE"}', NULL, 'Pou_Circular', NULL, NULL, NULL, NULL, NULL, NULL);
INSERT INTO sys_table VALUES ('ve_node_pou_rectangular', 'Custom editable view for POU_RECTANGULAR', 'role_edit', 0, '{"level_1":"INVENTORY","level_2":"NETWORK","level_3":"NODE"}', NULL, 'Pou_Rectangular', NULL, NULL, NULL, NULL, NULL, NULL);
INSERT INTO sys_table VALUES ('ve_node_sobreixidor', 'Custom editable view for SOBREIXIDOR', 'role_edit', 0, '{"level_1":"INVENTORY","level_2":"NETWORK","level_3":"NODE"}', NULL, 'Sobreixidor', NULL, NULL, NULL, NULL, NULL, NULL);
INSERT INTO sys_table VALUES ('ve_node_punt_alt', 'Custom editable view for PUNT_ALT', 'role_edit', 0, '{"level_1":"INVENTORY","level_2":"NETWORK","level_3":"NODE"}', NULL, 'Punt_Alt', NULL, NULL, NULL, NULL, NULL, NULL);
INSERT INTO sys_table VALUES ('ve_arc_rapid', 'Custom editable view for RAPID', 'role_edit', 0, '{"level_1":"INVENTORY","level_2":"NETWORK","level_3":"ARC"}', NULL, 'Rapid', NULL, NULL, NULL, NULL, NULL, NULL);
INSERT INTO sys_table VALUES ('ve_node_registre', 'Custom editable view for REGISTRE', 'role_edit', 0, '{"level_1":"INVENTORY","level_2":"NETWORK","level_3":"NODE"}', NULL, 'Registre', NULL, NULL, NULL, NULL, NULL, NULL);
INSERT INTO sys_table VALUES ('ve_gully_reixa', 'Custom editable view for REIXA', 'role_edit', 0, '{"level_1":"INVENTORY","level_2":"NETWORK","level_3":"GULLY"}', NULL, 'Reixa', NULL, NULL, NULL, NULL, NULL, NULL);
INSERT INTO sys_table VALUES ('ve_node_salt', 'Custom editable view for SALT', 'role_edit', 0, '{"level_1":"INVENTORY","level_2":"NETWORK","level_3":"NODE"}', NULL, 'Salt', NULL, NULL, NULL, NULL, NULL, NULL);
INSERT INTO sys_table VALUES ('ve_arc_sifo', 'Custom editable view for SIFO', 'role_edit', 0, '{"level_1":"INVENTORY","level_2":"NETWORK","level_3":"ARC"}', NULL, 'Sifo', NULL, NULL, NULL, NULL, NULL, NULL);
INSERT INTO sys_table VALUES ('ve_node_unio', 'Custom editable view for UNIO', 'role_edit', 0, '{"level_1":"INVENTORY","level_2":"NETWORK","level_3":"NODE"}', NULL, 'Unio', NULL, NULL, NULL, NULL, NULL, NULL);
INSERT INTO sys_table VALUES ('ve_node_valvula', 'Custom editable view for VALVULA', 'role_edit', 0, '{"level_1":"INVENTORY","level_2":"NETWORK","level_3":"NODE"}', NULL, 'Valvula', NULL, NULL, NULL, NULL, NULL, NULL);
