/*
This file is part of Giswater 3
The program is free software: you can redistribute it and/or modify it under the terms of the GNU General Public License as published by the Free Software Foundation, either version 3 of the License, or (at your option) any later version.
This version of Giswater is provided by Giswater Association
*/

SET search_path = "SCHEMA_NAME", public, pg_catalog;


INSERT INTO price_compost VALUES ('A_PRE_PE_DN20', 'm', 'Polyethylene pipe designation PE 100, nominal diameter 200mm', 'Polyethylene pipe designation PE 100, nominal diameter 200mm, nominal pressure of 10 bar, SDR series 17, UNE-EN 12201-2, welded and placed at the bottom of the trench.', NULL);
INSERT INTO price_compost VALUES ('S_NULL', 'm3', 'Filling conduit material', 'Filling conduit material', 0.0000);
INSERT INTO price_compost VALUES ('S_TRENCH', 'm3', 'Trenchlining of excavation', 'Trenchlining of excavation', 30.0000);
INSERT INTO price_compost VALUES ('P_ASPHALT-10', 'm2', 'Pavement of continuous hot bituminous mix 10cm thick', 'Pavement of continuous hot bituminous mix 10cm thick (6+4), including the base of artificial ballast to 95% of PM, primer and adhesion.', NULL);
INSERT INTO price_compost VALUES ('P_CONCRETE-20', 'm2', 'Concrete pavement HM-30/P/20/I+E, 20cm thick', 'Concrete pavement HM-30/P/20/I+E, 20cm thick, scattered from the truck, and extended vibratge mechanic, mechanical swirling, including the base of artificial ballast to 95% of PM.', NULL);
INSERT INTO price_compost VALUES ('P_SLAB-4P', 'm2', 'Slab pavement 20x20x4 cm', 'Slab pavement 20x20x4 cm, 1st class, higher price, with sand support of 3cm, hammered on mixed mortar 1:0.5:4, made on site with cement mix 165 and concrete.', NULL);
INSERT INTO price_compost VALUES ('A_CON_DN40', 'm', 'Concrete sewer pipe with nominal external diameter of 400mm', 'Concrete sewer pipe with nominal external diameter of 400mm, sealing inside with cement mortar 1:6, base of 25cm filling up half of a pipe and protected by concrete layer HM-20/P/20/I.', NULL);
INSERT INTO price_compost VALUES ('A_CON_DN60', 'm', 'Concrete sewer pipe with nominal external diameter of 600mm', 'Concrete sewer pipe with nominal external diameter of 600mm, sealing inside with cement mortar 1:6, base of 25cm filling up half of a pipe and protected by concrete layer HM-20/P/20/I.', NULL);
INSERT INTO price_compost VALUES ('A_CON_DN80', 'm', 'Concrete sewer pipe with nominal external diameter of 800mm', 'Concrete sewer pipe with nominal external diameter of 800mm, sealing inside with cement mortar 1:6, base of 25cm filling up half of a pipe and protected by concrete layer HM-20/P/20/I.', NULL);
INSERT INTO price_compost VALUES ('A_CON_DN100', 'm', 'Concrete sewer pipe with nominal external diameter of 1000mm', 'Concrete sewer pipe with nominal external diameter of 1000mm, sealing inside with cement mortar 1:6, base of 25cm filling up half of a pipe and protected by concrete layer HM-20/P/20/I.', NULL);
INSERT INTO price_compost VALUES ('A_CON_O150', 'm', 'Ovoid concrete sewer pipe with dimensions 150x100cm', 'Ovoid concrete sewer pipe with dimensions 150x100cm, sealing inside with cement mortar 1:4,base of 10cm filling at 2/3 of a pipe and protected by concrete layer HM-20/P/20/I.', NULL);
INSERT INTO price_compost VALUES ('A_PVC_DN40', 'm', 'PVC sewer pipe with nominal diameter of 400mm', 'PVC sewer pipe with nominal diameter of 400mm with helix form and rigid profile strengthen on the outside, self-supporting, elastic join with polyurethane adhesive putty and located on the ditch bottom.', NULL);
INSERT INTO price_compost VALUES ('A_PVC_DN60', 'm', 'PVC sewer pipe with nominal diameter of 600mm', 'PVC sewer pipe with nominal diameter of 600mm with helix form and rigid profile strengthen on the outside, self-supporting, elastic join with polyurethane adhesive putty and located on the ditch bottom.', NULL);
INSERT INTO price_compost VALUES ('A_PVC_DN80', 'm', 'PVC sewer pipe with nominal diameter of 800mm', 'PVC sewer pipe with nominal diameter of 800mm with helix form and rigid profile strengthen on the outside, self-supporting, elastic join with polyurethane adhesive putty and located on the ditch bottom.', NULL);
INSERT INTO price_compost VALUES ('A_PVC_DN20', 'm', 'PVC sewer pipe with nominal diameter of 200mm', 'PVC sewer pipe with nominal diameter of 200mm with helix form and rigid profile strengthen on the outside, self-supporting, elastic join with polyurethane adhesive putty and located on the ditch bottom.', NULL);
INSERT INTO price_compost VALUES ('S_EXC', 'm3', 'Excavation of trench up to 2 m wide and up to 4 meters deep', 'Excavation of trench up to 2 m wide and up to 4 meters deep in compact ground with backhoe and large mechanical load of excavated material', NULL);
INSERT INTO price_compost VALUES ('S_TRANS', 'm3', 'Transport of waste to authorized waste management facility', 'Transport of waste to authorized waste management facility, with 12 t truck and waiting time for loading machine, with a distance of more than 15 and up to 20 km', NULL);
INSERT INTO price_compost VALUES ('N_PRD100-H160', 'u', 'Circular manhole with diameter of 100cm, 1,6m deep', 'Circular manhole with diameter of 100cm, 1,6m deep, with the base of sett over concrete layer HM-20P/20/I, walls of perforated brick of 11,5cm thick,  plastered and slid inside with mixed mortar 1:0.5:4. Iron cover support and manhole''s cover with diameter of 70cm, and iron steps of 200x200x200 mm.', NULL);
INSERT INTO price_compost VALUES ('N_PRD100-H280', 'u', 'Circular manhole with diameter of 100cm, 2,8m deep', 'Circular manhole with diameter of 100cm, 2,8m deep, with the base of sett over concrete layer HM-20P/20/I, walls of perforated brick of 11,5cm thick,  plastered and slid inside with mixed mortar 1:0.5:4. Iron cover support and manhole''s cover with diameter of 70cm, and iron steps of 200x200x200 mm.', NULL);
INSERT INTO price_compost VALUES ('N_PRD80-H160', 'u', 'Circular manhole with diameter of 80cm, 1,6m deep', 'Circular manhole with diameter of 80cm, 1,6m deep, with the base of sett over concrete layer HM-20P/20/I, walls of perforated brick of 11,5cm thick,  plastered and slid inside with mixed mortar 1:0.5:4. Iron cover support and manhole''s cover with diameter of 70cm, and iron steps of 200x200x200 mm.', NULL);
INSERT INTO price_compost VALUES ('N_PRD80-H280', 'u', 'Circular manhole with diameter of 80cm, 2,8m deep', 'Circular manhole with diameter of 80cm, 2,8m deep, with the base of sett over concrete layer HM-20P/20/I, walls of perforated brick of 11,5cm thick,  plastered and slid inside with mixed mortar 1:0.5:4. Iron cover support and manhole''s cover with diameter of 70cm, and iron steps of 200x200x200 mm.', NULL);
INSERT INTO price_compost VALUES ('N_PRQ100-H160', 'u', 'Rectangle manhole with dimensions of 100x100cm ,1,6m deep', 'Rectangle manhole with dimensions of 100x100cm ,1,6m deep, with the base of sett over concrete layer HM-20P/20/I, walls of perforated brick of 11,5cm thick,  plastered and slid inside with mixed mortar 1:0.5:4. Iron cover support and manhole''s cover with diameter of 70cm, and iron steps of 200x200x200 mm.
', NULL);
INSERT INTO price_compost VALUES ('N_CH300x250-H300', 'm2', 'Rectangle chamber with dimensions of 300x250m and 3m deep', 'Rectangle chamber with dimensions of 300x250m and 3m deep', 2900.0000);
INSERT INTO price_compost VALUES ('A_CON_R150', 'm', 'Rectangle concrete sewer pipe with with dimensions 1.50x1.50x1.00m', 'Rectangle concrete sewer pipe with dimensions 1.50x1.50x1.00m, assembled, placed on a settlement layer of concrete, joined by cement mortar and protected with concrete.', 360.0000);
INSERT INTO price_compost VALUES ('A_CON_R200', 'm', 'Rectangle concrete sewer pipe with with dimensions 2.0x2.0x1.00m', 'Rectangle concrete sewer pipe with dimensions 2.0x2.0x1.00m, assembled, placed on a settlement layer of concrete, joined by cement mortar and protected with concrete.', 480.0000);
INSERT INTO price_compost VALUES ('S_REB', 'm3', 'Filling and bottom of ditch of more than 1.5 and up to 2 m', 'Filling and compact of ditch of more than 1.5 and up to 2 m, with selected material from the excavation itself in thick, batch of up to 25 cm, using vibrating roller to compact with 95% compaction PM.', NULL);
INSERT INTO price_compost VALUES ('S_REP', 'm3', 'Level and compact of ditch soil', 'Level and compact of ditch soil of more than 0,6 and less than 1,5m, with compact of 90% PM.', NULL);
INSERT INTO price_compost VALUES ('SECURITY_HEALTH', 'pa', 'Health and safety of works', 'Plan for the implementation of health and safety throughout the works according to the program and instructions of project management.', 0.0200);
INSERT INTO price_compost VALUES ('A_WEIR_60', 'm', 'Weir formation', 'Weir formation', 0.0000);
INSERT INTO price_compost VALUES ('N_PRQ100-H280', 'u', 'Rectangle manhole with dimensions of 100x100cm ,2,8m deep', 'Rectangle manhole with dimensions of 100x100cm ,2,8m deep, with the base of sett over concrete layer HM-20P/20/I, walls of perforated brick of 11,5cm thick,  plastered and slid inside with mixed mortar 1:0.5:4. Iron cover support and manhole''s cover with diameter of 70cm, and iron steps of 200x200x200 mm.
', NULL);
INSERT INTO price_compost VALUES ('N_PRQ150-H250', 'u', 'Rectangle manhole with dimensions of 150x150cm ,2,5m deep', 'Rectangle manhole with dimensions of 150x150cm ,2,5m deep, with the base of sett over concrete layer HM-20P/20/I, walls of perforated brick of 11,5cm thick,  plastered and slid inside with mixed mortar 1:0.5:4. Iron cover support and manhole''s cover with diameter of 70cm, and iron steps of 200x200x200 mm.
', NULL);
INSERT INTO price_compost VALUES ('N_PRQ200-H250', 'u', 'Rectangle manhole with dimensions of 200x200cm ,2,5m deep', 'Rectangle manhole with dimensions of 200x200cm ,2,5m deep, with the base of sett over concrete layer HM-20P/20/I, walls of perforated brick of 11,5cm thick,  plastered and slid inside with mixed mortar 1:0.5:4. Iron cover support and manhole''s cover with diameter of 70cm, and iron steps of 200x200x200 mm.
', NULL);
INSERT INTO price_compost VALUES ('N_PRQ60-H160', 'u', 'Rectangle manhole with dimensions of 60x60cm ,1,6m deep', 'Rectangle manhole with dimensions of 60x60cm ,1,6m deep, with the base of sett over concrete layer HM-20P/20/I, walls of perforated brick of 11,5cm thick,  plastered and slid inside with mixed mortar 1:0.5:4. Iron cover support and manhole''s cover with diameter of 70cm, and iron steps of 200x200x200 mm.
', NULL);
INSERT INTO price_compost VALUES ('N_PRQ80-H160', 'u', 'Rectangle manhole with dimensions of 80x80cm ,1,6m deep', 'Rectangle manhole with dimensions of 80x80cm ,1,6m deep, with the base of sett over concrete layer HM-20P/20/I, walls of perforated brick of 11,5cm thick,  plastered and slid inside with mixed mortar 1:0.5:4. Iron cover support and manhole''s cover with diameter of 70cm, and iron steps of 200x200x200 mm.
', NULL);
INSERT INTO price_compost VALUES ('N_PRQ80-H280', 'u', 'Rectangle manhole with dimensions of 80x80cm ,2,8m deep', 'Rectangle manhole with dimensions of 80x80cm ,2,8m deep, with the base of sett over concrete layer HM-20P/20/I, walls of perforated brick of 11,5cm thick,  plastered and slid inside with mixed mortar 1:0.5:4. Iron cover support and manhole''s cover with diameter of 70cm, and iron steps of 200x200x200 mm.
', NULL);
INSERT INTO price_compost VALUES ('N_STR500x350x475', 'u', 'Construction of retention tank of rainwater of dimensions 500x350x475cm.', 'Construction of retention tank of rainwater of dimensions 500x350x475cm.', 106000.0000);
INSERT INTO price_compost VALUES ('N_VAL_01', 'u', 'Check valve of PVC, with diameter of 400mm.', 'Check valve of PVC, with diameter of 400mm,with polypropylene clapper', 1447.5100);
INSERT INTO price_compost VALUES ('N_JUMP100', 'm', 'Circular jump manhole with diameter of 100cm, 1,6m deep', 'Circular jump manhole with diameter of 100cm, 1,6m deep, with the base of sett over concrete layer HM-20P/20/I, walls of perforated brick of 11,5cm thick,  plastered and slid inside with mixed mortar 1:0.5:4. Iron cover support and manhole''s cover with diameter of 70cm, and iron steps of 200x200x200 mm.', 330.0000);
INSERT INTO price_compost VALUES ('A_PEC_DN315', 'm', 'PEC sewer pipe with nominal internal diameter of 315mm', 'PEC sewer pipe, with internal smooth and outer corrugated wall, HDPE polyethylene, type B, application area U, external nominal diameter 315 mm, annular rigidity SN 4 kN / m2, according to UNE-EN 13476- 3, union of sleeves, with a degree of average difficulty and placed at the bottom of the ditch', NULL);
INSERT INTO price_compost VALUES ('A_PEC_DN40', 'm', 'PEC sewer pipe with nominal internal diameter of 400mm', 'PEC sewer pipe, with internal smooth and outer corrugated wall, HDPE polyethylene, type B, application area U, external nominal diameter 400 mm, annular rigidity SN 4 kN / m2, according to UNE-EN 13476- 3, union of sleeves, with a degree of average difficulty and placed at the bottom of the ditch', NULL);
INSERT INTO price_compost VALUES ('PROTECT_SERVICES', 'pa', 'Protection of extsting services', 'Location and protection of all existing services that may be affected by the works.', 0.0300);
INSERT INTO price_compost VALUES ('UNEXPECTED', 'pa', 'Unexpected work', 'Implementation of the unexpected work units in the project application with the same price.', 0.0500);
INSERT INTO price_compost VALUES ('N_CONNECTION', 'u', 'Connection point of connec', 'Connection point of connec', 135.5000);
INSERT INTO price_compost VALUES ('A_PVC_DN25', 'm', 'PVC sewer pipe with nominal diameter of 250mm', 'PVC sewer pipe with nominal diameter of 250mm with helix form and rigid profile strengthen on the outside, self-supporting, elastic join with polyurethane adhesive putty and located on the ditch bottom.', NULL);
INSERT INTO price_compost VALUES ('A_PVC_DN30', 'm', 'PVC sewer pipe with nominal diameter of 300mm', 'PVC sewer pipe with nominal diameter of 300mm with helix form and rigid profile strengthen on the outside, self-supporting, elastic join with polyurethane adhesive putty and located on the ditch bottom.', NULL);
INSERT INTO price_compost VALUES ('A_CON_DN30', 'm', 'Concrete sewer pipe with nominal external diameter of 300mm', 'Concrete sewer pipe with nominal external diameter of 300mm, sealing inside with cement mortar 1:4, base of 25cm filling up half of a pipe and protected by concrete layer HM-20/P/20/I.', NULL);
INSERT INTO price_compost VALUES ('A_CON_DN20', 'm', 'Concrete sewer pipe with nominal external diameter of 200mm', 'Concrete sewer pipe with nominal external diameter of 200mm, sealing inside with cement mortar 1:4, base of 25cm filling up half of a pipe and protected by concrete layer HM-20/P/20/I.', NULL);
INSERT INTO price_compost VALUES ('N_EMB1', 'u', 'Prefabricated concrete gully with ductile iron cover of 78x36x60cm.', 'Prefabricated concrete gully with ductile iron cover of 78x36x60cm.', 245.0000);
INSERT INTO price_compost VALUES ('N_EMB2', 'u', 'Prefabricated concrete gully with ductile iron cover of 78x34x55cm.', 'Prefabricated concrete gully with ductile iron cover of 78x34x55cm.', 214.5000);
INSERT INTO price_compost VALUES ('N_EMB3', 'u', 'Prefabricated concrete gully with ductile iron cover of 64x30x60cm.', 'Prefabricated concrete gully with ductile iron cover of 64x30x60cm.', 200.2200);
INSERT INTO price_compost VALUES ('N_EMB4', 'u', 'Prefabricated concrete gully with ductile iron cover of 77x34x60cm.', 'Prefabricated concrete gully with ductile iron cover of 77x34x60cm.', 225.5000);
INSERT INTO price_compost VALUES ('N_EMB5', 'u', 'Prefabricated concrete gully with ductile iron cover of 98x48x70cm.', 'Prefabricated concrete gully with ductile iron cover of 98x48x70cm.', 298.5000);
INSERT INTO price_compost VALUES ('N_EMB6', 'u', 'Prefabricated concrete gully with ductile iron cover of 56x30x50cm.', 'Prefabricated concrete gully with ductile iron cover of 56x30x50cm.', 197.4000);
INSERT INTO price_compost VALUES ('N_EMB7', 'u', 'Prefabricated concrete gully with ductile iron cover of 50x25x50cm.', 'Prefabricated concrete gully with ductile iron cover of 50x25x50cm.', 185.9500);
INSERT INTO price_compost VALUES ('N_REIXA1', 'm', 'Prefabricated concrete interceptor with iron grate of 32x100cm.', 'Prefabricated concrete interceptor with iron grate of 32x100cm.', 80.0500);
INSERT INTO price_compost VALUES ('N_REIXA2', 'm', 'Prefabricated concrete interceptor with ductile iron grate of 20x100cm.', 'Prefabricated concrete interceptor with ductile iron grate of 20x100cm.', 71.1000);
INSERT INTO price_compost VALUES ('N_REIXA3', 'm', 'Prefabricated concrete interceptor with ductile iron grate of 10x100cm.', 'Prefabricated concrete interceptor with ductile iron grate of 10x100cm.', 59.5000);
INSERT INTO price_compost VALUES ('N_REIXA4', 'm', 'Prefabricated concrete interceptor with ductile iron grate of 13x100cm.', 'Prefabricated concrete interceptor with ductile iron grate of 13x100cm.', 64.1500);
INSERT INTO price_compost VALUES ('N_REIXA5', 'm', 'Prefabricated concrete interceptor with ductile iron grate of 48x100cm.', 'Prefabricated concrete interceptor with ductile iron grate of 48x100cm.', 298.5000);


INSERT INTO price_cat_simple VALUES ('PRICES DB-2018');


INSERT INTO price_simple VALUES ('F227A00A', 'PRICES DB-2018', 'm2', 'F227A00A', NULL, 2.5708, NULL);
INSERT INTO price_simple VALUES ('F2225243', 'PRICES DB-2018', 'm3', 'F2225243', NULL, 9.0324, NULL);
INSERT INTO price_simple VALUES ('F228FB0F', 'PRICES DB-2018', 'm3', 'F228FB0F', NULL, 8.9241, NULL);
INSERT INTO price_simple VALUES ('F2R5426A', 'PRICES DB-2018', 'm3', 'F2R5426A', NULL, 8.1164, NULL);
INSERT INTO price_simple VALUES ('FD75H3D5', 'PRICES DB-2018', 'm', 'FD75H3D5', NULL, 116.1118, NULL);
INSERT INTO price_simple VALUES ('FD759375', 'PRICES DB-2018', 'm', 'FD759375', NULL, 57.3467, NULL);
INSERT INTO price_simple VALUES ('FD75D375', 'PRICES DB-2018', 'm', 'FD75D375', NULL, 86.5815, NULL);
INSERT INTO price_simple VALUES ('FD75M3K5', 'PRICES DB-2018', 'm', 'FD75M3K5', NULL, 169.5776, NULL);
INSERT INTO price_simple VALUES ('FD79K3K5', 'PRICES DB-2018', 'm', 'FD79K3K5', NULL, 276.4895, NULL);
INSERT INTO price_simple VALUES ('FD7F4375', 'PRICES DB-2018', 'm', 'FD7F4375', NULL, 9.6727, NULL);
INSERT INTO price_simple VALUES ('FD7FA375', 'PRICES DB-2018', 'm', 'FD7FA375', NULL, 22.5959, NULL);
INSERT INTO price_simple VALUES ('FD7FD375', 'PRICES DB-2018', 'm', 'FD7FD375', NULL, 41.4094, NULL);
INSERT INTO price_simple VALUES ('FD7FF375', 'PRICES DB-2018', 'm', 'FD7FF375', NULL, 60.9223, NULL);
INSERT INTO price_simple VALUES ('2DB1C0B5', 'PRICES DB-2018', 'u', '2DB1C0B5', NULL, 1034.7425, NULL);
INSERT INTO price_simple VALUES ('F9265C51', 'PRICES DB-2018', 'm3', 'F9265C51', NULL, 87.0445, NULL);
INSERT INTO price_simple VALUES ('F931201F', 'PRICES DB-2018', 'm3', 'F931201F', NULL, 29.2250, NULL);
INSERT INTO price_simple VALUES ('F9E1311N', 'PRICES DB-2018', 'm2', 'F9E1311N', NULL, 35.3418, NULL);
INSERT INTO price_simple VALUES ('F9J12X40', 'PRICES DB-2018', 'm2', 'F9J12X40', NULL, 0.5221, NULL);
INSERT INTO price_simple VALUES ('F9G1A732', 'PRICES DB-2018', 'm3', 'F9G1A732', NULL, 105.6413, NULL);
INSERT INTO price_simple VALUES ('F9H11251', 'PRICES DB-2018', 't', 'F9H11251', NULL, 55.8791, NULL);
INSERT INTO price_simple VALUES ('F9H118E1', 'PRICES DB-2018', 't', 'F9H118E1', NULL, 57.3861, NULL);
INSERT INTO price_simple VALUES ('F9J13Y40', 'PRICES DB-2018', 'm2', 'F9J13Y40', NULL, 0.4334, NULL);
INSERT INTO price_simple VALUES ('2DB1Z001', 'PRICES DB-2018', 'u', '2DB1Z001', NULL, 709.3478, NULL);
INSERT INTO price_simple VALUES ('2DB1Z002', 'PRICES DB-2018', 'u', '2DB1Z002', NULL, 650.3955, NULL);
INSERT INTO price_simple VALUES ('2DB1Z003', 'PRICES DB-2018', 'u', '2DB1Z003', NULL, 955.9425, NULL);
INSERT INTO price_simple VALUES ('2DB1Z004', 'PRICES DB-2018', 'u', '2DB1Z004', NULL, 1004.9955, NULL);
INSERT INTO price_simple VALUES ('2DB1Z005', 'PRICES DB-2018', 'u', '2DB1Z005', NULL, 936.4395, NULL);
INSERT INTO price_simple VALUES ('2DB1Z006', 'PRICES DB-2018', 'u', '2DB1Z006', NULL, 684.9690, NULL);
INSERT INTO price_simple VALUES ('2DB1Z007', 'PRICES DB-2018', 'u', '2DB1Z007', NULL, 623.3080, NULL);
INSERT INTO price_simple VALUES ('2DB1Z008', 'PRICES DB-2018', 'u', '2DB1Z008', NULL, 1059.3675, NULL);
INSERT INTO price_simple VALUES ('2DB1Z009', 'PRICES DB-2018', 'u', '2DB1Z008', NULL, 1201.9955, NULL);
INSERT INTO price_simple VALUES ('2DB1Z010', 'PRICES DB-2018', 'u', '2DB1Z010', NULL, 541.9963, NULL);
INSERT INTO price_simple VALUES ('GFB1L425', 'PRICES DB-2018', 'm', 'GFB1L425', NULL, 63.4800, NULL);
INSERT INTO price_simple VALUES ('FD7JJ146', 'PRICES DB-2018', 'm', 'FD7JJ146', NULL, 19.7000, NULL);
INSERT INTO price_simple VALUES ('FD7JL146', 'PRICES DB-2018', 'm', 'FD7JL146', NULL, 29.3400, NULL);
INSERT INTO price_simple VALUES ('FD7FZ375', 'PRICES DB-2018', 'm', 'FD7FZ375', NULL, 13.4500, NULL);
INSERT INTO price_simple VALUES ('FD7FZ001', 'PRICES DB-2018', 'm', 'FD7FZ001', NULL, 19.2000, NULL);
INSERT INTO price_simple VALUES ('FD555108', 'PRICES DB-2018', 'm', 'FD555108', NULL, 20.1000, NULL);
INSERT INTO price_simple VALUES ('FD557108', 'PRICES DB-2018', 'm', 'FD557108', NULL, 29.3500, NULL);


INSERT INTO price_compost_value VALUES (1, 'A_PRE_PE_DN20', 'GFB1L425', 1.0000);
INSERT INTO price_compost_value VALUES (14, 'P_ASPHALT-10', 'F931201F', 0.2500);
INSERT INTO price_compost_value VALUES (15, 'P_ASPHALT-10', 'F9J12X40', 1.0000);
INSERT INTO price_compost_value VALUES (16, 'P_ASPHALT-10', 'F9H118E1', 0.1440);
INSERT INTO price_compost_value VALUES (17, 'P_ASPHALT-10', 'F9J13Y40', 1.0000);
INSERT INTO price_compost_value VALUES (18, 'P_ASPHALT-10', 'F9H11251', 0.0960);
INSERT INTO price_compost_value VALUES (19, 'P_CONCRETE-20', 'F931201F', 0.2000);
INSERT INTO price_compost_value VALUES (20, 'P_CONCRETE-20', 'F9G1A732', 0.2000);
INSERT INTO price_compost_value VALUES (21, 'P_SLAB-4P', 'F9E1311N', 1.0000);
INSERT INTO price_compost_value VALUES (22, 'P_SLAB-4P', 'F9265C51', 0.1000);
INSERT INTO price_compost_value VALUES (27, 'N_PRD100-H160', '2DB1Z001', 1.0000);
INSERT INTO price_compost_value VALUES (28, 'N_PRD100-H280', '2DB1C0B5', 1.0000);
INSERT INTO price_compost_value VALUES (29, 'N_PRD80-H160', '2DB1Z002', 1.0000);
INSERT INTO price_compost_value VALUES (30, 'N_PRD80-H280', '2DB1Z003', 1.0000);
INSERT INTO price_compost_value VALUES (31, 'N_PRQ100-H160', '2DB1Z006', 1.0000);
INSERT INTO price_compost_value VALUES (32, 'N_PRQ100-H280', '2DB1Z004', 1.0000);
INSERT INTO price_compost_value VALUES (33, 'N_PRQ150-H250', '2DB1Z008', 1.0000);
INSERT INTO price_compost_value VALUES (34, 'N_PRQ200-H250', '2DB1Z009', 1.0000);
INSERT INTO price_compost_value VALUES (35, 'N_PRQ60-H160', '2DB1Z010', 1.0000);
INSERT INTO price_compost_value VALUES (36, 'N_PRQ80-H160', '2DB1Z007', 1.0000);
INSERT INTO price_compost_value VALUES (37, 'N_PRQ80-H280', '2DB1Z005', 1.0000);
INSERT INTO price_compost_value VALUES (3, 'A_CON_DN40', 'FD759375', 1.0000);
INSERT INTO price_compost_value VALUES (4, 'A_CON_DN60', 'FD75D375', 1.0000);
INSERT INTO price_compost_value VALUES (5, 'A_CON_DN80', 'FD75H3D5', 1.0000);
INSERT INTO price_compost_value VALUES (6, 'A_CON_DN100', 'FD75M3K5', 1.0000);
INSERT INTO price_compost_value VALUES (7, 'A_CON_O150', 'FD79K3K5', 1.0000);
INSERT INTO price_compost_value VALUES (10, 'A_PVC_DN40', 'FD7FA375', 1.0000);
INSERT INTO price_compost_value VALUES (11, 'A_PVC_DN60', 'FD7FD375', 1.0000);
INSERT INTO price_compost_value VALUES (12, 'A_PVC_DN80', 'FD7FF375', 1.0000);
INSERT INTO price_compost_value VALUES (13, 'A_PVC_DN20', 'FD7F4375', 1.0000);
INSERT INTO price_compost_value VALUES (23, 'S_EXC', 'F2225243', 1.0000);
INSERT INTO price_compost_value VALUES (24, 'S_REB', 'F228FB0F', 1.0000);
INSERT INTO price_compost_value VALUES (25, 'S_REP', 'F227A00A', 1.0000);
INSERT INTO price_compost_value VALUES (26, 'S_TRANS', 'F2R5426A', 1.0000);
INSERT INTO price_compost_value VALUES (39, 'A_PEC_DN315', 'FD7JJ146', 1.0000);
INSERT INTO price_compost_value VALUES (38, 'A_PEC_DN40', 'FD7JL146', 1.0000);
INSERT INTO price_compost_value VALUES (40, 'A_PVC_DN25', 'FD7FZ375', 1.0000);
INSERT INTO price_compost_value VALUES (42, 'A_PVC_DN30', 'FD7FZ001', 1.0000);
INSERT INTO price_compost_value VALUES (43, 'A_CON_DN20', 'FD555108', 1.0000);
INSERT INTO price_compost_value VALUES (44, 'A_CON_DN30', 'FD557108', 1.0000);


INSERT INTO plan_psector_x_other VALUES (1, 'PROTECT_SERVICES', 41426.44, 1, NULL);
INSERT INTO plan_psector_x_other VALUES (2, 'SECURITY_HEALTH', 41426.44, 1, NULL);
INSERT INTO plan_psector_x_other VALUES (3, 'UNEXPECTED', 41426.44, 1, NULL);
INSERT INTO plan_psector_x_other VALUES (4, 'PROTECT_SERVICES', 14025.04, 2, NULL);
INSERT INTO plan_psector_x_other VALUES (5, 'SECURITY_HEALTH', 14025.04, 2, NULL);
INSERT INTO plan_psector_x_other VALUES (6, 'UNEXPECTED', 14025.04, 2, NULL);
