/*
This file is part of Giswater

﻿Copyright (C) 2013 by GRUPO DE INVESTIGACION EN TRANSPORTE DE SEDIMENTOS (GITS) de la UNIVERSITAT POLITECNICA DE CATALUNYA (UPC)
and TECNICSASSOCIATS, TALLER D'ARQUITECTURA I ENGINYERIA, SL.

This program is free software: you can redistribute it and/or modify it under the terms of the GNU General Public License as published by the Free Software Foundation, either version 3 of the License, or (at your option) any later version.
*/


-- ----------------------------
-- Records of cat_arc
-- ----------------------------
BEGIN;
INSERT INTO "sample_epaswmm"."cat_arc" VALUES ('CC040', 'CIRCULAR', null, null, '0.4000', '0.0000', '0.0000', '0.0000', null, null, null, 'C40', null);
INSERT INTO "sample_epaswmm"."cat_arc" VALUES ('CC060', 'CIRCULAR', null, null, '0.6000', '0.0000', '0.0000', '0.0000', null, null, null, 'C60', null);
INSERT INTO "sample_epaswmm"."cat_arc" VALUES ('CC080', 'CIRCULAR', null, null, '0.8000', '0.0000', '0.0000', '0.0000', null, null, null, 'C80', null);
INSERT INTO "sample_epaswmm"."cat_arc" VALUES ('CC100', 'CIRCULAR', null, null, '1.0000', '0.0000', '0.0000', '0.0000', null, null, null, 'C100', null);
INSERT INTO "sample_epaswmm"."cat_arc" VALUES ('CC120', 'CIRCULAR', null, null, '1.2000', '0.0000', '0.0000', '0.0000', null, null, null, 'C120', null);
INSERT INTO "sample_epaswmm"."cat_arc" VALUES ('CC200', 'CIRCULAR', null, null, '2.0000', '0.0000', '0.0000', '0.0000', null, null, null, 'C200', null);
INSERT INTO "sample_epaswmm"."cat_arc" VALUES ('EG150', 'EGG', null, null, '1.5000', '1.0000', '0.0000', '0.0000', null, null, null, 'E150', null);
INSERT INTO "sample_epaswmm"."cat_arc" VALUES ('RC150', 'RECT_CLOSED', null, null, '1.5000', '1.5000', '0.0000', '0.0000', null, null, null, 'R150', null);
INSERT INTO "sample_epaswmm"."cat_arc" VALUES ('RC200', 'RECT_CLOSED', null, null, '2.0000', '2.0000', '0.0000', '0.0000', null, null, null, 'R200', null);
COMMIT;

-- ----------------------------
-- Records of cat_mat
-- ----------------------------
BEGIN;
INSERT INTO "sample_epaswmm"."cat_mat" VALUES ('Concret', 'Concret', '0.0140');
INSERT INTO "sample_epaswmm"."cat_mat" VALUES ('PVC', 'PVC', '0.0110');
COMMIT;

-- ----------------------------
-- Records of sector
-- ----------------------------
BEGIN;
INSERT INTO "sample_epaswmm"."sector" VALUES ('51', null, '0106000020F759000001000000010300000001000000950000008E02D8486C8A194162C912C2CD755141BE2A3782E98A1941EF26B787CF755141E98670F8938B19416E819525D4755141F307F49D828C1941BC238A68D87551418E76D22B4F8D194145E5D73FDB755141A424EF66A48D19413117F9CCDE755141A74F70F3F38D1941B071D76AE3755141C0280EBB988E19416AEB0E9DE675514162EDEE610490194160849F63E8755141DEAB98AB64911941C2F47219E9755141E82C1C515392194139332542E67551410AE1E99C5A931941E3D01202E4755141295C8FC26F931941EC51B8AEE27551412920E11BA0931941DC8FE1E5DD75514106819543AF93194146B6F365DC755141B182EB9C1D94194137BBABA2D77551415C8FC275369419419CC42090D675514164175DB4A1941941772ABCFDD17551415B9791E425951941EB831F5BCC75514193E3C514AA95194193DF82B8C675514104560E2D1B961941CBA145E6C1755141D9C3AB5E2E961941655D4F18C1755141FBBBB740B396194165B76386BB755141448B6CE7E196194183C0CA91B9755141E21DF033369719412C0A07C6B575514179E92631489719419EEFA7F6B4755141E7239579BA9719417EB66D25B075514117C4AA203F9819417823F98DAA755141448B6CE76C981941000000A0A875514139B4C8F6B798194139B4C8DEA5755141E39B6DBC0D9919413694F62FA17551414B5FEBE2D1991941917A677A967551411B6EE04B4B9A1941D8697AD98F7551412E33F4C2BD9A1941D4769E9989755141AE47E17AF09A19417F6ABCD48675514115AE4761039B1941B07268C9857551410C022B87169B194108AC1CC284755141B81E85EB299B194123DBF9BE83755141FF5E0C6B369B194181F6AE1C83755141C74B37893D9B1941378941C0827551410AC58470C39B1941603ACB267D755141E0A0FFB5539C19417175571E7775514152A7C250D99C1941D188148871755141164E7D10DC9C1941C7FBA66A717551412E332EBE279D19417E1BD98E6E755141D8B8C26DB29C1941B3A7724F67755141C807374D679C1941F33FFFAC6A7551414A0C02ABE39B1941BA490C8A63755141A3CE068EDB9B1941D50FD91763755141EDD4816C5C9B19416A09601A5C755141384E2E65E39A1941302BCC72557551416EB5D8246C9A1941E0AF3CE44E75514190C2F5283A9A19413108AC244C755141FCBAFB1FF4991941E003A64648755141A1DD53E37B991941563AF7A241755141B29DEF27689919412731088C407551415DDF2CB3049919411762DA163B755141959C7C3B83981941734811FC33755141C1CAA145319819413108AC7C2F755141DCCFEA66FA9719416374AD682C7551415A643BDF459719414E621048227551416991ED7C40971941C520B03222755141DD2406013B971941A4703D22227551417F6ABC7435971941D578E916227551415A643BDF2F9719415839B410227551417B14AE472A971941C976BE0F22755141CBA145B6249719418B6CE71322755141560E2D321F97194152B81E1D2275514192ED7CBF16971941D578E93622755141676666660E971941BA490C5A2275514185EB5138069719411904568622755141E3A59B44FE961941CFF753BB22755141295C8FC2F99619418716D9DE227551415A643B5FF59619410C022B07237551413E0AD723F19619412731083423755141022B8716ED961941EE7C3F6523755141D7A3703DE9961941DBF97E9A23755141EC51B89EE5961941B81E85D3237551416F128340E2961941643BDF0F247551410F9C36CDC69619414616094D26755141FC6F317F09961941E717B7BD357551413DC4246FA79519413A2443BD3D755141A8C64BB7649519411904562E43755141621058B94F951941A69BC4404475514185D3B18B429519414A50985B45755141D122DB791A951941DF4F8DB7487551412E967F3EF69419419721DF2A4A755141EE820B1FD6941941AB9E2B754B75514118F5493346941941574B043D5175514140355EBA0C941941D9CEF78B53755141653BDF4FE89319411383C002557551417D3F35DEE39319418716D996547551418268F07ABB93194178809A3A56755141B138586E32931941886AF9CA5B75514148CD89C2219319414A4D3D785C755141E3A59B442D931941022B876E5E755141CF7F6F1ABD9219412177CA106375514146B6F3FDB79219418716D946637551417E0F85A03792194178F872946875514139B4C8761D92194179E926A96975514167666666ED9119411F85EB896B755141FA8CBD8BDE911941C5B4B5556B755141AE92D1F4C19119417DC1EB496F755141E1D61938B49119418D21E9CD6C755141A3F74413049119417037DEE568755141CDD412EDD68F19418505BD58657551410E60FD01FF8E1941CA8B85266275514173F11E74328E19414B31A7885D755141A424EF66A48D19416A66F53458755141E7DA5A081C8D1941FD8EB24559755141CE01BD40778C1941B808EA775C755141D703D5498E8B19417CE990E35D755141741EC9C7D28A1941CA8B852662755141C62C4F8B008A19410EC70A30687551410AE3BA2C78891941B47263EF6E7551413B168B1FEA8819419FA4847C72755141A0A7AC911D8819413D34B1C671755141BB2C60493A8719413D34B1C6717551414299378C29861941B47263EF6E755141832422A151851941978858076B755141F70D5E353B841941AC56377A67755141A7ABED618583194199D39BCB617551411EC0AA82BE8219411A79BD2D5D755141A9570352FD811941DF5964995E755141DA8AD3446F81194199D39BCB61755141206CC072368119417037DEE5687551417AD0484F03811941B47263EF6E75514189286371B98019411FFF621A77755141CCDECE123180194175BD83D282755141B305314B8C7F1941069BFD1E8D7551419A2C9383E77E19415C591ED798755141ADAF2E32ED7E194165754A4CA075514141C80AA71A7F19419E49601CA8755141D80B68A8977F194144F5B8DBAE7551414B498E4C0980194161DFC3C3B27551419CABFE1FBF80194188303EE5B4755141907E658A588119411B59FBF5B5755141CE5D3AAF0882194173625F72B875514168CC183DD58219415F9480FFBB755141AAD66EEED4831941996896CFC3755141E8B54313858419417A334823C9755141DC88AA7D1E851941A184C244CB7551416474ED5CE5851941A184C244CB7551417D4D8B248A86194118C3746DC87551417120F28E238719412C9153E0C4755141D505FE10DF871941996896CFC3755141947A13FCB688194153E2CD01C7755141E807055CBC891941A184C244CB7551418E02D8486C8A194162C912C2CD755141');
COMMIT;


-- ----------------------------
-- Records of inp_timser_id
-- ----------------------------
BEGIN;
INSERT INTO "sample_epaswmm"."inp_timser_id" VALUES ('T100-5m', 'Rainfall', 'RELATIVE');
INSERT INTO "sample_epaswmm"."inp_timser_id" VALUES ('T10-5m', 'Rainfall', 'RELATIVE');
COMMIT;

-- ----------------------------
-- Records of arc
-- ----------------------------
BEGIN;
INSERT INTO "sample_epaswmm"."arc" VALUES ('20133', '0.1000', '0.1000', 'CC040', 'Concret', 'CONDUIT', '51', '0102000020F759000002000000AFB8F9803C93194105AF0992DD7551414BEF4CADC19319417A981607D8755141');
INSERT INTO "sample_epaswmm"."arc" VALUES ('20134', '0.1000', '0.1000', 'CC040', 'Concret', 'CONDUIT', '51', '0102000020F7590000020000004BEF4CADC19319417A981607D8755141E725A0D946941941EF81237CD2755141');
INSERT INTO "sample_epaswmm"."arc" VALUES ('20135', '0.1000', '0.1000', 'CC040', 'Concret', 'CONDUIT', '51', '0102000020F759000002000000E725A0D946941941EF81237CD2755141835CF305CC941941646B30F1CC755141');
INSERT INTO "sample_epaswmm"."arc" VALUES ('20136', '0.1000', '0.1000', 'CC040', 'Concret', 'CONDUIT', '51', '0102000020F759000002000000835CF305CC941941646B30F1CC7551411F93463251951941D9543D66C7755141');
INSERT INTO "sample_epaswmm"."arc" VALUES ('20137', '0.1000', '0.1000', 'CC040', 'Concret', 'CONDUIT', '51', '0102000020F7590000020000001F93463251951941D9543D66C7755141BBC9995ED69519414E3E4ADBC1755141');
INSERT INTO "sample_epaswmm"."arc" VALUES ('20138', '0.1000', '0.1000', 'CC040', 'Concret', 'CONDUIT', '51', '0102000020F759000002000000BBC9995ED69519414E3E4ADBC17551415700ED8A5B961941C3275750BC755141');
INSERT INTO "sample_epaswmm"."arc" VALUES ('20139', '0.1000', '0.1000', 'CC040', 'Concret', 'CONDUIT', '51', '0102000020F7590000020000005700ED8A5B961941C3275750BC755141F33640B7E0961941381164C5B6755141');
INSERT INTO "sample_epaswmm"."arc" VALUES ('20140', '0.1000', '0.1000', 'CC060', 'Concret', 'CONDUIT', '51', '0102000020F759000002000000F33640B7E0961941381164C5B67551418F6D93E365971941ADFA703AB1755141');
INSERT INTO "sample_epaswmm"."arc" VALUES ('20141', '0.1000', '0.1000', 'CC060', 'Concret', 'CONDUIT', '51', '0102000020F7590000020000008F6D93E365971941ADFA703AB17551412BA4E60FEB97194122E47DAFAB755141');
INSERT INTO "sample_epaswmm"."arc" VALUES ('20142', '0.1000', '0.1000', 'CC060', 'Concret', 'CONDUIT', '51', '0102000020F7590000020000002BA4E60FEB97194122E47DAFAB755141C7DA393C7098194197CD8A24A6755141');
INSERT INTO "sample_epaswmm"."arc" VALUES ('20143', '0.1000', '0.1000', 'CC080', 'Concret', 'CONDUIT', '51', '0102000020F75900000200000026D8CBC0799919412AA7FA79987551415D865383FB991941EE074F3A91755141');
INSERT INTO "sample_epaswmm"."arc" VALUES ('20144', '0.1000', '0.1000', 'EG150', 'Concret', 'CONDUIT', '51', '0102000020F7590000020000005D865383FB991941EE074F3A917551411BD5809A6D9A1941B45730248B755141');
INSERT INTO "sample_epaswmm"."arc" VALUES ('20145', '0.1000', '0.1000', 'EG150', 'Concret', 'CONDUIT', '51', '0102000020F7590000020000001BD5809A6D9A1941B45730248B7551414AA31903DF9A1941C007BDC984755141');
INSERT INTO "sample_epaswmm"."arc" VALUES ('20146', '0.1000', '0.1000', 'RC150', 'Concret', 'CONDUIT', '51', '0102000020F7590000020000004AA31903DF9A1941C007BDC9847551417CFD6F90689B19414B5A84557E755141');
INSERT INTO "sample_epaswmm"."arc" VALUES ('20147', '0.1000', '0.1000', 'RC150', 'Concret', 'CONDUIT', '51', '0102000020F7590000020000007CFD6F90689B19414B5A84557E755141B92B6461F79B1941AE46E45778755141');
INSERT INTO "sample_epaswmm"."arc" VALUES ('20148', '0.1000', '0.1000', 'RC150', 'Concret', 'CONDUIT', '51', '0102000020F759000002000000B92B6461F79B1941AE46E45778755141525DEEFA7F9C19410C978DE871755141');
INSERT INTO "sample_epaswmm"."arc" VALUES ('20149', '0.1000', '0.1000', 'CC040', 'Concret', 'CONDUIT', '51', '0102000020F7590000020000007D65176B0A9219418EA44696C87551418738E26806921941EE98979BBE755141');
INSERT INTO "sample_epaswmm"."arc" VALUES ('20150', '0.1000', '0.1000', 'CC040', 'Concret', 'CONDUIT', '51', '0102000020F7590000020000008738E26806921941EE98979BBE755141B43F876203921941FA5B7F9EB4755141');
INSERT INTO "sample_epaswmm"."arc" VALUES ('20151', '0.1000', '0.1000', 'CC060', 'Concret', 'CONDUIT', '51', '0102000020F759000002000000B43F876203921941FA5B7F9EB47551415B68A2F4FE911941CD527AA1AA755141');
INSERT INTO "sample_epaswmm"."arc" VALUES ('20152', '0.1000', '0.1000', 'CC060', 'Concret', 'CONDUIT', '51', '0102000020F7590000020000005B68A2F4FE911941CD527AA1AA755141F27F0C5DFB911941277D62A5A0755141');
INSERT INTO "sample_epaswmm"."arc" VALUES ('20153', '0.1000', '0.1000', 'CC040', 'Concret', 'CONDUIT', '51', '0102000020F759000002000000F27F0C5DFB911941277D62A5A0755141D5865897AC921941C318DFAD9E755141');
INSERT INTO "sample_epaswmm"."arc" VALUES ('20154', '0.1000', '0.1000', 'CC060', 'Concret', 'CONDUIT', '51', '0102000020F759000002000000D5865897AC921941C318DFAD9E755141A78772DE5C9319412E913A5B9C755141');
INSERT INTO "sample_epaswmm"."arc" VALUES ('20155', '0.1000', '0.1000', 'CC060', 'Concret', 'CONDUIT', '51', '0102000020F759000002000000A78772DE5C9319412E913A5B9C75514172439BD40E9419419104B50C9A755141');
INSERT INTO "sample_epaswmm"."arc" VALUES ('20156', '0.1000', '0.1000', 'CC060', 'Concret', 'CONDUIT', '51', '0102000020F75900000200000072439BD40E9419419104B50C9A75514177E4D6C8A39419410AD03A2E98755141');
INSERT INTO "sample_epaswmm"."arc" VALUES ('20157', '0.1000', '0.1000', 'CC060', 'Concret', 'CONDUIT', '51', '0102000020F75900000200000077E4D6C8A39419410AD03A2E98755141D03FBD9E2C951941D5FAA95496755141');
INSERT INTO "sample_epaswmm"."arc" VALUES ('20158', '0.1000', '0.1000', 'CC080', 'Concret', 'CONDUIT', '51', '0102000020F759000002000000D03FBD9E2C951941D5FAA954967551418991D5D3B595194137BECB9B94755141');
INSERT INTO "sample_epaswmm"."arc" VALUES ('20159', '0.1000', '0.1000', 'CC080', 'Concret', 'CONDUIT', '51', '0102000020F7590000020000008991D5D3B595194137BECB9B9475514168EF8B544C961941E46E0BD892755141');
INSERT INTO "sample_epaswmm"."arc" VALUES ('20160', '0.1000', '0.1000', 'CC080', 'Concret', 'CONDUIT', '51', '0102000020F75900000200000068EF8B544C961941E46E0BD892755141A3C14EA4E7961941E1120DEC90755141');
INSERT INTO "sample_epaswmm"."arc" VALUES ('20161', '0.1000', '0.1000', 'CC080', 'Concret', 'CONDUIT', '51', '0102000020F759000002000000A3C14EA4E7961941E1120DEC907551410D959A097F971941E0166C048F755141');
INSERT INTO "sample_epaswmm"."arc" VALUES ('20162', '0.1000', '0.1000', 'CC080', 'Concret', 'CONDUIT', '51', '0102000020F7590000020000000D959A097F971941E0166C048F755141D2FBB5A70998194196C2EF5D8E755141');
INSERT INTO "sample_epaswmm"."arc" VALUES ('20163', '0.1000', '0.1000', 'CC100', 'Concret', 'CONDUIT', '51', '0102000020F759000002000000D2FBB5A70998194196C2EF5D8E755141ABB77A28BD981941E851CE338F755141');
INSERT INTO "sample_epaswmm"."arc" VALUES ('20164', '0.1000', '0.1000', 'CC100', 'Concret', 'CONDUIT', '51', '0102000020F759000002000000ABB77A28BD981941E851CE338F755141041FE7555C991941EBAC0E3790755141');
INSERT INTO "sample_epaswmm"."arc" VALUES ('20165', '0.1000', '0.1000', 'CC100', 'Concret', 'CONDUIT', '51', '0102000020F759000002000000041FE7555C991941EBAC0E37907551415D865383FB991941EE074F3A91755141');
INSERT INTO "sample_epaswmm"."arc" VALUES ('20166', '0.1000', '0.1000', 'CC040', 'Concret', 'CONDUIT', '51', '0102000020F759000002000000CA75FC74E8911941A798DAA9787551415478002FED911941C791BCA882755141');
INSERT INTO "sample_epaswmm"."arc" VALUES ('20167', '0.1000', '0.1000', 'CC040', 'Concret', 'CONDUIT', '51', '0102000020F7590000020000005478002FED911941C791BCA882755141DE7A04E9F1911941E78A9EA78C755141');
INSERT INTO "sample_epaswmm"."arc" VALUES ('20168', '0.1000', '0.1000', 'CC060', 'Concret', 'CONDUIT', '51', '0102000020F759000002000000DE7A04E9F1911941E78A9EA78C755141687D08A3F6911941078480A696755141');
INSERT INTO "sample_epaswmm"."arc" VALUES ('20169', '0.1000', '0.1000', 'CC060', 'Concret', 'CONDUIT', '51', '0102000020F759000002000000687D08A3F6911941078480A696755141F27F0C5DFB911941277D62A5A0755141');
INSERT INTO "sample_epaswmm"."arc" VALUES ('20170', '0.1000', '0.1000', 'CC040', 'Concret', 'CONDUIT', '51', '0102000020F759000002000000E76917840A921941362FED646D75514109D2153C90921941876C2CE767755141');
INSERT INTO "sample_epaswmm"."arc" VALUES ('20171', '0.1000', '0.1000', 'CC040', 'Concret', 'CONDUIT', '51', '0102000020F75900000200000009D2153C90921941876C2CE7677551412B3A14F415931941D8A96B6962755141');
INSERT INTO "sample_epaswmm"."arc" VALUES ('20172', '0.1000', '0.1000', 'CC040', 'Concret', 'CONDUIT', '51', '0102000020F7590000020000002B3A14F415931941D8A96B69627551411E20325A9F93194158F1F7965C755141');
INSERT INTO "sample_epaswmm"."arc" VALUES ('20173', '0.1000', '0.1000', 'CC040', 'Concret', 'CONDUIT', '51', '0102000020F7590000020000001E20325A9F93194158F1F7965C755141D3F66B4824941941067D4E0857755141');
INSERT INTO "sample_epaswmm"."arc" VALUES ('20174', '0.1000', '0.1000', 'CC040', 'Concret', 'CONDUIT', '51', '0102000020F759000002000000D3F66B4824941941067D4E0857755141554DBFDCA89419411BF0F97051755141');
INSERT INTO "sample_epaswmm"."arc" VALUES ('20175', '0.1000', '0.1000', 'CC040', 'Concret', 'CONDUIT', '51', '0102000020F759000002000000554DBFDCA89419411BF0F97051755141A98AD5FD3F9519416622089B4B755141');
INSERT INTO "sample_epaswmm"."arc" VALUES ('20176', '0.1000', '0.1000', 'CC060', 'Concret', 'CONDUIT', '51', '0102000020F759000002000000A98AD5FD3F9519416622089B4B755141266EAD39A395194191CDE0C243755141');
INSERT INTO "sample_epaswmm"."arc" VALUES ('20177', '0.1000', '0.1000', 'CC060', 'Concret', 'CONDUIT', '51', '0102000020F759000002000000266EAD39A395194191CDE0C243755141C2B0AF4A029619414594C2B73B755141');
INSERT INTO "sample_epaswmm"."arc" VALUES ('20178', '0.1000', '0.1000', 'CC060', 'Concret', 'CONDUIT', '51', '0102000020F759000002000000C2B0AF4A029619414594C2B73B7551414994324D6496194153E946D033755141');
INSERT INTO "sample_epaswmm"."arc" VALUES ('20179', '0.1000', '0.1000', 'CC060', 'Concret', 'CONDUIT', '51', '0102000020F759000002000000A11436DA73971941E3259C7930755141A101B6C1139819417017439D35755141');
INSERT INTO "sample_epaswmm"."arc" VALUES ('20180', '0.1000', '0.1000', 'CC080', 'Concret', 'CONDUIT', '51', '0102000020F759000002000000A101B6C1139819417017439D357551418A20ECFE99981941F6143FFF3A755141');
INSERT INTO "sample_epaswmm"."arc" VALUES ('20181', '0.1000', '0.1000', 'CC080', 'Concret', 'CONDUIT', '51', '0102000020F7590000020000008A20ECFE99981941F6143FFF3A755141C22E7A771099194199ECDEB741755141');
INSERT INTO "sample_epaswmm"."arc" VALUES ('20182', '0.1000', '0.1000', 'CC080', 'Concret', 'CONDUIT', '51', '0102000020F759000002000000C22E7A771099194199ECDEB741755141941CA4E78899194117612B4D48755141');
INSERT INTO "sample_epaswmm"."arc" VALUES ('20183', '0.1000', '0.1000', 'CC080', 'Concret', 'CONDUIT', '51', '0102000020F759000002000000941CA4E78899194117612B4D48755141D1A64BB0009A1941804E5DEE4E755141');
INSERT INTO "sample_epaswmm"."arc" VALUES ('20184', '0.1000', '0.1000', 'CC080', 'Concret', 'CONDUIT', '51', '0102000020F759000002000000D1A64BB0009A1941804E5DEE4E75514114C2DC6E789A1941766D459055755141');
INSERT INTO "sample_epaswmm"."arc" VALUES ('20185', '0.1000', '0.1000', 'CC080', 'Concret', 'CONDUIT', '51', '0102000020F75900000200000014C2DC6E789A1941766D4590557551416ED62AE5F19A19415B7EA6125C755141');
INSERT INTO "sample_epaswmm"."arc" VALUES ('20186', '0.1000', '0.1000', 'CC100', 'Concret', 'CONDUIT', '51', '0102000020F7590000020000006ED62AE5F19A19415B7EA6125C7551412850BE91699B19417835D3B562755141');
INSERT INTO "sample_epaswmm"."arc" VALUES ('20187', '0.1000', '0.1000', 'CC100', 'Concret', 'CONDUIT', '51', '0102000020F7590000020000002850BE91699B19417835D3B56275514131D24357F19B19413804AD186A755141');
INSERT INTO "sample_epaswmm"."arc" VALUES ('20188', '0.1000', '0.1000', 'CC100', 'Concret', 'CONDUIT', '51', '0102000020F75900000200000031D24357F19B19413804AD186A755141525DEEFA7F9C19410C978DE871755141');
INSERT INTO "sample_epaswmm"."arc" VALUES ('20189', '0.1000', '0.1000', 'CC040', 'Concret', 'CONDUIT', '51', '0102000020F7590000020000006A02EA1D91971941D0D338A0597551413C4FED7889971941254325A34F755141');
INSERT INTO "sample_epaswmm"."arc" VALUES ('20190', '0.1000', '0.1000', 'CC040', 'PVC', 'CONDUIT', '51', '0102000020F7590000020000003C4FED7889971941254325A34F7551418A3E164B83971941BC280EA545755141');
INSERT INTO "sample_epaswmm"."arc" VALUES ('20191', '0.1000', '0.1000', 'CC040', 'Concret', 'CONDUIT', '51', '0102000020F7590000020000008A3E164B83971941BC280EA5457551416F358DCE79971941EC34A82839755141');
INSERT INTO "sample_epaswmm"."arc" VALUES ('20192', '0.1000', '0.1000', 'CC040', 'Concret', 'CONDUIT', '51', '0102000020F7590000020000006F358DCE79971941EC34A82839755141A101B6C1139819417017439D35755141');
INSERT INTO "sample_epaswmm"."arc" VALUES ('20193', '0.1000', '0.1000', 'CC040', 'Concret', 'CONDUIT', '51', '0102000020F759000002000000014202069198194144B9A552617551415716AD6B1899194106E75BBC68755141');
INSERT INTO "sample_epaswmm"."arc" VALUES ('20194', '0.1000', '0.1000', 'CC040', 'Concret', 'CONDUIT', '51', '0102000020F7590000020000005716AD6B1899194106E75BBC687551416912D233919919419773594B6F755141');
INSERT INTO "sample_epaswmm"."arc" VALUES ('20195', '0.1000', '0.1000', 'CC060', 'Concret', 'CONDUIT', '51', '0102000020F7590000020000006912D233919919419773594B6F7551415820A6F7089A1941908FE2EC75755141');
INSERT INTO "sample_epaswmm"."arc" VALUES ('20196', '0.1000', '0.1000', 'CC060', 'Concret', 'CONDUIT', '51', '0102000020F7590000020000005820A6F7089A1941908FE2EC75755141D1B12BCF719A194143BFB67A7D755141');
INSERT INTO "sample_epaswmm"."arc" VALUES ('20197', '0.1000', '0.1000', 'CC060', 'Concret', 'CONDUIT', '51', '0102000020F759000002000000D1B12BCF719A194143BFB67A7D7551414AA31903DF9A1941C007BDC984755141');
INSERT INTO "sample_epaswmm"."arc" VALUES ('20198', '0.1000', '0.1000', 'CC040', 'Concret', 'CONDUIT', '51', '0102000020F7590000020000009509CF8E47921941A3FA37398F755141A0A24DC1ED9219412EC1144588755141');
INSERT INTO "sample_epaswmm"."arc" VALUES ('20199', '0.1000', '0.1000', 'CC040', 'Concret', 'CONDUIT', '51', '0102000020F759000002000000A0A24DC1ED9219412EC114458875514129DCC40194931941236C6C5381755141');
INSERT INTO "sample_epaswmm"."arc" VALUES ('20200', '0.1000', '0.1000', 'CC040', 'Concret', 'CONDUIT', '51', '0102000020F75900000200000029DCC40194931941236C6C5381755141EFF6EAB83B9419417BCCFC827A755141');
INSERT INTO "sample_epaswmm"."arc" VALUES ('20201', '0.1000', '0.1000', 'CC060', 'Concret', 'CONDUIT', '51', '0102000020F759000002000000FA104AC056951941A74FCD75717551417A175012F39519418AC9DA626F755141');
INSERT INTO "sample_epaswmm"."arc" VALUES ('20202', '0.1000', '0.1000', 'CC060', 'Concret', 'CONDUIT', '51', '0102000020F7590000020000007A175012F39519418AC9DA626F755141BE5C564A919619417E48EFE56D755141');
INSERT INTO "sample_epaswmm"."arc" VALUES ('20203', '0.1000', '0.1000', 'CC060', 'Concret', 'CONDUIT', '51', '0102000020F759000002000000BE5C564A919619417E48EFE56D755141E4A7835D19971941DA7AEE826D755141');
INSERT INTO "sample_epaswmm"."arc" VALUES ('20204', '0.1000', '0.1000', 'CC060', 'Concret', 'CONDUIT', '51', '0102000020F759000002000000E4A7835D19971941DA7AEE826D7551414C059339A197194114C715206D755141');
INSERT INTO "sample_epaswmm"."arc" VALUES ('20205', '0.1000', '0.1000', 'CC080', 'PVC', 'CONDUIT', '51', '0102000020F7590000020000004C059339A197194114C715206D7551410C7659A6A697194186F89C1E77755141');
INSERT INTO "sample_epaswmm"."arc" VALUES ('20206', '0.1000', '0.1000', 'CC080', 'Concret', 'CONDUIT', '51', '0102000020F7590000020000000C7659A6A697194186F89C1E777551412A6537E1AD971941948BFF1B81755141');
INSERT INTO "sample_epaswmm"."arc" VALUES ('20207', '0.1000', '0.1000', 'CC080', 'Concret', 'CONDUIT', '51', '0102000020F7590000060000002A6537E1AD971941948BFF1B817551417F82B91CB397194171F31846897551413E0D16D5B6971941CB316D168A75514155297E04BB9719414E355A9C8A755141D43E3775C2971941D13847228B755141D2FBB5A70998194196C2EF5D8E755141');
INSERT INTO "sample_epaswmm"."arc" VALUES ('20209', '0.1000', '0.1000', 'CC040', 'Concret', 'CONDUIT', '51', '0102000020F7590000020000009360AF98EB9519411890CA7075755141A6BA2FF50B961941E548E3407F755141');
INSERT INTO "sample_epaswmm"."arc" VALUES ('20210', '0.1000', '0.1000', 'CC040', 'Concret', 'CONDUIT', '51', '0102000020F759000002000000A6BA2FF50B961941E548E3407F7551416DE5E36F2D961941FEA4370889755141');
INSERT INTO "sample_epaswmm"."arc" VALUES ('20211', '0.1000', '0.1000', 'CC040', 'Concret', 'CONDUIT', '51', '0102000020F7590000020000006DE5E36F2D961941FEA437088975514168EF8B544C961941E46E0BD892755141');
INSERT INTO "sample_epaswmm"."arc" VALUES ('20212', '0.1000', '0.1000', 'CC040', 'Concret', 'CONDUIT', '51', '0102000020F7590000020000002C76E956C7931941E7426DFF837551412F731E1EEF93194181027F3F90755141');
INSERT INTO "sample_epaswmm"."arc" VALUES ('20213', '0.1000', '0.1000', 'CC040', 'Concret', 'CONDUIT', '51', '0102000020F7590000020000002F731E1EEF93194181027F3F9075514172439BD40E9419419104B50C9A755141');
INSERT INTO "sample_epaswmm"."arc" VALUES ('20214', '0.1000', '0.1000', 'CC040', 'Concret', 'CONDUIT', '51', '0102000020F75900000200000069C70BC3629319416CD7AF8265755141594A5A19D19319415C53A7EF6F755141');
INSERT INTO "sample_epaswmm"."arc" VALUES ('20215', '0.1000', '0.1000', 'CC040', 'Concret', 'CONDUIT', '51', '0102000020F7590000020000005C4A5A19D19319415C53A7EF6F755141EFF6EAB83B9419417BCCFC827A755141');
INSERT INTO "sample_epaswmm"."arc" VALUES ('20216', '0.1000', '0.1000', 'CC040', 'PVC', 'CONDUIT', '51', '0102000020F759000002000000460E37A44F96194186263B7B687551416196B8300F96194185670FFD5D755141');
INSERT INTO "sample_epaswmm"."arc" VALUES ('20217', '0.1000', '0.1000', 'CC040', 'Concret', 'CONDUIT', '51', '0102000020F7590000020000006196B8300F96194185670FFD5D755141CE1BD4E29E95194135D82DA853755141');
INSERT INTO "sample_epaswmm"."arc" VALUES ('20218', '0.1000', '0.1000', 'CC040', 'Concret', 'CONDUIT', '51', '0102000020F759000002000000CE1BD4E29E95194135D82DA853755141A98AD5FD3F9519416622089B4B755141');
INSERT INTO "sample_epaswmm"."arc" VALUES ('20219', '0.1000', '0.1000', 'CC040', 'Concret', 'CONDUIT', '51', '0102000020F7590000020000007F7B57B9979719410B389A24637551414C059339A197194114C715206D755141');
INSERT INTO "sample_epaswmm"."arc" VALUES ('20220', '0.1000', '0.1000', 'CC040', 'Concret', 'CONDUIT', '51', '0102000020F75900000200000076D87328EC971941468CBF08A37551413AB17738CB971941540871B496755141');
INSERT INTO "sample_epaswmm"."arc" VALUES ('20221', '0.1000', '0.1000', 'CC040', 'Concret', 'CONDUIT', '51', '0102000020F7590000020000003AB17738CB971941540871B496755141D2FBB5A70998194196C2EF5D8E755141');
INSERT INTO "sample_epaswmm"."arc" VALUES ('20222', '0.1000', '0.1000', 'CC040', 'Concret', 'CONDUIT', '51', '0102000020F75900000200000013EFAC61059419414F65CA12CE755141CE04FF76A29319413B8034B1C4755141');
INSERT INTO "sample_epaswmm"."arc" VALUES ('20223', '0.1000', '0.1000', 'CC040', 'PVC', 'CONDUIT', '51', '0102000020F759000002000000CE04FF76A29319413B8034B1C47551413D02A2C741931941DE5ECB37BB755141');
INSERT INTO "sample_epaswmm"."arc" VALUES ('20224', '0.1000', '0.1000', 'CC040', 'Concret', 'CONDUIT', '51', '0102000020F759000002000000621D4218A4921941E67BB1E9BC7551413D02A2C741931941DE5ECB37BB755141');
INSERT INTO "sample_epaswmm"."arc" VALUES ('20225', '0.1000', '0.1000', 'CC060', 'Concret', 'CONDUIT', '51', '0102000020F7590000020000003D02A2C741931941DE5ECB37BB755141A22C7153DE9319418033C026B9755141');
INSERT INTO "sample_epaswmm"."arc" VALUES ('20226', '0.1000', '0.1000', 'CC060', 'Concret', 'CONDUIT', '51', '0102000020F759000002000000A22C7153DE9319418033C026B9755141075740DF7A9419412208B515B7755141');
INSERT INTO "sample_epaswmm"."arc" VALUES ('20227', '0.1000', '0.1000', 'CC060', 'Concret', 'CONDUIT', '51', '0102000020F759000002000000075740DF7A9419412208B515B7755141E393C249FE941941B481D922B5755141');
INSERT INTO "sample_epaswmm"."arc" VALUES ('20228', '0.1000', '0.1000', 'CC060', 'Concret', 'CONDUIT', '51', '0102000020F759000002000000E393C249FE941941B481D922B5755141E2BC5B71DF941941122ADF52AB755141');
INSERT INTO "sample_epaswmm"."arc" VALUES ('20229', '0.1000', '0.1000', 'CC060', 'Concret', 'CONDUIT', '51', '0102000020F759000002000000E2BC5B71DF941941122ADF52AB755141E1E5F498C094194170D2E482A1755141');
INSERT INTO "sample_epaswmm"."arc" VALUES ('20230', '0.1000', '0.1000', 'CC060', 'Concret', 'CONDUIT', '51', '0102000020F759000002000000E1E5F498C094194170D2E482A175514177E4D6C8A39419410AD03A2E98755141');
INSERT INTO "sample_epaswmm"."arc" VALUES ('20231', '0.1000', '0.1000', 'CC040', 'Concret', 'CONDUIT', '51', '0102000020F7590000020000007FB982486A9519414DE53EA7BF755141E393C249FE941941B481D922B5755141');
INSERT INTO "sample_epaswmm"."arc" VALUES ('20232', '0.1000', '0.1000', 'CC040', 'Concret', 'CONDUIT', '51', '0102000020F7590000020000004A4EA43AF2971941998CF91860755141014202069198194144B9A55261755141');
INSERT INTO "sample_epaswmm"."arc" VALUES ('20235', '0.1000', '0.1000', 'CC120', 'Concret', 'CONDUIT', '51', '0102000020F759000002000000525DEEFA7F9C19410C978DE8717551418E149DC5099D19416B5962D36C755141');
INSERT INTO "sample_epaswmm"."arc" VALUES ('20236', '0.1000', '0.1000', 'CC200', 'Concret', 'CONDUIT', '51', '0102000020F759000006000000142B6CAA3D92194143D4BD26DA7551410DB593F91B9219410FC954A9D5755141D3F58E3713921941D64C97A4D3755141551268750E921941718E2C75D1755141D56B0FEE0B921941299F0740CF7551417D65176B0A9219418EA44696C8755141');
INSERT INTO "sample_epaswmm"."arc" VALUES ('20237', '0.1000', '0.1000', 'CC080', 'Concret', 'CONDUIT', '51', '0102000020F759000005000000C7DA393C7098194197CD8A24A67551416DF56D16F4981941268809F39F7551410972F67F1F991941114F90C19D755141E1F1CE854B9919419E5E303C9B75514126D8CBC0799919412AA7FA7998755141');
INSERT INTO "sample_epaswmm"."arc" VALUES ('20238', '0.1000', '0.1000', 'CC060', 'Concret', 'CONDUIT', '51', '0102000020F759000006000000EFF6EAB83B9419417BCCFC827A75514141486CC3A6941941DA39C6F57575514113B80587C9941941ACF81B9474755141373BE877EC94194135FBF15D73755141197DFAC40F951941D8A59F8A72755141FA104AC056951941A74FCD7571755141');
INSERT INTO "sample_epaswmm"."arc" VALUES ('20239', '0.1000', '0.1000', 'CC060', 'Concret', 'CONDUIT', '51', '0102000020F7590000070000004994324D6496194153E946D0337551419D8D16DE9B961941710FB3B02F7551415AC0B34EB7961941210E175D2E75514189B1A767D996194115ED17AA2D755141A326B97A0697194151B206C22D7551419C7389582D9719416344EB642E755141A11436DA73971941E3259C7930755141');
COMMIT;

-- ----------------------------
-- Records of node
-- ----------------------------
BEGIN;
INSERT INTO "sample_epaswmm"."node" VALUES ('10029', '61.0300', '2.9100', 'JUNCTION', '51', '0101000020F7590000142B6CAA3D92194143D4BD26DA755141');
INSERT INTO "sample_epaswmm"."node" VALUES ('10030', '59.8100', '2.2100', 'JUNCTION', '51', '0101000020F75900007D65176B0A9219418EA44696C8755141');
INSERT INTO "sample_epaswmm"."node" VALUES ('10031', '58.0600', '2.2000', 'JUNCTION', '51', '0101000020F75900008738E26806921941EE98979BBE755141');
INSERT INTO "sample_epaswmm"."node" VALUES ('10032', '56.8400', '2.0000', 'JUNCTION', '51', '0101000020F7590000B43F876203921941FA5B7F9EB4755141');
INSERT INTO "sample_epaswmm"."node" VALUES ('10033', '55.1800', '2.0700', 'JUNCTION', '51', '0101000020F75900005B68A2F4FE911941CD527AA1AA755141');
INSERT INTO "sample_epaswmm"."node" VALUES ('10034', '54.7500', '2.2000', 'JUNCTION', '51', '0101000020F7590000F27F0C5DFB911941277D62A5A0755141');
INSERT INTO "sample_epaswmm"."node" VALUES ('10035', '48.4400', '1.5200', 'JUNCTION', '51', '0101000020F759000072439BD40E9419419104B50C9A755141');
INSERT INTO "sample_epaswmm"."node" VALUES ('10036', '46.8000', '1.8200', 'JUNCTION', '51', '0101000020F759000077E4D6C8A39419410AD03A2E98755141');
INSERT INTO "sample_epaswmm"."node" VALUES ('10037', '41.4800', '1.5000', 'JUNCTION', '51', '0101000020F759000068EF8B544C961941E46E0BD892755141');
INSERT INTO "sample_epaswmm"."node" VALUES ('10038', '39.8600', '2.0600', 'JUNCTION', '51', '0101000020F7590000A3C14EA4E7961941E1120DEC90755141');
INSERT INTO "sample_epaswmm"."node" VALUES ('10039', '38.4200', '1.8400', 'JUNCTION', '51', '0101000020F75900000D959A097F971941E0166C048F755141');
INSERT INTO "sample_epaswmm"."node" VALUES ('10040', '35.6700', '1.5600', 'JUNCTION', '51', '0101000020F7590000D2FBB5A70998194196C2EF5D8E755141');
INSERT INTO "sample_epaswmm"."node" VALUES ('10041', '34.9500', '1.8100', 'JUNCTION', '51', '0101000020F7590000ABB77A28BD981941E851CE338F755141');
INSERT INTO "sample_epaswmm"."node" VALUES ('10042', '32.7900', '1.8000', 'JUNCTION', '51', '0101000020F7590000041FE7555C991941EBAC0E3790755141');
INSERT INTO "sample_epaswmm"."node" VALUES ('10043', '29.8600', '1.8300', 'JUNCTION', '51', '0101000020F75900005D865383FB991941EE074F3A91755141');
INSERT INTO "sample_epaswmm"."node" VALUES ('10044', '28.7500', '2.0000', 'JUNCTION', '51', '0101000020F75900001BD5809A6D9A1941B45730248B755141');
INSERT INTO "sample_epaswmm"."node" VALUES ('10045', '27.0700', '2.0100', 'JUNCTION', '51', '0101000020F75900004AA31903DF9A1941C007BDC984755141');
INSERT INTO "sample_epaswmm"."node" VALUES ('10046', '54.6400', '1.6600', 'JUNCTION', '51', '0101000020F7590000687D08A3F6911941078480A696755141');
INSERT INTO "sample_epaswmm"."node" VALUES ('10047', '57.7900', '2.0700', 'JUNCTION', '51', '0101000020F7590000DE7A04E9F1911941E78A9EA78C755141');
INSERT INTO "sample_epaswmm"."node" VALUES ('10048', '58.7100', '2.6000', 'JUNCTION', '51', '0101000020F75900005478002FED911941C791BCA882755141');
INSERT INTO "sample_epaswmm"."node" VALUES ('10049', '57.7600', '1.1100', 'JUNCTION', '51', '0101000020F7590000CA75FC74E8911941A798DAA978755141');
INSERT INTO "sample_epaswmm"."node" VALUES ('10050', '58.1900', '2.5600', 'JUNCTION', '51', '0101000020F7590000E76917840A921941362FED646D755141');
INSERT INTO "sample_epaswmm"."node" VALUES ('10051', '52.9000', '2.0800', 'JUNCTION', '51', '0101000020F7590000D5865897AC921941C318DFAD9E755141');
INSERT INTO "sample_epaswmm"."node" VALUES ('10052', '50.2900', '1.8000', 'JUNCTION', '51', '0101000020F7590000A78772DE5C9319412E913A5B9C755141');
INSERT INTO "sample_epaswmm"."node" VALUES ('10053', '55.8700', '2.0700', 'JUNCTION', '51', '0101000020F7590000621D4218A4921941E67BB1E9BC755141');
INSERT INTO "sample_epaswmm"."node" VALUES ('10054', '54.2400', '1.5200', 'JUNCTION', '51', '0101000020F75900003D02A2C741931941DE5ECB37BB755141');
INSERT INTO "sample_epaswmm"."node" VALUES ('10055', '54.7700', '1.8200', 'JUNCTION', '51', '0101000020F7590000CE04FF76A29319413B8034B1C4755141');
INSERT INTO "sample_epaswmm"."node" VALUES ('10056', '55.3000', '1.8700', 'JUNCTION', '51', '0101000020F759000013EFAC61059419414F65CA12CE755141');
INSERT INTO "sample_epaswmm"."node" VALUES ('10057', '52.1100', '1.8800', 'JUNCTION', '51', '0101000020F7590000A22C7153DE9319418033C026B9755141');
INSERT INTO "sample_epaswmm"."node" VALUES ('10058', '50.6800', '1.8600', 'JUNCTION', '51', '0101000020F7590000075740DF7A9419412208B515B7755141');
INSERT INTO "sample_epaswmm"."node" VALUES ('10059', '49.8000', '1.9000', 'JUNCTION', '51', '0101000020F7590000E393C249FE941941B481D922B5755141');
INSERT INTO "sample_epaswmm"."node" VALUES ('10060', '50.0600', '1.9000', 'JUNCTION', '51', '0101000020F75900007FB982486A9519414DE53EA7BF755141');
INSERT INTO "sample_epaswmm"."node" VALUES ('10061', '49.6200', '2.1000', 'JUNCTION', '51', '0101000020F7590000E2BC5B71DF941941122ADF52AB755141');
INSERT INTO "sample_epaswmm"."node" VALUES ('10062', '47.6400', '1.8400', 'JUNCTION', '51', '0101000020F7590000E1E5F498C094194170D2E482A1755141');
INSERT INTO "sample_epaswmm"."node" VALUES ('10063', '45.0000', '1.8500', 'JUNCTION', '51', '0101000020F7590000D03FBD9E2C951941D5FAA95496755141');
INSERT INTO "sample_epaswmm"."node" VALUES ('10064', '43.7400', '1.8000', 'JUNCTION', '51', '0101000020F75900008991D5D3B595194137BECB9B94755141');
INSERT INTO "sample_epaswmm"."node" VALUES ('10065', '55.3100', '2.2400', 'JUNCTION', '51', '0101000020F759000009D2153C90921941876C2CE767755141');
INSERT INTO "sample_epaswmm"."node" VALUES ('10066', '53.2200', '2.2300', 'JUNCTION', '51', '0101000020F75900002B3A14F415931941D8A96B6962755141');
INSERT INTO "sample_epaswmm"."node" VALUES ('10067', '53.3900', '2.0200', 'JUNCTION', '51', '0101000020F759000029DCC40194931941236C6C5381755141');
INSERT INTO "sample_epaswmm"."node" VALUES ('10068', '51.2700', '1.8200', 'JUNCTION', '51', '0101000020F7590000EFF6EAB83B9419417BCCFC827A755141');
INSERT INTO "sample_epaswmm"."node" VALUES ('10069', '54.4600', '2.2800', 'JUNCTION', '51', '0101000020F7590000A0A24DC1ED9219412EC1144588755141');
INSERT INTO "sample_epaswmm"."node" VALUES ('10070', '54.9000', '2.2300', 'JUNCTION', '51', '0101000020F75900009509CF8E47921941A3FA37398F755141');
INSERT INTO "sample_epaswmm"."node" VALUES ('10071', '49.9500', '1.8300', 'JUNCTION', '51', '0101000020F75900002F731E1EEF93194181027F3F90755141');
INSERT INTO "sample_epaswmm"."node" VALUES ('10072', '51.4800', '1.8100', 'JUNCTION', '51', '0101000020F75900002C76E956C7931941E7426DFF83755141');
INSERT INTO "sample_epaswmm"."node" VALUES ('10073', '54.2600', '1.6000', 'JUNCTION', '51', '0101000020F75900005C4A5A19D19319415C53A7EF6F755141');
INSERT INTO "sample_epaswmm"."node" VALUES ('10074', '53.9900', '1.1000', 'JUNCTION', '51', '0101000020F759000069C70BC3629319416CD7AF8265755141');
INSERT INTO "sample_epaswmm"."node" VALUES ('10075', '42.2900', '1.8200', 'JUNCTION', '51', '0101000020F7590000A98AD5FD3F9519416622089B4B755141');
INSERT INTO "sample_epaswmm"."node" VALUES ('10076', '51.3900', '2.3000', 'JUNCTION', '51', '0101000020F75900001E20325A9F93194158F1F7965C755141');
INSERT INTO "sample_epaswmm"."node" VALUES ('10077', '47.3400', '2.0000', 'JUNCTION', '51', '0101000020F7590000D3F66B4824941941067D4E0857755141');
INSERT INTO "sample_epaswmm"."node" VALUES ('10078', '44.9300', '1.8500', 'JUNCTION', '51', '0101000020F7590000554DBFDCA89419411BF0F97051755141');
INSERT INTO "sample_epaswmm"."node" VALUES ('10079', '44.5600', '1.7600', 'JUNCTION', '51', '0101000020F7590000CE1BD4E29E95194135D82DA853755141');
INSERT INTO "sample_epaswmm"."node" VALUES ('10080', '44.5400', '1.4500', 'JUNCTION', '51', '0101000020F75900006196B8300F96194185670FFD5D755141');
INSERT INTO "sample_epaswmm"."node" VALUES ('10081', '44.3900', '1.2000', 'JUNCTION', '51', '0101000020F7590000460E37A44F96194186263B7B68755141');
INSERT INTO "sample_epaswmm"."node" VALUES ('10082', '48.8400', '2.0200', 'JUNCTION', '51', '0101000020F7590000FA104AC056951941A74FCD7571755141');
INSERT INTO "sample_epaswmm"."node" VALUES ('10083', '43.9200', '1.5500', 'JUNCTION', '51', '0101000020F75900006DE5E36F2D961941FEA4370889755141');
INSERT INTO "sample_epaswmm"."node" VALUES ('10084', '44.7700', '1.6500', 'JUNCTION', '51', '0101000020F7590000A6BA2FF50B961941E548E3407F755141');
INSERT INTO "sample_epaswmm"."node" VALUES ('10085', '45.6700', '1.6800', 'JUNCTION', '51', '0101000020F75900009360AF98EB9519411890CA7075755141');
INSERT INTO "sample_epaswmm"."node" VALUES ('10086', '46.2500', '2.0500', 'JUNCTION', '51', '0101000020F75900007A175012F39519418AC9DA626F755141');
INSERT INTO "sample_epaswmm"."node" VALUES ('10087', '43.7700', '2.0700', 'JUNCTION', '51', '0101000020F7590000BE5C564A919619417E48EFE56D755141');
INSERT INTO "sample_epaswmm"."node" VALUES ('10088', '39.7100', '2.1000', 'JUNCTION', '51', '0101000020F75900004C059339A197194114C715206D755141');
INSERT INTO "sample_epaswmm"."node" VALUES ('10089', '41.4100', '1.8100', 'JUNCTION', '51', '0101000020F7590000E4A7835D19971941DA7AEE826D755141');
INSERT INTO "sample_epaswmm"."node" VALUES ('10090', '40.6800', '2.1800', 'JUNCTION', '51', '0101000020F7590000266EAD39A395194191CDE0C243755141');
INSERT INTO "sample_epaswmm"."node" VALUES ('10091', '39.9300', '2.1000', 'JUNCTION', '51', '0101000020F7590000C2B0AF4A029619414594C2B73B755141');
INSERT INTO "sample_epaswmm"."node" VALUES ('10092', '39.3700', '2.0800', 'JUNCTION', '51', '0101000020F75900004994324D6496194153E946D033755141');
INSERT INTO "sample_epaswmm"."node" VALUES ('10093', '39.7400', '1.7500', 'JUNCTION', '51', '0101000020F75900007F7B57B9979719410B389A2463755141');
INSERT INTO "sample_epaswmm"."node" VALUES ('10094', '36.5700', '1.8700', 'JUNCTION', '51', '0101000020F7590000A11436DA73971941E3259C7930755141');
INSERT INTO "sample_epaswmm"."node" VALUES ('10095', '34.8300', '1.8600', 'JUNCTION', '51', '0101000020F7590000A101B6C1139819417017439D35755141');
INSERT INTO "sample_epaswmm"."node" VALUES ('10096', '37.6900', '1.5900', 'JUNCTION', '51', '0101000020F75900006F358DCE79971941EC34A82839755141');
INSERT INTO "sample_epaswmm"."node" VALUES ('10097', '39.5500', '1.6700', 'JUNCTION', '51', '0101000020F75900008A3E164B83971941BC280EA545755141');
INSERT INTO "sample_epaswmm"."node" VALUES ('10098', '39.6600', '1.9000', 'JUNCTION', '51', '0101000020F75900003C4FED7889971941254325A34F755141');
INSERT INTO "sample_epaswmm"."node" VALUES ('10099', '39.7000', '1.5000', 'JUNCTION', '51', '0101000020F75900006A02EA1D91971941D0D338A059755141');
INSERT INTO "sample_epaswmm"."node" VALUES ('10100', '33.5900', '2.2600', 'JUNCTION', '51', '0101000020F75900008A20ECFE99981941F6143FFF3A755141');
INSERT INTO "sample_epaswmm"."node" VALUES ('10101', '39.6300', '2.0300', 'JUNCTION', '51', '0101000020F75900000C7659A6A697194186F89C1E77755141');
INSERT INTO "sample_epaswmm"."node" VALUES ('10102', '39.1600', '1.8100', 'JUNCTION', '51', '0101000020F75900002A6537E1AD971941948BFF1B81755141');
INSERT INTO "sample_epaswmm"."node" VALUES ('10104', '37.1900', '1.5100', 'JUNCTION', '51', '0101000020F75900003AB17738CB971941540871B496755141');
INSERT INTO "sample_epaswmm"."node" VALUES ('10105', '38.3200', '1.6600', 'JUNCTION', '51', '0101000020F759000076D87328EC971941468CBF08A3755141');
INSERT INTO "sample_epaswmm"."node" VALUES ('10106', '28.7100', '1.8200', 'JUNCTION', '51', '0101000020F7590000D1B12BCF719A194143BFB67A7D755141');
INSERT INTO "sample_epaswmm"."node" VALUES ('10107', '30.2700', '1.6500', 'JUNCTION', '51', '0101000020F75900005820A6F7089A1941908FE2EC75755141');
INSERT INTO "sample_epaswmm"."node" VALUES ('10108', '32.3500', '1.6000', 'JUNCTION', '51', '0101000020F75900006912D233919919419773594B6F755141');
INSERT INTO "sample_epaswmm"."node" VALUES ('10109', '34.5400', '1.6300', 'JUNCTION', '51', '0101000020F75900005716AD6B1899194106E75BBC68755141');
INSERT INTO "sample_epaswmm"."node" VALUES ('10110', '36.2100', '1.5400', 'JUNCTION', '51', '0101000020F7590000014202069198194144B9A55261755141');
INSERT INTO "sample_epaswmm"."node" VALUES ('10111', '59.4500', '2.5500', 'JUNCTION', '51', '0101000020F7590000AFB8F9803C93194105AF0992DD755141');
INSERT INTO "sample_epaswmm"."node" VALUES ('10112', '56.6800', '2.2500', 'JUNCTION', '51', '0101000020F75900004BEF4CADC19319417A981607D8755141');
INSERT INTO "sample_epaswmm"."node" VALUES ('10113', '55.4500', '2.2100', 'JUNCTION', '51', '0101000020F7590000E725A0D946941941EF81237CD2755141');
INSERT INTO "sample_epaswmm"."node" VALUES ('10114', '53.0200', '2.1100', 'JUNCTION', '51', '0101000020F7590000835CF305CC941941646B30F1CC755141');
INSERT INTO "sample_epaswmm"."node" VALUES ('10115', '50.4700', '2.1400', 'JUNCTION', '51', '0101000020F75900001F93463251951941D9543D66C7755141');
INSERT INTO "sample_epaswmm"."node" VALUES ('10116', '49.2800', '2.1100', 'JUNCTION', '51', '0101000020F7590000BBC9995ED69519414E3E4ADBC1755141');
INSERT INTO "sample_epaswmm"."node" VALUES ('10117', '46.5900', '2.0000', 'JUNCTION', '51', '0101000020F75900005700ED8A5B961941C3275750BC755141');
INSERT INTO "sample_epaswmm"."node" VALUES ('10118', '44.5500', '2.0100', 'JUNCTION', '51', '0101000020F7590000F33640B7E0961941381164C5B6755141');
INSERT INTO "sample_epaswmm"."node" VALUES ('10119', '42.1700', '2.0200', 'JUNCTION', '51', '0101000020F75900008F6D93E365971941ADFA703AB1755141');
INSERT INTO "sample_epaswmm"."node" VALUES ('10120', '39.5600', '1.8100', 'JUNCTION', '51', '0101000020F75900002BA4E60FEB97194122E47DAFAB755141');
INSERT INTO "sample_epaswmm"."node" VALUES ('10121', '36.8600', '1.8000', 'JUNCTION', '51', '0101000020F7590000C7DA393C7098194197CD8A24A6755141');
INSERT INTO "sample_epaswmm"."node" VALUES ('10122', '33.0400', '1.8200', 'JUNCTION', '51', '0101000020F759000026D8CBC0799919412AA7FA7998755141');
INSERT INTO "sample_epaswmm"."node" VALUES ('10123', '22.1100', '3.0700', 'JUNCTION', '51', '0101000020F7590000525DEEFA7F9C19410C978DE871755141');
INSERT INTO "sample_epaswmm"."node" VALUES ('10124', '25.2700', '2.8500', 'JUNCTION', '51', '0101000020F75900007CFD6F90689B19414B5A84557E755141');
INSERT INTO "sample_epaswmm"."node" VALUES ('10125', '23.8800', '2.6400', 'JUNCTION', '51', '0101000020F7590000B92B6461F79B1941AE46E45778755141');
INSERT INTO "sample_epaswmm"."node" VALUES ('10126', '32.2800', '2.1200', 'JUNCTION', '51', '0101000020F7590000C22E7A771099194199ECDEB741755141');
INSERT INTO "sample_epaswmm"."node" VALUES ('10127', '30.9700', '2.1500', 'JUNCTION', '51', '0101000020F7590000941CA4E78899194117612B4D48755141');
INSERT INTO "sample_epaswmm"."node" VALUES ('10128', '29.7000', '2.0000', 'JUNCTION', '51', '0101000020F7590000D1A64BB0009A1941804E5DEE4E755141');
INSERT INTO "sample_epaswmm"."node" VALUES ('10129', '27.8900', '2.0000', 'JUNCTION', '51', '0101000020F759000014C2DC6E789A1941766D459055755141');
INSERT INTO "sample_epaswmm"."node" VALUES ('10130', '25.9800', '2.0200', 'JUNCTION', '51', '0101000020F75900006ED62AE5F19A19415B7EA6125C755141');
INSERT INTO "sample_epaswmm"."node" VALUES ('10131', '25.2100', '1.8500', 'JUNCTION', '51', '0101000020F75900002850BE91699B19417835D3B562755141');
INSERT INTO "sample_epaswmm"."node" VALUES ('10132', '22.6600', '1.8900', 'JUNCTION', '51', '0101000020F759000031D24357F19B19413804AD186A755141');
INSERT INTO "sample_epaswmm"."node" VALUES ('10233', '38.8900', '2.0500', 'JUNCTION', '51', '0101000020F75900004A4EA43AF2971941998CF91860755141');
INSERT INTO "sample_epaswmm"."node" VALUES ('10234', '20.2100', '3.5000', 'OUTFALL', '51', '0101000020F75900008E149DC5099D19416B5962D36C755141');
COMMIT;

-- ----------------------------
-- Records of inp_aquifer
-- ----------------------------
BEGIN;
COMMIT;

-- ----------------------------
-- Records of inp_backdrop
-- ----------------------------
BEGIN;
COMMIT;

-- ----------------------------
-- Records of inp_buildup_land_x_pol
-- ----------------------------
BEGIN;
COMMIT;

-- ----------------------------
-- Records of inp_conduit
-- ----------------------------
BEGIN;
INSERT INTO "sample_epaswmm"."inp_conduit" VALUES ('20133', '1', null, '0.0000', '0.0000', '0.0000', 'NO', null, null);
INSERT INTO "sample_epaswmm"."inp_conduit" VALUES ('20134', '1', null, '0.0000', '0.0000', '0.0000', 'NO', null, null);
INSERT INTO "sample_epaswmm"."inp_conduit" VALUES ('20135', '1', null, '0.0000', '0.0000', '0.0000', 'NO', null, null);
INSERT INTO "sample_epaswmm"."inp_conduit" VALUES ('20136', '1', null, '0.0000', '0.0000', '0.0000', 'NO', null, null);
INSERT INTO "sample_epaswmm"."inp_conduit" VALUES ('20137', '1', null, '0.0000', '0.0000', '0.0000', 'NO', null, null);
INSERT INTO "sample_epaswmm"."inp_conduit" VALUES ('20138', '1', null, '0.0000', '0.0000', '0.0000', 'NO', null, null);
INSERT INTO "sample_epaswmm"."inp_conduit" VALUES ('20139', '1', null, '0.0000', '0.0000', '0.0000', 'NO', null, null);
INSERT INTO "sample_epaswmm"."inp_conduit" VALUES ('20140', '1', null, '0.0000', '0.0000', '0.0000', 'NO', null, null);
INSERT INTO "sample_epaswmm"."inp_conduit" VALUES ('20141', '1', null, '0.0000', '0.0000', '0.0000', 'NO', null, null);
INSERT INTO "sample_epaswmm"."inp_conduit" VALUES ('20142', '1', null, '0.0000', '0.0000', '0.0000', 'NO', null, null);
INSERT INTO "sample_epaswmm"."inp_conduit" VALUES ('20143', '1', null, '0.0000', '0.0000', '0.0000', 'NO', null, null);
INSERT INTO "sample_epaswmm"."inp_conduit" VALUES ('20144', '1', null, '0.0000', '0.0000', '0.0000', 'NO', null, null);
INSERT INTO "sample_epaswmm"."inp_conduit" VALUES ('20145', '1', null, '0.0000', '0.0000', '0.0000', 'NO', null, null);
INSERT INTO "sample_epaswmm"."inp_conduit" VALUES ('20146', '1', null, '0.0000', '0.0000', '0.0000', 'NO', null, null);
INSERT INTO "sample_epaswmm"."inp_conduit" VALUES ('20147', '1', null, '0.0000', '0.0000', '0.0000', 'NO', null, null);
INSERT INTO "sample_epaswmm"."inp_conduit" VALUES ('20148', '1', null, '0.0000', '0.0000', '0.0000', 'NO', null, null);
INSERT INTO "sample_epaswmm"."inp_conduit" VALUES ('20149', '1', null, '0.0000', '0.0000', '0.0000', 'NO', null, null);
INSERT INTO "sample_epaswmm"."inp_conduit" VALUES ('20150', '1', null, '0.0000', '0.0000', '0.0000', 'NO', null, null);
INSERT INTO "sample_epaswmm"."inp_conduit" VALUES ('20151', '1', null, '0.0000', '0.0000', '0.0000', 'NO', null, null);
INSERT INTO "sample_epaswmm"."inp_conduit" VALUES ('20152', '1', null, '0.0000', '0.0000', '0.0000', 'NO', null, null);
INSERT INTO "sample_epaswmm"."inp_conduit" VALUES ('20153', '1', null, '0.0000', '0.0000', '0.0000', 'NO', null, null);
INSERT INTO "sample_epaswmm"."inp_conduit" VALUES ('20154', '1', null, '0.0000', '0.0000', '0.0000', 'NO', null, null);
INSERT INTO "sample_epaswmm"."inp_conduit" VALUES ('20155', '1', null, '0.0000', '0.0000', '0.0000', 'NO', null, null);
INSERT INTO "sample_epaswmm"."inp_conduit" VALUES ('20156', '1', null, '0.0000', '0.0000', '0.0000', 'NO', null, null);
INSERT INTO "sample_epaswmm"."inp_conduit" VALUES ('20157', '1', null, '0.0000', '0.0000', '0.0000', 'NO', null, null);
INSERT INTO "sample_epaswmm"."inp_conduit" VALUES ('20158', '1', null, '0.0000', '0.0000', '0.0000', 'NO', null, null);
INSERT INTO "sample_epaswmm"."inp_conduit" VALUES ('20159', '1', null, '0.0000', '0.0000', '0.0000', 'NO', null, null);
INSERT INTO "sample_epaswmm"."inp_conduit" VALUES ('20160', '1', null, '0.0000', '0.0000', '0.0000', 'NO', null, null);
INSERT INTO "sample_epaswmm"."inp_conduit" VALUES ('20161', '1', null, '0.0000', '0.0000', '0.0000', 'NO', null, null);
INSERT INTO "sample_epaswmm"."inp_conduit" VALUES ('20162', '1', null, '0.0000', '0.0000', '0.0000', 'NO', null, null);
INSERT INTO "sample_epaswmm"."inp_conduit" VALUES ('20163', '1', null, '0.0000', '0.0000', '0.0000', 'NO', null, null);
INSERT INTO "sample_epaswmm"."inp_conduit" VALUES ('20164', '1', null, '0.0000', '0.0000', '0.0000', 'NO', null, null);
INSERT INTO "sample_epaswmm"."inp_conduit" VALUES ('20165', '1', null, '0.0000', '0.0000', '0.0000', 'NO', null, null);
INSERT INTO "sample_epaswmm"."inp_conduit" VALUES ('20166', '1', null, '0.0000', '0.0000', '0.0000', 'NO', null, null);
INSERT INTO "sample_epaswmm"."inp_conduit" VALUES ('20167', '1', null, '0.0000', '0.0000', '0.0000', 'NO', null, null);
INSERT INTO "sample_epaswmm"."inp_conduit" VALUES ('20168', '1', null, '0.0000', '0.0000', '0.0000', 'NO', null, null);
INSERT INTO "sample_epaswmm"."inp_conduit" VALUES ('20169', '1', null, '0.0000', '0.0000', '0.0000', 'NO', null, null);
INSERT INTO "sample_epaswmm"."inp_conduit" VALUES ('20170', '1', null, '0.0000', '0.0000', '0.0000', 'NO', null, null);
INSERT INTO "sample_epaswmm"."inp_conduit" VALUES ('20171', '1', null, '0.0000', '0.0000', '0.0000', 'NO', null, null);
INSERT INTO "sample_epaswmm"."inp_conduit" VALUES ('20172', '1', null, '0.0000', '0.0000', '0.0000', 'NO', null, null);
INSERT INTO "sample_epaswmm"."inp_conduit" VALUES ('20173', '1', null, '0.0000', '0.0000', '0.0000', 'NO', null, null);
INSERT INTO "sample_epaswmm"."inp_conduit" VALUES ('20174', '1', null, '0.0000', '0.0000', '0.0000', 'NO', null, null);
INSERT INTO "sample_epaswmm"."inp_conduit" VALUES ('20175', '1', null, '0.0000', '0.0000', '0.0000', 'NO', null, null);
INSERT INTO "sample_epaswmm"."inp_conduit" VALUES ('20176', '1', null, '0.0000', '0.0000', '0.0000', 'NO', null, null);
INSERT INTO "sample_epaswmm"."inp_conduit" VALUES ('20177', '1', null, '0.0000', '0.0000', '0.0000', 'NO', null, null);
INSERT INTO "sample_epaswmm"."inp_conduit" VALUES ('20178', '1', null, '0.0000', '0.0000', '0.0000', 'NO', null, null);
INSERT INTO "sample_epaswmm"."inp_conduit" VALUES ('20179', '1', null, '0.0000', '0.0000', '0.0000', 'NO', null, null);
INSERT INTO "sample_epaswmm"."inp_conduit" VALUES ('20180', '1', null, '0.0000', '0.0000', '0.0000', 'NO', null, null);
INSERT INTO "sample_epaswmm"."inp_conduit" VALUES ('20181', '1', null, '0.0000', '0.0000', '0.0000', 'NO', null, null);
INSERT INTO "sample_epaswmm"."inp_conduit" VALUES ('20182', '1', null, '0.0000', '0.0000', '0.0000', 'NO', null, null);
INSERT INTO "sample_epaswmm"."inp_conduit" VALUES ('20183', '1', null, '0.0000', '0.0000', '0.0000', 'NO', null, null);
INSERT INTO "sample_epaswmm"."inp_conduit" VALUES ('20184', '1', null, '0.0000', '0.0000', '0.0000', 'NO', null, null);
INSERT INTO "sample_epaswmm"."inp_conduit" VALUES ('20185', '1', null, '0.0000', '0.0000', '0.0000', 'NO', null, null);
INSERT INTO "sample_epaswmm"."inp_conduit" VALUES ('20186', '1', null, '0.0000', '0.0000', '0.0000', 'NO', null, null);
INSERT INTO "sample_epaswmm"."inp_conduit" VALUES ('20187', '1', null, '0.0000', '0.0000', '0.0000', 'NO', null, null);
INSERT INTO "sample_epaswmm"."inp_conduit" VALUES ('20188', '1', null, '0.0000', '0.0000', '0.0000', 'NO', null, null);
INSERT INTO "sample_epaswmm"."inp_conduit" VALUES ('20189', '1', null, '0.0000', '0.0000', '0.0000', 'NO', null, null);
INSERT INTO "sample_epaswmm"."inp_conduit" VALUES ('20190', '1', null, '0.0000', '0.0000', '0.0000', 'NO', null, null);
INSERT INTO "sample_epaswmm"."inp_conduit" VALUES ('20191', '1', null, '0.0000', '0.0000', '0.0000', 'NO', null, null);
INSERT INTO "sample_epaswmm"."inp_conduit" VALUES ('20192', '1', null, '0.0000', '0.0000', '0.0000', 'NO', null, null);
INSERT INTO "sample_epaswmm"."inp_conduit" VALUES ('20193', '1', null, '0.0000', '0.0000', '0.0000', 'NO', null, null);
INSERT INTO "sample_epaswmm"."inp_conduit" VALUES ('20194', '1', null, '0.0000', '0.0000', '0.0000', 'NO', null, null);
INSERT INTO "sample_epaswmm"."inp_conduit" VALUES ('20195', '1', null, '0.0000', '0.0000', '0.0000', 'NO', null, null);
INSERT INTO "sample_epaswmm"."inp_conduit" VALUES ('20196', '1', null, '0.0000', '0.0000', '0.0000', 'NO', null, null);
INSERT INTO "sample_epaswmm"."inp_conduit" VALUES ('20197', '1', null, '0.0000', '0.0000', '0.0000', 'NO', null, null);
INSERT INTO "sample_epaswmm"."inp_conduit" VALUES ('20198', '1', null, '0.0000', '0.0000', '0.0000', 'NO', null, null);
INSERT INTO "sample_epaswmm"."inp_conduit" VALUES ('20199', '1', null, '0.0000', '0.0000', '0.0000', 'NO', null, null);
INSERT INTO "sample_epaswmm"."inp_conduit" VALUES ('20200', '1', null, '0.0000', '0.0000', '0.0000', 'NO', null, null);
INSERT INTO "sample_epaswmm"."inp_conduit" VALUES ('20201', '1', null, '0.0000', '0.0000', '0.0000', 'NO', null, null);
INSERT INTO "sample_epaswmm"."inp_conduit" VALUES ('20202', '1', null, '0.0000', '0.0000', '0.0000', 'NO', null, null);
INSERT INTO "sample_epaswmm"."inp_conduit" VALUES ('20203', '1', null, '0.0000', '0.0000', '0.0000', 'NO', null, null);
INSERT INTO "sample_epaswmm"."inp_conduit" VALUES ('20204', '1', null, '0.0000', '0.0000', '0.0000', 'NO', null, null);
INSERT INTO "sample_epaswmm"."inp_conduit" VALUES ('20205', '1', null, '0.0000', '0.0000', '0.0000', 'NO', null, null);
INSERT INTO "sample_epaswmm"."inp_conduit" VALUES ('20206', '1', null, '0.0000', '0.0000', '0.0000', 'NO', null, null);
INSERT INTO "sample_epaswmm"."inp_conduit" VALUES ('20207', '1', null, '0.0000', '0.0000', '0.0000', 'NO', null, null);
INSERT INTO "sample_epaswmm"."inp_conduit" VALUES ('20209', '1', null, '0.0000', '0.0000', '0.0000', 'NO', null, null);
INSERT INTO "sample_epaswmm"."inp_conduit" VALUES ('20210', '1', null, '0.0000', '0.0000', '0.0000', 'NO', null, null);
INSERT INTO "sample_epaswmm"."inp_conduit" VALUES ('20211', '1', null, '0.0000', '0.0000', '0.0000', 'NO', null, null);
INSERT INTO "sample_epaswmm"."inp_conduit" VALUES ('20212', '1', null, '0.0000', '0.0000', '0.0000', 'NO', null, null);
INSERT INTO "sample_epaswmm"."inp_conduit" VALUES ('20213', '1', null, '0.0000', '0.0000', '0.0000', 'NO', null, null);
INSERT INTO "sample_epaswmm"."inp_conduit" VALUES ('20214', '1', null, '0.0000', '0.0000', '0.0000', 'NO', null, null);
INSERT INTO "sample_epaswmm"."inp_conduit" VALUES ('20215', '1', null, '0.0000', '0.0000', '0.0000', 'NO', null, null);
INSERT INTO "sample_epaswmm"."inp_conduit" VALUES ('20216', '1', null, '0.0000', '0.0000', '0.0000', 'NO', null, null);
INSERT INTO "sample_epaswmm"."inp_conduit" VALUES ('20217', '1', null, '0.0000', '0.0000', '0.0000', 'NO', null, null);
INSERT INTO "sample_epaswmm"."inp_conduit" VALUES ('20218', '1', null, '0.0000', '0.0000', '0.0000', 'NO', null, null);
INSERT INTO "sample_epaswmm"."inp_conduit" VALUES ('20219', '1', null, '0.0000', '0.0000', '0.0000', 'NO', null, null);
INSERT INTO "sample_epaswmm"."inp_conduit" VALUES ('20220', '1', null, '0.0000', '0.0000', '0.0000', 'NO', null, null);
INSERT INTO "sample_epaswmm"."inp_conduit" VALUES ('20221', '1', null, '0.0000', '0.0000', '0.0000', 'NO', null, null);
INSERT INTO "sample_epaswmm"."inp_conduit" VALUES ('20222', '1', null, '0.0000', '0.0000', '0.0000', 'NO', null, null);
INSERT INTO "sample_epaswmm"."inp_conduit" VALUES ('20223', '1', null, '0.0000', '0.0000', '0.0000', 'NO', null, null);
INSERT INTO "sample_epaswmm"."inp_conduit" VALUES ('20224', '1', null, '0.0000', '0.0000', '0.0000', 'NO', null, null);
INSERT INTO "sample_epaswmm"."inp_conduit" VALUES ('20225', '1', null, '0.0000', '0.0000', '0.0000', 'NO', null, null);
INSERT INTO "sample_epaswmm"."inp_conduit" VALUES ('20226', '1', null, '0.0000', '0.0000', '0.0000', 'NO', null, null);
INSERT INTO "sample_epaswmm"."inp_conduit" VALUES ('20227', '1', null, '0.0000', '0.0000', '0.0000', 'NO', null, null);
INSERT INTO "sample_epaswmm"."inp_conduit" VALUES ('20228', '1', null, '0.0000', '0.0000', '0.0000', 'NO', null, null);
INSERT INTO "sample_epaswmm"."inp_conduit" VALUES ('20229', '1', null, '0.0000', '0.0000', '0.0000', 'NO', null, null);
INSERT INTO "sample_epaswmm"."inp_conduit" VALUES ('20230', '1', null, '0.0000', '0.0000', '0.0000', 'NO', null, null);
INSERT INTO "sample_epaswmm"."inp_conduit" VALUES ('20231', '1', null, '0.0000', '0.0000', '0.0000', 'NO', null, null);
INSERT INTO "sample_epaswmm"."inp_conduit" VALUES ('20232', '1', null, '0.0000', '0.0000', '0.0000', 'NO', null, null);
INSERT INTO "sample_epaswmm"."inp_conduit" VALUES ('20235', '1', null, '0.0000', '0.0000', '0.0000', 'NO', null, null);
INSERT INTO "sample_epaswmm"."inp_conduit" VALUES ('20236', '1', null, '0.0000', '0.0000', '0.0000', 'NO', null, null);
INSERT INTO "sample_epaswmm"."inp_conduit" VALUES ('20237', '1', null, '0.0000', '0.0000', '0.0000', 'NO', null, null);
INSERT INTO "sample_epaswmm"."inp_conduit" VALUES ('20238', '1', null, '0.0000', '0.0000', '0.0000', 'NO', null, null);
INSERT INTO "sample_epaswmm"."inp_conduit" VALUES ('20239', '1', null, '0.0000', '0.0000', '0.0000', 'NO', null, null);
COMMIT;

-- ----------------------------
-- Records of inp_controls
-- ----------------------------
BEGIN;
COMMIT;

-- ----------------------------
-- Records of inp_coverage_land_x_subc
-- ----------------------------
BEGIN;
COMMIT;

-- ----------------------------
-- Records of inp_curve
-- ----------------------------
BEGIN;
COMMIT;

-- ----------------------------
-- Records of inp_curve_id
-- ----------------------------
BEGIN;
COMMIT;

-- ----------------------------
-- Records of inp_divider
-- ----------------------------
BEGIN;
COMMIT;

-- ----------------------------
-- Records of inp_dwf
-- ----------------------------
BEGIN;
INSERT INTO "sample_epaswmm"."inp_dwf" VALUES ('30029', '10029', '0.0001', 'pattern_01', 'pattern_02', 'pattern_03', 'pattern_04');
INSERT INTO "sample_epaswmm"."inp_dwf" VALUES ('30030', '10030', '0.0001', 'pattern_01', 'pattern_02', 'pattern_03', 'pattern_04');
INSERT INTO "sample_epaswmm"."inp_dwf" VALUES ('30031', '10031', '0.0000', 'pattern_01', 'pattern_02', 'pattern_03', 'pattern_04');
INSERT INTO "sample_epaswmm"."inp_dwf" VALUES ('30032', '10032', '0.0001', 'pattern_01', 'pattern_02', 'pattern_03', 'pattern_04');
INSERT INTO "sample_epaswmm"."inp_dwf" VALUES ('30033', '10033', '0.0001', 'pattern_01', 'pattern_02', 'pattern_03', 'pattern_04');
INSERT INTO "sample_epaswmm"."inp_dwf" VALUES ('30034', '10034', '0.0000', 'pattern_01', 'pattern_02', 'pattern_03', 'pattern_04');
INSERT INTO "sample_epaswmm"."inp_dwf" VALUES ('30035', '10035', '0.0001', 'pattern_01', 'pattern_02', 'pattern_03', 'pattern_04');
INSERT INTO "sample_epaswmm"."inp_dwf" VALUES ('30036', '10036', '0.0001', 'pattern_01', 'pattern_02', 'pattern_03', 'pattern_04');
INSERT INTO "sample_epaswmm"."inp_dwf" VALUES ('30037', '10037', '0.0001', 'pattern_01', 'pattern_02', 'pattern_03', 'pattern_04');
INSERT INTO "sample_epaswmm"."inp_dwf" VALUES ('30038', '10038', '0.0001', 'pattern_01', 'pattern_02', 'pattern_03', 'pattern_04');
INSERT INTO "sample_epaswmm"."inp_dwf" VALUES ('30039', '10039', '0.0001', 'pattern_01', 'pattern_02', 'pattern_03', 'pattern_04');
INSERT INTO "sample_epaswmm"."inp_dwf" VALUES ('30040', '10040', '0.0001', 'pattern_01', 'pattern_02', 'pattern_03', 'pattern_04');
INSERT INTO "sample_epaswmm"."inp_dwf" VALUES ('30041', '10041', '0.0001', 'pattern_01', 'pattern_02', 'pattern_03', 'pattern_04');
INSERT INTO "sample_epaswmm"."inp_dwf" VALUES ('30042', '10042', '0.0001', 'pattern_01', 'pattern_02', 'pattern_03', 'pattern_04');
INSERT INTO "sample_epaswmm"."inp_dwf" VALUES ('30043', '10043', '0.0000', 'pattern_01', 'pattern_02', 'pattern_03', 'pattern_04');
INSERT INTO "sample_epaswmm"."inp_dwf" VALUES ('30044', '10044', '0.0000', 'pattern_01', 'pattern_02', 'pattern_03', 'pattern_04');
INSERT INTO "sample_epaswmm"."inp_dwf" VALUES ('30045', '10045', '0.0000', 'pattern_01', 'pattern_02', 'pattern_03', 'pattern_04');
INSERT INTO "sample_epaswmm"."inp_dwf" VALUES ('30046', '10046', '0.0000', 'pattern_01', 'pattern_02', 'pattern_03', 'pattern_04');
INSERT INTO "sample_epaswmm"."inp_dwf" VALUES ('30047', '10047', '0.0000', 'pattern_01', 'pattern_02', 'pattern_03', 'pattern_04');
INSERT INTO "sample_epaswmm"."inp_dwf" VALUES ('30048', '10048', '0.0001', 'pattern_01', 'pattern_02', 'pattern_03', 'pattern_04');
INSERT INTO "sample_epaswmm"."inp_dwf" VALUES ('30049', '10049', '0.0001', 'pattern_01', 'pattern_02', 'pattern_03', 'pattern_04');
INSERT INTO "sample_epaswmm"."inp_dwf" VALUES ('30050', '10050', '0.0000', 'pattern_01', 'pattern_02', 'pattern_03', 'pattern_04');
INSERT INTO "sample_epaswmm"."inp_dwf" VALUES ('30051', '10051', '0.0001', 'pattern_01', 'pattern_02', 'pattern_03', 'pattern_04');
INSERT INTO "sample_epaswmm"."inp_dwf" VALUES ('30052', '10052', '0.0001', 'pattern_01', 'pattern_02', 'pattern_03', 'pattern_04');
INSERT INTO "sample_epaswmm"."inp_dwf" VALUES ('30053', '10053', '0.0001', 'pattern_01', 'pattern_02', 'pattern_03', 'pattern_04');
INSERT INTO "sample_epaswmm"."inp_dwf" VALUES ('30054', '10054', '0.0001', 'pattern_01', 'pattern_02', 'pattern_03', 'pattern_04');
INSERT INTO "sample_epaswmm"."inp_dwf" VALUES ('30055', '10055', '0.0001', 'pattern_01', 'pattern_02', 'pattern_03', 'pattern_04');
INSERT INTO "sample_epaswmm"."inp_dwf" VALUES ('30056', '10056', '0.0001', 'pattern_01', 'pattern_02', 'pattern_03', 'pattern_04');
INSERT INTO "sample_epaswmm"."inp_dwf" VALUES ('30057', '10057', '0.0001', 'pattern_01', 'pattern_02', 'pattern_03', 'pattern_04');
INSERT INTO "sample_epaswmm"."inp_dwf" VALUES ('30058', '10058', '0.0001', 'pattern_01', 'pattern_02', 'pattern_03', 'pattern_04');
INSERT INTO "sample_epaswmm"."inp_dwf" VALUES ('30059', '10059', '0.0001', 'pattern_01', 'pattern_02', 'pattern_03', 'pattern_04');
INSERT INTO "sample_epaswmm"."inp_dwf" VALUES ('30060', '10060', '0.0001', 'pattern_01', 'pattern_02', 'pattern_03', 'pattern_04');
INSERT INTO "sample_epaswmm"."inp_dwf" VALUES ('30061', '10061', '0.0001', 'pattern_01', 'pattern_02', 'pattern_03', 'pattern_04');
INSERT INTO "sample_epaswmm"."inp_dwf" VALUES ('30062', '10062', '0.0001', 'pattern_01', 'pattern_02', 'pattern_03', 'pattern_04');
INSERT INTO "sample_epaswmm"."inp_dwf" VALUES ('30063', '10063', '0.0001', 'pattern_01', 'pattern_02', 'pattern_03', 'pattern_04');
INSERT INTO "sample_epaswmm"."inp_dwf" VALUES ('30064', '10064', '0.0001', 'pattern_01', 'pattern_02', 'pattern_03', 'pattern_04');
INSERT INTO "sample_epaswmm"."inp_dwf" VALUES ('30065', '10065', '0.0001', 'pattern_01', 'pattern_02', 'pattern_03', 'pattern_04');
INSERT INTO "sample_epaswmm"."inp_dwf" VALUES ('30066', '10066', '0.0000', 'pattern_01', 'pattern_02', 'pattern_03', 'pattern_04');
INSERT INTO "sample_epaswmm"."inp_dwf" VALUES ('30067', '10067', '0.0001', 'pattern_01', 'pattern_02', 'pattern_03', 'pattern_04');
INSERT INTO "sample_epaswmm"."inp_dwf" VALUES ('30068', '10068', '0.0001', 'pattern_01', 'pattern_02', 'pattern_03', 'pattern_04');
INSERT INTO "sample_epaswmm"."inp_dwf" VALUES ('30069', '10069', '0.0001', 'pattern_01', 'pattern_02', 'pattern_03', 'pattern_04');
INSERT INTO "sample_epaswmm"."inp_dwf" VALUES ('30070', '10070', '0.0001', 'pattern_01', 'pattern_02', 'pattern_03', 'pattern_04');
INSERT INTO "sample_epaswmm"."inp_dwf" VALUES ('30071', '10071', '0.0001', 'pattern_01', 'pattern_02', 'pattern_03', 'pattern_04');
INSERT INTO "sample_epaswmm"."inp_dwf" VALUES ('30072', '10072', '0.0001', 'pattern_01', 'pattern_02', 'pattern_03', 'pattern_04');
INSERT INTO "sample_epaswmm"."inp_dwf" VALUES ('30073', '10073', '0.0001', 'pattern_01', 'pattern_02', 'pattern_03', 'pattern_04');
INSERT INTO "sample_epaswmm"."inp_dwf" VALUES ('30074', '10074', '0.0001', 'pattern_01', 'pattern_02', 'pattern_03', 'pattern_04');
INSERT INTO "sample_epaswmm"."inp_dwf" VALUES ('30075', '10075', '0.0000', 'pattern_01', 'pattern_02', 'pattern_03', 'pattern_04');
INSERT INTO "sample_epaswmm"."inp_dwf" VALUES ('30076', '10076', '0.0001', 'pattern_01', 'pattern_02', 'pattern_03', 'pattern_04');
INSERT INTO "sample_epaswmm"."inp_dwf" VALUES ('30077', '10077', '0.0001', 'pattern_01', 'pattern_02', 'pattern_03', 'pattern_04');
INSERT INTO "sample_epaswmm"."inp_dwf" VALUES ('30078', '10078', '0.0001', 'pattern_01', 'pattern_02', 'pattern_03', 'pattern_04');
INSERT INTO "sample_epaswmm"."inp_dwf" VALUES ('30079', '10079', '0.0001', 'pattern_01', 'pattern_02', 'pattern_03', 'pattern_04');
INSERT INTO "sample_epaswmm"."inp_dwf" VALUES ('30080', '10080', '0.0001', 'pattern_01', 'pattern_02', 'pattern_03', 'pattern_04');
INSERT INTO "sample_epaswmm"."inp_dwf" VALUES ('30081', '10081', '0.0001', 'pattern_01', 'pattern_02', 'pattern_03', 'pattern_04');
INSERT INTO "sample_epaswmm"."inp_dwf" VALUES ('30082', '10082', '0.0002', 'pattern_01', 'pattern_02', 'pattern_03', 'pattern_04');
INSERT INTO "sample_epaswmm"."inp_dwf" VALUES ('30083', '10083', '0.0001', 'pattern_01', 'pattern_02', 'pattern_03', 'pattern_04');
INSERT INTO "sample_epaswmm"."inp_dwf" VALUES ('30084', '10084', '0.0001', 'pattern_01', 'pattern_02', 'pattern_03', 'pattern_04');
INSERT INTO "sample_epaswmm"."inp_dwf" VALUES ('30085', '10085', '0.0001', 'pattern_01', 'pattern_02', 'pattern_03', 'pattern_04');
INSERT INTO "sample_epaswmm"."inp_dwf" VALUES ('30086', '10086', '0.0000', 'pattern_01', 'pattern_02', 'pattern_03', 'pattern_04');
INSERT INTO "sample_epaswmm"."inp_dwf" VALUES ('30087', '10087', '0.0001', 'pattern_01', 'pattern_02', 'pattern_03', 'pattern_04');
INSERT INTO "sample_epaswmm"."inp_dwf" VALUES ('30088', '10088', '0.0001', 'pattern_01', 'pattern_02', 'pattern_03', 'pattern_04');
INSERT INTO "sample_epaswmm"."inp_dwf" VALUES ('30089', '10089', '0.0001', 'pattern_01', 'pattern_02', 'pattern_03', 'pattern_04');
INSERT INTO "sample_epaswmm"."inp_dwf" VALUES ('30090', '10090', '0.0001', 'pattern_01', 'pattern_02', 'pattern_03', 'pattern_04');
INSERT INTO "sample_epaswmm"."inp_dwf" VALUES ('30091', '10091', '0.0001', 'pattern_01', 'pattern_02', 'pattern_03', 'pattern_04');
INSERT INTO "sample_epaswmm"."inp_dwf" VALUES ('30092', '10092', '0.0001', 'pattern_01', 'pattern_02', 'pattern_03', 'pattern_04');
INSERT INTO "sample_epaswmm"."inp_dwf" VALUES ('30093', '10093', '0.0001', 'pattern_01', 'pattern_02', 'pattern_03', 'pattern_04');
INSERT INTO "sample_epaswmm"."inp_dwf" VALUES ('30094', '10094', '0.0001', 'pattern_01', 'pattern_02', 'pattern_03', 'pattern_04');
INSERT INTO "sample_epaswmm"."inp_dwf" VALUES ('30095', '10095', '0.0001', 'pattern_01', 'pattern_02', 'pattern_03', 'pattern_04');
INSERT INTO "sample_epaswmm"."inp_dwf" VALUES ('30096', '10096', '0.0001', 'pattern_01', 'pattern_02', 'pattern_03', 'pattern_04');
INSERT INTO "sample_epaswmm"."inp_dwf" VALUES ('30097', '10097', '0.0001', 'pattern_01', 'pattern_02', 'pattern_03', 'pattern_04');
INSERT INTO "sample_epaswmm"."inp_dwf" VALUES ('30098', '10098', '0.0001', 'pattern_01', 'pattern_02', 'pattern_03', 'pattern_04');
INSERT INTO "sample_epaswmm"."inp_dwf" VALUES ('30099', '10099', '0.0001', 'pattern_01', 'pattern_02', 'pattern_03', 'pattern_04');
INSERT INTO "sample_epaswmm"."inp_dwf" VALUES ('30100', '10100', '0.0001', 'pattern_01', 'pattern_02', 'pattern_03', 'pattern_04');
INSERT INTO "sample_epaswmm"."inp_dwf" VALUES ('30101', '10101', '0.0001', 'pattern_01', 'pattern_02', 'pattern_03', 'pattern_04');
INSERT INTO "sample_epaswmm"."inp_dwf" VALUES ('30102', '10102', '0.0001', 'pattern_01', 'pattern_02', 'pattern_03', 'pattern_04');
INSERT INTO "sample_epaswmm"."inp_dwf" VALUES ('30104', '10104', '0.0001', 'pattern_01', 'pattern_02', 'pattern_03', 'pattern_04');
INSERT INTO "sample_epaswmm"."inp_dwf" VALUES ('30105', '10105', '0.0001', 'pattern_01', 'pattern_02', 'pattern_03', 'pattern_04');
INSERT INTO "sample_epaswmm"."inp_dwf" VALUES ('30106', '10106', '0.0001', 'pattern_01', 'pattern_02', 'pattern_03', 'pattern_04');
INSERT INTO "sample_epaswmm"."inp_dwf" VALUES ('30107', '10107', '0.0001', 'pattern_01', 'pattern_02', 'pattern_03', 'pattern_04');
INSERT INTO "sample_epaswmm"."inp_dwf" VALUES ('30108', '10108', '0.0001', 'pattern_01', 'pattern_02', 'pattern_03', 'pattern_04');
INSERT INTO "sample_epaswmm"."inp_dwf" VALUES ('30109', '10109', '0.0001', 'pattern_01', 'pattern_02', 'pattern_03', 'pattern_04');
INSERT INTO "sample_epaswmm"."inp_dwf" VALUES ('30110', '10110', '0.0001', 'pattern_01', 'pattern_02', 'pattern_03', 'pattern_04');
INSERT INTO "sample_epaswmm"."inp_dwf" VALUES ('30111', '10111', '0.0001', 'pattern_01', 'pattern_02', 'pattern_03', 'pattern_04');
INSERT INTO "sample_epaswmm"."inp_dwf" VALUES ('30112', '10112', '0.0001', 'pattern_01', 'pattern_02', 'pattern_03', 'pattern_04');
INSERT INTO "sample_epaswmm"."inp_dwf" VALUES ('30113', '10113', '0.0000', 'pattern_01', 'pattern_02', 'pattern_03', 'pattern_04');
INSERT INTO "sample_epaswmm"."inp_dwf" VALUES ('30114', '10114', '0.0001', 'pattern_01', 'pattern_02', 'pattern_03', 'pattern_04');
INSERT INTO "sample_epaswmm"."inp_dwf" VALUES ('30115', '10115', '0.0000', 'pattern_01', 'pattern_02', 'pattern_03', 'pattern_04');
INSERT INTO "sample_epaswmm"."inp_dwf" VALUES ('30116', '10116', '0.0000', 'pattern_01', 'pattern_02', 'pattern_03', 'pattern_04');
INSERT INTO "sample_epaswmm"."inp_dwf" VALUES ('30117', '10117', '0.0001', 'pattern_01', 'pattern_02', 'pattern_03', 'pattern_04');
INSERT INTO "sample_epaswmm"."inp_dwf" VALUES ('30118', '10118', '0.0001', 'pattern_01', 'pattern_02', 'pattern_03', 'pattern_04');
INSERT INTO "sample_epaswmm"."inp_dwf" VALUES ('30119', '10119', '0.0001', 'pattern_01', 'pattern_02', 'pattern_03', 'pattern_04');
INSERT INTO "sample_epaswmm"."inp_dwf" VALUES ('30120', '10120', '0.0000', 'pattern_01', 'pattern_02', 'pattern_03', 'pattern_04');
INSERT INTO "sample_epaswmm"."inp_dwf" VALUES ('30121', '10121', '0.0001', 'pattern_01', 'pattern_02', 'pattern_03', 'pattern_04');
INSERT INTO "sample_epaswmm"."inp_dwf" VALUES ('30122', '10122', '0.0001', 'pattern_01', 'pattern_02', 'pattern_03', 'pattern_04');
INSERT INTO "sample_epaswmm"."inp_dwf" VALUES ('30123', '10123', '0.0000', 'pattern_01', 'pattern_02', 'pattern_03', 'pattern_04');
INSERT INTO "sample_epaswmm"."inp_dwf" VALUES ('30124', '10124', '0.0001', 'pattern_01', 'pattern_02', 'pattern_03', 'pattern_04');
INSERT INTO "sample_epaswmm"."inp_dwf" VALUES ('30125', '10125', '0.0001', 'pattern_01', 'pattern_02', 'pattern_03', 'pattern_04');
INSERT INTO "sample_epaswmm"."inp_dwf" VALUES ('30126', '10126', '0.0001', 'pattern_01', 'pattern_02', 'pattern_03', 'pattern_04');
INSERT INTO "sample_epaswmm"."inp_dwf" VALUES ('30127', '10127', '0.0001', 'pattern_01', 'pattern_02', 'pattern_03', 'pattern_04');
INSERT INTO "sample_epaswmm"."inp_dwf" VALUES ('30128', '10128', '0.0001', 'pattern_01', 'pattern_02', 'pattern_03', 'pattern_04');
INSERT INTO "sample_epaswmm"."inp_dwf" VALUES ('30129', '10129', '0.0001', 'pattern_01', 'pattern_02', 'pattern_03', 'pattern_04');
INSERT INTO "sample_epaswmm"."inp_dwf" VALUES ('30130', '10130', '0.0001', 'pattern_01', 'pattern_02', 'pattern_03', 'pattern_04');
INSERT INTO "sample_epaswmm"."inp_dwf" VALUES ('30131', '10131', '0.0001', 'pattern_01', 'pattern_02', 'pattern_03', 'pattern_04');
INSERT INTO "sample_epaswmm"."inp_dwf" VALUES ('30132', '10132', '0.0001', 'pattern_01', 'pattern_02', 'pattern_03', 'pattern_04');
INSERT INTO "sample_epaswmm"."inp_dwf" VALUES ('30233', '10233', '0.0001', 'pattern_01', 'pattern_02', 'pattern_03', 'pattern_04');
INSERT INTO "sample_epaswmm"."inp_dwf" VALUES ('30234', '10234', '0.0000', 'pattern_01', 'pattern_02', 'pattern_03', 'pattern_04');
COMMIT;

-- ----------------------------
-- Records of inp_dwf_pol_x_node
-- ----------------------------
BEGIN;
COMMIT;

-- ----------------------------
-- Records of inp_evaporation
-- ----------------------------
BEGIN;
INSERT INTO "sample_epaswmm"."inp_evaporation" VALUES ('CONSTANT', '0.0000', null, null, null, null, null, null, null, null, null, null, null, null, null, null, null, null, null, null, null, null, null, null, null, null, null, null, 'NO');
COMMIT;

-- ----------------------------
-- Records of inp_files
-- ----------------------------
BEGIN;
COMMIT;

-- ----------------------------
-- Records of inp_groundwater
-- ----------------------------
BEGIN;
COMMIT;

-- ----------------------------
-- Records of inp_hydrograph
-- ----------------------------
BEGIN;
COMMIT;

-- ----------------------------
-- Records of inp_inflows
-- ----------------------------
BEGIN;
COMMIT;

-- ----------------------------
-- Records of inp_inflows_pol_x_node
-- ----------------------------
BEGIN;
COMMIT;

-- ----------------------------
-- Records of inp_junction
-- ----------------------------
BEGIN;
INSERT INTO "sample_epaswmm"."inp_junction" VALUES ('10029', null, null, null);
INSERT INTO "sample_epaswmm"."inp_junction" VALUES ('10030', null, null, null);
INSERT INTO "sample_epaswmm"."inp_junction" VALUES ('10031', null, null, null);
INSERT INTO "sample_epaswmm"."inp_junction" VALUES ('10032', null, null, null);
INSERT INTO "sample_epaswmm"."inp_junction" VALUES ('10033', null, null, null);
INSERT INTO "sample_epaswmm"."inp_junction" VALUES ('10034', null, null, null);
INSERT INTO "sample_epaswmm"."inp_junction" VALUES ('10035', null, null, null);
INSERT INTO "sample_epaswmm"."inp_junction" VALUES ('10036', null, null, null);
INSERT INTO "sample_epaswmm"."inp_junction" VALUES ('10037', null, null, null);
INSERT INTO "sample_epaswmm"."inp_junction" VALUES ('10038', null, null, null);
INSERT INTO "sample_epaswmm"."inp_junction" VALUES ('10039', null, null, null);
INSERT INTO "sample_epaswmm"."inp_junction" VALUES ('10040', null, null, null);
INSERT INTO "sample_epaswmm"."inp_junction" VALUES ('10041', null, null, null);
INSERT INTO "sample_epaswmm"."inp_junction" VALUES ('10042', null, null, null);
INSERT INTO "sample_epaswmm"."inp_junction" VALUES ('10043', null, null, null);
INSERT INTO "sample_epaswmm"."inp_junction" VALUES ('10044', null, null, null);
INSERT INTO "sample_epaswmm"."inp_junction" VALUES ('10045', null, null, null);
INSERT INTO "sample_epaswmm"."inp_junction" VALUES ('10046', null, null, null);
INSERT INTO "sample_epaswmm"."inp_junction" VALUES ('10047', null, null, null);
INSERT INTO "sample_epaswmm"."inp_junction" VALUES ('10048', null, null, null);
INSERT INTO "sample_epaswmm"."inp_junction" VALUES ('10049', null, null, null);
INSERT INTO "sample_epaswmm"."inp_junction" VALUES ('10050', null, null, null);
INSERT INTO "sample_epaswmm"."inp_junction" VALUES ('10051', null, null, null);
INSERT INTO "sample_epaswmm"."inp_junction" VALUES ('10052', null, null, null);
INSERT INTO "sample_epaswmm"."inp_junction" VALUES ('10053', null, null, null);
INSERT INTO "sample_epaswmm"."inp_junction" VALUES ('10054', null, null, null);
INSERT INTO "sample_epaswmm"."inp_junction" VALUES ('10055', null, null, null);
INSERT INTO "sample_epaswmm"."inp_junction" VALUES ('10056', null, null, null);
INSERT INTO "sample_epaswmm"."inp_junction" VALUES ('10057', null, null, null);
INSERT INTO "sample_epaswmm"."inp_junction" VALUES ('10058', null, null, null);
INSERT INTO "sample_epaswmm"."inp_junction" VALUES ('10059', null, null, null);
INSERT INTO "sample_epaswmm"."inp_junction" VALUES ('10060', null, null, null);
INSERT INTO "sample_epaswmm"."inp_junction" VALUES ('10061', null, null, null);
INSERT INTO "sample_epaswmm"."inp_junction" VALUES ('10062', null, null, null);
INSERT INTO "sample_epaswmm"."inp_junction" VALUES ('10063', null, null, null);
INSERT INTO "sample_epaswmm"."inp_junction" VALUES ('10064', null, null, null);
INSERT INTO "sample_epaswmm"."inp_junction" VALUES ('10065', null, null, null);
INSERT INTO "sample_epaswmm"."inp_junction" VALUES ('10066', null, null, null);
INSERT INTO "sample_epaswmm"."inp_junction" VALUES ('10067', null, null, null);
INSERT INTO "sample_epaswmm"."inp_junction" VALUES ('10068', null, null, null);
INSERT INTO "sample_epaswmm"."inp_junction" VALUES ('10069', null, null, null);
INSERT INTO "sample_epaswmm"."inp_junction" VALUES ('10070', null, null, null);
INSERT INTO "sample_epaswmm"."inp_junction" VALUES ('10071', null, null, null);
INSERT INTO "sample_epaswmm"."inp_junction" VALUES ('10072', null, null, null);
INSERT INTO "sample_epaswmm"."inp_junction" VALUES ('10073', null, null, null);
INSERT INTO "sample_epaswmm"."inp_junction" VALUES ('10074', null, null, null);
INSERT INTO "sample_epaswmm"."inp_junction" VALUES ('10075', null, null, null);
INSERT INTO "sample_epaswmm"."inp_junction" VALUES ('10076', null, null, null);
INSERT INTO "sample_epaswmm"."inp_junction" VALUES ('10077', null, null, null);
INSERT INTO "sample_epaswmm"."inp_junction" VALUES ('10078', null, null, null);
INSERT INTO "sample_epaswmm"."inp_junction" VALUES ('10079', null, null, null);
INSERT INTO "sample_epaswmm"."inp_junction" VALUES ('10080', null, null, null);
INSERT INTO "sample_epaswmm"."inp_junction" VALUES ('10081', null, null, null);
INSERT INTO "sample_epaswmm"."inp_junction" VALUES ('10082', null, null, null);
INSERT INTO "sample_epaswmm"."inp_junction" VALUES ('10083', null, null, null);
INSERT INTO "sample_epaswmm"."inp_junction" VALUES ('10084', null, null, null);
INSERT INTO "sample_epaswmm"."inp_junction" VALUES ('10085', null, null, null);
INSERT INTO "sample_epaswmm"."inp_junction" VALUES ('10086', null, null, null);
INSERT INTO "sample_epaswmm"."inp_junction" VALUES ('10087', null, null, null);
INSERT INTO "sample_epaswmm"."inp_junction" VALUES ('10088', null, null, null);
INSERT INTO "sample_epaswmm"."inp_junction" VALUES ('10089', null, null, null);
INSERT INTO "sample_epaswmm"."inp_junction" VALUES ('10090', null, null, null);
INSERT INTO "sample_epaswmm"."inp_junction" VALUES ('10091', null, null, null);
INSERT INTO "sample_epaswmm"."inp_junction" VALUES ('10092', null, null, null);
INSERT INTO "sample_epaswmm"."inp_junction" VALUES ('10093', null, null, null);
INSERT INTO "sample_epaswmm"."inp_junction" VALUES ('10094', null, null, null);
INSERT INTO "sample_epaswmm"."inp_junction" VALUES ('10095', null, null, null);
INSERT INTO "sample_epaswmm"."inp_junction" VALUES ('10096', null, null, null);
INSERT INTO "sample_epaswmm"."inp_junction" VALUES ('10097', null, null, null);
INSERT INTO "sample_epaswmm"."inp_junction" VALUES ('10098', null, null, null);
INSERT INTO "sample_epaswmm"."inp_junction" VALUES ('10099', null, null, null);
INSERT INTO "sample_epaswmm"."inp_junction" VALUES ('10100', null, null, null);
INSERT INTO "sample_epaswmm"."inp_junction" VALUES ('10101', null, null, null);
INSERT INTO "sample_epaswmm"."inp_junction" VALUES ('10102', null, null, null);
INSERT INTO "sample_epaswmm"."inp_junction" VALUES ('10104', null, null, null);
INSERT INTO "sample_epaswmm"."inp_junction" VALUES ('10105', null, null, null);
INSERT INTO "sample_epaswmm"."inp_junction" VALUES ('10106', null, null, null);
INSERT INTO "sample_epaswmm"."inp_junction" VALUES ('10107', null, null, null);
INSERT INTO "sample_epaswmm"."inp_junction" VALUES ('10108', null, null, null);
INSERT INTO "sample_epaswmm"."inp_junction" VALUES ('10109', null, null, null);
INSERT INTO "sample_epaswmm"."inp_junction" VALUES ('10110', null, null, null);
INSERT INTO "sample_epaswmm"."inp_junction" VALUES ('10111', null, null, null);
INSERT INTO "sample_epaswmm"."inp_junction" VALUES ('10112', null, null, null);
INSERT INTO "sample_epaswmm"."inp_junction" VALUES ('10113', null, null, null);
INSERT INTO "sample_epaswmm"."inp_junction" VALUES ('10114', null, null, null);
INSERT INTO "sample_epaswmm"."inp_junction" VALUES ('10115', null, null, null);
INSERT INTO "sample_epaswmm"."inp_junction" VALUES ('10116', null, null, null);
INSERT INTO "sample_epaswmm"."inp_junction" VALUES ('10117', null, null, null);
INSERT INTO "sample_epaswmm"."inp_junction" VALUES ('10118', null, null, null);
INSERT INTO "sample_epaswmm"."inp_junction" VALUES ('10119', null, null, null);
INSERT INTO "sample_epaswmm"."inp_junction" VALUES ('10120', null, null, null);
INSERT INTO "sample_epaswmm"."inp_junction" VALUES ('10121', null, null, null);
INSERT INTO "sample_epaswmm"."inp_junction" VALUES ('10122', null, null, null);
INSERT INTO "sample_epaswmm"."inp_junction" VALUES ('10123', null, null, null);
INSERT INTO "sample_epaswmm"."inp_junction" VALUES ('10124', null, null, null);
INSERT INTO "sample_epaswmm"."inp_junction" VALUES ('10125', null, null, null);
INSERT INTO "sample_epaswmm"."inp_junction" VALUES ('10126', null, null, null);
INSERT INTO "sample_epaswmm"."inp_junction" VALUES ('10127', null, null, null);
INSERT INTO "sample_epaswmm"."inp_junction" VALUES ('10128', null, null, null);
INSERT INTO "sample_epaswmm"."inp_junction" VALUES ('10129', null, null, null);
INSERT INTO "sample_epaswmm"."inp_junction" VALUES ('10130', null, null, null);
INSERT INTO "sample_epaswmm"."inp_junction" VALUES ('10131', null, null, null);
INSERT INTO "sample_epaswmm"."inp_junction" VALUES ('10132', null, null, null);
INSERT INTO "sample_epaswmm"."inp_junction" VALUES ('10233', null, null, null);
COMMIT;

-- ----------------------------
-- Records of inp_label
-- ----------------------------
BEGIN;
COMMIT;

-- ----------------------------
-- Records of inp_landuses
-- ----------------------------
BEGIN;
COMMIT;

-- ----------------------------
-- Records of inp_lid_control
-- ----------------------------
BEGIN;
COMMIT;

-- ----------------------------
-- Records of inp_lidusage_subc_x_lidco
-- ----------------------------
BEGIN;
COMMIT;

-- ----------------------------
-- Records of inp_loadings_pol_x_subc
-- ----------------------------
BEGIN;
COMMIT;

-- ----------------------------
-- Records of inp_mapdim
-- ----------------------------
BEGIN;
COMMIT;

-- ----------------------------
-- Records of inp_mapunits
-- ----------------------------
BEGIN;
COMMIT;

-- ----------------------------
-- Records of inp_orifice
-- ----------------------------
BEGIN;
COMMIT;

-- ----------------------------
-- Records of inp_outfall
-- ----------------------------
BEGIN;
INSERT INTO "sample_epaswmm"."inp_outfall" VALUES ('10234', 'FREE', null, null, null, 'NO');
COMMIT;

-- ----------------------------
-- Records of inp_outlet
-- ----------------------------
BEGIN;
COMMIT;

-- ----------------------------
-- Records of inp_pattern
-- ----------------------------
BEGIN;
INSERT INTO "sample_epaswmm"."inp_pattern" VALUES ('pattern_01', 'DAILY', '1.0000', '1.0500', '1.1200', '1.1500', '1.0000', '0.7000', '0.6000', null, null, null, null, null, null, null, null, null, null, null, null, null, null, null, null, null);
INSERT INTO "sample_epaswmm"."inp_pattern" VALUES ('pattern_04', 'WEEKEND', '0.2000', '0.2000', '0.2500', '0.2600', '0.3000', '0.3000', '0.8000', '1.0000', '1.0000', '1.5000', '1.8000', '1.7000', '1.2000', '1.0000', '0.7000', '0.6000', '0.6000', '0.5000', '0.8000', '0.9000', '1.0000', '1.0000', '0.5000', '0.4000');
INSERT INTO "sample_epaswmm"."inp_pattern" VALUES ('pattern_02', 'HOURLY', '0.2000', '0.2000', '0.2500', '0.2600', '0.3000', '0.3000', '0.8000', '1.0000', '1.0000', '1.5000', '1.8000', '1.7000', '1.2000', '1.0000', '0.7000', '0.6000', '0.6000', '0.5000', '0.8000', '0.9000', '1.0000', '1.0000', '0.5000', '0.4000');
INSERT INTO "sample_epaswmm"."inp_pattern" VALUES ('pattern_03', 'MONTHLY', '0.5000', '0.7000', '0.8000', '0.9000', '1.0000', '1.1000', '1.2000', '1.0000', '1.1000', '0.9000', '0.7000', '0.6000', null, null, null, null, null, null, null, null, null, null, null, null);
COMMIT;

-- ----------------------------
-- Records of inp_pollutant
-- ----------------------------
BEGIN;
COMMIT;

-- ----------------------------
-- Records of inp_project_id
-- ----------------------------
BEGIN;
INSERT INTO "sample_epaswmm"."inp_project_id" VALUES ('Sewer system demo project', 'Giswater', 'Dec-2013');
COMMIT;

-- ----------------------------
-- Records of inp_pump
-- ----------------------------
BEGIN;
COMMIT;

-- ----------------------------
-- Records of inp_rdii
-- ----------------------------
BEGIN;
COMMIT;

-- ----------------------------
-- Records of inp_snowmelt
-- ----------------------------
BEGIN;
COMMIT;

-- ----------------------------
-- Records of inp_snowpack
-- ----------------------------
BEGIN;
COMMIT;

-- ----------------------------
-- Records of inp_storage
-- ----------------------------
BEGIN;
COMMIT;

-- ----------------------------
-- Records of inp_temperature
-- ----------------------------
BEGIN;
COMMIT;

-- ----------------------------
-- Records of inp_timeseries
-- ----------------------------
BEGIN;
INSERT INTO "sample_epaswmm"."inp_timeseries" VALUES (16, 'T10-5m', '', '', '0:00', '1.7800', '');
INSERT INTO "sample_epaswmm"."inp_timeseries" VALUES (21, 'T10-5m', '', '', '0:05', '2.0800', '');
INSERT INTO "sample_epaswmm"."inp_timeseries" VALUES (22, 'T10-5m', '', '', '0:10', '2.5200', '');
INSERT INTO "sample_epaswmm"."inp_timeseries" VALUES (23, 'T10-5m', '', '', '0:15', '3.2500', '');
INSERT INTO "sample_epaswmm"."inp_timeseries" VALUES (24, 'T10-5m', '', '', '0:20', '4.7800', '');
INSERT INTO "sample_epaswmm"."inp_timeseries" VALUES (25, 'T10-5m', '', '', '0:25', '15.5200', '');
INSERT INTO "sample_epaswmm"."inp_timeseries" VALUES (26, 'T10-5m', '', '', '0:30', '6.5800', '');
INSERT INTO "sample_epaswmm"."inp_timeseries" VALUES (27, 'T10-5m', '', '', '0:35', '3.8400', '');
INSERT INTO "sample_epaswmm"."inp_timeseries" VALUES (28, 'T10-5m', '', '', '0:40', '2.8300', '');
INSERT INTO "sample_epaswmm"."inp_timeseries" VALUES (29, 'T10-5m', '', '', '0:45', '2.2800', '');
INSERT INTO "sample_epaswmm"."inp_timeseries" VALUES (30, 'T10-5m', '', '', '0:50', '1.9200', '');
INSERT INTO "sample_epaswmm"."inp_timeseries" VALUES (31, 'T10-5m', '', '', '0:55', '1.6600', '');
INSERT INTO "sample_epaswmm"."inp_timeseries" VALUES (32, 'T100-5m', '', '', '0:00', '1.7800', '');
INSERT INTO "sample_epaswmm"."inp_timeseries" VALUES (33, 'T100-5m', '', '', '0:05', '2.1500', '');
INSERT INTO "sample_epaswmm"."inp_timeseries" VALUES (34, 'T100-5m', '', '', '0:10', '4.2200', '');
INSERT INTO "sample_epaswmm"."inp_timeseries" VALUES (35, 'T100-5m', '', '', '0:15', '6.9900', '');
INSERT INTO "sample_epaswmm"."inp_timeseries" VALUES (36, 'T100-5m', '', '', '0:20', '12.8800', '');
INSERT INTO "sample_epaswmm"."inp_timeseries" VALUES (37, 'T100-5m', '', '', '0:25', '28.7500', '');
INSERT INTO "sample_epaswmm"."inp_timeseries" VALUES (38, 'T100-5m', '', '', '0:30', '12.1500', '');
INSERT INTO "sample_epaswmm"."inp_timeseries" VALUES (39, 'T100-5m', '', '', '0:35', '10.2000', '');
INSERT INTO "sample_epaswmm"."inp_timeseries" VALUES (40, 'T100-5m', '', '', '0:40', '5.2500', '');
INSERT INTO "sample_epaswmm"."inp_timeseries" VALUES (41, 'T100-5m', '', '', '0:45', '3.2500', '');
INSERT INTO "sample_epaswmm"."inp_timeseries" VALUES (42, 'T100-5m', '', '', '0:50', '2.9200', '');
INSERT INTO "sample_epaswmm"."inp_timeseries" VALUES (43, 'T100-5m', '', '', '0:55', '2.9900', '');
COMMIT;

-- ----------------------------
-- Records of inp_transects
-- ----------------------------
BEGIN;
COMMIT;

-- ----------------------------
-- Records of inp_treatment_node_x_pol
-- ----------------------------
BEGIN;
COMMIT;

-- ----------------------------
-- Records of inp_washoff_land_x_pol
-- ----------------------------
BEGIN;
COMMIT;

-- ----------------------------
-- Records of inp_weir
-- ----------------------------
BEGIN;
COMMIT;

-- ----------------------------
-- Records of inp_windspeed
-- ----------------------------
BEGIN;
COMMIT;


-- ----------------------------
-- Records of raingage
-- ----------------------------
BEGIN;
INSERT INTO "sample_epaswmm"."raingage" VALUES ('41', 'VOLUME', '0:05', '1.0000', 'TIMESERIES', 'T100-5m', null, null, null, '', '0101000020F7590000E44B2C9DB99A1941A31DEC7CCF755141');
COMMIT;

-- ----------------------------
-- Records of result_selection
-- ----------------------------
BEGIN;
COMMIT;


-- ----------------------------
-- Records of sector_selection
-- ----------------------------
BEGIN;
INSERT INTO "sample_epaswmm"."sector_selection" VALUES ('51');
COMMIT;

-- ----------------------------
-- Records of subcatchment
-- ----------------------------
BEGIN;
INSERT INTO "sample_epaswmm"."subcatchment" VALUES ('30029', '10029', '41', '0.275643', '90.0000', '41.1100', '18.1085', '67.0500', '', '0.0130', '0.0250', '1.7779', '0.0000', '0.0000', 'IMPERVIOUS', '100.0000', null, null, null, null, null, null, null, null, '83.0000', '0.0000', '10.0000', '51', null, '0106000020F75900000100000001030000000100000017000000B483F755AD92194172123572E0755141CB4AFAD2E892194134955B20CF755141C6E67A8BE8911941EE8A1A0CD2755141CBA145B6E8911941C520B042D27551414A0C02ABEA911941F0A7C63BD375514123DBF97EED911941CFF75333D4755141E17A142EF191194100000028D5755141115839B4F59119415839B418D675514117D9CEF7FA9119419EEFA7F6D6755141F4FDD4F8009219419CC420D0D7755141333333B307921941C3F528A4D87551413108AC1C0F92194183C0CA71D97551412506811512921941941804BED9755141508D976E15921941B4C87606DA755141A69BC420519219413BDF4FD5DD755141DBF97EEA649219410AD7A370DE755141713D0A576D9219414A0C02C3DE7551412B8716D975921941B81E8513DF755141AC1C5A647E921941E8FBA961DF755141CDCCCC4C8992194196438BB4DF755141DBF97E6A949219416F128300E0755141B483F755AD92194172123572E0755141B483F755AD92194172123572E0755141');
INSERT INTO "sample_epaswmm"."subcatchment" VALUES ('30030', '10030', '41', '0.295895', '90.0000', '52.7000', '13.0801', '56.1500', '', '0.0130', '0.0250', '2.0851', '0.0000', '0.0000', 'IMPERVIOUS', '100.0000', null, null, null, null, null, null, null, null, '83.0000', '0.0000', '10.0000', '51', null, '0106000020F75900000100000001030000000100000009000000C6E67A8BE8911941EE8A1A0CD2755141CB4AFAD2E892194134955B20CF75514126CA32E4EA9219418CE33302CF75514114882FD9DD9219416346BAABC975514127E523EA64921941F1E8C673C3755141399ACAC5DF911941007542A9C37551417F6ABC74E291194117D9CE47CA755141C6E67A8BE8911941EE8A1A0CD2755141C6E67A8BE8911941EE8A1A0CD2755141');
INSERT INTO "sample_epaswmm"."subcatchment" VALUES ('30031', '10031', '41', '0.121294', '90.0000', '30.2200', '12.6305', '40.1400', '', '0.0130', '0.0250', '2.1211', '0.0000', '0.0000', 'IMPERVIOUS', '100.0000', null, null, null, null, null, null, null, null, '83.0000', '0.0000', '10.0000', '51', null, '0106000020F75900000100000001030000000100000006000000399ACAC5DF911941007542A9C375514127E523EA64921941F1E8C673C37551410D5D219E4992194117FA3B88B9755141D8E81BB8DB91194137B583A9B9755141399ACAC5DF911941007542A9C3755141399ACAC5DF911941007542A9C3755141');
INSERT INTO "sample_epaswmm"."subcatchment" VALUES ('30032', '10032', '41', '0.179721', '90.0000', '44.7700', '11.1038', '40.1400', '', '0.0130', '0.0250', '2.2593', '0.0000', '0.0000', 'IMPERVIOUS', '100.0000', null, null, null, null, null, null, null, null, '83.0000', '0.0000', '10.0000', '51', null, '0106000020F75900000100000001030000000100000008000000D8E81BB8DB91194137B583A9B97551410D5D219E4992194117FA3B88B9755141757731FBCF921941CEEFA25CAF7551416753A07DD0921941D3700D44AF75514104892A4FD8911941C7671BB2AF7551411904560EDB911941EC51B806B8755141D8E81BB8DB91194137B583A9B9755141D8E81BB8DB91194137B583A9B9755141');
INSERT INTO "sample_epaswmm"."subcatchment" VALUES ('30033', '10033', '41', '0.219874', '90.0000', '55.2200', '5.6902', '39.8200', '', '0.0130', '0.0250', '3.1351', '0.0000', '0.0000', 'IMPERVIOUS', '100.0000', null, null, null, null, null, null, null, null, '83.0000', '0.0000', '10.0000', '51', null, '0106000020F7590000010000000103000000010000000900000004892A4FD8911941C7671BB2AF7551416753A07DD0921941D3700D44AF75514164245FF4EB921941BB1C8B2DAD755141EC90C98A64921941C4003D7EA57551416A7D3121D59119415F2AD5B1A57551415FE25348D7911941FF169715AB755141037A5768D791194194BA0CF6AC75514104892A4FD8911941C7671BB2AF75514104892A4FD8911941C7671BB2AF755141');
INSERT INTO "sample_epaswmm"."subcatchment" VALUES ('30034', '10034', '41', '0.131316', '90.0000', '32.9800', '4.1007', '39.8200', '', '0.0130', '0.0250', '3.6810', '0.0000', '0.0000', 'IMPERVIOUS', '100.0000', null, null, null, null, null, null, null, null, '83.0000', '0.0000', '10.0000', '51', null, '0106000020F759000001000000010300000001000000060000006A7D3121D59119415F2AD5B1A5755141EC90C98A64921941C4003D7EA57551418CD5262848921941422B83809B7551413FEA6525D19119417CF7C9B89B7551416A7D3121D59119415F2AD5B1A57551416A7D3121D59119415F2AD5B1A5755141');
INSERT INTO "sample_epaswmm"."subcatchment" VALUES ('30035', '10035', '41', '0.247223', '90.0000', '59.4000', '4.7022', '41.6200', '', '0.0130', '0.0250', '3.4422', '0.0000', '0.0000', 'IMPERVIOUS', '100.0000', null, null, null, null, null, null, null, null, '83.0000', '0.0000', '10.0000', '51', null, '0106000020F759000001000000010300000001000000080000006B9B2683A59319416C838D47967551413C194646E59319418531BE7EA9755141A636D5A2E693194111CBDD80A9755141DC2E6AF1EC9319419E1BB334A9755141BFCD0D2968941941886F2ABD9D7551419B84248A4994194142BDD834947551416B9B2683A59319416C838D47967551416B9B2683A59319416C838D4796755141');
INSERT INTO "sample_epaswmm"."subcatchment" VALUES ('30036', '10036', '41', '0.203814', '90.0000', '55.8400', '7.6052', '36.5000', '', '0.0130', '0.0250', '2.7197', '0.0000', '0.0000', 'IMPERVIOUS', '100.0000', null, null, null, null, null, null, null, null, '81.9704', '0.0000', '10.0000', '51', null, '0106000020F759000001000000010300000001000000060000009B84248A4994194142BDD83494755141BFCD0D2968941941886F2ABD9D755141EB89159CF89419416A741CFF9B755141AEB841C8BA9419411501B4218A7551419B84248A4994194142BDD834947551419B84248A4994194142BDD83494755141');
INSERT INTO "sample_epaswmm"."subcatchment" VALUES ('30037', '10037', '41', '0.364029', '90.0000', '93.9200', '6.9054', '38.7600', '', '0.0130', '0.0250', '2.8514', '0.0000', '0.0000', 'IMPERVIOUS', '100.0000', null, null, null, null, null, null, null, null, '83.0000', '0.0000', '10.0000', '51', null, '0106000020F7590000010000000103000000010000000700000030385A8684961941FDC20D19A57551417FEEA362CE96194116DB9E6CA275514170476B778A9619414B3DDBFB8C7551418EE2DC73F29519412E797BDA8E75514103017DE23896194145067651A675514130385A8684961941FDC20D19A575514130385A8684961941FDC20D19A5755141');
INSERT INTO "sample_epaswmm"."subcatchment" VALUES ('30038', '10038', '41', '0.347967', '90.0000', '87.3600', '10.7699', '39.8300', '', '0.0130', '0.0250', '2.2934', '0.0000', '0.0000', 'IMPERVIOUS', '100.0000', null, null, null, null, null, null, null, null, '83.0000', '0.0000', '10.0000', '51', null, '0106000020F75900000100000001030000000100000009000000855EC749E9961941A13D0C3E8475514170476B778A9619414B3DDBFB8C7551417FEEA362CE96194116DB9E6CA2755141B1646C82D596194136CEC750A27551414B6FE8BE109719415EC0C0FC9E755141C8F9193C489719418A0B017596755141C9CA7B5C1497194152E2095A86755141855EC749E9961941A13D0C3E84755141855EC749E9961941A13D0C3E84755141');
INSERT INTO "sample_epaswmm"."subcatchment" VALUES ('30039', '10039', '41', '0.189758', '90.0000', '51.6300', '10.5476', '36.7500', '', '0.0130', '0.0250', '2.3170', '0.0000', '0.0000', 'IMPERVIOUS', '100.0000', null, null, null, null, null, null, null, null, '83.0000', '0.0000', '10.0000', '51', null, '0106000020F75900000100000001030000000100000006000000C8F9193C489719418A0B017596755141829F79BEC79719410791668591755141040867FEBC9719412D70FF9188755141C9CA7B5C1497194152E2095A86755141C8F9193C489719418A0B017596755141C8F9193C489719418A0B017596755141');
INSERT INTO "sample_epaswmm"."subcatchment" VALUES ('30040', '10040', '41', '0.221029', '75.0000', '55.9400', '7.3046', '39.5100', '', '0.0130', '0.0250', '2.7740', '0.0000', '0.0000', 'IMPERVIOUS', '100.0000', null, null, null, null, null, null, null, null, '79.9355', '0.0000', '10.0000', '51', null, '0106000020F75900000100000001030000000100000006000000829F79BEC79719410791668591755141E8F78E035B981941648429D49575514159C0E198709819419D01B2B683755141040867FEBC9719412D70FF9188755141829F79BEC79719410791668591755141829F79BEC79719410791668591755141');
INSERT INTO "sample_epaswmm"."subcatchment" VALUES ('30041', '10041', '41', '0.450320', '90.0000', '106.3300', '6.2251', '42.3500', '', '0.0130', '0.0250', '3.0001', '0.0000', '0.0000', 'IMPERVIOUS', '100.0000', null, null, null, null, null, null, null, null, '81.0600', '0.0000', '10.0000', '51', null, '0106000020F7590000010000000103000000010000000A00000059C0E198709819419D01B2B683755141E8F78E035B981941648429D4957551417792C1007F981941469FB95C9A755141FBB9BAD1BE9819412F30B6329B755141E4CF6AD502991941DD7998CB9575514131839E28279919412981FD7D7F755141797BCF811D99194149644BFF7E755141D4277499CB9819410C87FADE7C75514159C0E198709819419D01B2B68375514159C0E198709819419D01B2B683755141');
INSERT INTO "sample_epaswmm"."subcatchment" VALUES ('30042', '10042', '41', '0.305802', '90.0000', '75.8100', '5.8961', '40.3400', '', '0.0130', '0.0250', '3.0810', '0.0000', '0.0000', 'IMPERVIOUS', '100.0000', null, null, null, null, null, null, null, null, '83.0000', '0.0000', '10.0000', '51', null, '0106000020F75900000100000001030000000100000008000000E4CF6AD502991941DD7998CB95755141DD686C63A7991941BC99A48193755141EB5F9E2CBE99194182DC1F8485755141BB01C663B799194161FDB51684755141B5CEAE889B991941FD652B7A8275514131839E28279919412981FD7D7F755141E4CF6AD502991941DD7998CB95755141E4CF6AD502991941DD7998CB95755141');
INSERT INTO "sample_epaswmm"."subcatchment" VALUES ('30043', '10043', '41', '0.142615', '90.0000', '35.4300', '4.8582', '40.2500', '', '0.0130', '0.0250', '3.3876', '0.0000', '0.0000', 'IMPERVIOUS', '100.0000', null, null, null, null, null, null, null, null, '83.0000', '0.0000', '10.0000', '51', null, '0106000020F75900000100000001030000000100000006000000EB5F9E2CBE99194182DC1F8485755141DD686C63A7991941BC99A481937551414B5FEBE2D1991941917A677A967551411B6EE04B4B9A1941D8697AD98F755141EB5F9E2CBE99194182DC1F8485755141EB5F9E2CBE99194182DC1F8485755141');
INSERT INTO "sample_epaswmm"."subcatchment" VALUES ('30044', '10044', '41', '0.168557', '90.0000', '44.8300', '5.1787', '37.6000', '', '0.0130', '0.0250', '3.2832', '0.0000', '0.0000', 'IMPERVIOUS', '100.0000', null, null, null, null, null, null, null, null, '83.0000', '0.0000', '10.0000', '51', null, '0106000020F75900000100000001030000000100000007000000BB01C663B799194161FDB51684755141EB5F9E2CBE99194182DC1F84857551411B6EE04B4B9A1941D8697AD98F7551412E33F4C2BD9A1941D4769E99897551417D86FDEF719A19414350235084755141BB01C663B799194161FDB51684755141BB01C663B799194161FDB51684755141');
INSERT INTO "sample_epaswmm"."subcatchment" VALUES ('30045', '10045', '41', '0.119668', '90.0000', '29.4500', '5.8303', '40.6400', '', '0.0130', '0.0250', '3.0980', '0.0000', '0.0000', 'IMPERVIOUS', '100.0000', null, null, null, null, null, null, null, null, '83.0000', '0.0000', '10.0000', '51', null, '0106000020F7590000010000000103000000010000000A000000569A3CECED9A194177259C137D7551417D86FDEF719A194143502350847551412E33F4C2BD9A1941D4769E9989755141AE47E17AF09A19417F6ABCD48675514115AE4761039B1941B07268C9857551410C022B87169B194108AC1CC284755141B81E85EB299B194123DBF9BE83755141FF5E0C6B369B194181F6AE1C83755141569A3CECED9A194177259C137D755141569A3CECED9A194177259C137D755141');
INSERT INTO "sample_epaswmm"."subcatchment" VALUES ('30046', '10046', '41', '0.127353', '90.0000', '31.9800', '3.6985', '39.8200', '', '0.0130', '0.0250', '3.8720', '0.0000', '0.0000', 'IMPERVIOUS', '100.0000', null, null, null, null, null, null, null, null, '83.0000', '0.0000', '10.0000', '51', null, '0106000020F759000001000000010300000001000000070000003FEA6525D19119417CF7C9B89B7551418CD5262848921941422B83809B7551415742012A7C9219416BB7E2E59675514152BEED64009219411B4154A19175514190D02127CD911941BA3F8FB9917551413FEA6525D19119417CF7C9B89B7551413FEA6525D19119417CF7C9B89B755141');
INSERT INTO "sample_epaswmm"."subcatchment" VALUES ('30047', '10047', '41', '0.092237', '90.0000', '23.1800', '4.2790', '39.8000', '', '0.0130', '0.0250', '3.6050', '0.0000', '0.0000', 'IMPERVIOUS', '100.0000', null, null, null, null, null, null, null, null, '83.0000', '0.0000', '10.0000', '51', null, '0106000020F7590000010000000103000000010000000600000090D02127CD911941BA3F8FB99175514152BEED64009219411B4154A191755141010202504E9219413EB15D7B877551417DAADD28C9911941F16854BA8775514190D02127CD911941BA3F8FB99175514190D02127CD911941BA3F8FB991755141');
INSERT INTO "sample_epaswmm"."subcatchment" VALUES ('30048', '10048', '41', '0.182975', '90.0000', '45.1900', '6.5784', '40.4900', '', '0.0130', '0.0250', '2.9200', '0.0000', '0.0000', 'IMPERVIOUS', '100.0000', null, null, null, null, null, null, null, null, '83.0000', '0.0000', '10.0000', '51', null, '0106000020F759000001000000010300000001000000070000007DAADD28C9911941F16854BA87755141010202504E9219413EB15D7B8775514154CE07E265921941189FD3D186755141B9DD8FF99A9219410345FF557D7551411A97992AC5911941F2C019BB7D7551417DAADD28C9911941F16854BA877551417DAADD28C9911941F16854BA87755141');
INSERT INTO "sample_epaswmm"."subcatchment" VALUES ('30049', '10049', '41', '0.248776', '90.0000', '57.5900', '4.4087', '43.2000', '', '0.0130', '0.0250', '3.5527', '0.0000', '0.0000', 'IMPERVIOUS', '100.0000', null, null, null, null, null, null, null, null, '83.0000', '0.0000', '10.0000', '51', null, '0106000020F759000001000000010300000001000000090000001A97992AC5911941F2C019BB7D755141B9DD8FF99A9219410345FF557D755141A8973FA7CD9219412C087C057A7551412B1BF224DF921941B7EC2DA676755141556F61D8BD9219418F35D858757551415A65F64AC2911941F621946072755141DBF97EEAC2911941F4FDD418787551411A97992AC5911941F2C019BB7D7551411A97992AC5911941F2C019BB7D755141');
INSERT INTO "sample_epaswmm"."subcatchment" VALUES ('30050', '10050', '41', '0.169513', '90.0000', '41.9400', '2.1786', '40.4200', '', '0.0130', '0.0250', '5.0183', '0.0000', '0.0000', 'IMPERVIOUS', '100.0000', null, null, null, null, null, null, null, null, '83.0000', '0.0000', '10.0000', '51', null, '0106000020F759000001000000010300000001000000090000005A65F64AC2911941F621946072755141556F61D8BD9219418F35D858757551417E0F85A03792194178F872946875514139B4C8761D92194179E926A96975514167666666ED9119411F85EB896B755141FA8CBD8BDE911941C5B4B5556B755141AE92D1F4C19119417DC1EB496F7551415A65F64AC2911941F6219460727551415A65F64AC2911941F621946072755141');
INSERT INTO "sample_epaswmm"."subcatchment" VALUES ('30051', '10051', '41', '0.363703', '90.0000', '80.6600', '3.0250', '45.0900', '', '0.0130', '0.0250', '4.2728', '0.0000', '0.0000', 'IMPERVIOUS', '100.0000', null, null, null, null, null, null, null, null, '83.0000', '0.0000', '10.0000', '51', null, '0106000020F759000001000000010300000001000000080000005742012A7C9219416BB7E2E5967551418CD5262848921941422B83809B755141EC90C98A64921941C4003D7EA575514164245FF4EB921941BB1C8B2DAD75514163A3458E34931941A4DE03B2AB7551419D77F956E5921941FBE25A36947551415742012A7C9219416BB7E2E5967551415742012A7C9219416BB7E2E596755141');
INSERT INTO "sample_epaswmm"."subcatchment" VALUES ('30052', '10052', '41', '0.436783', '90.0000', '96.7200', '5.9957', '45.1600', '', '0.0130', '0.0250', '3.0558', '0.0000', '0.0000', 'IMPERVIOUS', '100.0000', null, null, null, null, null, null, null, null, '83.0000', '0.0000', '10.0000', '51', null, '0106000020F75900000100000001030000000100000009000000CA24D6955F93194143E9C8D7AB7551413C194646E59319418531BE7EA97551416B9B2683A59319416C838D479675514100E8E294439319410BF5B5A891755141D5AE9BD4ED9219410BCE1083937551419D77F956E5921941FBE25A369475514163A3458E34931941A4DE03B2AB755141CA24D6955F93194143E9C8D7AB755141CA24D6955F93194143E9C8D7AB755141');
INSERT INTO "sample_epaswmm"."subcatchment" VALUES ('30053', '10053', '41', '0.296098', '90.0000', '73.4900', '17.6509', '40.2900', '', '0.0130', '0.0250', '1.8003', '0.0000', '0.0000', 'IMPERVIOUS', '100.0000', null, null, null, null, null, null, null, null, '83.9466', '0.0000', '10.0000', '51', null, '0106000020F759000001000000010300000001000000070000000D5D219E4992194117FA3B88B975514127E523EA64921941F1E8C673C375514114882FD9DD9219416346BAABC975514120968B270993194140E6B223C4755141757731FBCF921941CEEFA25CAF7551410D5D219E4992194117FA3B88B97551410D5D219E4992194117FA3B88B9755141');
INSERT INTO "sample_epaswmm"."subcatchment" VALUES ('30054', '10054', '41', '0.328662', '90.0000', '84.5100', '15.4318', '38.8900', '', '0.0130', '0.0250', '1.9228', '0.0000', '0.0000', 'IMPERVIOUS', '100.0000', null, null, null, null, null, null, null, null, '83.9026', '0.0000', '10.0000', '51', null, '0106000020F75900000100000001030000000100000009000000F35D69AF9D9319416399F037BE755141CA24D6955F93194143E9C8D7AB75514163A3458E34931941A4DE03B2AB75514164245FF4EB921941BB1C8B2DAD7551416753A07DD0921941D3700D44AF755141757731FBCF921941CEEFA25CAF75514120968B270993194140E6B223C4755141F35D69AF9D9319416399F037BE755141F35D69AF9D9319416399F037BE755141');
INSERT INTO "sample_epaswmm"."subcatchment" VALUES ('30055', '10055', '41', '0.368615', '65.0000', '82.2400', '11.9286', '44.8200', '', '0.0130', '0.0250', '2.1814', '0.0000', '0.0000', 'IMPERVIOUS', '100.0000', null, null, null, null, null, null, null, null, '88.8614', '0.0000', '10.0000', '51', null, '0106000020F7590000010000000103000000010000000B0000001BB7543C4D941941747480C6C1755141F35D69AF9D9319416399F037BE75514120968B270993194140E6B223C475514114882FD9DD9219416346BAABC975514126CA32E4EA9219418CE33302CF755141A644271B06931941E240BD71CF755141CDA6FC5B4B931941C1A4F201CF755141D224F1995A941941247AEED5C37551414E98E7A860941941026B6AFBC27551411BB7543C4D941941747480C6C17551411BB7543C4D941941747480C6C1755141');
INSERT INTO "sample_epaswmm"."subcatchment" VALUES ('30056', '10056', '41', '0.207522', '65.0000', '60.1000', '12.7961', '34.5300', '', '0.0130', '0.0250', '2.1076', '0.0000', '0.0000', 'IMPERVIOUS', '100.0000', null, null, null, null, null, null, null, null, '88.3876', '0.0000', '10.0000', '51', null, '0106000020F75900000100000001030000000100000006000000B0982268F093194198C28664D37551413DA8293D67941941706A0381CC755141D224F1995A941941247AEED5C3755141CDA6FC5B4B931941C1A4F201CF755141B0982268F093194198C28664D3755141B0982268F093194198C28664D3755141');
INSERT INTO "sample_epaswmm"."subcatchment" VALUES ('30057', '10057', '41', '0.349293', '90.0000', '87.4100', '12.2943', '39.9600', '', '0.0130', '0.0250', '2.1494', '0.0000', '0.0000', 'IMPERVIOUS', '100.0000', null, null, null, null, null, null, null, null, '85.6663', '0.0000', '10.0000', '51', null, '0106000020F75900000100000001030000000100000008000000F35D69AF9D9319416399F037BE7551411BB7543C4D941941747480C6C17551417212DFE6019419416E66DB7BAB755141A636D5A2E693194111CBDD80A97551413C194646E59319418531BE7EA9755141CA24D6955F93194143E9C8D7AB755141F35D69AF9D9319416399F037BE755141F35D69AF9D9319416399F037BE755141');
INSERT INTO "sample_epaswmm"."subcatchment" VALUES ('30058', '10058', '41', '0.292487', '90.0000', '79.2900', '12.8049', '36.8900', '', '0.0130', '0.0250', '2.1069', '0.0000', '0.0000', 'IMPERVIOUS', '100.0000', null, null, null, null, null, null, null, null, '84.5201', '0.0000', '10.0000', '51', null, '0106000020F7590000010000000103000000010000000900000026E82783DA9419416A9BE1FEBD7551417923BE7DA99419412550F014B17551417212DFE6019419416E66DB7BAB7551411BB7543C4D941941747480C6C17551414E98E7A860941941026B6AFBC27551419CBC0CFCB4941941147656C2C1755141E014AABBBA94194187E3D176C175514126E82783DA9419416A9BE1FEBD75514126E82783DA9419416A9BE1FEBD755141');
INSERT INTO "sample_epaswmm"."subcatchment" VALUES ('30059', '10059', '41', '0.285528', '90.0000', '40.2400', '17.0856', '70.9500', '', '0.0130', '0.0250', '1.8293', '0.0000', '0.0000', 'IMPERVIOUS', '100.0000', null, null, null, null, null, null, null, null, '83.0000', '0.0000', '10.0000', '51', null, '0106000020F7590000010000000103000000010000000600000026E82783DA9419416A9BE1FEBD75514112AEF50BC29519412A8561B5B4755141965D75D2E9951941FE83FA25AD7551417923BE7DA99419412550F014B175514126E82783DA9419416A9BE1FEBD75514126E82783DA9419416A9BE1FEBD755141');
INSERT INTO "sample_epaswmm"."subcatchment" VALUES ('30060', '10060', '41', '0.213486', '90.0000', '73.1900', '7.5658', '29.1700', '', '0.0130', '0.0250', '2.7266', '0.0000', '0.0000', 'IMPERVIOUS', '100.0000', null, null, null, null, null, null, null, null, '83.0000', '0.0000', '10.0000', '51', null, '0106000020F75900000100000001030000000100000007000000A639CDA28E951941E6B31925C475514125DB3AD5CD9519419E08DF08B875514112AEF50BC29519412A8561B5B475514126E82783DA9419416A9BE1FEBD755141E014AABBBA94194187E3D176C1755141A639CDA28E951941E6B31925C4755141A639CDA28E951941E6B31925C4755141');
INSERT INTO "sample_epaswmm"."subcatchment" VALUES ('30061', '10061', '41', '0.446930', '90.0000', '113.1800', '4.6876', '39.4900', '', '0.0130', '0.0250', '3.4474', '0.0000', '0.0000', 'IMPERVIOUS', '100.0000', null, null, null, null, null, null, null, null, '83.0000', '0.0000', '10.0000', '51', null, '0106000020F7590000010000000103000000010000000A0000004EF6B0A816961941623DE77CA7755141AA539D44AF951941FC7C1AADA3755141DC2E6AF1EC9319419E1BB334A9755141A636D5A2E693194111CBDD80A97551417212DFE6019419416E66DB7BAB7551417923BE7DA99419412550F014B1755141965D75D2E9951941FE83FA25AD755141082195CE02961941AB9205F7AA7551414EF6B0A816961941623DE77CA77551414EF6B0A816961941623DE77CA7755141');
INSERT INTO "sample_epaswmm"."subcatchment" VALUES ('30062', '10062', '41', '0.301836', '90.0000', '77.2200', '4.4818', '39.0900', '', '0.0130', '0.0250', '3.5241', '0.0000', '0.0000', 'IMPERVIOUS', '100.0000', null, null, null, null, null, null, null, null, '83.0000', '0.0000', '10.0000', '51', null, '0106000020F75900000100000001030000000100000007000000EB89159CF89419416A741CFF9B755141BFCD0D2968941941886F2ABD9D755141DC2E6AF1EC9319419E1BB334A9755141AA539D44AF951941FC7C1AADA3755141535F15BC9995194122FED613A2755141EB89159CF89419416A741CFF9B755141EB89159CF89419416A741CFF9B755141');
INSERT INTO "sample_epaswmm"."subcatchment" VALUES ('30063', '10063', '41', '0.347671', '75.0000', '100.0200', '7.2350', '34.7600', '', '0.0130', '0.0250', '2.7870', '0.0000', '0.0000', 'IMPERVIOUS', '100.0000', null, null, null, null, null, null, null, null, '79.0585', '0.0000', '10.0000', '51', null, '0106000020F75900000100000001030000000100000009000000535F15BC9995194122FED613A275514193B7988A45951941BB52F1DF87755141D14D66EB3B9519415C2A2126877551418DB084930D9519417C86A065857551418B738927C69419419FCC19D087755141AEB841C8BA9419411501B4218A755141EB89159CF89419416A741CFF9B755141535F15BC9995194122FED613A2755141535F15BC9995194122FED613A2755141');
INSERT INTO "sample_epaswmm"."subcatchment" VALUES ('30064', '10064', '41', '0.389672', '90.0000', '107.0900', '4.1347', '36.3900', '', '0.0130', '0.0250', '3.6661', '0.0000', '0.0000', 'IMPERVIOUS', '100.0000', null, null, null, null, null, null, null, null, '83.0000', '0.0000', '10.0000', '51', null, '0106000020F759000001000000010300000001000000080000008EE2DC73F29519412E797BDA8E75514193B7988A45951941BB52F1DF87755141535F15BC9995194122FED613A2755141AA539D44AF951941FC7C1AADA37551414EF6B0A816961941623DE77CA775514103017DE23896194145067651A67551418EE2DC73F29519412E797BDA8E7551418EE2DC73F29519412E797BDA8E755141');
INSERT INTO "sample_epaswmm"."subcatchment" VALUES ('30065', '10065', '41', '0.236537', '90.0000', '58.2300', '3.3808', '40.6200', '', '0.0130', '0.0250', '4.0462', '0.0000', '0.0000', 'IMPERVIOUS', '100.0000', null, null, null, null, null, null, null, null, '83.0000', '0.0000', '10.0000', '51', null, '0106000020F7590000010000000103000000010000000A0000007E0F85A03792194178F8729468755141556F61D8BD9219418F35D858757551412B1BF224DF921941B7EC2DA6767551415A55A048F092194143580CF775755141D58F362715931941FD3B623670755141A2CDEAF501931941409C8F9D69755141CF7F6F1ABD9219412177CA106375514146B6F3FDB79219418716D946637551417E0F85A03792194178F87294687551417E0F85A03792194178F8729468755141');
INSERT INTO "sample_epaswmm"."subcatchment" VALUES ('30066', '10066', '41', '0.096058', '90.0000', '23.6800', '8.3773', '40.5700', '', '0.0130', '0.0250', '2.5938', '0.0000', '0.0000', 'IMPERVIOUS', '100.0000', null, null, null, null, null, null, null, null, '84.0173', '0.0000', '10.0000', '51', null, '0106000020F75900000100000001030000000100000008000000CF7F6F1ABD9219412177CA1063755141A2CDEAF501931941409C8F9D6975514106C65EBB629319418F73DB3E60755141B138586E32931941886AF9CA5B75514148CD89C2219319414A4D3D785C755141E3A59B442D931941022B876E5E755141CF7F6F1ABD9219412177CA1063755141CF7F6F1ABD9219412177CA1063755141');
INSERT INTO "sample_epaswmm"."subcatchment" VALUES ('30067', '10067', '41', '0.282427', '90.0000', '55.6800', '2.8008', '50.7200', '', '0.0130', '0.0250', '4.4371', '0.0000', '0.0000', 'IMPERVIOUS', '100.0000', null, null, null, null, null, null, null, null, '83.0000', '0.0000', '10.0000', '51', null, '0106000020F75900000100000001030000000100000008000000C937860FEA931941066E41217E7551414F7CB595B093194181D19F9A787551415A55A048F092194143580CF7757551412B1BF224DF921941B7EC2DA676755141A8973FA7CD9219412C087C057A755141235BC5A464931941E2127A2488755141C937860FEA931941066E41217E755141C937860FEA931941066E41217E755141');
INSERT INTO "sample_epaswmm"."subcatchment" VALUES ('30068', '10068', '41', '0.479874', '90.0000', '74.3600', '5.2404', '64.5300', '', '0.0130', '0.0250', '3.2642', '0.0000', '0.0000', 'IMPERVIOUS', '100.0000', null, null, null, null, null, null, null, null, '80.8677', '0.0000', '10.0000', '51', null, '0106000020F759000001000000010300000001000000090000007C8ECFD4AC94194191F5DA76877551418B738927C69419419FCC19D0877551418DB084930D9519417C86A06585755141B5F567931B95194158CC070B8075514179005A0495941941BB488D9B6F7551414F7CB595B093194181D19F9A78755141C937860FEA931941066E41217E7551417C8ECFD4AC94194191F5DA76877551417C8ECFD4AC94194191F5DA7687755141');
INSERT INTO "sample_epaswmm"."subcatchment" VALUES ('30069', '10069', '41', '0.388793', '90.0000', '77.3300', '5.7805', '50.2800', '', '0.0130', '0.0250', '3.1110', '0.0000', '0.0000', 'IMPERVIOUS', '100.0000', null, null, null, null, null, null, null, null, '83.0000', '0.0000', '10.0000', '51', null, '0106000020F75900000100000001030000000100000009000000B9DD8FF99A9219410345FF557D75514154CE07E265921941189FD3D186755141D5AE9BD4ED9219410BCE10839375514100E8E294439319410BF5B5A891755141AD4EC51B7593194149F00E6B8B755141235BC5A464931941E2127A2488755141A8973FA7CD9219412C087C057A755141B9DD8FF99A9219410345FF557D755141B9DD8FF99A9219410345FF557D755141');
INSERT INTO "sample_epaswmm"."subcatchment" VALUES ('30070', '10070', '41', '0.200705', '90.0000', '45.2600', '4.6240', '44.3400', '', '0.0130', '0.0250', '3.4706', '0.0000', '0.0000', 'IMPERVIOUS', '100.0000', null, null, null, null, null, null, null, null, '83.0000', '0.0000', '10.0000', '51', null, '0106000020F7590000010000000103000000010000000800000052BEED64009219411B4154A1917551415742012A7C9219416BB7E2E5967551419D77F956E5921941FBE25A3694755141D5AE9BD4ED9219410BCE10839375514154CE07E265921941189FD3D186755141010202504E9219413EB15D7B8775514152BEED64009219411B4154A19175514152BEED64009219411B4154A191755141');
INSERT INTO "sample_epaswmm"."subcatchment" VALUES ('30071', '10071', '41', '0.340331', '90.0000', '75.0300', '5.4666', '45.3600', '', '0.0130', '0.0250', '3.1973', '0.0000', '0.0000', 'IMPERVIOUS', '100.0000', null, null, null, null, null, null, null, null, '75.7009', '0.0000', '10.0000', '51', null, '0106000020F75900000100000001030000000100000009000000AD4EC51B7593194149F00E6B8B75514100E8E294439319410BF5B5A8917551416B9B2683A59319416C838D47967551419B84248A4994194142BDD83494755141AEB841C8BA9419411501B4218A7551418B738927C69419419FCC19D0877551417C8ECFD4AC94194191F5DA7687755141AD4EC51B7593194149F00E6B8B755141AD4EC51B7593194149F00E6B8B755141');
INSERT INTO "sample_epaswmm"."subcatchment" VALUES ('30072', '10072', '41', '0.214087', '90.0000', '59.4400', '4.6356', '36.0200', '', '0.0130', '0.0250', '3.4663', '0.0000', '0.0000', 'IMPERVIOUS', '100.0000', null, null, null, null, null, null, null, null, '78.5724', '0.0000', '10.0000', '51', null, '0106000020F75900000100000001030000000100000006000000C937860FEA931941066E41217E755141235BC5A464931941E2127A2488755141AD4EC51B7593194149F00E6B8B7551417C8ECFD4AC94194191F5DA7687755141C937860FEA931941066E41217E755141C937860FEA931941066E41217E755141');
INSERT INTO "sample_epaswmm"."subcatchment" VALUES ('30073', '10073', '41', '0.497497', '90.0000', '99.6800', '5.6039', '49.9100', '', '0.0130', '0.0250', '3.1587', '0.0000', '0.0000', 'IMPERVIOUS', '100.0000', null, null, null, null, null, null, null, null, '83.0000', '0.0000', '10.0000', '51', null, '0106000020F759000001000000010300000001000000090000006D3870BA1E9419416856BD3B65755141D58F362715931941FD3B6236707551415A55A048F092194143580CF7757551414F7CB595B093194181D19F9A7875514179005A0495941941BB488D9B6F755141BF8451029F94194104C0D6A06575514143B1DC1B56941941B50456AD647551416D3870BA1E9419416856BD3B657551416D3870BA1E9419416856BD3B65755141');
INSERT INTO "sample_epaswmm"."subcatchment" VALUES ('30074', '10074', '41', '0.210345', '90.0000', '55.3800', '6.3309', '37.9800', '', '0.0130', '0.0250', '2.9754', '0.0000', '0.0000', 'IMPERVIOUS', '100.0000', null, null, null, null, null, null, null, null, '83.0000', '0.0000', '10.0000', '51', null, '0106000020F7590000010000000103000000010000000600000006C65EBB629319418F73DB3E60755141A2CDEAF501931941409C8F9D69755141D58F362715931941FD3B6236707551416D3870BA1E9419416856BD3B6575514106C65EBB629319418F73DB3E6075514106C65EBB629319418F73DB3E60755141');
INSERT INTO "sample_epaswmm"."subcatchment" VALUES ('30075', '10075', '41', '0.158723', '90.0000', '37.6800', '7.6695', '42.1200', '', '0.0130', '0.0250', '2.7085', '0.0000', '0.0000', 'IMPERVIOUS', '100.0000', null, null, null, null, null, null, null, null, '74.9960', '0.0000', '10.0000', '51', null, '0106000020F75900000100000001030000000100000008000000EE820B1FD6941941AB9E2B754B75514161A54B6D22951941B066472D53755141A9EB20D3C3951941101605BF4B75514185D3B18B429519414A50985B45755141D122DB791A951941DF4F8DB7487551412E967F3EF69419419721DF2A4A755141EE820B1FD6941941AB9E2B754B755141EE820B1FD6941941AB9E2B754B755141');
INSERT INTO "sample_epaswmm"."subcatchment" VALUES ('30076', '10076', '41', '0.204544', '90.0000', '49.9600', '5.6915', '40.9400', '', '0.0130', '0.0250', '3.1348', '0.0000', '0.0000', 'IMPERVIOUS', '100.0000', null, null, null, null, null, null, null, null, '85.4406', '0.0000', '10.0000', '51', null, '0106000020F75900000100000001030000000100000007000000B138586E32931941886AF9CA5B75514106C65EBB629319418F73DB3E607551416D3870BA1E9419416856BD3B6575514143B1DC1B56941941B50456AD647551418268F07ABB93194178809A3A56755141B138586E32931941886AF9CA5B755141B138586E32931941886AF9CA5B755141');
INSERT INTO "sample_epaswmm"."subcatchment" VALUES ('30077', '10077', '41', '0.315027', '90.0000', '80.0600', '4.5152', '39.3500', '', '0.0130', '0.0250', '3.5114', '0.0000', '0.0000', 'IMPERVIOUS', '100.0000', null, null, null, null, null, null, null, null, '84.1961', '0.0000', '10.0000', '51', null, '0106000020F7590000010000000103000000010000000A0000008268F07ABB93194178809A3A5675514143B1DC1B56941941B50456AD64755141BF8451029F94194104C0D6A0657551412CF56233F79419414B7220A26175514118F5493346941941574B043D5175514140355EBA0C941941D9CEF78B53755141653BDF4FE89319411383C002557551417D3F35DEE39319418716D996547551418268F07ABB93194178809A3A567551418268F07ABB93194178809A3A56755141');
INSERT INTO "sample_epaswmm"."subcatchment" VALUES ('30078', '10078', '41', '0.248021', '75.0000', '58.9400', '7.7963', '42.0800', '', '0.0130', '0.0250', '2.6868', '0.0000', '0.0000', 'IMPERVIOUS', '100.0000', null, null, null, null, null, null, null, null, '77.5642', '0.0000', '10.0000', '51', null, '0106000020F7590000010000000103000000010000000700000061A54B6D22951941B066472D53755141EE820B1FD6941941AB9E2B754B75514118F5493346941941574B043D517551412CF56233F79419414B7220A261755141DE645B9B0195194143E29C696175514161A54B6D22951941B066472D5375514161A54B6D22951941B066472D53755141');
INSERT INTO "sample_epaswmm"."subcatchment" VALUES ('30079', '10079', '41', '0.433624', '90.0000', '95.7000', '4.8780', '45.3100', '', '0.0130', '0.0250', '3.3808', '0.0000', '0.0000', 'IMPERVIOUS', '100.0000', null, null, null, null, null, null, null, null, '83.0000', '0.0000', '10.0000', '51', null, '0106000020F75900000100000001030000000100000008000000921BAF3D88961941185BA3F44B755141A9EB20D3C3951941101605BF4B75514161A54B6D22951941B066472D53755141DE645B9B0195194143E29C6961755141FA7238B60A9519414B75A67F61755141F95E108892961941AF9C90DC50755141921BAF3D88961941185BA3F44B755141921BAF3D88961941185BA3F44B755141');
INSERT INTO "sample_epaswmm"."subcatchment" VALUES ('30080', '10080', '41', '0.491906', '90.0000', '104.9300', '5.8053', '46.8800', '', '0.0130', '0.0250', '3.1045', '0.0000', '0.0000', 'IMPERVIOUS', '100.0000', null, null, null, null, null, null, null, null, '83.0000', '0.0000', '10.0000', '51', null, '0106000020F75900000100000001030000000100000009000000664D4FDCB3951941E1DC113366755141ED58CE16D89619416A0A17305F7551415ACD0315D9961941B22D78E45E755141C44F3B30BD96194132B7F34055755141F95E108892961941AF9C90DC50755141FA7238B60A9519414B75A67F6175514132CC061981951941385806E165755141664D4FDCB3951941E1DC113366755141664D4FDCB3951941E1DC113366755141');
INSERT INTO "sample_epaswmm"."subcatchment" VALUES ('30081', '10081', '41', '0.214471', '90.0000', '57.6200', '6.2913', '37.2200', '', '0.0130', '0.0250', '2.9846', '0.0000', '0.0000', 'IMPERVIOUS', '100.0000', null, null, null, null, null, null, null, null, '83.0000', '0.0000', '10.0000', '51', null, '0106000020F75900000100000001030000000100000007000000ED58CE16D89619416A0A17305F755141664D4FDCB3951941E1DC11336675514103EC8C743F961941AC0C91826D7551416B7F5333D09619416CA354A866755141CD267BCDE7961941EF11CDF562755141ED58CE16D89619416A0A17305F755141ED58CE16D89619416A0A17305F755141');
INSERT INTO "sample_epaswmm"."subcatchment" VALUES ('30082', '10082', '41', '0.564237', '90.0000', '95.2000', '7.9965', '59.2700', '', '0.0130', '0.0250', '2.6537', '0.0000', '0.0000', 'IMPERVIOUS', '100.0000', null, null, null, null, null, null, null, null, '83.0000', '0.0000', '10.0000', '51', null, '0106000020F7590000010000000103000000010000000B00000032CC061981951941385806E165755141FA7238B60A9519414B75A67F61755141DE645B9B0195194143E29C69617551412CF56233F79419414B7220A261755141BF8451029F94194104C0D6A06575514179005A0495941941BB488D9B6F755141B5F567931B95194158CC070B80755141BF3634A16495194135DD4C4B7C7551419114598BAA9519417B33E4147275514132CC061981951941385806E16575514132CC061981951941385806E165755141');
INSERT INTO "sample_epaswmm"."subcatchment" VALUES ('30083', '10083', '41', '0.311324', '90.0000', '78.0500', '7.6874', '39.8900', '', '0.0130', '0.0250', '2.7054', '0.0000', '0.0000', 'IMPERVIOUS', '100.0000', null, null, null, null, null, null, null, null, '83.0000', '0.0000', '10.0000', '51', null, '0106000020F7590000010000000103000000010000000800000093B7988A45951941BB52F1DF877551418EE2DC73F29519412E797BDA8E75514170476B778A9619414B3DDBFB8C755141855EC749E9961941A13D0C3E84755141E6F53D50DB961941ADB5EF9781755141D14D66EB3B9519415C2A21268775514193B7988A45951941BB52F1DF8775514193B7988A45951941BB52F1DF87755141');
INSERT INTO "sample_epaswmm"."subcatchment" VALUES ('30084', '10084', '41', '0.438060', '90.0000', '109.6200', '5.2487', '39.9600', '', '0.0130', '0.0250', '3.2617', '0.0000', '0.0000', 'IMPERVIOUS', '100.0000', null, null, null, null, null, null, null, null, '83.0000', '0.0000', '10.0000', '51', null, '0106000020F7590000010000000103000000010000000A000000D14D66EB3B9519415C2A212687755141E6F53D50DB961941ADB5EF97817551414DAE20E5E096194185350BAF7C7551416B9C7E9ED6961941FAC732A87A755141853635AA8D9619416188B97778755141BF3634A16495194135DD4C4B7C755141B5F567931B95194158CC070B807551418DB084930D9519417C86A06585755141D14D66EB3B9519415C2A212687755141D14D66EB3B9519415C2A212687755141');
INSERT INTO "sample_epaswmm"."subcatchment" VALUES ('30085', '10085', '41', '0.181098', '90.0000', '54.9600', '6.3745', '32.9500', '', '0.0130', '0.0250', '2.9654', '0.0000', '0.0000', 'IMPERVIOUS', '100.0000', null, null, null, null, null, null, null, null, '83.0000', '0.0000', '10.0000', '51', null, '0106000020F75900000100000001030000000100000006000000FE321A574C961941CF0FA7DC727551419114598BAA9519417B33E41472755141BF3634A16495194135DD4C4B7C755141853635AA8D9619416188B97778755141FE321A574C961941CF0FA7DC72755141FE321A574C961941CF0FA7DC72755141');
INSERT INTO "sample_epaswmm"."subcatchment" VALUES ('30086', '10086', '41', '0.159440', '90.0000', '39.7600', '2.6630', '40.1000', '', '0.0130', '0.0250', '4.5481', '0.0000', '0.0000', 'IMPERVIOUS', '100.0000', null, null, null, null, null, null, null, null, '83.0000', '0.0000', '10.0000', '51', null, '0106000020F7590000010000000103000000010000000700000003EC8C743F961941AC0C91826D755141664D4FDCB3951941E1DC11336675514132CC061981951941385806E1657551419114598BAA9519417B33E41472755141FE321A574C961941CF0FA7DC7275514103EC8C743F961941AC0C91826D75514103EC8C743F961941AC0C91826D755141');
INSERT INTO "sample_epaswmm"."subcatchment" VALUES ('30087', '10087', '41', '0.199993', '90.0000', '54.6400', '7.2836', '36.6000', '', '0.0130', '0.0250', '2.7779', '0.0000', '0.0000', 'IMPERVIOUS', '100.0000', null, null, null, null, null, null, null, null, '83.0000', '0.0000', '10.0000', '51', null, '0106000020F75900000100000001030000000100000008000000853635AA8D9619416188B977787551416B9C7E9ED6961941FAC732A87A7551415733671CDE9619413F50DCC6797551416B7F5333D09619416CA354A86675514103EC8C743F961941AC0C91826D755141FE321A574C961941CF0FA7DC72755141853635AA8D9619416188B97778755141853635AA8D9619416188B97778755141');
INSERT INTO "sample_epaswmm"."subcatchment" VALUES ('30088', '10088', '41', '0.245666', '90.0000', '61.6800', '4.1484', '39.8300', '', '0.0130', '0.0250', '3.6602', '0.0000', '0.0000', 'IMPERVIOUS', '100.0000', null, null, null, null, null, null, null, null, '83.0000', '0.0000', '10.0000', '51', null, '0106000020F75900000100000001030000000100000008000000061D2EB459971941AED7E46168755141EDDDCDE4609719415391BD43727551411CEF660F71981941960702B0717551418A30CB5E6398194136EBDE1D6D755141782D8C03319819412B6EBF1E69755141C9E01717FA9719412B3A3EC967755141061D2EB459971941AED7E46168755141061D2EB459971941AED7E46168755141');
INSERT INTO "sample_epaswmm"."subcatchment" VALUES ('30089', '10089', '41', '0.225026', '90.0000', '66.7300', '6.1220', '33.7200', '', '0.0130', '0.0250', '3.0247', '0.0000', '0.0000', 'OUTLET', '100.0000', null, null, null, null, null, null, null, null, '83.0000', '0.0000', '10.0000', '51', null, '0106000020F75900000100000001030000000100000007000000EDDDCDE4609719415391BD4372755141061D2EB459971941AED7E46168755141CD267BCDE7961941EF11CDF5627551416B7F5333D09619416CA354A8667551415733671CDE9619413F50DCC679755141EDDDCDE4609719415391BD4372755141EDDDCDE4609719415391BD4372755141');
INSERT INTO "sample_epaswmm"."subcatchment" VALUES ('30090', '10090', '41', '0.262195', '75.0000', '65.0000', '5.6169', '40.3400', '', '0.0130', '0.0250', '3.1551', '0.0000', '0.0000', 'IMPERVIOUS', '100.0000', null, null, null, null, null, null, null, null, '79.2670', '0.0000', '10.0000', '51', null, '0106000020F7590000010000000103000000010000000A00000085D3B18B429519414A50985B45755141A9EB20D3C3951941101605BF4B755141921BAF3D88961941185BA3F44B75514172907DB08C9619411BB6803E4B7551410C13237E8F9619412CD4FE73487551413DC4246FA79519413A2443BD3D755141A8C64BB7649519411904562E43755141621058B94F951941A69BC4404475514185D3B18B429519414A50985B4575514185D3B18B429519414A50985B45755141');
INSERT INTO "sample_epaswmm"."subcatchment" VALUES ('30091', '10091', '41', '0.264232', '75.0000', '66.3900', '5.4325', '39.8000', '', '0.0130', '0.0250', '3.2071', '0.0000', '0.0000', 'IMPERVIOUS', '100.0000', null, null, null, null, null, null, null, null, '79.4252', '0.0000', '10.0000', '51', null, '0106000020F7590000010000000103000000010000000700000054E858C3C5961941873E27DC3E755141FC6F317F09961941E717B7BD357551413DC4246FA79519413A2443BD3D7551410C13237E8F9619412CD4FE73487551413F18BEA7C79619416C87D0F13F75514154E858C3C5961941873E27DC3E75514154E858C3C5961941873E27DC3E755141');
INSERT INTO "sample_epaswmm"."subcatchment" VALUES ('30092', '10092', '41', '0.289867', '75.0000', '48.0900', '5.6111', '60.2700', '', '0.0130', '0.0250', '3.1567', '0.0000', '0.0000', 'IMPERVIOUS', '100.0000', null, null, null, null, null, null, null, null, '78.7169', '0.0000', '10.0000', '51', null, '0106000020F75900000100000001030000000100000006000000FC6F317F09961941E717B7BD3575514154E858C3C5961941873E27DC3E7551419A180994F596194104DAC229357551410F9C36CDC69619414616094D26755141FC6F317F09961941E717B7BD35755141FC6F317F09961941E717B7BD35755141');
INSERT INTO "sample_epaswmm"."subcatchment" VALUES ('30093', '10093', '41', '0.199958', '90.0000', '51.0200', '3.1470', '39.1900', '', '0.0130', '0.0250', '4.1908', '0.0000', '0.0000', 'IMPERVIOUS', '100.0000', null, null, null, null, null, null, null, null, '83.0000', '0.0000', '10.0000', '51', null, '0106000020F75900000100000001030000000100000008000000E36156A1A8971941E5B461545E7551415ACD0315D9961941B22D78E45E755141ED58CE16D89619416A0A17305F755141CD267BCDE7961941EF11CDF562755141061D2EB459971941AED7E46168755141C9E01717FA9719412B3A3EC967755141E36156A1A8971941E5B461545E755141E36156A1A8971941E5B461545E755141');
INSERT INTO "sample_epaswmm"."subcatchment" VALUES ('30094', '10094', '41', '0.407746', '90.0000', '64.5300', '5.3732', '63.1900', '', '0.0130', '0.0250', '3.2244', '0.0000', '0.0000', 'IMPERVIOUS', '100.0000', null, null, null, null, null, null, null, null, '83.6638', '0.0000', '10.0000', '51', null, '0106000020F759000001000000010300000001000000190000000F9C36CDC69619414616094D267551419A180994F596194104DAC2293575514176A3FDA0B697194176F862A534755141DCCFEA66FA9719416374AD682C7551415A643BDF459719414E621048227551416991ED7C40971941C520B03222755141DD2406013B971941A4703D22227551417F6ABC7435971941D578E916227551415A643BDF2F9719415839B410227551417B14AE472A971941C976BE0F22755141CBA145B6249719418B6CE71322755141560E2D321F97194152B81E1D2275514192ED7CBF16971941D578E93622755141676666660E971941BA490C5A2275514185EB5138069719411904568622755141E3A59B44FE961941CFF753BB22755141295C8FC2F99619418716D9DE227551415A643B5FF59619410C022B07237551413E0AD723F19619412731083423755141022B8716ED961941EE7C3F6523755141D7A3703DE9961941DBF97E9A23755141EC51B89EE5961941B81E85D3237551416F128340E2961941643BDF0F247551410F9C36CDC69619414616094D267551410F9C36CDC69619414616094D26755141');
INSERT INTO "sample_epaswmm"."subcatchment" VALUES ('30095', '10095', '41', '0.207788', '90.0000', '49.2400', '6.9865', '42.2000', '', '0.0130', '0.0250', '2.8352', '0.0000', '0.0000', 'IMPERVIOUS', '100.0000', null, null, null, null, null, null, null, null, '83.0000', '0.0000', '10.0000', '51', null, '0106000020F75900000100000001030000000100000008000000DCCFEA66FA9719416374AD682C75514176A3FDA0B697194176F862A534755141B2C25FF8F39719417CBEA40D3F75514146573FBE099819413475DBD13F755141959C7C3B83981941734811FC33755141C1CAA145319819413108AC7C2F755141DCCFEA66FA9719416374AD682C755141DCCFEA66FA9719416374AD682C755141');
INSERT INTO "sample_epaswmm"."subcatchment" VALUES ('30096', '10096', '41', '0.265398', '90.0000', '62.3700', '5.6536', '42.5500', '', '0.0130', '0.0250', '3.1450', '0.0000', '0.0000', 'IMPERVIOUS', '100.0000', null, null, null, null, null, null, null, null, '83.0000', '0.0000', '10.0000', '51', null, '0106000020F759000001000000010300000001000000070000003F18BEA7C79619416C87D0F13F755141B2C25FF8F39719417CBEA40D3F75514176A3FDA0B697194176F862A5347551419A180994F596194104DAC2293575514154E858C3C5961941873E27DC3E7551413F18BEA7C79619416C87D0F13F7551413F18BEA7C79619416C87D0F13F755141');
INSERT INTO "sample_epaswmm"."subcatchment" VALUES ('30097', '10097', '41', '0.450753', '90.0000', '100.3200', '6.9473', '44.9300', '', '0.0130', '0.0250', '2.8430', '0.0000', '0.0000', 'IMPERVIOUS', '100.0000', null, null, null, null, null, null, null, null, '83.0000', '0.0000', '10.0000', '51', null, '0106000020F759000001000000010300000001000000090000003F18BEA7C79619416C87D0F13F7551410C13237E8F9619412CD4FE734875514172907DB08C9619411BB6803E4B755141362FD7325A98194178D61E214A7551414FA9C9155398194146C393514775514146573FBE099819413475DBD13F755141B2C25FF8F39719417CBEA40D3F7551413F18BEA7C79619416C87D0F13F7551413F18BEA7C79619416C87D0F13F755141');
INSERT INTO "sample_epaswmm"."subcatchment" VALUES ('30098', '10098', '41', '0.479067', '90.0000', '119.2600', '7.0426', '40.1700', '', '0.0130', '0.0250', '2.8241', '0.0000', '0.0000', 'IMPERVIOUS', '100.0000', null, null, null, null, null, null, null, null, '83.0000', '0.0000', '10.0000', '51', null, '0106000020F7590000010000000103000000010000000A000000C14C18CD5A98194185A131F753755141DCB430FA9498194194EF3F9450755141362FD7325A98194178D61E214A75514172907DB08C9619411BB6803E4B755141921BAF3D88961941185BA3F44B755141F95E108892961941AF9C90DC50755141C44F3B30BD96194132B7F340557551410BAD0771589819415AFE350654755141C14C18CD5A98194185A131F753755141C14C18CD5A98194185A131F753755141');
INSERT INTO "sample_epaswmm"."subcatchment" VALUES ('30099', '10099', '41', '0.301908', '90.0000', '77.8100', '5.3541', '38.8000', '', '0.0130', '0.0250', '3.2301', '0.0000', '0.0000', 'IMPERVIOUS', '100.0000', null, null, null, null, null, null, null, null, '83.0000', '0.0000', '10.0000', '51', null, '0106000020F759000001000000010300000001000000060000000BAD0771589819415AFE350654755141C44F3B30BD96194132B7F340557551415ACD0315D9961941B22D78E45E755141E36156A1A8971941E5B461545E7551410BAD0771589819415AFE3506547551410BAD0771589819415AFE350654755141');
INSERT INTO "sample_epaswmm"."subcatchment" VALUES ('30100', '10100', '41', '0.231212', '90.0000', '58.0100', '5.4836', '39.8600', '', '0.0130', '0.0250', '3.1924', '0.0000', '0.0000', 'IMPERVIOUS', '100.0000', null, null, null, null, null, null, null, null, '83.0000', '0.0000', '10.0000', '51', null, '0106000020F75900000100000001030000000100000006000000959C7C3B83981941734811FC3375514146573FBE099819413475DBD13F7551414FA9C9155398194146C39351477551415DDF2CB3049919411762DA163B755141959C7C3B83981941734811FC33755141959C7C3B83981941734811FC33755141');
INSERT INTO "sample_epaswmm"."subcatchment" VALUES ('30101', '10101', '41', '0.400510', '90.0000', '100.6100', '5.9577', '39.8100', '', '0.0130', '0.0250', '3.0653', '0.0000', '0.0000', 'IMPERVIOUS', '100.0000', null, null, null, null, null, null, null, null, '83.0000', '0.0000', '10.0000', '51', null, '0106000020F75900000100000001030000000100000009000000EDDDCDE4609719415391BD43727551415733671CDE9619413F50DCC6797551416B9C7E9ED6961941FAC732A87A7551414DAE20E5E096194185350BAF7C7551419B19DC20BD981941A0BA60567B755141DE63D034AF9819419646A0ED777551411CEF660F71981941960702B071755141EDDDCDE4609719415391BD4372755141EDDDCDE4609719415391BD4372755141');
INSERT INTO "sample_epaswmm"."subcatchment" VALUES ('30102', '10102', '41', '0.461790', '90.0000', '94.8600', '7.4533', '48.6800', '', '0.0130', '0.0250', '2.7467', '0.0000', '0.0000', 'IMPERVIOUS', '100.0000', null, null, null, null, null, null, null, null, '83.0000', '0.0000', '10.0000', '51', null, '0106000020F7590000010000000103000000010000000A000000040867FEBC9719412D70FF918875514159C0E198709819419D01B2B683755141D4277499CB9819410C87FADE7C7551419B19DC20BD981941A0BA60567B7551414DAE20E5E096194185350BAF7C755141E6F53D50DB961941ADB5EF9781755141855EC749E9961941A13D0C3E84755141C9CA7B5C1497194152E2095A86755141040867FEBC9719412D70FF9188755141040867FEBC9719412D70FF9188755141');
INSERT INTO "sample_epaswmm"."subcatchment" VALUES ('30104', '10104', '41', '0.284283', '75.0000', '65.1900', '8.3727', '43.6100', '', '0.0130', '0.0250', '2.5945', '0.0000', '0.0000', 'IMPERVIOUS', '100.0000', null, null, null, null, null, null, null, null, '80.6849', '0.0000', '10.0000', '51', null, '0106000020F759000001000000010300000001000000080000004B6FE8BE109719415EC0C0FC9E755141814E765C659819414EEDCE6E9B7551417792C1007F981941469FB95C9A755141E8F78E035B981941648429D495755141829F79BEC79719410791668591755141C8F9193C489719418A0B0175967551414B6FE8BE109719415EC0C0FC9E7551414B6FE8BE109719415EC0C0FC9E755141');
INSERT INTO "sample_epaswmm"."subcatchment" VALUES ('30105', '10105', '41', '0.307728', '90.0000', '72.9400', '5.7999', '42.1900', '', '0.0130', '0.0250', '3.1059', '0.0000', '0.0000', 'IMPERVIOUS', '100.0000', null, null, null, null, null, null, null, null, '81.6253', '0.0000', '10.0000', '51', null, '0106000020F75900000100000001030000000100000007000000814E765C659819414EEDCE6E9B7551414B6FE8BE109719415EC0C0FC9E755141B1646C82D596194136CEC750A2755141E1C6AC195C971941CED1F049A77551413ED7A2591D98194118A86B62A7755141814E765C659819414EEDCE6E9B755141814E765C659819414EEDCE6E9B755141');
INSERT INTO "sample_epaswmm"."subcatchment" VALUES ('30106', '10106', '41', '0.329928', '90.0000', '82.5900', '4.8459', '39.9500', '', '0.0130', '0.0250', '3.3918', '0.0000', '0.0000', 'IMPERVIOUS', '100.0000', null, null, null, null, null, null, null, null, '83.0000', '0.0000', '10.0000', '51', null, '0106000020F759000001000000010300000001000000080000007D86FDEF719A19414350235084755141569A3CECED9A194177259C137D755141F336B811F99A19412F889881707551414171843CEE9A1941D24B551D70755141B5CEAE889B991941FD652B7A82755141BB01C663B799194161FDB516847551417D86FDEF719A194143502350847551417D86FDEF719A19414350235084755141');
INSERT INTO "sample_epaswmm"."subcatchment" VALUES ('30107', '10107', '41', '0.475570', '90.0000', '118.1500', '8.6827', '40.2500', '', '0.0130', '0.0250', '2.5487', '0.0000', '0.0000', 'IMPERVIOUS', '100.0000', null, null, null, null, null, null, null, null, '83.0000', '0.0000', '10.0000', '51', null, '0106000020F7590000010000000103000000010000000800000031839E28279919412981FD7D7F755141B5CEAE889B991941FD652B7A827551414171843CEE9A1941D24B551D7075514177549607989A19414D6B6AEF69755141622630A9629A1941C2D9910E68755141797BCF811D99194149644BFF7E75514131839E28279919412981FD7D7F75514131839E28279919412981FD7D7F755141');
INSERT INTO "sample_epaswmm"."subcatchment" VALUES ('30108', '10108', '41', '0.508687', '90.0000', '128.6200', '7.3511', '39.5500', '', '0.0130', '0.0250', '2.7654', '0.0000', '0.0000', 'IMPERVIOUS', '100.0000', null, null, null, null, null, null, null, null, '81.2677', '0.0000', '10.0000', '51', null, '0106000020F75900000100000001030000000100000009000000DE63D034AF9819419646A0ED777551419B19DC20BD981941A0BA60567B755141D4277499CB9819410C87FADE7C755141797BCF811D99194149644BFF7E755141622630A9629A1941C2D9910E6875514139E333D9229A1941DFB6AE7B6375514172237816E8991941DB98A06B61755141DE63D034AF9819419646A0ED77755141DE63D034AF9819419646A0ED77755141');
INSERT INTO "sample_epaswmm"."subcatchment" VALUES ('30109', '10109', '41', '0.480734', '90.0000', '114.0000', '5.4519', '42.1700', '', '0.0130', '0.0250', '3.2015', '0.0000', '0.0000', 'IMPERVIOUS', '100.0000', null, null, null, null, null, null, null, null, '79.4333', '0.0000', '10.0000', '51', null, '0106000020F759000001000000010300000001000000080000001CEF660F71981941960702B071755141DE63D034AF9819419646A0ED7775514172237816E8991941DB98A06B617551415DBE094DA7991941EAF61AC65C755141785199BF6799194177A0118A5A7551418A30CB5E6398194136EBDE1D6D7551411CEF660F71981941960702B0717551411CEF660F71981941960702B071755141');
INSERT INTO "sample_epaswmm"."subcatchment" VALUES ('30110', '10110', '41', '0.482741', '90.0000', '114.8000', '5.0689', '42.0500', '', '0.0130', '0.0250', '3.3179', '0.0000', '0.0000', 'IMPERVIOUS', '100.0000', null, null, null, null, null, null, null, null, '82.9110', '0.0000', '10.0000', '51', null, '0106000020F759000001000000010300000001000000090000008A30CB5E6398194136EBDE1D6D755141785199BF6799194177A0118A5A75514105FDE38A2F99194194F8772656755141EC2E12DBA6981941FADF57DC50755141DCB430FA9498194194EF3F9450755141C14C18CD5A98194185A131F753755141782D8C03319819412B6EBF1E697551418A30CB5E6398194136EBDE1D6D7551418A30CB5E6398194136EBDE1D6D755141');
INSERT INTO "sample_epaswmm"."subcatchment" VALUES ('30111', '10111', '41', '0.287251', '90.0000', '61.0300', '11.5859', '47.0700', '', '0.0130', '0.0250', '2.2128', '0.0000', '0.0000', 'OUTLET', '100.0000', null, null, null, null, null, null, null, null, '83.0000', '0.0000', '10.0000', '51', null, '0106000020F7590000010000000103000000010000000B000000A644271B06931941E240BD71CF75514126CA32E4EA9219418CE33302CF755141CB4AFAD2E892194134955B20CF755141B483F755AD92194172123572E07551412731082CBF921941068195C3E0755141A01A2F5DD4921941FED47811E17551410AE1E99C5A931941E3D01202E4755141295C8FC26F931941EC51B8AEE27551412920E11BA0931941DC8FE1E5DD755141A644271B06931941E240BD71CF755141A644271B06931941E240BD71CF755141');
INSERT INTO "sample_epaswmm"."subcatchment" VALUES ('30112', '10112', '41', '0.193824', '90.0000', '48.6900', '6.1221', '39.8100', '', '0.0130', '0.0250', '3.0247', '0.0000', '0.0000', 'IMPERVIOUS', '100.0000', null, null, null, null, null, null, null, null, '83.0000', '0.0000', '10.0000', '51', null, '0106000020F75900000100000001030000000100000008000000B182EB9C1D94194137BBABA2D7755141B0982268F093194198C28664D3755141CDA6FC5B4B931941C1A4F201CF755141A644271B06931941E240BD71CF7551412920E11BA0931941DC8FE1E5DD75514106819543AF93194146B6F365DC755141B182EB9C1D94194137BBABA2D7755141B182EB9C1D94194137BBABA2D7755141');
INSERT INTO "sample_epaswmm"."subcatchment" VALUES ('30113', '10113', '41', '0.093449', '90.0000', '23.8700', '13.4757', '39.7200', '', '0.0130', '0.0250', '2.0549', '0.0000', '0.0000', 'IMPERVIOUS', '100.0000', null, null, null, null, null, null, null, null, '84.0924', '0.0000', '10.0000', '51', null, '0106000020F75900000100000001030000000100000007000000B0982268F093194198C28664D3755141B182EB9C1D94194137BBABA2D77551415C8FC275369419419CC42090D675514164175DB4A1941941772ABCFDD17551413DA8293D67941941706A0381CC755141B0982268F093194198C28664D3755141B0982268F093194198C28664D3755141');
INSERT INTO "sample_epaswmm"."subcatchment" VALUES ('30114', '10114', '41', '0.198306', '65.0000', '49.5800', '11.3285', '40.0000', '', '0.0130', '0.0250', '2.2373', '0.0000', '0.0000', 'IMPERVIOUS', '100.0000', null, null, null, null, null, null, null, null, '88.2759', '0.0000', '10.0000', '51', null, '0106000020F759000001000000010300000001000000080000009CBC0CFCB4941941147656C2C17551414E98E7A860941941026B6AFBC2755141D224F1995A941941247AEED5C37551413DA8293D67941941706A0381CC75514164175DB4A1941941772ABCFDD17551415B9791E425951941EB831F5BCC7551419CBC0CFCB4941941147656C2C17551419CBC0CFCB4941941147656C2C1755141');
INSERT INTO "sample_epaswmm"."subcatchment" VALUES ('30115', '10115', '41', '0.130505', '90.0000', '32.6300', '6.9264', '40.0000', '', '0.0130', '0.0250', '2.8472', '0.0000', '0.0000', 'IMPERVIOUS', '100.0000', null, null, null, null, null, null, null, null, '83.0000', '0.0000', '10.0000', '51', null, '0106000020F7590000010000000103000000010000000700000093E3C514AA95194193DF82B8C6755141A639CDA28E951941E6B31925C4755141E014AABBBA94194187E3D176C17551419CBC0CFCB4941941147656C2C17551415B9791E425951941EB831F5BCC75514193E3C514AA95194193DF82B8C675514193E3C514AA95194193DF82B8C6755141');
INSERT INTO "sample_epaswmm"."subcatchment" VALUES ('30116', '10116', '41', '0.111764', '90.0000', '28.0000', '10.0066', '39.9100', '', '0.0130', '0.0250', '2.3775', '0.0000', '0.0000', 'IMPERVIOUS', '100.0000', null, null, null, null, null, null, null, null, '83.0000', '0.0000', '10.0000', '51', null, '0106000020F75900000100000001030000000100000007000000D9C3AB5E2E961941655D4F18C175514125DB3AD5CD9519419E08DF08B8755141A639CDA28E951941E6B31925C475514193E3C514AA95194193DF82B8C675514104560E2D1B961941CBA145E6C1755141D9C3AB5E2E961941655D4F18C1755141D9C3AB5E2E961941655D4F18C1755141');
INSERT INTO "sample_epaswmm"."subcatchment" VALUES ('30117', '10117', '41', '0.267865', '90.0000', '66.8700', '12.0249', '40.0600', '', '0.0130', '0.0250', '2.1728', '0.0000', '0.0000', 'IMPERVIOUS', '100.0000', null, null, null, null, null, null, null, null, '83.0000', '0.0000', '10.0000', '51', null, '0106000020F75900000100000001030000000100000008000000082195CE02961941AB9205F7AA755141965D75D2E9951941FE83FA25AD75514112AEF50BC29519412A8561B5B475514125DB3AD5CD9519419E08DF08B8755141D9C3AB5E2E961941655D4F18C1755141FBBBB740B396194165B76386BB755141082195CE02961941AB9205F7AA755141082195CE02961941AB9205F7AA755141');
INSERT INTO "sample_epaswmm"."subcatchment" VALUES ('30118', '10118', '41', '0.339122', '90.0000', '85.3800', '4.7181', '39.7200', '', '0.0130', '0.0250', '3.4365', '0.0000', '0.0000', 'IMPERVIOUS', '100.0000', null, null, null, null, null, null, null, null, '83.0000', '0.0000', '10.0000', '51', null, '0106000020F75900000100000001030000000100000009000000E21DF033369719412C0A07C6B575514130385A8684961941FDC20D19A575514103017DE23896194145067651A67551414EF6B0A816961941623DE77CA7755141082195CE02961941AB9205F7AA755141FBBBB740B396194165B76386BB755141448B6CE7E196194183C0CA91B9755141E21DF033369719412C0A07C6B5755141E21DF033369719412C0A07C6B5755141');
INSERT INTO "sample_epaswmm"."subcatchment" VALUES ('30119', '10119', '41', '0.284529', '90.0000', '71.9800', '8.4210', '39.5300', '', '0.0130', '0.0250', '2.5872', '0.0000', '0.0000', 'IMPERVIOUS', '100.0000', null, null, null, null, null, null, null, null, '83.0000', '0.0000', '10.0000', '51', null, '0106000020F75900000100000001030000000100000009000000B1646C82D596194136CEC750A27551417FEEA362CE96194116DB9E6CA275514130385A8684961941FDC20D19A5755141E21DF033369719412C0A07C6B575514179E92631489719419EEFA7F6B4755141E7239579BA9719417EB66D25B0755141E1C6AC195C971941CED1F049A7755141B1646C82D596194136CEC750A2755141B1646C82D596194136CEC750A2755141');
INSERT INTO "sample_epaswmm"."subcatchment" VALUES ('30120', '10120', '41', '0.115603', '90.0000', '28.9000', '4.3079', '40.0000', '', '0.0130', '0.0250', '3.5932', '0.0000', '0.0000', 'IMPERVIOUS', '100.0000', null, null, null, null, null, null, null, null, '83.0000', '0.0000', '10.0000', '51', null, '0106000020F759000001000000010300000001000000060000003ED7A2591D98194118A86B62A7755141E1C6AC195C971941CED1F049A7755141E7239579BA9719417EB66D25B075514117C4AA203F9819417823F98DAA7551413ED7A2591D98194118A86B62A77551413ED7A2591D98194118A86B62A7755141');
INSERT INTO "sample_epaswmm"."subcatchment" VALUES ('30121', '10121', '41', '0.209377', '75.0000', '33.2000', '4.9386', '63.0700', '', '0.0130', '0.0250', '3.3605', '0.0000', '0.0000', 'IMPERVIOUS', '100.0000', null, null, null, null, null, null, null, null, '80.8411', '0.0000', '10.0000', '51', null, '0106000020F7590000010000000103000000010000000A000000E39B6DBC0D9919413694F62FA1755141FBB9BAD1BE9819412F30B6329B7551417792C1007F981941469FB95C9A755141814E765C659819414EEDCE6E9B7551413ED7A2591D98194118A86B62A775514117C4AA203F9819417823F98DAA755141448B6CE76C981941000000A0A875514139B4C8F6B798194139B4C8DEA5755141E39B6DBC0D9919413694F62FA1755141E39B6DBC0D9919413694F62FA1755141');
INSERT INTO "sample_epaswmm"."subcatchment" VALUES ('30122', '10122', '41', '0.188566', '75.0000', '28.9600', '3.7039', '65.1100', '', '0.0130', '0.0250', '3.8692', '0.0000', '0.0000', 'IMPERVIOUS', '100.0000', null, null, null, null, null, null, null, null, '80.9119', '0.0000', '10.0000', '51', null, '0106000020F75900000100000001030000000100000007000000DD686C63A7991941BC99A48193755141E4CF6AD502991941DD7998CB95755141FBB9BAD1BE9819412F30B6329B755141E39B6DBC0D9919413694F62FA17551414B5FEBE2D1991941917A677A96755141DD686C63A7991941BC99A48193755141DD686C63A7991941BC99A48193755141');
INSERT INTO "sample_epaswmm"."subcatchment" VALUES ('30123', '10123', '41', '0.130375', '90.0000', '32.7800', '2.0611', '39.7700', '', '0.0130', '0.0250', '5.1566', '0.0000', '0.0000', 'IMPERVIOUS', '100.0000', null, null, null, null, null, null, null, null, '83.0000', '0.0000', '10.0000', '51', null, '0106000020F75900000100000001030000000100000008000000C807374D679C1941F33FFFAC6A7551412ECDEE190C9C19414632382E71755141E0A0FFB5539C19417175571E7775514152A7C250D99C1941D1881488717551419C0A0742D39C1941AD2CDCE370755141FED47869929C1941CFF753036D755141C807374D679C1941F33FFFAC6A755141C807374D679C1941F33FFFAC6A755141');
INSERT INTO "sample_epaswmm"."subcatchment" VALUES ('30124', '10124', '41', '0.238701', '90.0000', '55.5100', '9.3379', '43.0000', '', '0.0130', '0.0250', '2.4595', '0.0000', '0.0000', 'IMPERVIOUS', '100.0000', null, null, null, null, null, null, null, null, '83.0000', '0.0000', '10.0000', '51', null, '0106000020F75900000100000001030000000100000009000000569A3CECED9A194177259C137D755141FF5E0C6B369B194181F6AE1C83755141C74B37893D9B1941378941C0827551410AC58470C39B1941603ACB267D7551412D0BB167469B1941E5DE068271755141E85628AD209B19417B75098370755141F336B811F99A19412F88988170755141569A3CECED9A194177259C137D755141569A3CECED9A194177259C137D755141');
INSERT INTO "sample_epaswmm"."subcatchment" VALUES ('30125', '10125', '41', '0.181577', '90.0000', '42.2800', '3.3237', '42.9400', '', '0.0130', '0.0250', '4.0801', '0.0000', '0.0000', 'IMPERVIOUS', '100.0000', null, null, null, null, null, null, null, null, '83.0000', '0.0000', '10.0000', '51', null, '0106000020F75900000100000001030000000100000006000000E0A0FFB5539C19417175571E777551412ECDEE190C9C19414632382E717551412D0BB167469B1941E5DE0682717551410AC58470C39B1941603ACB267D755141E0A0FFB5539C19417175571E77755141E0A0FFB5539C19417175571E77755141');
INSERT INTO "sample_epaswmm"."subcatchment" VALUES ('30126', '10126', '41', '0.309780', '90.0000', '77.0200', '5.5943', '40.2200', '', '0.0130', '0.0250', '3.1613', '0.0000', '0.0000', 'IMPERVIOUS', '100.0000', null, null, null, null, null, null, null, null, '83.0000', '0.0000', '10.0000', '51', null, '0106000020F759000001000000010300000001000000090000005DDF2CB3049919411762DA163B7551414FA9C9155398194146C3935147755141362FD7325A98194178D61E214A755141DCB430FA9498194194EF3F9450755141EC2E12DBA6981941FADF57DC50755141A1DD53E37B991941563AF7A241755141B29DEF27689919412731088C407551415DDF2CB3049919411762DA163B7551415DDF2CB3049919411762DA163B755141');
INSERT INTO "sample_epaswmm"."subcatchment" VALUES ('30127', '10127', '41', '0.309059', '90.0000', '77.5200', '5.2998', '40.0000', '', '0.0130', '0.0250', '3.2462', '0.0000', '0.0000', 'IMPERVIOUS', '100.0000', null, null, null, null, null, null, null, null, '83.0000', '0.0000', '10.0000', '51', null, '0106000020F75900000100000001030000000100000006000000A1DD53E37B991941563AF7A241755141EC2E12DBA6981941FADF57DC5075514105FDE38A2F99194194F8772656755141FCBAFB1FF4991941E003A64648755141A1DD53E37B991941563AF7A241755141A1DD53E37B991941563AF7A241755141');
INSERT INTO "sample_epaswmm"."subcatchment" VALUES ('30128', '10128', '41', '0.304227', '90.0000', '76.1500', '4.3620', '40.1500', '', '0.0130', '0.0250', '3.5712', '0.0000', '0.0000', 'IMPERVIOUS', '100.0000', null, null, null, null, null, null, null, null, '83.0000', '0.0000', '10.0000', '51', null, '0106000020F75900000100000001030000000100000008000000FCBAFB1FF4991941E003A6464875514105FDE38A2F99194194F8772656755141785199BF6799194177A0118A5A7551415DBE094DA7991941EAF61AC65C7551416EB5D8246C9A1941E0AF3CE44E75514190C2F5283A9A19413108AC244C755141FCBAFB1FF4991941E003A64648755141FCBAFB1FF4991941E003A64648755141');
INSERT INTO "sample_epaswmm"."subcatchment" VALUES ('30129', '10129', '41', '0.305568', '90.0000', '75.9300', '4.5961', '40.2900', '', '0.0130', '0.0250', '3.4809', '0.0000', '0.0000', 'IMPERVIOUS', '100.0000', null, null, null, null, null, null, null, null, '83.0000', '0.0000', '10.0000', '51', null, '0106000020F759000001000000010300000001000000070000006EB5D8246C9A1941E0AF3CE44E7551415DBE094DA7991941EAF61AC65C75514172237816E8991941DB98A06B6175514139E333D9229A1941DFB6AE7B63755141384E2E65E39A1941302BCC72557551416EB5D8246C9A1941E0AF3CE44E7551416EB5D8246C9A1941E0AF3CE44E755141');
INSERT INTO "sample_epaswmm"."subcatchment" VALUES ('30130', '10130', '41', '0.299609', '90.0000', '74.8500', '9.3117', '40.0300', '', '0.0130', '0.0250', '2.4629', '0.0000', '0.0000', 'IMPERVIOUS', '100.0000', null, null, null, null, null, null, null, null, '83.0000', '0.0000', '10.0000', '51', null, '0106000020F75900000100000001030000000100000007000000622630A9629A1941C2D9910E6875514177549607989A19414D6B6AEF69755141EDD4816C5C9B19416A09601A5C755141384E2E65E39A1941302BCC725575514139E333D9229A1941DFB6AE7B63755141622630A9629A1941C2D9910E68755141622630A9629A1941C2D9910E68755141');
INSERT INTO "sample_epaswmm"."subcatchment" VALUES ('30131', '10131', '41', '0.324343', '90.0000', '75.2000', '6.2891', '43.1300', '', '0.0130', '0.0250', '2.9851', '0.0000', '0.0000', 'IMPERVIOUS', '100.0000', null, null, null, null, null, null, null, null, '83.0000', '0.0000', '10.0000', '51', null, '0106000020F75900000100000001030000000100000008000000F336B811F99A19412F88988170755141E85628AD209B19417B75098370755141A3CE068EDB9B1941D50FD91763755141EDD4816C5C9B19416A09601A5C75514177549607989A19414D6B6AEF697551414171843CEE9A1941D24B551D70755141F336B811F99A19412F88988170755141F336B811F99A19412F88988170755141');
INSERT INTO "sample_epaswmm"."subcatchment" VALUES ('30132', '10132', '41', '0.254653', '90.0000', '55.3100', '3.6056', '46.0400', '', '0.0130', '0.0250', '3.9206', '0.0000', '0.0000', 'IMPERVIOUS', '100.0000', null, null, null, null, null, null, null, null, '83.0000', '0.0000', '10.0000', '51', null, '0106000020F759000001000000010300000001000000080000002ECDEE190C9C19414632382E71755141C807374D679C1941F33FFFAC6A7551414A0C02ABE39B1941BA490C8A63755141A3CE068EDB9B1941D50FD91763755141E85628AD209B19417B750983707551412D0BB167469B1941E5DE0682717551412ECDEE190C9C19414632382E717551412ECDEE190C9C19414632382E71755141');
INSERT INTO "sample_epaswmm"."subcatchment" VALUES ('30233', '10233', '41', '0.188038', '90.0000', '54.6000', '8.2749', '34.4400', '', '0.0130', '0.0250', '2.6095', '0.0000', '0.0000', 'IMPERVIOUS', '100.0000', null, null, null, null, null, null, null, null, '83.0000', '0.0000', '10.0000', '51', null, '0106000020F759000001000000010300000001000000070000000BAD0771589819415AFE350654755141E36156A1A8971941E5B461545E755141C9E01717FA9719412B3A3EC967755141782D8C03319819412B6EBF1E69755141C14C18CD5A98194185A131F7537551410BAD0771589819415AFE3506547551410BAD0771589819415AFE350654755141');
INSERT INTO "sample_epaswmm"."subcatchment" VALUES ('30234', '10234', '41', '0.088399', '90.0000', '39.1700', '2.1046', '22.5700', '', '0.0130', '0.0250', '5.1040', '0.0000', '0.0000', 'IMPERVIOUS', '100.0000', null, null, null, null, null, null, null, null, '83.0000', '0.0000', '10.0000', '51', null, '0106000020F75900000100000001030000000100000009000000164E7D10DC9C1941C7FBA66A717551412E332EBE279D19417E1BD98E6E755141D8B8C26DB29C1941B3A7724F67755141C807374D679C1941F33FFFAC6A755141FED47869929C1941CFF753036D7551419C0A0742D39C1941AD2CDCE37075514152A7C250D99C1941D188148871755141164E7D10DC9C1941C7FBA66A71755141164E7D10DC9C1941C7FBA66A71755141');
INSERT INTO "sample_epaswmm"."subcatchment" VALUES ('30301', '10050', '41', '35.849368', '10.0000', '299.4900', '26.0136', '1197.0000', '', '0.0130', '0.0250', '1.4887', '0.0000', '0.0000', 'IMPERVIOUS', '100.0000', null, null, null, null, null, null, null, null, '79.5928', '0.0000', '10.0000', '51', null, '0106000020F7590000010000000103000000010000003D0000009A2C9383E77E19415C591ED798755141ADAF2E32ED7E194165754A4CA075514141C80AA71A7F19419E49601CA8755141D80B68A8977F194144F5B8DBAE7551414B498E4C0980194161DFC3C3B27551419CABFE1FBF80194188303EE5B4755141907E658A588119411B59FBF5B5755141CE5D3AAF0882194173625F72B875514168CC183DD58219415F9480FFBB755141AAD66EEED4831941996896CFC3755141E8B54313858419417A334823C9755141DC88AA7D1E851941A184C244CB7551416474ED5CE5851941A184C244CB7551417D4D8B248A86194118C3746DC87551417120F28E238719412C9153E0C4755141D505FE10DF871941996896CFC3755141947A13FCB688194153E2CD01C7755141E807055CBC891941A184C244CB7551418E02D8486C8A194162C912C2CD755141262E14AC068B1941BC33E412C57551411F2210F7B58B19416242CC3AB9755141F861787CCD8C194198224689A9755141A71F870ED28D19412E6593199D7551419C2CA0C2438E1941923822C5977551414703CCBD0A8F1941EEA5E32492755141697921FCCC8F1941A00FAB7A8F755141008FA07D8A901941277B6F558B75514183E372853E91194158EA2D3A84755141015162F6B4911941192B7E457975514182E2B318C3911941387F9DC878755141AE92D1F4C19119417DC1EB496F755141E1D61938B49119418D21E9CD6C755141A3F74413049119417037DEE568755141CDD412EDD68F19418505BD58657551410E60FD01FF8E1941CA8B85266275514173F11E74328E19414B31A7885D755141A424EF66A48D19416A66F53458755141E7DA5A081C8D1941FD8EB24559755141CE01BD40778C1941B808EA775C755141D703D5498E8B19417CE990E35D755141741EC9C7D28A1941CA8B852662755141C62C4F8B008A19410EC70A30687551410AE3BA2C78891941B47263EF6E7551413B168B1FEA8819419FA4847C72755141A0A7AC911D8819413D34B1C671755141BB2C60493A8719413D34B1C6717551414299378C29861941B47263EF6E755141832422A151851941978858076B755141F70D5E353B841941AC56377A67755141A7ABED618583194199D39BCB617551411EC0AA82BE8219411A79BD2D5D755141A9570352FD811941DF5964995E755141DA8AD3446F81194199D39BCB61755141206CC072368119417037DEE5687551417AD0484F03811941B47263EF6E75514189286371B98019411FFF621A77755141CCDECE123180194175BD83D282755141B305314B8C7F1941069BFD1E8D7551419A2C9383E77E19415C591ED7987551419A2C9383E77E19415C591ED7987551419A2C9383E77E19415C591ED798755141');
INSERT INTO "sample_epaswmm"."subcatchment" VALUES ('30302', '10034', '41', '12.469730', '15.0000', '286.6600', '19.1552', '435.0000', '', '0.0130', '0.0250', '1.7296', '0.0000', '0.0000', 'IMPERVIOUS', '100.0000', null, null, null, null, null, null, null, null, '76.6395', '0.0000', '10.0000', '51', null, '0106000020F7590000010000000103000000010000002B0000008E02D8486C8A194162C912C2CD755141BE2A3782E98A1941EF26B787CF755141E98670F8938B19416E819525D4755141F307F49D828C1941BC238A68D87551418E76D22B4F8D194145E5D73FDB755141A424EF66A48D19413117F9CCDE755141A74F70F3F38D1941B071D76AE3755141C0280EBB988E19416AEB0E9DE675514162EDEE610490194160849F63E8755141DEAB98AB64911941C2F47219E9755141E82C1C515392194139332542E67551410AE1E99C5A931941E3D01202E4755141A01A2F5DD4921941FED47811E17551412731082CBF921941068195C3E0755141DBF97E6A949219416F128300E0755141CDCCCC4C8992194196438BB4DF7551412B8716D975921941B81E8513DF755141713D0A576D9219414A0C02C3DE755141DBF97EEA649219410AD7A370DE755141A69BC420519219413BDF4FD5DD755141508D976E15921941B4C87606DA755141333333B307921941C3F528A4D8755141F4FDD4F8009219419CC420D0D775514117D9CEF7FA9119419EEFA7F6D6755141115839B4F59119415839B418D6755141E17A142EF191194100000028D57551414A0C02ABEA911941F0A7C63BD37551417F6ABC74E291194117D9CE47CA7551411904560EDB911941EC51B806B875514183632F2DC3911941EC5B71C978755141015162F6B4911941192B7E457975514183E372853E91194158EA2D3A84755141008FA07D8A901941277B6F558B755141697921FCCC8F1941A00FAB7A8F7551414703CCBD0A8F1941EEA5E324927551419C2CA0C2438E1941923822C597755141A71F870ED28D19412E6593199D755141F861787CCD8C194198224689A97551411F2210F7B58B19416242CC3AB9755141262E14AC068B1941BC33E412C57551418E02D8486C8A194162C912C2CD7551418E02D8486C8A194162C912C2CD7551418E02D8486C8A194162C912C2CD755141');
COMMIT;

-- ----------------------------
-- Alter Sequences Owned By 
-- ----------------------------
