/*
This file is part of Giswater
The program is free software: you can redistribute it and/or modify it under the terms of the GNU
General Public License as published by the Free Software Foundation, either version 3 of the License,
or (at your option) any later version.
*/

SET search_path = "SCHEMA_NAME", public, pg_catalog;

INSERT INTO inp_gully VALUES ('30046', 'To_network', NULL, NULL, NULL, NULL, 'W_O', 1.6, 0.7, NULL, NULL, 90);
INSERT INTO inp_gully VALUES ('30131', 'To_network', NULL, NULL, NULL, NULL, 'W_O', 1.6, 0.7, NULL, NULL, 90);
INSERT INTO inp_gully VALUES ('30130', 'To_network', NULL, NULL, NULL, NULL, 'W_O', 1.6, 0.7, NULL, NULL, 90);
INSERT INTO inp_gully VALUES ('30129', 'To_network', NULL, NULL, NULL, NULL, 'W_O', 1.6, 0.7, NULL, NULL, 90);
INSERT INTO inp_gully VALUES ('30127', 'To_network', NULL, NULL, NULL, NULL, 'W_O', 1.6, 0.7, NULL, NULL, 90);
INSERT INTO inp_gully VALUES ('30126', 'To_network', NULL, NULL, NULL, NULL, 'W_O', 1.6, 0.7, NULL, NULL, 90);
INSERT INTO inp_gully VALUES ('30125', 'To_network', NULL, NULL, NULL, NULL, 'W_O', 1.6, 0.7, NULL, NULL, 90);
INSERT INTO inp_gully VALUES ('30124', 'To_network', NULL, NULL, NULL, NULL, 'W_O', 1.6, 0.7, NULL, NULL, 90);
INSERT INTO inp_gully VALUES ('30121', 'To_network', NULL, NULL, NULL, NULL, 'W_O', 1.6, 0.7, NULL, NULL, 90);
INSERT INTO inp_gully VALUES ('30120', 'To_network', NULL, NULL, NULL, NULL, 'W_O', 1.6, 0.7, NULL, NULL, 90);
INSERT INTO inp_gully VALUES ('30115', 'To_network', NULL, NULL, NULL, NULL, 'W_O', 1.6, 0.7, NULL, NULL, 90);
INSERT INTO inp_gully VALUES ('30114', 'To_network', NULL, NULL, NULL, NULL, 'W_O', 1.6, 0.7, NULL, NULL, 90);
INSERT INTO inp_gully VALUES ('30113', 'To_network', NULL, NULL, NULL, NULL, 'W_O', 1.6, 0.7, NULL, NULL, 90);
INSERT INTO inp_gully VALUES ('30112', 'To_network', NULL, NULL, NULL, NULL, 'W_O', 1.6, 0.7, NULL, NULL, 90);
INSERT INTO inp_gully VALUES ('30111', 'To_network', NULL, NULL, NULL, NULL, 'W_O', 1.6, 0.7, NULL, NULL, 90);
INSERT INTO inp_gully VALUES ('30109', 'To_network', NULL, NULL, NULL, NULL, 'W_O', 1.6, 0.7, NULL, NULL, 90);
INSERT INTO inp_gully VALUES ('30108', 'To_network', NULL, NULL, NULL, NULL, 'W_O', 1.6, 0.7, NULL, NULL, 90);
INSERT INTO inp_gully VALUES ('30107', 'To_network', NULL, NULL, NULL, NULL, 'W_O', 1.6, 0.7, NULL, NULL, 90);
INSERT INTO inp_gully VALUES ('30106', 'To_network', NULL, NULL, NULL, NULL, 'W_O', 1.6, 0.7, NULL, NULL, 90);
INSERT INTO inp_gully VALUES ('30105', 'To_network', NULL, NULL, NULL, NULL, 'W_O', 1.6, 0.7, NULL, NULL, 90);
INSERT INTO inp_gully VALUES ('30104', 'To_network', NULL, NULL, NULL, NULL, 'W_O', 1.6, 0.7, NULL, NULL, 90);
INSERT INTO inp_gully VALUES ('30103', 'To_network', NULL, NULL, NULL, NULL, 'W_O', 1.6, 0.7, NULL, NULL, 90);
INSERT INTO inp_gully VALUES ('30102', 'To_network', NULL, NULL, NULL, NULL, 'W_O', 1.6, 0.7, NULL, NULL, 90);
INSERT INTO inp_gully VALUES ('30101', 'To_network', NULL, NULL, NULL, NULL, 'W_O', 1.6, 0.7, NULL, NULL, 90);
INSERT INTO inp_gully VALUES ('30100', 'To_network', NULL, NULL, NULL, NULL, 'W_O', 1.6, 0.7, NULL, NULL, 90);
INSERT INTO inp_gully VALUES ('30099', 'To_network', NULL, NULL, NULL, NULL, 'W_O', 1.6, 0.7, NULL, NULL, 90);
INSERT INTO inp_gully VALUES ('30098', 'To_network', NULL, NULL, NULL, NULL, 'W_O', 1.6, 0.7, NULL, NULL, 90);
INSERT INTO inp_gully VALUES ('30097', 'To_network', NULL, NULL, NULL, NULL, 'W_O', 1.6, 0.7, NULL, NULL, 90);
INSERT INTO inp_gully VALUES ('30096', 'To_network', NULL, NULL, NULL, NULL, 'W_O', 1.6, 0.7, NULL, NULL, 90);
INSERT INTO inp_gully VALUES ('30095', 'To_network', NULL, NULL, NULL, NULL, 'W_O', 1.6, 0.7, NULL, NULL, 90);
INSERT INTO inp_gully VALUES ('30094', 'To_network', NULL, NULL, NULL, NULL, 'W_O', 1.6, 0.7, NULL, NULL, 90);
INSERT INTO inp_gully VALUES ('30093', 'To_network', NULL, NULL, NULL, NULL, 'W_O', 1.6, 0.7, NULL, NULL, 90);
INSERT INTO inp_gully VALUES ('30092', 'To_network', NULL, NULL, NULL, NULL, 'W_O', 1.6, 0.7, NULL, NULL, 90);
INSERT INTO inp_gully VALUES ('30091', 'To_network', NULL, NULL, NULL, NULL, 'W_O', 1.6, 0.7, NULL, NULL, 90);
INSERT INTO inp_gully VALUES ('30090', 'To_network', NULL, NULL, NULL, NULL, 'W_O', 1.6, 0.7, NULL, NULL, 90);
INSERT INTO inp_gully VALUES ('30089', 'To_network', NULL, NULL, NULL, NULL, 'W_O', 1.6, 0.7, NULL, NULL, 90);
INSERT INTO inp_gully VALUES ('30088', 'To_network', NULL, NULL, NULL, NULL, 'W_O', 1.6, 0.7, NULL, NULL, 90);
INSERT INTO inp_gully VALUES ('30087', 'To_network', NULL, NULL, NULL, NULL, 'W_O', 1.6, 0.7, NULL, NULL, 90);
INSERT INTO inp_gully VALUES ('30086', 'To_network', NULL, NULL, NULL, NULL, 'W_O', 1.6, 0.7, NULL, NULL, 90);
INSERT INTO inp_gully VALUES ('30085', 'To_network', NULL, NULL, NULL, NULL, 'W_O', 1.6, 0.7, NULL, NULL, 90);
INSERT INTO inp_gully VALUES ('30084', 'To_network', NULL, NULL, NULL, NULL, 'W_O', 1.6, 0.7, NULL, NULL, 90);
INSERT INTO inp_gully VALUES ('30083', 'To_network', NULL, NULL, NULL, NULL, 'W_O', 1.6, 0.7, NULL, NULL, 90);
INSERT INTO inp_gully VALUES ('30082', 'To_network', NULL, NULL, NULL, NULL, 'W_O', 1.6, 0.7, NULL, NULL, 90);
INSERT INTO inp_gully VALUES ('30081', 'To_network', NULL, NULL, NULL, NULL, 'W_O', 1.6, 0.7, NULL, NULL, 90);
INSERT INTO inp_gully VALUES ('30080', 'To_network', NULL, NULL, NULL, NULL, 'W_O', 1.6, 0.7, NULL, NULL, 90);
INSERT INTO inp_gully VALUES ('30079', 'To_network', NULL, NULL, NULL, NULL, 'W_O', 1.6, 0.7, NULL, NULL, 90);
INSERT INTO inp_gully VALUES ('30077', 'To_network', NULL, NULL, NULL, NULL, 'W_O', 1.6, 0.7, NULL, NULL, 90);
INSERT INTO inp_gully VALUES ('30076', 'To_network', NULL, NULL, NULL, NULL, 'W_O', 1.6, 0.7, NULL, NULL, 90);
INSERT INTO inp_gully VALUES ('30075', 'To_network', NULL, NULL, NULL, NULL, 'W_O', 1.6, 0.7, NULL, NULL, 90);
INSERT INTO inp_gully VALUES ('30074', 'To_network', NULL, NULL, NULL, NULL, 'W_O', 1.6, 0.7, NULL, NULL, 90);
INSERT INTO inp_gully VALUES ('30073', 'To_network', NULL, NULL, NULL, NULL, 'W_O', 1.6, 0.7, NULL, NULL, 90);
INSERT INTO inp_gully VALUES ('30069', 'To_network', NULL, NULL, NULL, NULL, 'W_O', 1.6, 0.7, NULL, NULL, 90);
INSERT INTO inp_gully VALUES ('30068', 'To_network', NULL, NULL, NULL, NULL, 'W_O', 1.6, 0.7, NULL, NULL, 90);
INSERT INTO inp_gully VALUES ('30067', 'To_network', NULL, NULL, NULL, NULL, 'W_O', 1.6, 0.7, NULL, NULL, 90);
INSERT INTO inp_gully VALUES ('30066', 'To_network', NULL, NULL, NULL, NULL, 'W_O', 1.6, 0.7, NULL, NULL, 90);
INSERT INTO inp_gully VALUES ('30062', 'To_network', NULL, NULL, NULL, NULL, 'W_O', 1.6, 0.7, NULL, NULL, 90);
INSERT INTO inp_gully VALUES ('30061', 'To_network', NULL, NULL, NULL, NULL, 'W_O', 1.6, 0.7, NULL, NULL, 90);
INSERT INTO inp_gully VALUES ('30060', 'To_network', NULL, NULL, NULL, NULL, 'W_O', 1.6, 0.7, NULL, NULL, 90);
INSERT INTO inp_gully VALUES ('30059', 'To_network', NULL, NULL, NULL, NULL, 'W_O', 1.6, 0.7, NULL, NULL, 90);
INSERT INTO inp_gully VALUES ('30058', 'To_network', NULL, NULL, NULL, NULL, 'W_O', 1.6, 0.7, NULL, NULL, 90);
INSERT INTO inp_gully VALUES ('30057', 'To_network', NULL, NULL, NULL, NULL, 'W_O', 1.6, 0.7, NULL, NULL, 90);
INSERT INTO inp_gully VALUES ('30056', 'To_network', NULL, NULL, NULL, NULL, 'W_O', 1.6, 0.7, NULL, NULL, 90);
INSERT INTO inp_gully VALUES ('30055', 'To_network', NULL, NULL, NULL, NULL, 'W_O', 1.6, 0.7, NULL, NULL, 90);
INSERT INTO inp_gully VALUES ('30054', 'To_network', NULL, NULL, NULL, NULL, 'W_O', 1.6, 0.7, NULL, NULL, 90);
INSERT INTO inp_gully VALUES ('30053', 'To_network', NULL, NULL, NULL, NULL, 'W_O', 1.6, 0.7, NULL, NULL, 90);
INSERT INTO inp_gully VALUES ('30052', 'To_network', NULL, NULL, NULL, NULL, 'W_O', 1.6, 0.7, NULL, NULL, 90);
INSERT INTO inp_gully VALUES ('30051', 'To_network', NULL, NULL, NULL, NULL, 'W_O', 1.6, 0.7, NULL, NULL, 90);
INSERT INTO inp_gully VALUES ('30050', 'To_network', NULL, NULL, NULL, NULL, 'W_O', 1.6, 0.7, NULL, NULL, 90);
INSERT INTO inp_gully VALUES ('30049', 'To_network', NULL, NULL, NULL, NULL, 'W_O', 1.6, 0.7, NULL, NULL, 90);
INSERT INTO inp_gully VALUES ('30048', 'To_network', NULL, NULL, NULL, NULL, 'W_O', 1.6, 0.7, NULL, NULL, 90);
INSERT INTO inp_gully VALUES ('30047', 'To_network', NULL, NULL, NULL, NULL, 'W_O', 1.6, 0.7, NULL, NULL, 90);
INSERT INTO inp_gully VALUES ('30045', 'To_network', NULL, NULL, NULL, NULL, 'W_O', 1.6, 0.7, NULL, NULL, 90);
INSERT INTO inp_gully VALUES ('30044', 'To_network', NULL, NULL, NULL, NULL, 'W_O', 1.6, 0.7, NULL, NULL, 90);
INSERT INTO inp_gully VALUES ('30043', 'To_network', NULL, NULL, NULL, NULL, 'W_O', 1.6, 0.7, NULL, NULL, 90);
INSERT INTO inp_gully VALUES ('30042', 'To_network', NULL, NULL, NULL, NULL, 'W_O', 1.6, 0.7, NULL, NULL, 90);
INSERT INTO inp_gully VALUES ('30041', 'To_network', NULL, NULL, NULL, NULL, 'W_O', 1.6, 0.7, NULL, NULL, 90);
INSERT INTO inp_gully VALUES ('30040', 'To_network', NULL, NULL, NULL, NULL, 'W_O', 1.6, 0.7, NULL, NULL, 90);
INSERT INTO inp_gully VALUES ('30039', 'To_network', NULL, NULL, NULL, NULL, 'W_O', 1.6, 0.7, NULL, NULL, 90);
INSERT INTO inp_gully VALUES ('30038', 'To_network', NULL, NULL, NULL, NULL, 'W_O', 1.6, 0.7, NULL, NULL, 90);
INSERT INTO inp_gully VALUES ('30037', 'To_network', NULL, NULL, NULL, NULL, 'W_O', 1.6, 0.7, NULL, NULL, 90);
INSERT INTO inp_gully VALUES ('30036', 'To_network', NULL, NULL, NULL, NULL, 'W_O', 1.6, 0.7, NULL, NULL, 90);
INSERT INTO inp_gully VALUES ('30035', 'To_network', NULL, NULL, NULL, NULL, 'W_O', 1.6, 0.7, NULL, NULL, 90);
INSERT INTO inp_gully VALUES ('30034', 'To_network', NULL, NULL, NULL, NULL, 'W_O', 1.6, 0.7, NULL, NULL, 90);
INSERT INTO inp_gully VALUES ('30033', 'To_network', NULL, NULL, NULL, NULL, 'W_O', 1.6, 0.7, NULL, NULL, 90);
INSERT INTO inp_gully VALUES ('30032', 'To_network', NULL, NULL, NULL, NULL, 'W_O', 1.6, 0.7, NULL, NULL, 90);
INSERT INTO inp_gully VALUES ('30031', 'To_network', NULL, NULL, NULL, NULL, 'W_O', 1.6, 0.7, NULL, NULL, 90);
INSERT INTO inp_gully VALUES ('30030', 'To_network', NULL, NULL, NULL, NULL, 'W_O', 1.6, 0.7, NULL, NULL, 90);
INSERT INTO inp_gully VALUES ('30029', 'To_network', NULL, NULL, NULL, NULL, 'W_O', 1.6, 0.7, NULL, NULL, 90);
INSERT INTO inp_gully VALUES ('30028', 'To_network', NULL, NULL, NULL, NULL, 'W_O', 1.6, 0.7, NULL, NULL, 90);
INSERT INTO inp_gully VALUES ('30027', 'To_network', NULL, NULL, NULL, NULL, 'W_O', 1.6, 0.7, NULL, NULL, 90);
INSERT INTO inp_gully VALUES ('30026', 'To_network', NULL, NULL, NULL, NULL, 'W_O', 1.6, 0.7, NULL, NULL, 90);
INSERT INTO inp_gully VALUES ('30025', 'To_network', NULL, NULL, NULL, NULL, 'W_O', 1.6, 0.7, NULL, NULL, 90);
INSERT INTO inp_gully VALUES ('30024', 'To_network', NULL, NULL, NULL, NULL, 'W_O', 1.6, 0.7, NULL, NULL, 90);
INSERT INTO inp_gully VALUES ('30023', 'To_network', NULL, NULL, NULL, NULL, 'W_O', 1.6, 0.7, NULL, NULL, 90);
INSERT INTO inp_gully VALUES ('30022', 'To_network', NULL, NULL, NULL, NULL, 'W_O', 1.6, 0.7, NULL, NULL, 90);
INSERT INTO inp_gully VALUES ('30021', 'To_network', NULL, NULL, NULL, NULL, 'W_O', 1.6, 0.7, NULL, NULL, 90);
INSERT INTO inp_gully VALUES ('30020', 'To_network', NULL, NULL, NULL, NULL, 'W_O', 1.6, 0.7, NULL, NULL, 90);
INSERT INTO inp_gully VALUES ('30019', 'To_network', NULL, NULL, NULL, NULL, 'W_O', 1.6, 0.7, NULL, NULL, 90);
INSERT INTO inp_gully VALUES ('30017', 'To_network', NULL, NULL, NULL, NULL, 'W_O', 1.6, 0.7, NULL, NULL, 90);
INSERT INTO inp_gully VALUES ('30016', 'To_network', NULL, NULL, NULL, NULL, 'W_O', 1.6, 0.7, NULL, NULL, 90);
INSERT INTO inp_gully VALUES ('30015', 'To_network', NULL, NULL, NULL, NULL, 'W_O', 1.6, 0.7, NULL, NULL, 90);
INSERT INTO inp_gully VALUES ('30013', 'To_network', NULL, NULL, NULL, NULL, 'W_O', 1.6, 0.7, NULL, NULL, 90);
INSERT INTO inp_gully VALUES ('30012', 'To_network', NULL, NULL, NULL, NULL, 'W_O', 1.6, 0.7, NULL, NULL, 90);
INSERT INTO inp_gully VALUES ('30011', 'To_network', NULL, NULL, NULL, NULL, 'W_O', 1.6, 0.7, NULL, NULL, 90);
INSERT INTO inp_gully VALUES ('30010', 'To_network', NULL, NULL, NULL, NULL, 'W_O', 1.6, 0.7, NULL, NULL, 90);
INSERT INTO inp_gully VALUES ('30009', 'To_network', NULL, NULL, NULL, NULL, 'W_O', 1.6, 0.7, NULL, NULL, 90);
INSERT INTO inp_gully VALUES ('10118', 'To_network', NULL, NULL, NULL, NULL, 'W_O', 1.6, 0.7, NULL, NULL, 90);
INSERT INTO inp_gully VALUES ('10117', 'To_network', NULL, NULL, NULL, NULL, 'W_O', 1.6, 0.7, NULL, NULL, 90);
INSERT INTO inp_gully VALUES ('10116', 'To_network', NULL, NULL, NULL, NULL, 'W_O', 1.6, 0.7, NULL, NULL, 90);
INSERT INTO inp_gully VALUES ('10065', 'To_network', NULL, NULL, NULL, NULL, 'W_O', 1.6, 0.7, NULL, NULL, 90);
INSERT INTO inp_gully VALUES ('10064', 'To_network', NULL, NULL, NULL, NULL, 'W_O', 1.6, 0.7, NULL, NULL, 90);
INSERT INTO inp_gully VALUES ('10063', 'To_network', NULL, NULL, NULL, NULL, 'W_O', 1.6, 0.7, NULL, NULL, 90);
INSERT INTO inp_gully VALUES ('30135', 'To_network', NULL, NULL, NULL, NULL, 'W_O', 1.6, 0.7, NULL, NULL, 90);
INSERT INTO inp_gully VALUES ('30918', 'To_network', NULL, NULL, NULL, NULL, 'W_O', 1.6, 0.7, NULL, NULL, 90);
INSERT INTO inp_gully VALUES ('30917', 'To_network', NULL, NULL, NULL, NULL, 'W_O', 1.6, 0.7, NULL, NULL, 90);
INSERT INTO inp_gully VALUES ('30915', 'To_network', NULL, NULL, NULL, NULL, 'W_O', 1.6, 0.7, NULL, NULL, 90);
INSERT INTO inp_gully VALUES ('30914', 'To_network', NULL, NULL, NULL, NULL, 'W_O', 1.6, 0.7, NULL, NULL, 90);
INSERT INTO inp_gully VALUES ('30913', 'To_network', NULL, NULL, NULL, NULL, 'W_O', 1.6, 0.7, NULL, NULL, 90);
INSERT INTO inp_gully VALUES ('30136', 'To_network', NULL, NULL, NULL, NULL, 'W_O', 1.6, 0.7, NULL, NULL, 90);
INSERT INTO inp_gully VALUES ('30134', 'To_network', NULL, NULL, NULL, NULL, 'W_O', 1.6, 0.7, NULL, NULL, 90);
INSERT INTO inp_gully VALUES ('30133', 'To_network', NULL, NULL, NULL, NULL, 'W_O', 1.6, 0.7, NULL, NULL, 90);
INSERT INTO inp_gully VALUES ('30132', 'To_network', NULL, NULL, NULL, NULL, 'W_O', 1.6, 0.7, NULL, NULL, 90);
INSERT INTO inp_gully VALUES ('50062', 'To_network', NULL, NULL, NULL, NULL, 'W_O', 1.6, 0.7, NULL, NULL, 90);
INSERT INTO inp_gully VALUES ('50061', 'To_network', NULL, NULL, NULL, NULL, 'W_O', 1.6, 0.7, NULL, NULL, 90);
INSERT INTO inp_gully VALUES ('50060', 'To_network', NULL, NULL, NULL, NULL, 'W_O', 1.6, 0.7, NULL, NULL, 90);
INSERT INTO inp_gully VALUES ('50059', 'To_network', NULL, NULL, NULL, NULL, 'W_O', 1.6, 0.7, NULL, NULL, 90);
INSERT INTO inp_gully VALUES ('50058', 'To_network', NULL, NULL, NULL, NULL, 'W_O', 1.6, 0.7, NULL, NULL, 90);
INSERT INTO inp_gully VALUES ('50057', 'To_network', NULL, NULL, NULL, NULL, 'W_O', 1.6, 0.7, NULL, NULL, 90);
INSERT INTO inp_gully VALUES ('50056', 'To_network', NULL, NULL, NULL, NULL, 'W_O', 1.6, 0.7, NULL, NULL, 90);
INSERT INTO inp_gully VALUES ('50055', 'To_network', NULL, NULL, NULL, NULL, 'W_O', 1.6, 0.7, NULL, NULL, 90);
INSERT INTO inp_gully VALUES ('50054', 'To_network', NULL, NULL, NULL, NULL, 'W_O', 1.6, 0.7, NULL, NULL, 90);
INSERT INTO inp_gully VALUES ('50053', 'To_network', NULL, NULL, NULL, NULL, 'W_O', 1.6, 0.7, NULL, NULL, 90);
INSERT INTO inp_gully VALUES ('50052', 'To_network', NULL, NULL, NULL, NULL, 'W_O', 1.6, 0.7, NULL, NULL, 90);
INSERT INTO inp_gully VALUES ('50051', 'To_network', NULL, NULL, NULL, NULL, 'W_O', 1.6, 0.7, NULL, NULL, 90);
INSERT INTO inp_gully VALUES ('50050', 'To_network', NULL, NULL, NULL, NULL, 'W_O', 1.6, 0.7, NULL, NULL, 90);
INSERT INTO inp_gully VALUES ('50049', 'To_network', NULL, NULL, NULL, NULL, 'W_O', 1.6, 0.7, NULL, NULL, 90);
INSERT INTO inp_gully VALUES ('50048', 'To_network', NULL, NULL, NULL, NULL, 'W_O', 1.6, 0.7, NULL, NULL, 90);
INSERT INTO inp_gully VALUES ('50047', 'To_network', NULL, NULL, NULL, NULL, 'W_O', 1.6, 0.7, NULL, NULL, 90);
INSERT INTO inp_gully VALUES ('50046', 'To_network', NULL, NULL, NULL, NULL, 'W_O', 1.6, 0.7, NULL, NULL, 90);
INSERT INTO inp_gully VALUES ('50045', 'To_network', NULL, NULL, NULL, NULL, 'W_O', 1.6, 0.7, NULL, NULL, 90);
INSERT INTO inp_gully VALUES ('50044', 'To_network', NULL, NULL, NULL, NULL, 'W_O', 1.6, 0.7, NULL, NULL, 90);
INSERT INTO inp_gully VALUES ('50043', 'To_network', NULL, NULL, NULL, NULL, 'W_O', 1.6, 0.7, NULL, NULL, 90);
INSERT INTO inp_gully VALUES ('50042', 'To_network', NULL, NULL, NULL, NULL, 'W_O', 1.6, 0.7, NULL, NULL, 90);
INSERT INTO inp_gully VALUES ('50041', 'To_network', NULL, NULL, NULL, NULL, 'W_O', 1.6, 0.7, NULL, NULL, 90);
INSERT INTO inp_gully VALUES ('50040', 'To_network', NULL, NULL, NULL, NULL, 'W_O', 1.6, 0.7, NULL, NULL, 90);
INSERT INTO inp_gully VALUES ('50039', 'To_network', NULL, NULL, NULL, NULL, 'W_O', 1.6, 0.7, NULL, NULL, 90);
INSERT INTO inp_gully VALUES ('50038', 'To_network', NULL, NULL, NULL, NULL, 'W_O', 1.6, 0.7, NULL, NULL, 90);
INSERT INTO inp_gully VALUES ('50037', 'To_network', NULL, NULL, NULL, NULL, 'W_O', 1.6, 0.7, NULL, NULL, 90);
INSERT INTO inp_gully VALUES ('50036', 'To_network', NULL, NULL, NULL, NULL, 'W_O', 1.6, 0.7, NULL, NULL, 90);
INSERT INTO inp_gully VALUES ('50035', 'To_network', NULL, NULL, NULL, NULL, 'W_O', 1.6, 0.7, NULL, NULL, 90);
INSERT INTO inp_gully VALUES ('50034', 'To_network', NULL, NULL, NULL, NULL, 'W_O', 1.6, 0.7, NULL, NULL, 90);
INSERT INTO inp_gully VALUES ('50033', 'To_network', NULL, NULL, NULL, NULL, 'W_O', 1.6, 0.7, NULL, NULL, 90);
INSERT INTO inp_gully VALUES ('50032', 'To_network', NULL, NULL, NULL, NULL, 'W_O', 1.6, 0.7, NULL, NULL, 90);
INSERT INTO inp_gully VALUES ('50031', 'To_network', NULL, NULL, NULL, NULL, 'W_O', 1.6, 0.7, NULL, NULL, 90);
INSERT INTO inp_gully VALUES ('50030', 'To_network', NULL, NULL, NULL, NULL, 'W_O', 1.6, 0.7, NULL, NULL, 90);
INSERT INTO inp_gully VALUES ('50029', 'To_network', NULL, NULL, NULL, NULL, 'W_O', 1.6, 0.7, NULL, NULL, 90);
INSERT INTO inp_gully VALUES ('50028', 'To_network', NULL, NULL, NULL, NULL, 'W_O', 1.6, 0.7, NULL, NULL, 90);
INSERT INTO inp_gully VALUES ('50027', 'To_network', NULL, NULL, NULL, NULL, 'W_O', 1.6, 0.7, NULL, NULL, 90);
INSERT INTO inp_gully VALUES ('50026', 'To_network', NULL, NULL, NULL, NULL, 'W_O', 1.6, 0.7, NULL, NULL, 90);
INSERT INTO inp_gully VALUES ('50025', 'To_network', NULL, NULL, NULL, NULL, 'W_O', 1.6, 0.7, NULL, NULL, 90);
INSERT INTO inp_gully VALUES ('50024', 'To_network', NULL, NULL, NULL, NULL, 'W_O', 1.6, 0.7, NULL, NULL, 90);
INSERT INTO inp_gully VALUES ('50023', 'To_network', NULL, NULL, NULL, NULL, 'W_O', 1.6, 0.7, NULL, NULL, 90);
INSERT INTO inp_gully VALUES ('50022', 'To_network', NULL, NULL, NULL, NULL, 'W_O', 1.6, 0.7, NULL, NULL, 90);
INSERT INTO inp_gully VALUES ('50021', 'To_network', NULL, NULL, NULL, NULL, 'W_O', 1.6, 0.7, NULL, NULL, 90);
INSERT INTO inp_gully VALUES ('50020', 'To_network', NULL, NULL, NULL, NULL, 'W_O', 1.6, 0.7, NULL, NULL, 90);
INSERT INTO inp_gully VALUES ('50019', 'To_network', NULL, NULL, NULL, NULL, 'W_O', 1.6, 0.7, NULL, NULL, 90);
INSERT INTO inp_gully VALUES ('50018', 'To_network', NULL, NULL, NULL, NULL, 'W_O', 1.6, 0.7, NULL, NULL, 90);
INSERT INTO inp_gully VALUES ('50017', 'To_network', NULL, NULL, NULL, NULL, 'W_O', 1.6, 0.7, NULL, NULL, 90);
INSERT INTO inp_gully VALUES ('50016', 'To_network', NULL, NULL, NULL, NULL, 'W_O', 1.6, 0.7, NULL, NULL, 90);
INSERT INTO inp_gully VALUES ('50015', 'To_network', NULL, NULL, NULL, NULL, 'W_O', 1.6, 0.7, NULL, NULL, 90);
INSERT INTO inp_gully VALUES ('50014', 'To_network', NULL, NULL, NULL, NULL, 'W_O', 1.6, 0.7, NULL, NULL, 90);
INSERT INTO inp_gully VALUES ('50013', 'To_network', NULL, NULL, NULL, NULL, 'W_O', 1.6, 0.7, NULL, NULL, 90);
INSERT INTO inp_gully VALUES ('50012', 'To_network', NULL, NULL, NULL, NULL, 'W_O', 1.6, 0.7, NULL, NULL, 90);
INSERT INTO inp_gully VALUES ('50011', 'To_network', NULL, NULL, NULL, NULL, 'W_O', 1.6, 0.7, NULL, NULL, 90);
INSERT INTO inp_gully VALUES ('50010', 'To_network', NULL, NULL, NULL, NULL, 'W_O', 1.6, 0.7, NULL, NULL, 90);
INSERT INTO inp_gully VALUES ('50008', 'To_network', NULL, NULL, NULL, NULL, 'W_O', 1.6, 0.7, NULL, NULL, 90);
INSERT INTO inp_gully VALUES ('50007', 'To_network', NULL, NULL, NULL, NULL, 'W_O', 1.6, 0.7, NULL, NULL, 90);
INSERT INTO inp_gully VALUES ('50006', 'To_network', NULL, NULL, NULL, NULL, 'W_O', 1.6, 0.7, NULL, NULL, 90);
INSERT INTO inp_gully VALUES ('50005', 'To_network', NULL, NULL, NULL, NULL, 'W_O', 1.6, 0.7, NULL, NULL, 90);
INSERT INTO inp_gully VALUES ('50004', 'To_network', NULL, NULL, NULL, NULL, 'W_O', 1.6, 0.7, NULL, NULL, 90);
INSERT INTO inp_gully VALUES ('50003', 'To_network', NULL, NULL, NULL, NULL, 'W_O', 1.6, 0.7, NULL, NULL, 90);
INSERT INTO inp_gully VALUES ('50002', 'To_network', NULL, NULL, NULL, NULL, 'W_O', 1.6, 0.7, NULL, NULL, 90);
INSERT INTO inp_gully VALUES ('50001', 'To_network', NULL, NULL, NULL, NULL, 'W_O', 1.6, 0.7, NULL, NULL, 90);
INSERT INTO inp_gully VALUES ('50000', 'To_network', NULL, NULL, NULL, NULL, 'W_O', 1.6, 0.7, NULL, NULL, 90);
INSERT INTO inp_gully VALUES ('49999', 'To_network', NULL, NULL, NULL, NULL, 'W_O', 1.6, 0.7, NULL, NULL, 90);
INSERT INTO inp_gully VALUES ('49996', 'To_network', NULL, NULL, NULL, NULL, 'W_O', 1.6, 0.7, NULL, NULL, 90);
INSERT INTO inp_gully VALUES ('49995', 'To_network', NULL, NULL, NULL, NULL, 'W_O', 1.6, 0.7, NULL, NULL, 90);
INSERT INTO inp_gully VALUES ('49994', 'To_network', NULL, NULL, NULL, NULL, 'W_O', 1.6, 0.7, NULL, NULL, 90);
INSERT INTO inp_gully VALUES ('49993', 'To_network', NULL, NULL, NULL, NULL, 'W_O', 1.6, 0.7, NULL, NULL, 90);
INSERT INTO inp_gully VALUES ('49992', 'To_network', NULL, NULL, NULL, NULL, 'W_O', 1.6, 0.7, NULL, NULL, 90);
INSERT INTO inp_gully VALUES ('49991', 'To_network', NULL, NULL, NULL, NULL, 'W_O', 1.6, 0.7, NULL, NULL, 90);
INSERT INTO inp_gully VALUES ('49990', 'To_network', NULL, NULL, NULL, NULL, 'W_O', 1.6, 0.7, NULL, NULL, 90);
INSERT INTO inp_gully VALUES ('49989', 'To_network', NULL, NULL, NULL, NULL, 'W_O', 1.6, 0.7, NULL, NULL, 90);
INSERT INTO inp_gully VALUES ('49988', 'To_network', NULL, NULL, NULL, NULL, 'W_O', 1.6, 0.7, NULL, NULL, 90);
INSERT INTO inp_gully VALUES ('49987', 'To_network', NULL, NULL, NULL, NULL, 'W_O', 1.6, 0.7, NULL, NULL, 90);
INSERT INTO inp_gully VALUES ('49986', 'To_network', NULL, NULL, NULL, NULL, 'W_O', 1.6, 0.7, NULL, NULL, 90);
INSERT INTO inp_gully VALUES ('49985', 'To_network', NULL, NULL, NULL, NULL, 'W_O', 1.6, 0.7, NULL, NULL, 90);
INSERT INTO inp_gully VALUES ('49984', 'To_network', NULL, NULL, NULL, NULL, 'W_O', 1.6, 0.7, NULL, NULL, 90);
INSERT INTO inp_gully VALUES ('49983', 'To_network', NULL, NULL, NULL, NULL, 'W_O', 1.6, 0.7, NULL, NULL, 90);
INSERT INTO inp_gully VALUES ('49834', 'To_network', NULL, NULL, NULL, NULL, 'W_O', 1.6, 0.7, NULL, NULL, 90);
INSERT INTO inp_gully VALUES ('49833', 'To_network', NULL, NULL, NULL, NULL, 'W_O', 1.6, 0.7, NULL, NULL, 90);
INSERT INTO inp_gully VALUES ('49832', 'To_network', NULL, NULL, NULL, NULL, 'W_O', 1.6, 0.7, NULL, NULL, 90);
INSERT INTO inp_gully VALUES ('49831', 'To_network', NULL, NULL, NULL, NULL, 'W_O', 1.6, 0.7, NULL, NULL, 90);
INSERT INTO inp_gully VALUES ('49830', 'To_network', NULL, NULL, NULL, NULL, 'W_O', 1.6, 0.7, NULL, NULL, 90);
INSERT INTO inp_gully VALUES ('49829', 'To_network', NULL, NULL, NULL, NULL, 'W_O', 1.6, 0.7, NULL, NULL, 90);
INSERT INTO inp_gully VALUES ('49828', 'To_network', NULL, NULL, NULL, NULL, 'W_O', 1.6, 0.7, NULL, NULL, 90);
INSERT INTO inp_gully VALUES ('49827', 'To_network', NULL, NULL, NULL, NULL, 'W_O', 1.6, 0.7, NULL, NULL, 90);
INSERT INTO inp_gully VALUES ('49826', 'To_network', NULL, NULL, NULL, NULL, 'W_O', 1.6, 0.7, NULL, NULL, 90);
INSERT INTO inp_gully VALUES ('49825', 'To_network', NULL, NULL, NULL, NULL, 'W_O', 1.6, 0.7, NULL, NULL, 90);
INSERT INTO inp_gully VALUES ('49824', 'To_network', NULL, NULL, NULL, NULL, 'W_O', 1.6, 0.7, NULL, NULL, 90);
INSERT INTO inp_gully VALUES ('49823', 'To_network', NULL, NULL, NULL, NULL, 'W_O', 1.6, 0.7, NULL, NULL, 90);
INSERT INTO inp_gully VALUES ('49822', 'To_network', NULL, NULL, NULL, NULL, 'W_O', 1.6, 0.7, NULL, NULL, 90);
INSERT INTO inp_gully VALUES ('49821', 'To_network', NULL, NULL, NULL, NULL, 'W_O', 1.6, 0.7, NULL, NULL, 90);
INSERT INTO inp_gully VALUES ('49820', 'To_network', NULL, NULL, NULL, NULL, 'W_O', 1.6, 0.7, NULL, NULL, 90);
INSERT INTO inp_gully VALUES ('49819', 'To_network', NULL, NULL, NULL, NULL, 'W_O', 1.6, 0.7, NULL, NULL, 90);
INSERT INTO inp_gully VALUES ('49818', 'To_network', NULL, NULL, NULL, NULL, 'W_O', 1.6, 0.7, NULL, NULL, 90);
INSERT INTO inp_gully VALUES ('49817', 'To_network', NULL, NULL, NULL, NULL, 'W_O', 1.6, 0.7, NULL, NULL, 90);
INSERT INTO inp_gully VALUES ('49816', 'To_network', NULL, NULL, NULL, NULL, 'W_O', 1.6, 0.7, NULL, NULL, 90);
INSERT INTO inp_gully VALUES ('49815', 'To_network', NULL, NULL, NULL, NULL, 'W_O', 1.6, 0.7, NULL, NULL, 90);
INSERT INTO inp_gully VALUES ('49814', 'To_network', NULL, NULL, NULL, NULL, 'W_O', 1.6, 0.7, NULL, NULL, 90);
INSERT INTO inp_gully VALUES ('49813', 'To_network', NULL, NULL, NULL, NULL, 'W_O', 1.6, 0.7, NULL, NULL, 90);
INSERT INTO inp_gully VALUES ('49812', 'To_network', NULL, NULL, NULL, NULL, 'W_O', 1.6, 0.7, NULL, NULL, 90);
INSERT INTO inp_gully VALUES ('50009', 'To_network', NULL, NULL, NULL, NULL, 'W_O', 1.6, 0.7, NULL, NULL, 90);
INSERT INTO inp_gully VALUES ('10119', 'To_network', NULL, NULL, NULL, NULL, 'W_O', 1.6, 0.7, NULL, NULL, 90);
INSERT INTO inp_gully VALUES ('30018', 'To_network', NULL, NULL, NULL, NULL, 'W_O', 1.6, 0.7, NULL, NULL, 90);
INSERT INTO inp_gully VALUES ('30122', 'To_network', NULL, NULL, NULL, NULL, 'W_O', 1.6, 0.7, NULL, NULL, 90);
INSERT INTO inp_gully VALUES ('30123', 'To_network', NULL, NULL, NULL, NULL, 'W_O', 1.6, 0.7, NULL, NULL, 90);
INSERT INTO inp_gully VALUES ('30128', 'To_network', NULL, NULL, NULL, NULL, 'W_O', 1.6, 0.7, NULL, NULL, 90);
INSERT INTO inp_gully VALUES ('30014', 'To_network', NULL, NULL, NULL, NULL, 'W_O', 1.6, 0.7, NULL, NULL, 90);
INSERT INTO inp_gully VALUES ('49998', 'To_network', NULL, NULL, NULL, NULL, 'W_O', 1.6, 0.7, NULL, NULL, 90);
INSERT INTO inp_gully VALUES ('49997', 'To_network', NULL, NULL, NULL, NULL, 'W_O', 1.6, 0.7, NULL, NULL, 90);

INSERT INTO sys_function VALUES (2916, 'gw_fct_fill_doc_tables','ud','function','void','void','Create example documents (used on sample creation)','role_admin',false);
INSERT INTO sys_function VALUES (2886, 'gw_fct_fill_om_tables','ud','function','void','void','Create example visits (used on sample creation)','role_admin',false);
UPDATE sys_function SET input_params ='void', return_type ='void' WHERE id =2916;
UPDATE sys_function SET input_params ='void', return_type ='void' WHERE id =2886;

INSERT INTO inp_dwf VALUES ('236', 0.0001000, NULL, NULL, NULL, NULL, 1);
INSERT INTO inp_dwf VALUES ('250', 0.0001000, NULL, NULL, NULL, NULL, 1);
INSERT INTO inp_dwf VALUES ('301', 0.0001000, NULL, NULL, NULL, NULL, 1);
INSERT INTO inp_dwf VALUES ('302', 0.0001000, NULL, NULL, NULL, NULL, 1);
INSERT INTO inp_dwf VALUES ('20587', 0.0001000, NULL, NULL, NULL, NULL, 1);
INSERT INTO inp_dwf VALUES ('20590', 0.0001000, NULL, NULL, NULL, NULL, 1);
INSERT INTO inp_dwf VALUES ('20593', 0.0001000, NULL, NULL, NULL, NULL, 1);
INSERT INTO inp_dwf VALUES ('18973', 0.0001000, NULL, NULL, NULL, NULL, 1);
INSERT INTO inp_dwf VALUES ('50', 0.0001000, NULL, NULL, NULL, NULL, 1);
INSERT INTO inp_dwf VALUES ('78', 0.0001000, NULL, NULL, NULL, NULL, 1);
INSERT INTO inp_dwf VALUES ('39', 0.0001000, NULL, NULL, NULL, NULL, 1);
INSERT INTO inp_dwf VALUES ('238', 0.0001000, NULL, NULL, NULL, NULL, 1);
INSERT INTO inp_dwf VALUES ('239', 0.0001000, NULL, NULL, NULL, NULL, 1);
INSERT INTO inp_dwf VALUES ('234', 0.0001000, NULL, NULL, NULL, NULL, 1);
INSERT INTO inp_dwf VALUES ('125', 0.0001000, NULL, NULL, NULL, NULL, 1);
INSERT INTO inp_dwf VALUES ('123', 0.0001000, NULL, NULL, NULL, NULL, 1);
INSERT INTO inp_dwf VALUES ('43', 0.0001000, NULL, NULL, NULL, NULL, 1);
INSERT INTO inp_dwf VALUES ('45', 0.0001000, NULL, NULL, NULL, NULL, 1);
INSERT INTO inp_dwf VALUES ('42', 0.0001000, NULL, NULL, NULL, NULL, 1);
INSERT INTO inp_dwf VALUES ('104', 0.0001000, NULL, NULL, NULL, NULL, 1);
INSERT INTO inp_dwf VALUES ('40', 0.0001000, NULL, NULL, NULL, NULL, 1);
INSERT INTO inp_dwf VALUES ('41', 0.0001000, NULL, NULL, NULL, NULL, 1);
INSERT INTO inp_dwf VALUES ('94', 0.0001000, NULL, NULL, NULL, NULL, 1);
INSERT INTO inp_dwf VALUES ('92', 0.0001000, NULL, NULL, NULL, NULL, 1);
INSERT INTO inp_dwf VALUES ('91', 0.0001000, NULL, NULL, NULL, NULL, 1);
INSERT INTO inp_dwf VALUES ('102', 0.0001000, NULL, NULL, NULL, NULL, 1);
INSERT INTO inp_dwf VALUES ('86', 0.0001000, NULL, NULL, NULL, NULL, 1);
INSERT INTO inp_dwf VALUES ('119', 0.0001000, NULL, NULL, NULL, NULL, 1);
INSERT INTO inp_dwf VALUES ('101', 0.0001000, NULL, NULL, NULL, NULL, 1);
INSERT INTO inp_dwf VALUES ('88', 0.0001000, NULL, NULL, NULL, NULL, 1);
INSERT INTO inp_dwf VALUES ('129', 0.0001000, NULL, NULL, NULL, NULL, 1);
INSERT INTO inp_dwf VALUES ('130', 0.0001000, NULL, NULL, NULL, NULL, 1);
INSERT INTO inp_dwf VALUES ('132', 0.0001000, NULL, NULL, NULL, NULL, 1);
INSERT INTO inp_dwf VALUES ('240', 0.0001000, NULL, NULL, NULL, NULL, 1);
INSERT INTO inp_dwf VALUES ('131', 0.0001000, NULL, NULL, NULL, NULL, 1);
INSERT INTO inp_dwf VALUES ('38', 0.0001000, NULL, NULL, NULL, NULL, 1);
INSERT INTO inp_dwf VALUES ('20607', 0.0001000, NULL, NULL, NULL, NULL, 1);
INSERT INTO inp_dwf VALUES ('118', 0.0001000, NULL, NULL, NULL, NULL, 1);
INSERT INTO inp_dwf VALUES ('60', 0.0001000, NULL, NULL, NULL, NULL, 1);
INSERT INTO inp_dwf VALUES ('57', 0.0001000, NULL, NULL, NULL, NULL, 1);
INSERT INTO inp_dwf VALUES ('35', 0.0001000, NULL, NULL, NULL, NULL, 1);
INSERT INTO inp_dwf VALUES ('64', 0.0001000, NULL, NULL, NULL, NULL, 1);
INSERT INTO inp_dwf VALUES ('75', 0.0001000, NULL, NULL, NULL, NULL, 1);
INSERT INTO inp_dwf VALUES ('37', 0.0001000, NULL, NULL, NULL, NULL, 1);
INSERT INTO inp_dwf VALUES ('68', 0.0001000, NULL, NULL, NULL, NULL, 1);
INSERT INTO inp_dwf VALUES ('20599', 0.0001000, NULL, NULL, NULL, NULL, 1);
INSERT INTO inp_dwf VALUES ('20596', 0.0001000, NULL, NULL, NULL, NULL, 1);
INSERT INTO inp_dwf VALUES ('20597', 0.0001000, NULL, NULL, NULL, NULL, 1);
INSERT INTO inp_dwf VALUES ('20598', 0.0001000, NULL, NULL, NULL, NULL, 1);
INSERT INTO inp_dwf VALUES ('18775', 0.0001000, NULL, NULL, NULL, NULL, 1);
INSERT INTO inp_dwf VALUES ('18976', 0.0001000, NULL, NULL, NULL, NULL, 1);
INSERT INTO inp_dwf VALUES ('120', 0.0001000, NULL, NULL, NULL, NULL, 1);
INSERT INTO inp_dwf VALUES ('44', 0.0001000, NULL, NULL, NULL, NULL, 1);
INSERT INTO inp_dwf VALUES ('113', 0.0001000, NULL, NULL, NULL, NULL, 1);
INSERT INTO inp_dwf VALUES ('124', 0.0001000, NULL, NULL, NULL, NULL, 1);
INSERT INTO inp_dwf VALUES ('106', 0.0001000, NULL, NULL, NULL, NULL, 1);
INSERT INTO inp_dwf VALUES ('107', 0.0001000, NULL, NULL, NULL, NULL, 1);
INSERT INTO inp_dwf VALUES ('108', 0.0001000, NULL, NULL, NULL, NULL, 1);
INSERT INTO inp_dwf VALUES ('110', 0.0001000, NULL, NULL, NULL, NULL, 1);
INSERT INTO inp_dwf VALUES ('109', 0.0001000, NULL, NULL, NULL, NULL, 1);
INSERT INTO inp_dwf VALUES ('233', 0.0001000, NULL, NULL, NULL, NULL, 1);
INSERT INTO inp_dwf VALUES ('79', 0.0001000, NULL, NULL, NULL, NULL, 1);
INSERT INTO inp_dwf VALUES ('85', 0.0001000, NULL, NULL, NULL, NULL, 1);
INSERT INTO inp_dwf VALUES ('84', 0.0001000, NULL, NULL, NULL, NULL, 1);
INSERT INTO inp_dwf VALUES ('81', 0.0001000, NULL, NULL, NULL, NULL, 1);
INSERT INTO inp_dwf VALUES ('80', 0.0001000, NULL, NULL, NULL, NULL, 1);
INSERT INTO inp_dwf VALUES ('83', 0.0001000, NULL, NULL, NULL, NULL, 1);
INSERT INTO inp_dwf VALUES ('63', 0.0001000, NULL, NULL, NULL, NULL, 1);
INSERT INTO inp_dwf VALUES ('235', 0.0001000, NULL, NULL, NULL, NULL, 1);
INSERT INTO inp_dwf VALUES ('237', 0.0001000, NULL, NULL, NULL, NULL, 1);
INSERT INTO inp_dwf VALUES ('55', 0.0001000, NULL, NULL, NULL, NULL, 1);
INSERT INTO inp_dwf VALUES ('31', 0.0001000, NULL, NULL, NULL, NULL, 1);
INSERT INTO inp_dwf VALUES ('29', 0.0001000, NULL, NULL, NULL, NULL, 1);
INSERT INTO inp_dwf VALUES ('56', 0.0001000, NULL, NULL, NULL, NULL, 1);
INSERT INTO inp_dwf VALUES ('30', 0.0001000, NULL, NULL, NULL, NULL, 1);
INSERT INTO inp_dwf VALUES ('72', 0.0001000, NULL, NULL, NULL, NULL, 1);
INSERT INTO inp_dwf VALUES ('48', 0.0001000, NULL, NULL, NULL, NULL, 1);
INSERT INTO inp_dwf VALUES ('49', 0.0001000, NULL, NULL, NULL, NULL, 1);
INSERT INTO inp_dwf VALUES ('71', 0.0001000, NULL, NULL, NULL, NULL, 1);
INSERT INTO inp_dwf VALUES ('62', 0.0001000, NULL, NULL, NULL, NULL, 1);
INSERT INTO inp_dwf VALUES ('66', 0.0001000, NULL, NULL, NULL, NULL, 1);
INSERT INTO inp_dwf VALUES ('74', 0.0001000, NULL, NULL, NULL, NULL, 1);
INSERT INTO inp_dwf VALUES ('76', 0.0001000, NULL, NULL, NULL, NULL, 1);
INSERT INTO inp_dwf VALUES ('77', 0.0001000, NULL, NULL, NULL, NULL, 1);
INSERT INTO inp_dwf VALUES ('58', 0.0001000, NULL, NULL, NULL, NULL, 1);
INSERT INTO inp_dwf VALUES ('70', 0.0001000, NULL, NULL, NULL, NULL, 1);
INSERT INTO inp_dwf VALUES ('116', 0.0001000, NULL, NULL, NULL, NULL, 1);
INSERT INTO inp_dwf VALUES ('61', 0.0001000, NULL, NULL, NULL, NULL, 1);
INSERT INTO inp_dwf VALUES ('52', 0.0001000, NULL, NULL, NULL, NULL, 1);
INSERT INTO inp_dwf VALUES ('34', 0.0001000, NULL, NULL, NULL, NULL, 1);
INSERT INTO inp_dwf VALUES ('46', 0.0001000, NULL, NULL, NULL, NULL, 1);
INSERT INTO inp_dwf VALUES ('47', 0.0001000, NULL, NULL, NULL, NULL, 1);
INSERT INTO inp_dwf VALUES ('32', 0.0001000, NULL, NULL, NULL, NULL, 1);
INSERT INTO inp_dwf VALUES ('115', 0.0001000, NULL, NULL, NULL, NULL, 1);
INSERT INTO inp_dwf VALUES ('33', 0.0001000, NULL, NULL, NULL, NULL, 1);
INSERT INTO inp_dwf VALUES ('54', 0.0001000, NULL, NULL, NULL, NULL, 1);
INSERT INTO inp_dwf VALUES ('117', 0.0001000, NULL, NULL, NULL, NULL, 1);
INSERT INTO inp_dwf VALUES ('59', 0.0001000, NULL, NULL, NULL, NULL, 1);
INSERT INTO inp_dwf VALUES ('51', 0.0001000, NULL, NULL, NULL, NULL, 1);
INSERT INTO inp_dwf VALUES ('53', 0.0001000, NULL, NULL, NULL, NULL, 1);
INSERT INTO inp_dwf VALUES ('112', 0.0001000, NULL, NULL, NULL, NULL, 1);
INSERT INTO inp_dwf VALUES ('111', 0.0001000, NULL, NULL, NULL, NULL, 1);
INSERT INTO inp_dwf VALUES ('114', 0.0001000, NULL, NULL, NULL, NULL, 1);
INSERT INTO inp_dwf VALUES ('67', 0.0001000, NULL, NULL, NULL, NULL, 1);
INSERT INTO inp_dwf VALUES ('99', 0.0001000, NULL, NULL, NULL, NULL, 1);
INSERT INTO inp_dwf VALUES ('93', 0.0001000, NULL, NULL, NULL, NULL, 1);
INSERT INTO inp_dwf VALUES ('73', 0.0001000, NULL, NULL, NULL, NULL, 1);
INSERT INTO inp_dwf VALUES ('82', 0.0001000, NULL, NULL, NULL, NULL, 1);
INSERT INTO inp_dwf VALUES ('87', 0.0001000, NULL, NULL, NULL, NULL, 1);
INSERT INTO inp_dwf VALUES ('89', 0.0001000, NULL, NULL, NULL, NULL, 1);
INSERT INTO inp_dwf VALUES ('65', 0.0001000, NULL, NULL, NULL, NULL, 1);
INSERT INTO inp_dwf VALUES ('98', 0.0001000, NULL, NULL, NULL, NULL, 1);
INSERT INTO inp_dwf VALUES ('90', 0.0001000, NULL, NULL, NULL, NULL, 1);
INSERT INTO inp_dwf VALUES ('128', 0.0001000, NULL, NULL, NULL, NULL, 1);
INSERT INTO inp_dwf VALUES ('126', 0.0001000, NULL, NULL, NULL, NULL, 1);
INSERT INTO inp_dwf VALUES ('127', 0.0001000, NULL, NULL, NULL, NULL, 1);
INSERT INTO inp_dwf VALUES ('97', 0.0001000, NULL, NULL, NULL, NULL, 1);
INSERT INTO inp_dwf VALUES ('95', 0.0001000, NULL, NULL, NULL, NULL, 1);
INSERT INTO inp_dwf VALUES ('96', 0.0001000, NULL, NULL, NULL, NULL, 1);
INSERT INTO inp_dwf VALUES ('100', 0.0001000, NULL, NULL, NULL, NULL, 1);
INSERT INTO inp_dwf VALUES ('69', 0.0001000, NULL, NULL, NULL, NULL, 1);
INSERT INTO inp_dwf VALUES ('105', 0.0001000, NULL, NULL, NULL, NULL, 1);
INSERT INTO inp_dwf VALUES ('18965', 0.0001000, NULL, NULL, NULL, NULL, 1);
INSERT INTO inp_dwf VALUES ('18860', 0.0001000, NULL, NULL, NULL, NULL, 1);
INSERT INTO inp_dwf VALUES ('18876', 0.0001000, NULL, NULL, NULL, NULL, 1);
INSERT INTO inp_dwf VALUES ('18835', 0.0001000, NULL, NULL, NULL, NULL, 1);
INSERT INTO inp_dwf VALUES ('18963', 0.0001000, NULL, NULL, NULL, NULL, 1);
INSERT INTO inp_dwf VALUES ('20575', 0.0001000, NULL, NULL, NULL, NULL, 1);
INSERT INTO inp_dwf VALUES ('20582', 0.0001000, NULL, NULL, NULL, NULL, 1);
INSERT INTO inp_dwf VALUES ('18846', 0.0001000, NULL, NULL, NULL, NULL, 1);
INSERT INTO inp_dwf VALUES ('18913', 0.0001000, NULL, NULL, NULL, NULL, 1);
INSERT INTO inp_dwf VALUES ('18845', 0.0001000, NULL, NULL, NULL, NULL, 1);
INSERT INTO inp_dwf VALUES ('18828', 0.0001000, NULL, NULL, NULL, NULL, 1);
INSERT INTO inp_dwf VALUES ('18868', 0.0001000, NULL, NULL, NULL, NULL, 1);
INSERT INTO inp_dwf VALUES ('18847', 0.0001000, NULL, NULL, NULL, NULL, 1);
INSERT INTO inp_dwf VALUES ('18841', 0.0001000, NULL, NULL, NULL, NULL, 1);
INSERT INTO inp_dwf VALUES ('18834', 0.0001000, NULL, NULL, NULL, NULL, 1);
INSERT INTO inp_dwf VALUES ('18833', 0.0001000, NULL, NULL, NULL, NULL, 1);
INSERT INTO inp_dwf VALUES ('18832', 0.0001000, NULL, NULL, NULL, NULL, 1);
INSERT INTO inp_dwf VALUES ('18842', 0.0001000, NULL, NULL, NULL, NULL, 1);
INSERT INTO inp_dwf VALUES ('18848', 0.0001000, NULL, NULL, NULL, NULL, 1);
INSERT INTO inp_dwf VALUES ('18844', 0.0001000, NULL, NULL, NULL, NULL, 1);
INSERT INTO inp_dwf VALUES ('18840', 0.0001000, NULL, NULL, NULL, NULL, 1);
INSERT INTO inp_dwf VALUES ('18843', 0.0001000, NULL, NULL, NULL, NULL, 1);
INSERT INTO inp_dwf VALUES ('18839', 0.0001000, NULL, NULL, NULL, NULL, 1);
INSERT INTO inp_dwf VALUES ('18849', 0.0001000, NULL, NULL, NULL, NULL, 1);
INSERT INTO inp_dwf VALUES ('18838', 0.0001000, NULL, NULL, NULL, NULL, 1);
INSERT INTO inp_dwf VALUES ('18836', 0.0001000, NULL, NULL, NULL, NULL, 1);
INSERT INTO inp_dwf VALUES ('18837', 0.0001000, NULL, NULL, NULL, NULL, 1);
INSERT INTO inp_dwf VALUES ('18859', 0.0001000, NULL, NULL, NULL, NULL, 1);
INSERT INTO inp_dwf VALUES ('18854', 0.0001000, NULL, NULL, NULL, NULL, 1);
INSERT INTO inp_dwf VALUES ('18850', 0.0001000, NULL, NULL, NULL, NULL, 1);
INSERT INTO inp_dwf VALUES ('18852', 0.0001000, NULL, NULL, NULL, NULL, 1);
INSERT INTO inp_dwf VALUES ('18856', 0.0001000, NULL, NULL, NULL, NULL, 1);
INSERT INTO inp_dwf VALUES ('18853', 0.0001000, NULL, NULL, NULL, NULL, 1);
INSERT INTO inp_dwf VALUES ('18855', 0.0001000, NULL, NULL, NULL, NULL, 1);
INSERT INTO inp_dwf VALUES ('18857', 0.0001000, NULL, NULL, NULL, NULL, 1);
INSERT INTO inp_dwf VALUES ('18851', 0.0001000, NULL, NULL, NULL, NULL, 1);
INSERT INTO inp_dwf VALUES ('18866', 0.0001000, NULL, NULL, NULL, NULL, 1);
INSERT INTO inp_dwf VALUES ('18861', 0.0001000, NULL, NULL, NULL, NULL, 1);
INSERT INTO inp_dwf VALUES ('18862', 0.0001000, NULL, NULL, NULL, NULL, 1);
INSERT INTO inp_dwf VALUES ('18863', 0.0001000, NULL, NULL, NULL, NULL, 1);
INSERT INTO inp_dwf VALUES ('18865', 0.0001000, NULL, NULL, NULL, NULL, 1);
INSERT INTO inp_dwf VALUES ('18877', 0.0001000, NULL, NULL, NULL, NULL, 1);
INSERT INTO inp_dwf VALUES ('18879', 0.0001000, NULL, NULL, NULL, NULL, 1);
INSERT INTO inp_dwf VALUES ('18882', 0.0001000, NULL, NULL, NULL, NULL, 1);
INSERT INTO inp_dwf VALUES ('18911', 0.0001000, NULL, NULL, NULL, NULL, 1);
INSERT INTO inp_dwf VALUES ('18864', 0.0001000, NULL, NULL, NULL, NULL, 1);
INSERT INTO inp_dwf VALUES ('18873', 0.0001000, NULL, NULL, NULL, NULL, 1);
INSERT INTO inp_dwf VALUES ('18869', 0.0001000, NULL, NULL, NULL, NULL, 1);
INSERT INTO inp_dwf VALUES ('18875', 0.0001000, NULL, NULL, NULL, NULL, 1);
INSERT INTO inp_dwf VALUES ('18874', 0.0001000, NULL, NULL, NULL, NULL, 1);
INSERT INTO inp_dwf VALUES ('18867', 0.0001000, NULL, NULL, NULL, NULL, 1);
INSERT INTO inp_dwf VALUES ('18883', 0.0001000, NULL, NULL, NULL, NULL, 1);
INSERT INTO inp_dwf VALUES ('18871', 0.0001000, NULL, NULL, NULL, NULL, 1);
INSERT INTO inp_dwf VALUES ('18872', 0.0001000, NULL, NULL, NULL, NULL, 1);
INSERT INTO inp_dwf VALUES ('18884', 0.0001000, NULL, NULL, NULL, NULL, 1);
INSERT INTO inp_dwf VALUES ('18887', 0.0001000, NULL, NULL, NULL, NULL, 1);
INSERT INTO inp_dwf VALUES ('18885', 0.0001000, NULL, NULL, NULL, NULL, 1);
INSERT INTO inp_dwf VALUES ('18967', 0.0001000, NULL, NULL, NULL, NULL, 1);
INSERT INTO inp_dwf VALUES ('18870', 0.0001000, NULL, NULL, NULL, NULL, 1);
INSERT INTO inp_dwf VALUES ('18858', 0.0001000, NULL, NULL, NULL, NULL, 1);
INSERT INTO inp_dwf VALUES ('18878', 0.0001000, NULL, NULL, NULL, NULL, 1);
INSERT INTO inp_dwf VALUES ('18881', 0.0001000, NULL, NULL, NULL, NULL, 1);
INSERT INTO inp_dwf VALUES ('18880', 0.0001000, NULL, NULL, NULL, NULL, 1);
INSERT INTO inp_dwf VALUES ('18886', 0.0001000, NULL, NULL, NULL, NULL, 1);
INSERT INTO inp_dwf VALUES ('18912', 0.0001000, NULL, NULL, NULL, NULL, 1);
INSERT INTO inp_dwf VALUES ('18888', 0.0001000, NULL, NULL, NULL, NULL, 1);
INSERT INTO inp_dwf VALUES ('18830', 0.0001000, NULL, NULL, NULL, NULL, 1);
INSERT INTO inp_dwf VALUES ('18960', 0.0001000, NULL, NULL, NULL, NULL, 1);

INSERT INTO cat_users VALUES ('user1','user1');
INSERT INTO cat_users VALUES ('user2','user2');
INSERT INTO cat_users VALUES ('user3','user3');
INSERT INTO cat_users VALUES ('user4','user4');

INSERT INTO cat_manager (idval, expl_id, rolename, active) VALUES ('general manager', '{1,2}', '{role_plan}', true);

UPDATE config_param_user SET value='false' WHERE "parameter"='edit_plan_order_control' AND cur_user=current_user;

TRUNCATE plan_psector_x_node;
INSERT INTO plan_psector_x_node (id, node_id, psector_id, state, doable, descript) VALUES (1, '20599', 1, 1, true, NULL);
INSERT INTO plan_psector_x_node (id, node_id, psector_id, state, doable, descript) VALUES (2, '20596', 1, 1, true, NULL);
INSERT INTO plan_psector_x_node (id, node_id, psector_id, state, doable, descript) VALUES (3, '20597', 1, 1, true, NULL);
INSERT INTO plan_psector_x_node (id, node_id, psector_id, state, doable, descript) VALUES (4, '20598', 1, 1, true, NULL);
INSERT INTO plan_psector_x_node (id, node_id, psector_id, state, doable, descript) VALUES (7, '94', 1, 0, false, NULL);
INSERT INTO plan_psector_x_node (id, node_id, psector_id, state, doable, descript) VALUES (6, '92', 1, 0, false, NULL);
INSERT INTO plan_psector_x_node (id, node_id, psector_id, state, doable, descript) VALUES (5, '91', 1, 0, false, NULL);

TRUNCATE plan_psector_x_connec;
INSERT INTO plan_psector_x_connec (connec_id, arc_id, psector_id, state, doable, link_id) VALUES('3182', '179', 1, 0, false, 314);
INSERT INTO plan_psector_x_connec (connec_id, arc_id, psector_id, state, doable, link_id) VALUES('3182', '20606', 1, 1, false, 708);
INSERT INTO plan_psector_x_connec (connec_id, arc_id, psector_id, state, doable, link_id) VALUES('3183', '179', 1, 0, false, 315);
INSERT INTO plan_psector_x_connec (connec_id, arc_id, psector_id, state, doable, link_id) VALUES('3183', '20606', 1, 1, false, 707);
INSERT INTO plan_psector_x_connec (connec_id, arc_id, psector_id, state, doable, link_id) VALUES('3184', '179', 1, 0, false, 316);
INSERT INTO plan_psector_x_connec (connec_id, arc_id, psector_id, state, doable, link_id) VALUES('3184', '20606', 1, 1, false, 709);
INSERT INTO plan_psector_x_connec (connec_id, arc_id, psector_id, state, doable, link_id) VALUES('3181', '339', 1, 0, false, 443);
INSERT INTO plan_psector_x_connec (connec_id, arc_id, psector_id, state, doable, link_id) VALUES('3181', '20606', 1, 1, false, 710);
INSERT INTO plan_psector_x_connec (connec_id, arc_id, psector_id, state, doable, link_id) VALUES('3174', '178', 1, 0, false, 313);
INSERT INTO plan_psector_x_connec (connec_id, arc_id, psector_id, state, doable, link_id) VALUES('3174', '20603', 1, 1, false, 711);
INSERT INTO plan_psector_x_connec (connec_id, arc_id, psector_id, state, doable, link_id) VALUES('3175', '339', 1, 0, false, 444);
INSERT INTO plan_psector_x_connec (connec_id, arc_id, psector_id, state, doable, link_id) VALUES('3175', '20604', 1, 1, false, 712);

TRUNCATE plan_psector_x_gully;
INSERT INTO plan_psector_x_gully (gully_id, arc_id, psector_id, state, doable, link_id) VALUES('30056', '339', 1, 0, false, 526);
INSERT INTO plan_psector_x_gully (gully_id, arc_id, psector_id, state, doable, link_id) VALUES('30057', '178', 1, 0, false, 527);
INSERT INTO plan_psector_x_gully (gully_id, arc_id, psector_id, state, doable, link_id) VALUES('30058', '178', 1, 0, false, 528);
INSERT INTO plan_psector_x_gully (gully_id, arc_id, psector_id, state, doable, link_id) VALUES('30059', '177', 1, 0, false, 529);
INSERT INTO plan_psector_x_gully (gully_id, arc_id, psector_id, state, doable, link_id) VALUES('30053', '179', 1, 0, false, 523);

TRUNCATE plan_psector_x_arc;
INSERT INTO plan_psector_x_arc VALUES (1, '20603', 1, 1, true, NULL, NULL);
INSERT INTO plan_psector_x_arc VALUES (2, '20604', 1, 1, true, NULL, NULL);
INSERT INTO plan_psector_x_arc VALUES (3, '20605', 1, 1, true, NULL, NULL);
INSERT INTO plan_psector_x_arc VALUES (5, '20602', 1, 1, true, NULL, NULL);
INSERT INTO plan_psector_x_arc VALUES (6, '20606', 1, 1, true, NULL, NULL);
INSERT INTO plan_psector_x_arc VALUES (4, '252', 2, 1, true, NULL, NULL);
INSERT INTO plan_psector_x_arc VALUES (7, '251', 2, 1, true, NULL, NULL);
INSERT INTO plan_psector_x_arc VALUES (8, '20608', 2, 0, false, NULL, NULL);
INSERT INTO plan_psector_x_arc VALUES (9, '157', 2, 0, false, NULL, NULL);
INSERT INTO plan_psector_x_arc VALUES (10, '177', 1, 0, false, NULL, NULL);
INSERT INTO plan_psector_x_arc VALUES (11, '178', 1, 0, false, NULL, NULL);
INSERT INTO plan_psector_x_arc VALUES (13, '179', 1, 0, false, NULL, NULL);
INSERT INTO plan_psector_x_arc VALUES (12, '339', 1, 0, false, NULL, NULL);

INSERT INTO doc (id, "name", doc_type, "path", observ, "date", user_name, tstamp, the_geom) VALUES('Demo document 1', 'Demo document 1', 'OTHER', 'https://github.com/Giswater/docs/blob/master/user/manual_usuario_giswater3.doc', NULL, '2018-03-11 19:40:20.449', current_user, '2018-03-11 19:40:20.449', NULL);
INSERT INTO doc (id, "name", doc_type, "path", observ, "date", user_name, tstamp, the_geom) VALUES('Demo document 3', 'Demo document 2', 'OTHER', 'https://github.com/Giswater/giswater/blob/master-2.1/legal/Licensing.txt', NULL, '2018-03-14 17:09:59.762', current_user, '2018-03-14 17:09:59.762', NULL);
INSERT INTO doc (id, "name", doc_type, "path", observ, "date", user_name, tstamp, the_geom) VALUES('Demo document 2', 'Demo document 3', 'OTHER', 'https://github.com/Giswater/giswater/blob/master-2.1/legal/Readme.txt', NULL, '2018-03-14 17:09:19.852', current_user, '2018-03-14 17:09:19.852', NULL);

-- rotate vnodes and connec labels
INSERT INTO config_param_user (parameter, value, cur_user) VALUES ('edit_link_connecrotation_update', TRUE, current_user);
UPDATE link SET the_geom=the_geom;

ALTER TABLE om_visit DISABLE TRIGGER gw_trg_om_visit;
ALTER TABLE om_visit_x_arc DISABLE TRIGGER gw_trg_om_visit;
ALTER TABLE om_visit_x_node DISABLE TRIGGER gw_trg_om_visit;
ALTER TABLE om_visit_x_connec DISABLE TRIGGER gw_trg_om_visit;
ALTER TABLE om_visit_x_link DISABLE TRIGGER gw_trg_om_visit;
ALTER TABLE om_visit_x_gully DISABLE TRIGGER gw_trg_om_visit;

SELECT gw_fct_fill_doc_tables();
SELECT gw_fct_fill_om_tables();

ALTER TABLE om_visit ENABLE TRIGGER gw_trg_om_visit;
ALTER TABLE om_visit_x_arc ENABLE TRIGGER gw_trg_om_visit;
ALTER TABLE om_visit_x_node ENABLE TRIGGER gw_trg_om_visit;
ALTER TABLE om_visit_x_connec ENABLE TRIGGER gw_trg_om_visit;
ALTER TABLE om_visit_x_link ENABLE TRIGGER gw_trg_om_visit;
ALTER TABLE om_visit_x_gully ENABLE TRIGGER gw_trg_om_visit;

UPDATE om_visit set "status"="status";

INSERT INTO doc_x_visit (doc_id, visit_id)
SELECT
doc.id,
om_visit.id
FROM doc, om_visit;

SELECT gw_fct_admin_manage_addfields($${"client":{"lang":"ES"}, "feature":{"catFeature":"CHAMBER"},
"data":{"action":"CREATE", "multiCreate":"false", "parameters":{"columnname":"chamber_param_1", "datatype":"text",
"widgettype":"combo", "label":"Chamber param_1","ismandatory":"False",
"active":"True", "iseditable":"True",  "dv_isnullvalue":"True","layoutname":"lyt_data_1",
"dv_querytext":"SELECT id as id, idval as idval  FROM edit_typevalue WHERE typevalue='chamber_param_1'"}}}$$);

SELECT gw_fct_admin_manage_addfields($${"client":{"lang":"ES"}, "feature":{"catFeature":"CHAMBER"},
"data":{"action":"CREATE", "multiCreate":"false", "parameters":{"columnname":"chamber_param_2", "datatype":"date",
"widgettype":"datetime", "label":"Chamber param_2","ismandatory":"False",
"active":"True", "iseditable":"True", "layoutname":"lyt_data_1"}}}$$);

SELECT gw_fct_admin_manage_addfields($${"client":{"lang":"ES"}, "feature":{"catFeature":"CIRC_MANHOLE"},
"data":{"action":"CREATE", "multiCreate":"false", "parameters":{"columnname":"cirmanhole_param_1", "datatype":"integer",
"widgettype":"text", "label":"Cmanhole param_1","ismandatory":"False",
"fieldLength":"10", "numDecimals" :null,"active":"True", "iseditable":"True", "layoutname":"lyt_data_1"}}}$$);

SELECT gw_fct_admin_manage_addfields($${"client":{"lang":"ES"}, "feature":{"catFeature":"CIRC_MANHOLE"},
"data":{"action":"CREATE", "multiCreate":"false", "parameters":{"columnname":"cirmanhole_param_2", "datatype":"text",
"widgettype":"text", "label":"Cmanhole param_2","ismandatory":"False",
"active":"True", "iseditable":"True", "layoutname":"lyt_data_1"}}}$$);

SELECT gw_fct_admin_manage_addfields($${"client":{"lang":"ES"}, "feature":{"catFeature":"PGULLY"},
"data":{"action":"CREATE", "multiCreate":"false", "parameters":{"columnname":"grate_param_1", "datatype":"text",
"widgettype":"combo", "label":"Grate param_1","ismandatory":"False",
"active":"True", "iseditable":"True",  "dv_isnullvalue":"True","layoutname":"lyt_data_1",
"dv_querytext":"SELECT id as id, idval as idval  FROM edit_typevalue WHERE typevalue='grate_param_1'"}}}$$);

SELECT gw_fct_admin_manage_addfields($${"client":{"lang":"ES"}, "feature":{"catFeature":"PGULLY"},
"data":{"action":"CREATE", "multiCreate":"false", "parameters":{"columnname":"grate_param_2", "datatype":"boolean",
"widgettype":"check", "label":"Grate param_2","ismandatory":"False",
"active":"True", "iseditable":"True", "layoutname":"lyt_data_1"}}}$$);

SELECT gw_fct_admin_manage_addfields($${"client":{"lang":"ES"}, "feature":{"catFeature":"OVERFLOW_STORAGE"},
"data":{"action":"CREATE", "multiCreate":"false", "parameters":{"columnname":"ovestorage_param_1", "datatype":"integer",
"widgettype":"text", "label":"Owstorage param_1","ismandatory":"False",
"fieldLength":"10", "numDecimals" :null,"active":"True", "iseditable":"True", "layoutname":"lyt_data_1"}}}$$);

SELECT gw_fct_admin_manage_addfields($${"client":{"lang":"ES"}, "feature":{"catFeature":"OVERFLOW_STORAGE"},
"data":{"action":"CREATE", "multiCreate":"false", "parameters":{"columnname":"ovestorage_param_2", "datatype":"text",
"widgettype":"text", "label":"Owstorage param_2","ismandatory":"False",
"active":"True", "iseditable":"True", "layoutname":"lyt_data_1"}}}$$);

SELECT gw_fct_admin_manage_addfields($${"client":{"lang":"ES"}, "feature":{"catFeature":"PUMP_PIPE"},
"data":{"action":"CREATE", "multiCreate":"false", "parameters":{"columnname":"pumpipe_param_1", "datatype":"boolean",
"widgettype":"check", "label":"Ppipe param_1","ismandatory":"False",
"active":"True", "iseditable":"True", "layoutname":"lyt_data_1"}}}$$);

SELECT gw_fct_admin_manage_addfields($${"client":{"lang":"ES"}, "feature":{"catFeature":"PUMP_PIPE"},
"data":{"action":"CREATE", "multiCreate":"false", "parameters":{"columnname":"pumpipe_param_2", "datatype":"text",
"widgettype":"text", "label":"Ppipe param_2","ismandatory":"False",
"active":"True", "iseditable":"True", "layoutname":"lyt_data_1"}}}$$);

SELECT gw_fct_admin_manage_addfields($${"client":{"lang":"ES"}, "feature":{"catFeature":"RECT_MANHOLE"},
"data":{"action":"CREATE", "multiCreate":"false", "parameters":{"columnname":"recmanhole_param_1", "datatype":"text",
"widgettype":"text", "label":"Rect. mhole param_1","ismandatory":"False",
"fieldLength":"500", "numDecimals" :null,"active":"True", "iseditable":"True", "layoutname":"lyt_data_1"}}}$$);

SELECT gw_fct_admin_manage_addfields($${"client":{"lang":"ES"}, "feature":{"catFeature":"RECT_MANHOLE"},
"data":{"action":"CREATE", "multiCreate":"false", "parameters":{"columnname":"recmanhole_param_2", "datatype":"text",
"widgettype":"text", "label":"Rect. mhole param_2","ismandatory":"False",
"active":"True", "iseditable":"True", "layoutname":"lyt_data_1"}}}$$);

SELECT gw_fct_admin_manage_addfields($${"client":{"lang":"ES"}, "feature":{"catFeature":"REGISTER"},
"data":{"action":"CREATE", "multiCreate":"false", "parameters":{"columnname":"register_param_1", "datatype":"text",
"widgettype":"text", "label":"Register param_1","ismandatory":"False",
"fieldLength":"500", "numDecimals" :null,"active":"True", "iseditable":"True", "layoutname":"lyt_data_1"}}}$$);

SELECT gw_fct_admin_manage_addfields($${"client":{"lang":"ES"}, "feature":{"catFeature":"REGISTER"},
"data":{"action":"CREATE", "multiCreate":"false", "parameters":{"columnname":"register_param_2", "datatype":"text",
"widgettype":"text", "label":"Register param_2","ismandatory":"False",
"active":"True", "iseditable":"True", "layoutname":"lyt_data_1"}}}$$);

SELECT gw_fct_admin_manage_addfields($${"client":{"lang":"ES"}, "feature":{"catFeature":"SEWER_STORAGE"},
"data":{"action":"CREATE", "multiCreate":"false", "parameters":{"columnname":"sewstorage_param_1", "datatype":"text",
"widgettype":"combo", "label":"Sstorage param_1","ismandatory":"False",
"active":"True", "iseditable":"True",  "dv_isnullvalue":"True","layoutname":"lyt_data_1",
"dv_querytext":"SELECT id as id, idval as idval  FROM edit_typevalue WHERE typevalue='sewstorage_param_1'"}}}$$);

SELECT gw_fct_admin_manage_addfields($${"client":{"lang":"ES"}, "feature":{"catFeature":"SEWER_STORAGE"},
"data":{"action":"CREATE", "multiCreate":"false", "parameters":{"columnname":"sewstorage_param_2", "datatype":"text",
"widgettype":"text", "label":"Sstorage param_1","ismandatory":"False",
"active":"True", "iseditable":"True", "layoutname":"lyt_data_1"}}}$$);

SELECT gw_fct_admin_manage_addfields($${"client":{"lang":"ES"}, "feature":{"catFeature":"WEIR"},
"data":{"action":"CREATE", "multiCreate":"false", "parameters":{"columnname":"weir_param_1", "datatype":"integer",
"widgettype":"text", "label":"Weir param_1","ismandatory":"False",
"active":"True", "iseditable":"True", "layoutname":"lyt_data_1"}}}$$);

SELECT gw_fct_admin_manage_addfields($${"client":{"lang":"ES"}, "feature":{"catFeature":"WEIR"},
"data":{"action":"CREATE", "multiCreate":"false", "parameters":{"columnname":"weir_param_2", "datatype":"text",
"widgettype":"text", "label":"Weir param_2","ismandatory":"False",
"active":"True", "iseditable":"True", "layoutname":"lyt_data_1"}}}$$);


INSERT INTO edit_typevalue(typevalue, id, idval) VALUES('sewstorage_param_1','combo1','combo1');
INSERT INTO edit_typevalue(typevalue, id, idval) VALUES('sewstorage_param_1','combo2','combo2');
INSERT INTO edit_typevalue(typevalue, id, idval) VALUES('sewstorage_param_1','combo3','combo3');
INSERT INTO edit_typevalue(typevalue, id, idval) VALUES('sewstorage_param_1','combo4','combo4');

INSERT INTO edit_typevalue(typevalue, id, idval) VALUES('grate_param_1','1','combo1');
INSERT INTO edit_typevalue(typevalue, id, idval) VALUES('grate_param_1','2','combo2');
INSERT INTO edit_typevalue(typevalue, id, idval) VALUES('grate_param_1','3','combo3');

INSERT INTO edit_typevalue(typevalue, id, idval) VALUES('chamber_param_1','1','combo1');
INSERT INTO edit_typevalue(typevalue, id, idval) VALUES('chamber_param_1','2','combo2');
INSERT INTO edit_typevalue(typevalue, id, idval) VALUES('chamber_param_1','3','combo3');
INSERT INTO edit_typevalue(typevalue, id, idval) VALUES('chamber_param_1','4','combo4');

INSERT INTO sys_foreignkey(typevalue_table, typevalue_name, target_table, target_field) VALUES ('edit_typevalue','sewstorage_param_1','man_node_sewer_storage','sewstorage_param_1');
INSERT INTO sys_foreignkey(typevalue_table, typevalue_name, target_table, target_field) VALUES ('edit_typevalue','grate_param_1','man_gully_pgully','grate_param_1');
INSERT INTO sys_foreignkey(typevalue_table, typevalue_name, target_table, target_field) VALUES ('edit_typevalue','chamber_param_1','man_node_chamber','chamber_param_1');

UPDATE config_param_user SET value = 'TRUE' WHERE parameter = 'audit_project_user_control';

UPDATE config_param_system SET value='TRUE' WHERE parameter='sys_raster_dem';
INSERT INTO config_param_user (parameter, value, cur_user) VALUES ('edit_insert_elevation_from_dem', 'true', current_user)
ON CONFLICT (parameter, cur_user) DO NOTHING;

INSERT INTO config_param_user (parameter, value, cur_user) VALUES ('edit_update_elevation_from_dem', 'true', current_user)
ON CONFLICT (parameter, cur_user) DO NOTHING;

UPDATE config_param_user SET value = 'TRUE' WHERE parameter = 'qgis_form_docker' AND cur_user = current_user;

UPDATE sys_param_user SET dv_querytext = replace (dv_querytext, ' arc_type', ' cat_feature_arc') WHERE dv_querytext like'% arc_type%';
UPDATE sys_param_user SET dv_querytext = replace (dv_querytext, ' node_type', ' cat_feature_node') WHERE dv_querytext like'% node_type%';
UPDATE sys_param_user SET dv_querytext = replace (dv_querytext, ' connec_type', ' cat_feature_connec') WHERE dv_querytext like'% connec_type%';
UPDATE sys_param_user SET dv_querytext = replace (dv_querytext, ' gully_type', ' cat_feature_gully') WHERE dv_querytext like'% gully_type%';

UPDATE config_param_system SET value = 'false' WHERE parameter = 'admin_utils_schema';

UPDATE config_info_layer SET addparam = '{"forceWhenActive":true}' WHERE layer_id IN ('v_edit_dimensions','v_edit_om_visit');

UPDATE config_param_system SET value = '{"activated" : "TRUE", "updateField" : "top_elev"}' WHERE parameter  = 'admin_raster_dem';

UPDATE config_param_user SET value = null WHERE value ='COVER' and parameter = 'edit_elementcat_vdefault';

UPDATE cat_feature_node SET double_geom = '{"activated":true,"value":4}' WHERE id IN ('SEWER_STORAGE');
UPDATE cat_feature_node SET double_geom = '{"activated":true,"value":2}' WHERE id IN ('REGISTER');
UPDATE cat_feature_node SET graph_delimiter='{DWFZONE}' WHERE id='WWTP';
UPDATE cat_feature_node SET graph_delimiter='{DWFZONE}' WHERE id='OUTFALL';
UPDATE cat_feature_gully SET double_geom = '{"activated":true,"value":1}' WHERE id = 'GULLY';

INSERT INTO config_param_user (parameter, value, cur_user) VALUES ('om_visit_status_vdefault', '4', current_user) ON CONFLICT (parameter, cur_user) DO NOTHING;

SELECT setval('SCHEMA_NAME.urn_id_seq', gw_fct_setvalurn(),true);;

INSERT INTO inp_lid VALUES ('BIO-RETENTION','BC');
INSERT INTO inp_lid VALUES ('VEGE-SWALE','VS');
INSERT INTO inp_lid VALUES ('RAIN-GARDEN','RG');
INSERT INTO inp_lid VALUES ('PAV-PERMEABLE','PP');
INSERT INTO inp_lid VALUES ('GREEN-ROOF','GR');
INSERT INTO inp_lid VALUES ('INFIL-TRENCH','IT');
INSERT INTO inp_lid VALUES ('RAIN-BARREL','RB');

INSERT INTO inp_lid_value VALUES (1,'GREEN-ROOF','SURFACE',3,0,0,0,0);
INSERT INTO inp_lid_value VALUES (2,'GREEN-ROOF','SOIL',3,0.5,0.1,0.05,1.2,2.4,0);
INSERT INTO inp_lid_value VALUES (4,'GREEN-ROOF','DRAINMAT',5,0.5,0);
INSERT INTO inp_lid_value VALUES (5,'PAV-PERMEABLE','SURFACE',3,0,0,0,0);
INSERT INTO inp_lid_value VALUES (6,'PAV-PERMEABLE','PAVEMENT',40,0.5,0.1,0.5,0);
INSERT INTO inp_lid_value VALUES (7,'PAV-PERMEABLE','STORAGE',30,0.5,0,0);
INSERT INTO inp_lid_value VALUES (8,'INFIL-TRENCH','SURFACE',3,0,0,0,0);
INSERT INTO inp_lid_value VALUES (9,'INFIL-TRENCH','STORAGE',30,0.5,0,0);
INSERT INTO inp_lid_value VALUES (10,'RAIN-GARDEN','SURFACE',3,0,0,0,0);
INSERT INTO inp_lid_value VALUES (11,'RAIN-GARDEN','SOIL',3,0.5,0.1,0.05,1.2,2.4,0);
INSERT INTO inp_lid_value VALUES (12,'VEGE-SWALE','SURFACE',3,0.5,0.03,0.5,0.5);
INSERT INTO inp_lid_value VALUES (14,'BIO-RETENTION','SURFACE',3,0,0,0,0);
INSERT INTO inp_lid_value VALUES (15,'BIO-RETENTION','SOIL',3,0.5,0.1,0.05,1.2,2.4,0);
INSERT INTO inp_lid_value VALUES (16,'BIO-RETENTION','STORAGE',30,0.5,0,0);
INSERT INTO inp_lid_value VALUES (17,'RAIN-BARREL','STORAGE',30,1,0,0);
INSERT INTO inp_lid_value VALUES (18,'RAIN-BARREL','DRAIN',5,0.5,0,6);

SELECT gw_fct_admin_schema_lastprocess($${"client":{"lang":"ES"},
"data":{"isNewProject":"FALSE", "projectType":"UD", "epsg":25831, "isSample":"TRUE"}}$$);

UPDATE config_param_system SET value = '{"usePsectors":false, "ignoreGraphanalytics":false, "ignoreEpa":false, "ignorePlan":false}'
WHERE parameter = 'admin_checkproject';

UPDATE config_param_user SET value='true' WHERE "parameter"='edit_plan_order_control' AND cur_user=current_user;

-- 24/05/2023

UPDATE config_form_tabs SET device = '{4,5}' where formname = 've_node_water_connection';
UPDATE config_form_tabs SET device = '{5}' where formname like 'visit_%';
UPDATE config_form_tabs SET device = '{5}' where formname like 'incident_%';
UPDATE config_form_tabs SET device = '{4}' where formname like 'v_edit_%' and tabname = 'tab_plan';

UPDATE config_param_system SET value = (replace(value, 'Disable', 'Random')) WHERE parameter='utils_graphanalytics_style';

INSERT INTO sys_style (layername, styleconfig_id, styletype) VALUES ('ve_arc', 107, 'qml') ON CONFLICT (layername, styleconfig_id) DO NOTHING;
INSERT INTO sys_style (layername, styleconfig_id, styletype) VALUES ('ve_arc', 108, 'qml') ON CONFLICT (layername, styleconfig_id) DO NOTHING;

INSERT INTO inp_family (family_id, descript, age) VALUES('METAL', 'Metallic pipes', 10) ON CONFLICT (family_id) DO UPDATE SET age = 10;
INSERT INTO inp_family (family_id, descript, age) VALUES('PLASTIC', 'Plastic pipes', 10) ON CONFLICT (family_id) DO UPDATE SET age = 10;
INSERT INTO inp_family (family_id, descript, age) VALUES('OTHER', 'Other', 10) ON CONFLICT (family_id) DO UPDATE SET age = 10;
