/*
This file is part of Giswater 3
The program is free software: you can redistribute it and/or modify it under the terms of the GNU General Public License as published by the Free Software Foundation, either version 3 of the License, or (at your option) any later version.
This version of Giswater is provided by Giswater Association
*/

SET search_path = "SCHEMA_NAME", public, pg_catalog;

INSERT INTO raingage VALUES ('RG-01', 'VOLUME', '0:05', 1.0000, 'TIMESERIES', 'T5-5m', NULL, NULL, NULL, 1, '0101000020E764000039A71EA280941941AB5F34D0B8755141');


INSERT INTO subcatchment (subc_id, node_id, rg_id, area, imperv, width, slope, clength, snow_id, nimp, nperv, simp, sperv, zero, routeto, rted, maxrate, minrate, decay, drytime, maxinfil, suction, conduct, initdef, curveno, conduct_2, drytime_2, sector_id, hydrology_id, the_geom) VALUES ('S18873', '18873', 'RG-01', 0.445340, 90.0000, 49.8325, 3.0907, 89.3675, NULL, 0.0130, 0.0250, 4.2280, 0.0000, 0.0000, 'IMPERVIOUS', 100.0000, NULL, NULL, NULL, NULL, NULL, NULL, NULL, NULL, 83.0000, 0.0000, 10.0000, 2, 1, '0106000020E764000001000000010300000001000000090000008BA4E7640B8A194199858F9F99765141DF6E1F9E9889194136CE36449F7651410C7FE62A8E8919412B0F814EA47651417EE9BBDCA08919413164235EA57651416C284323088B1941A8A86A13A9765141EDB901C92C8B1941A8110F3BA3765141A45F70AE2C8B1941FDEE6C25A276514148613C53CC8A19413B120BA29B7651418BA4E7640B8A194199858F9F99765141');
INSERT INTO subcatchment (subc_id, node_id, rg_id, area, imperv, width, slope, clength, snow_id, nimp, nperv, simp, sperv, zero, routeto, rted, maxrate, minrate, decay, drytime, maxinfil, suction, conduct, initdef, curveno, conduct_2, drytime_2, sector_id, hydrology_id, the_geom) VALUES ('S18848', '18848', 'RG-01', 0.112395, 90.0000, 21.8935, 3.2977, 51.3370, NULL, 0.0130, 0.0250, 4.0958, 0.0000, 0.0000, 'IMPERVIOUS', 100.0000, NULL, NULL, NULL, NULL, NULL, NULL, NULL, NULL, 83.0000, 0.0000, 10.0000, 2, 1, '0106000020E76400000100000001030000000100000005000000C02C2829368B1941808967D140765141CC0E4EC7D48A1941CA7F1E88447651418E89F17F9C8A1941981B345348765141A9375F55128B1941D85C851E50765141C02C2829368B1941808967D140765141');
INSERT INTO subcatchment (subc_id, node_id, rg_id, area, imperv, width, slope, clength, snow_id, nimp, nperv, simp, sperv, zero, routeto, rted, maxrate, minrate, decay, drytime, maxinfil, suction, conduct, initdef, curveno, conduct_2, drytime_2, sector_id, hydrology_id, the_geom) VALUES ('S18870', '18870', 'RG-01', 0.198806, 90.0000, 31.5129, 6.4849, 63.0872, NULL, 0.0130, 0.0250, 2.9406, 0.0000, 0.0000, 'IMPERVIOUS', 100.0000, NULL, NULL, NULL, NULL, NULL, NULL, NULL, NULL, 83.0000, 0.0000, 10.0000, 2, 1, '0106000020E76400000100000001030000000100000006000000FA6DA0584D881941A46F9EB3A67651411A1991F0AE881941D9ED61A0AB7651413DBA4E88F888194104E4651EAF7651413CA6D481778919411BC185F2A4765141BEEC57A582881941AA1DAE94A2765141FA6DA0584D881941A46F9EB3A6765141');
INSERT INTO subcatchment (subc_id, node_id, rg_id, area, imperv, width, slope, clength, snow_id, nimp, nperv, simp, sperv, zero, routeto, rted, maxrate, minrate, decay, drytime, maxinfil, suction, conduct, initdef, curveno, conduct_2, drytime_2, sector_id, hydrology_id, the_geom) VALUES ('S18841', '18841', 'RG-01', 0.373707, 90.0000, 48.9515, 6.0170, 76.3423, NULL, 0.0130, 0.0250, 3.0505, 0.0000, 0.0000, 'IMPERVIOUS', 100.0000, NULL, NULL, NULL, NULL, NULL, NULL, NULL, NULL, 83.0000, 0.0000, 10.0000, 2, 1, '0106000020E76400000100000001030000000100000009000000DC32E3051E8B1941C882768851765141E32234219A8A19410C930C5E57765141E3892FFD8E8A19410A95FCAB5A76514140628ED8B98A194194E899325F76514111212B3A718B19418DA6091F61765141726541A5E08B1941474258285A76514142741518DE8B1941283192B956765141424B3846968B194130EE30C652765141DC32E3051E8B1941C882768851765141');
INSERT INTO subcatchment (subc_id, node_id, rg_id, area, imperv, width, slope, clength, snow_id, nimp, nperv, simp, sperv, zero, routeto, rted, maxrate, minrate, decay, drytime, maxinfil, suction, conduct, initdef, curveno, conduct_2, drytime_2, sector_id, hydrology_id, the_geom) VALUES ('S18880', '18880', 'RG-01', 0.204235, 90.0000, 33.7179, 2.0642, 60.5717, NULL, 0.0130, 0.0250, 5.1527, 0.0000, 0.0000, 'IMPERVIOUS', 100.0000, NULL, NULL, NULL, NULL, NULL, NULL, NULL, NULL, 83.0000, 0.0000, 10.0000, 2, 1, '0106000020E76400000100000001030000000100000005000000DC72598E9B8D19416E6787D8B5765141FA49A0C5BB8D194169245E78A9765141A57F5AC41B8D19414BEF35AFA7765141D3931CAEFC8C1941764C162FB4765141DC72598E9B8D19416E6787D8B5765141');
INSERT INTO subcatchment (subc_id, node_id, rg_id, area, imperv, width, slope, clength, snow_id, nimp, nperv, simp, sperv, zero, routeto, rted, maxrate, minrate, decay, drytime, maxinfil, suction, conduct, initdef, curveno, conduct_2, drytime_2, sector_id, hydrology_id, the_geom) VALUES ('S18839', '18839', 'RG-01', 0.330911, 90.0000, 44.7077, 4.6102, 74.0165, NULL, 0.0130, 0.0250, 3.4757, 0.0000, 0.0000, 'IMPERVIOUS', 100.0000, NULL, NULL, NULL, NULL, NULL, NULL, NULL, NULL, 83.0000, 0.0000, 10.0000, 2, 1, '0106000020E764000001000000010300000001000000090000004C6BC086748E1941B0C3F64A66765141DF980957788E194172C036EB6476514126F296F89B8E19414598F05D58765141E501D33B5F8E1941EFB9517D5776514157CF28B1F68D1941D2B36B5A5676514126D32B297C8D1941CE47FE2B5B7651411F53F173768D1941B06C508D5D76514166F5340DCF8D1941FF9C117B647651414C6BC086748E1941B0C3F64A66765141');
INSERT INTO subcatchment (subc_id, node_id, rg_id, area, imperv, width, slope, clength, snow_id, nimp, nperv, simp, sperv, zero, routeto, rted, maxrate, minrate, decay, drytime, maxinfil, suction, conduct, initdef, curveno, conduct_2, drytime_2, sector_id, hydrology_id, the_geom) VALUES ('S18850', '18850', 'RG-01', 0.294447, 90.0000, 41.5673, 3.6006, 70.8362, NULL, 0.0130, 0.0250, 3.9232, 0.0000, 0.0000, 'IMPERVIOUS', 100.0000, NULL, NULL, NULL, NULL, NULL, NULL, NULL, NULL, 83.0000, 0.0000, 10.0000, 2, 1, '0106000020E76400000100000001030000000100000007000000EE53DED9158C19413D5FA0C36E76514147D2E761CB8B19414631DC93717651412C502D7BFD8B1941459885977976514120CBDB49C28C1941DD7EDD777B7651415836DB02178D194139BD301D75765141B8E35EB8DB8C19419F6F339570765141EE53DED9158C19413D5FA0C36E765141');
INSERT INTO subcatchment (subc_id, node_id, rg_id, area, imperv, width, slope, clength, snow_id, nimp, nperv, simp, sperv, zero, routeto, rted, maxrate, minrate, decay, drytime, maxinfil, suction, conduct, initdef, curveno, conduct_2, drytime_2, sector_id, hydrology_id, the_geom) VALUES ('S18911', '18911', 'RG-01', 0.372987, 90.0000, 46.7046, 3.0399, 79.8609, NULL, 0.0130, 0.0250, 4.2625, 0.0000, 0.0000, 'IMPERVIOUS', 100.0000, NULL, NULL, NULL, NULL, NULL, NULL, NULL, NULL, 83.0000, 0.0000, 10.0000, 2, 1, '0106000020E7640000010000000103000000010000000800000045B723FAE28B1941667B9A30837651411962F94C6B8B194131B49D6E88765141C6E8A992698B1941D3B018728976514141372552A28B194172EDAFEE8E7651412D9F2F6D7E8C1941B1FF6B4B91765141FED02D3DEE8C1941E66B21C38B765141E5ED010BA68C194149D093338576514145B723FAE28B1941667B9A3083765141');
INSERT INTO subcatchment (subc_id, node_id, rg_id, area, imperv, width, slope, clength, snow_id, nimp, nperv, simp, sperv, zero, routeto, rted, maxrate, minrate, decay, drytime, maxinfil, suction, conduct, initdef, curveno, conduct_2, drytime_2, sector_id, hydrology_id, the_geom) VALUES ('S18852', '18852', 'RG-01', 0.213206, 90.0000, 33.9337, 2.8178, 62.8303, NULL, 0.0130, 0.0250, 4.4239, 0.0000, 0.0000, 'IMPERVIOUS', 100.0000, NULL, NULL, NULL, NULL, NULL, NULL, NULL, NULL, 83.0000, 0.0000, 10.0000, 2, 1, '0106000020E7640000010000000103000000010000000600000090318C8E27891941102E791A6E76514126B9BD6CFF881941F859C01E7C7651413921A70E9189194184C018B87D765141CDA6FFD79389194164FF789B7D765141D52064E3B8891941E4C555946F76514190318C8E27891941102E791A6E765141');
INSERT INTO subcatchment (subc_id, node_id, rg_id, area, imperv, width, slope, clength, snow_id, nimp, nperv, simp, sperv, zero, routeto, rted, maxrate, minrate, decay, drytime, maxinfil, suction, conduct, initdef, curveno, conduct_2, drytime_2, sector_id, hydrology_id, the_geom) VALUES ('S18861', '18861', 'RG-01', 0.248176, 90.0000, 37.4684, 5.9549, 66.2361, NULL, 0.0130, 0.0250, 3.0660, 0.0000, 0.0000, 'IMPERVIOUS', 100.0000, NULL, NULL, NULL, NULL, NULL, NULL, NULL, NULL, 83.0000, 0.0000, 10.0000, 2, 1, '0106000020E76400000100000001030000000100000006000000B3BAF0D7B188194114D92A1789765141C7544175AB88194156FE734989765141A0918E198A8819416A0D011396765141F359BAD942891941F52A3D0998765141BBD2D06D6689194185DAE7268B765141B3BAF0D7B188194114D92A1789765141');
INSERT INTO subcatchment (subc_id, node_id, rg_id, area, imperv, width, slope, clength, snow_id, nimp, nperv, simp, sperv, zero, routeto, rted, maxrate, minrate, decay, drytime, maxinfil, suction, conduct, initdef, curveno, conduct_2, drytime_2, sector_id, hydrology_id, the_geom) VALUES ('S18887', '18887', 'RG-01', 0.235736, 90.0000, 36.5609, 5.7255, 64.4776, NULL, 0.0130, 0.0250, 3.1256, 0.0000, 0.0000, 'IMPERVIOUS', 100.0000, NULL, NULL, NULL, NULL, NULL, NULL, NULL, NULL, 83.0000, 0.0000, 10.0000, 2, 1, '0106000020E764000001000000010300000001000000070000005271BC5D5E8A19413DA96E32BF765141BBD70605668A1941BEB94A87BF765141931110A0218B194171AE4ABBC47651412C385BCC518B194122FF3BA6BD765141B3140ABBF68A194101A7D380B376514136AE26A2BB8A1941AE83B146B57651415271BC5D5E8A19413DA96E32BF765141');
INSERT INTO subcatchment (subc_id, node_id, rg_id, area, imperv, width, slope, clength, snow_id, nimp, nperv, simp, sperv, zero, routeto, rted, maxrate, minrate, decay, drytime, maxinfil, suction, conduct, initdef, curveno, conduct_2, drytime_2, sector_id, hydrology_id, the_geom) VALUES ('S18882', '18882', 'RG-01', 0.461676, 90.0000, 52.0727, 2.8956, 88.6599, NULL, 0.0130, 0.0250, 4.3653, 0.0000, 0.0000, 'IMPERVIOUS', 100.0000, NULL, NULL, NULL, NULL, NULL, NULL, NULL, NULL, 83.0000, 0.0000, 10.0000, 2, 1, '0106000020E764000001000000010300000001000000080000000FCCC5D9158B1941B6E320D2AE765141B3140ABBF68A194101A7D380B37651412C385BCC518B194122FF3BA6BD765141495ABAE5108C194125EFDEB5BF76514112D5186C798C1941D9547723BC7651410D236DC5848C1941E48B4D72B8765141BF41320C368C194106B0DBEDB17651410FCCC5D9158B1941B6E320D2AE765141');
INSERT INTO subcatchment (subc_id, node_id, rg_id, area, imperv, width, slope, clength, snow_id, nimp, nperv, simp, sperv, zero, routeto, rted, maxrate, minrate, decay, drytime, maxinfil, suction, conduct, initdef, curveno, conduct_2, drytime_2, sector_id, hydrology_id, the_geom) VALUES ('S18849', '18849', 'RG-01', 0.288712, 90.0000, 41.0885, 2.4956, 70.2659, NULL, 0.0130, 0.0250, 4.6951, 0.0000, 0.0000, 'IMPERVIOUS', 100.0000, NULL, NULL, NULL, NULL, NULL, NULL, NULL, NULL, 83.0000, 0.0000, 10.0000, 2, 1, '0106000020E76400000100000001030000000100000007000000AD9C879A9D8A1941930C39716A765141367736E43E8A19414F73DA8D6D765141F6B2C840728A1941B34236EE74765141E9C41B20388B19413805EA1F7776514128CB2E458C8B1941B42DD1FB70765141AD3E39FE518B19416C0B4A636C765141AD9C879A9D8A1941930C39716A765141');
INSERT INTO subcatchment (subc_id, node_id, rg_id, area, imperv, width, slope, clength, snow_id, nimp, nperv, simp, sperv, zero, routeto, rted, maxrate, minrate, decay, drytime, maxinfil, suction, conduct, initdef, curveno, conduct_2, drytime_2, sector_id, hydrology_id, the_geom) VALUES ('S18877', '18877', 'RG-01', 0.364234, 90.0000, 47.3986, 4.8117, 76.8449, NULL, 0.0130, 0.0250, 3.4036, 0.0000, 0.0000, 'IMPERVIOUS', 100.0000, NULL, NULL, NULL, NULL, NULL, NULL, NULL, NULL, 83.0000, 0.0000, 10.0000, 2, 1, '0106000020E76400000100000001030000000100000009000000FED02D3DEE8C1941E66B21C38B7651412D9F2F6D7E8C1941B1FF6B4B91765141689081C46E8C1941898FD2709C765141183B3272A18C1941436AE874A17651416CB69749E38C1941D69FEDFAA17651411F4F178A3B8D1941A5A519049D765141EA497D74488D1941069739A9917651415509174A0C8D1941ED05DC168C765141FED02D3DEE8C1941E66B21C38B765141');
INSERT INTO subcatchment (subc_id, node_id, rg_id, area, imperv, width, slope, clength, snow_id, nimp, nperv, simp, sperv, zero, routeto, rted, maxrate, minrate, decay, drytime, maxinfil, suction, conduct, initdef, curveno, conduct_2, drytime_2, sector_id, hydrology_id, the_geom) VALUES ('S18871', '18871', 'RG-01', 0.236015, 90.0000, 35.4443, 5.4719, 66.5876, NULL, 0.0130, 0.0250, 3.1958, 0.0000, 0.0000, 'IMPERVIOUS', 100.0000, NULL, NULL, NULL, NULL, NULL, NULL, NULL, NULL, 83.0000, 0.0000, 10.0000, 2, 1, '0106000020E764000001000000010300000001000000080000003DBA4E88F888194104E4651EAF765141584CD18B848919412D294EC3B576514120B736DBAD891941582F578DB776514139A5B7E4E0891941E4486FF9B27651417EE9BBDCA08919413164235EA57651410C7FE62A8E8919412B0F814EA47651413CA6D481778919411BC185F2A47651413DBA4E88F888194104E4651EAF765141');
INSERT INTO subcatchment (subc_id, node_id, rg_id, area, imperv, width, slope, clength, snow_id, nimp, nperv, simp, sperv, zero, routeto, rted, maxrate, minrate, decay, drytime, maxinfil, suction, conduct, initdef, curveno, conduct_2, drytime_2, sector_id, hydrology_id, the_geom) VALUES ('S18840', '18840', 'RG-01', 0.477245, 90.0000, 53.9308, 4.5604, 88.4922, NULL, 0.0130, 0.0250, 3.4942, 0.0000, 0.0000, 'IMPERVIOUS', 100.0000, NULL, NULL, NULL, NULL, NULL, NULL, NULL, NULL, 83.0000, 0.0000, 10.0000, 2, 1, '0106000020E76400000100000001030000000100000009000000EE4F374D5F8C1941090B893A5276514142741518DE8B1941283192B956765141726541A5E08B1941474258285A765141385D3564388C1941282F959660765141E1EF580C028D1941B22ED979627651411F53F173768D1941B06C508D5D76514126D32B297C8D1941CE47FE2B5B7651410DDB7E76278D194128A0FC6A54765141EE4F374D5F8C1941090B893A52765141');
INSERT INTO subcatchment (subc_id, node_id, rg_id, area, imperv, width, slope, clength, snow_id, nimp, nperv, simp, sperv, zero, routeto, rted, maxrate, minrate, decay, drytime, maxinfil, suction, conduct, initdef, curveno, conduct_2, drytime_2, sector_id, hydrology_id, the_geom) VALUES ('S18858', '18858', 'RG-01', 0.149463, 90.0000, 28.9423, 2.1845, 51.6419, NULL, 0.0130, 0.0250, 5.0117, 0.0000, 0.0000, 'IMPERVIOUS', 100.0000, NULL, NULL, NULL, NULL, NULL, NULL, NULL, NULL, 83.0000, 0.0000, 10.0000, 2, 1, '0106000020E764000001000000010300000001000000060000001925E79C138E1941B9609EA888765141828359561F8E1941C3392551847651410943878F2C8E19415BB960B67F765141927132BE898D1941D78132047E76514164875924718D194112816BE6867651411925E79C138E1941B9609EA888765141');
INSERT INTO subcatchment (subc_id, node_id, rg_id, area, imperv, width, slope, clength, snow_id, nimp, nperv, simp, sperv, zero, routeto, rted, maxrate, minrate, decay, drytime, maxinfil, suction, conduct, initdef, curveno, conduct_2, drytime_2, sector_id, hydrology_id, the_geom) VALUES ('S18881', '18881', 'RG-01', 0.214804, 90.0000, 35.6513, 3.6814, 60.2514, NULL, 0.0130, 0.0250, 3.8808, 0.0000, 0.0000, 'IMPERVIOUS', 100.0000, NULL, NULL, NULL, NULL, NULL, NULL, NULL, NULL, 83.0000, 0.0000, 10.0000, 2, 1, '0106000020E76400000100000001030000000100000007000000FA49A0C5BB8D194169245E78A9765141A5374B39D08D194174EB1A9DA17651419E2E6935D88D1941999F24A89E7651411F4F178A3B8D1941A5A519049D7651416CB69749E38C1941D69FEDFAA1765141A57F5AC41B8D19414BEF35AFA7765141FA49A0C5BB8D194169245E78A9765141');
INSERT INTO subcatchment (subc_id, node_id, rg_id, area, imperv, width, slope, clength, snow_id, nimp, nperv, simp, sperv, zero, routeto, rted, maxrate, minrate, decay, drytime, maxinfil, suction, conduct, initdef, curveno, conduct_2, drytime_2, sector_id, hydrology_id, the_geom) VALUES ('S18842', '18842', 'RG-01', 0.206624, 90.0000, 31.9475, 4.5801, 64.6762, NULL, 0.0130, 0.0250, 3.4869, 0.0000, 0.0000, 'IMPERVIOUS', 100.0000, NULL, NULL, NULL, NULL, NULL, NULL, NULL, NULL, 83.0000, 0.0000, 10.0000, 2, 1, '0106000020E76400000100000001030000000100000008000000C3BB64C3B88B1941059F9D454676514121AF4A9B968B1941E3F137E445765141F5F18F78498B1941BA7EE21440765141C02C2829368B1941808967D140765141A9375F55128B1941D85C851E50765141DC32E3051E8B1941C882768851765141424B3846968B194130EE30C652765141C3BB64C3B88B1941059F9D4546765141');
INSERT INTO subcatchment (subc_id, node_id, rg_id, area, imperv, width, slope, clength, snow_id, nimp, nperv, simp, sperv, zero, routeto, rted, maxrate, minrate, decay, drytime, maxinfil, suction, conduct, initdef, curveno, conduct_2, drytime_2, sector_id, hydrology_id, the_geom) VALUES ('S18853', '18853', 'RG-01', 0.316696, 90.0000, 43.2392, 5.3498, 73.2428, NULL, 0.0130, 0.0250, 3.2313, 0.0000, 0.0000, 'IMPERVIOUS', 100.0000, NULL, NULL, NULL, NULL, NULL, NULL, NULL, NULL, 83.0000, 0.0000, 10.0000, 2, 1, '0106000020E764000001000000010300000001000000080000006FA5B1D6048A19411717AEAF6C765141D52064E3B8891941E4C555946F765141CDA6FFD79389194164FF789B7D7651414C9D3C45548A19410CFB88D17F765141BCDC72A0578A1941C0C025B17F765141F6B2C840728A1941B34236EE74765141367736E43E8A19414F73DA8D6D7651416FA5B1D6048A19411717AEAF6C765141');
INSERT INTO subcatchment (subc_id, node_id, rg_id, area, imperv, width, slope, clength, snow_id, nimp, nperv, simp, sperv, zero, routeto, rted, maxrate, minrate, decay, drytime, maxinfil, suction, conduct, initdef, curveno, conduct_2, drytime_2, sector_id, hydrology_id, the_geom) VALUES ('S18876', '18876', 'RG-01', 0.248862, 90.0000, 37.1718, 3.8466, 66.9493, NULL, 0.0130, 0.0250, 3.7982, 0.0000, 0.0000, 'IMPERVIOUS', 100.0000, NULL, NULL, NULL, NULL, NULL, NULL, NULL, NULL, 83.0000, 0.0000, 10.0000, 2, 1, '0106000020E7640000010000000103000000010000000500000041372552A28B194172EDAFEE8E765141E0AE64D8958B1941D37727379A765141689081C46E8C1941898FD2709C7651412D9F2F6D7E8C1941B1FF6B4B9176514141372552A28B194172EDAFEE8E765141');
INSERT INTO subcatchment (subc_id, node_id, rg_id, area, imperv, width, slope, clength, snow_id, nimp, nperv, simp, sperv, zero, routeto, rted, maxrate, minrate, decay, drytime, maxinfil, suction, conduct, initdef, curveno, conduct_2, drytime_2, sector_id, hydrology_id, the_geom) VALUES ('S18835', '18835', 'RG-01', 0.370706, 90.0000, 46.8189, 4.7576, 79.1787, NULL, 0.0130, 0.0250, 3.4225, 0.0000, 0.0000, 'IMPERVIOUS', 100.0000, NULL, NULL, NULL, NULL, NULL, NULL, NULL, NULL, 83.0000, 0.0000, 10.0000, 2, 1, '0106000020E76400000100000001030000000100000008000000726541A5E08B1941474258285A76514111212B3A718B19418DA6091F61765141AD3E39FE518B19416C0B4A636C76514128CB2E458C8B1941B42DD1FB7076514147D2E761CB8B19414631DC9371765141EE53DED9158C19413D5FA0C36E765141385D3564388C1941282F959660765141726541A5E08B1941474258285A765141');
INSERT INTO subcatchment (subc_id, node_id, rg_id, area, imperv, width, slope, clength, snow_id, nimp, nperv, simp, sperv, zero, routeto, rted, maxrate, minrate, decay, drytime, maxinfil, suction, conduct, initdef, curveno, conduct_2, drytime_2, sector_id, hydrology_id, the_geom) VALUES ('S18872', '18872', 'RG-01', 0.179570, 90.0000, 30.3424, 4.2095, 59.1811, NULL, 0.0130, 0.0250, 3.6341, 0.0000, 0.0000, 'IMPERVIOUS', 100.0000, NULL, NULL, NULL, NULL, NULL, NULL, NULL, NULL, 83.0000, 0.0000, 10.0000, 2, 1, '0106000020E7640000010000000103000000010000000500000020B736DBAD891941582F578DB77651415271BC5D5E8A19413DA96E32BF76514136AE26A2BB8A1941AE83B146B576514139A5B7E4E0891941E4486FF9B276514120B736DBAD891941582F578DB7765141');
INSERT INTO subcatchment (subc_id, node_id, rg_id, area, imperv, width, slope, clength, snow_id, nimp, nperv, simp, sperv, zero, routeto, rted, maxrate, minrate, decay, drytime, maxinfil, suction, conduct, initdef, curveno, conduct_2, drytime_2, sector_id, hydrology_id, the_geom) VALUES ('S18864', '18864', 'RG-01', 0.233280, 90.0000, 36.2641, 3.9869, 64.3280, NULL, 0.0130, 0.0250, 3.7321, 0.0000, 0.0000, 'IMPERVIOUS', 100.0000, NULL, NULL, NULL, NULL, NULL, NULL, NULL, NULL, 83.0000, 0.0000, 10.0000, 2, 1, '0106000020E7640000010000000103000000010000000600000092FE26F82E8A1941059803428D76514140D81C242A8A1941CCCBDF738D7651418BA4E7640B8A194199858F9F9976514148613C53CC8A19413B120BA29B7651418A1EBE16D68A194145CDF7E48E76514192FE26F82E8A1941059803428D765141');
INSERT INTO subcatchment (subc_id, node_id, rg_id, area, imperv, width, slope, clength, snow_id, nimp, nperv, simp, sperv, zero, routeto, rted, maxrate, minrate, decay, drytime, maxinfil, suction, conduct, initdef, curveno, conduct_2, drytime_2, sector_id, hydrology_id, the_geom) VALUES ('S18913', '18913', 'RG-01', 0.373613, 90.0000, 47.5381, 4.1162, 78.5924, NULL, 0.0130, 0.0250, 3.6742, 0.0000, 0.0000, 'IMPERVIOUS', 100.0000, NULL, NULL, NULL, NULL, NULL, NULL, NULL, NULL, 83.0000, 0.0000, 10.0000, 2, 1, '0106000020E76400000100000001030000000100000008000000183B3272A18C1941436AE874A1765141589B11C7548C194103CB962FA6765141BF41320C368C194106B0DBEDB17651410D236DC5848C1941E48B4D72B8765141D3931CAEFC8C1941764C162FB4765141A57F5AC41B8D19414BEF35AFA77651416CB69749E38C1941D69FEDFAA1765141183B3272A18C1941436AE874A1765141');
INSERT INTO subcatchment (subc_id, node_id, rg_id, area, imperv, width, slope, clength, snow_id, nimp, nperv, simp, sperv, zero, routeto, rted, maxrate, minrate, decay, drytime, maxinfil, suction, conduct, initdef, curveno, conduct_2, drytime_2, sector_id, hydrology_id, the_geom) VALUES ('S18846', '18846', 'RG-01', 0.205182, 90.0000, 34.3160, 5.1314, 59.7920, NULL, 0.0130, 0.0250, 3.2980, 0.0000, 0.0000, 'IMPERVIOUS', 100.0000, NULL, NULL, NULL, NULL, NULL, NULL, NULL, NULL, 83.0000, 0.0000, 10.0000, 2, 1, '0106000020E76400000100000001030000000100000008000000DC5C0DDA62891941D3EA599A6276514186197A96278919413FC1A3416876514126727F63FB8819418E3FD3716C76514190318C8E27891941102E791A6E765141D52064E3B8891941E4C555946F7651416FA5B1D6048A19411717AEAF6C7651412E1B72AAF0891941FC95515E68765141DC5C0DDA62891941D3EA599A62765141');
INSERT INTO subcatchment (subc_id, node_id, rg_id, area, imperv, width, slope, clength, snow_id, nimp, nperv, simp, sperv, zero, routeto, rted, maxrate, minrate, decay, drytime, maxinfil, suction, conduct, initdef, curveno, conduct_2, drytime_2, sector_id, hydrology_id, the_geom) VALUES ('S18844', '18844', 'RG-01', 0.273165, 90.0000, 40.3044, 3.5535, 67.7754, NULL, 0.0130, 0.0250, 3.9486, 0.0000, 0.0000, 'IMPERVIOUS', 100.0000, NULL, NULL, NULL, NULL, NULL, NULL, NULL, NULL, 83.0000, 0.0000, 10.0000, 2, 1, '0106000020E76400000100000001030000000100000007000000FCF14AD0128E194115D8FE784C765141014432FA8C8D19416281F8344B765141E7EB304E428D19412F9223944A7651410DDB7E76278D194128A0FC6A5476514126D32B297C8D1941CE47FE2B5B76514157CF28B1F68D1941D2B36B5A56765141FCF14AD0128E194115D8FE784C765141');
INSERT INTO subcatchment (subc_id, node_id, rg_id, area, imperv, width, slope, clength, snow_id, nimp, nperv, simp, sperv, zero, routeto, rted, maxrate, minrate, decay, drytime, maxinfil, suction, conduct, initdef, curveno, conduct_2, drytime_2, sector_id, hydrology_id, the_geom) VALUES ('S18866', '18866', 'RG-01', 0.175738, 90.0000, 30.7672, 4.2370, 57.1187, NULL, 0.0130, 0.0250, 3.6225, 0.0000, 0.0000, 'IMPERVIOUS', 100.0000, NULL, NULL, NULL, NULL, NULL, NULL, NULL, NULL, 83.0000, 0.0000, 10.0000, 2, 1, '0106000020E76400000100000001030000000100000009000000CFE21C02858819413207099079765141380CC18979881941F15318EC7A765141E5C892064E88194185AA331D80765141736CAD5B3088194158565FEF84765141A722E8F829881941D56BC23587765141C7544175AB88194156FE734989765141B3BAF0D7B188194114D92A17897651412028885FDE8819411409A99A7C765141CFE21C02858819413207099079765141');
INSERT INTO subcatchment (subc_id, node_id, rg_id, area, imperv, width, slope, clength, snow_id, nimp, nperv, simp, sperv, zero, routeto, rted, maxrate, minrate, decay, drytime, maxinfil, suction, conduct, initdef, curveno, conduct_2, drytime_2, sector_id, hydrology_id, the_geom) VALUES ('S18837', '18837', 'RG-01', 0.416716, 90.0000, 49.9952, 6.2824, 83.3512, NULL, 0.0130, 0.0250, 2.9866, 0.0000, 0.0000, 'IMPERVIOUS', 100.0000, NULL, NULL, NULL, NULL, NULL, NULL, NULL, NULL, 83.0000, 0.0000, 10.0000, 2, 1, '0106000020E764000001000000010300000001000000080000001F53F173768D1941B06C508D5D765141E1EF580C028D1941B22ED97962765141B8E35EB8DB8C19419F6F3395707651415836DB02178D194139BD301D757651416D792EE75C8D1941AD7344DC75765141FF6206C1A78D19417232B5137376514166F5340DCF8D1941FF9C117B647651411F53F173768D1941B06C508D5D765141');
INSERT INTO subcatchment (subc_id, node_id, rg_id, area, imperv, width, slope, clength, snow_id, nimp, nperv, simp, sperv, zero, routeto, rted, maxrate, minrate, decay, drytime, maxinfil, suction, conduct, initdef, curveno, conduct_2, drytime_2, sector_id, hydrology_id, the_geom) VALUES ('S18838', '18838', 'RG-01', 0.248020, 90.0000, 36.8422, 3.4567, 67.3195, NULL, 0.0130, 0.0250, 4.0024, 0.0000, 0.0000, 'IMPERVIOUS', 100.0000, NULL, NULL, NULL, NULL, NULL, NULL, NULL, NULL, 83.0000, 0.0000, 10.0000, 2, 1, '0106000020E7640000010000000103000000010000000600000023CE86C74B8E1941352B73D774765141061F7DB7568E1941788A7608717651414C6BC086748E1941B0C3F64A6676514166F5340DCF8D1941FF9C117B64765141FF6206C1A78D19417232B5137376514123CE86C74B8E1941352B73D774765141');
INSERT INTO subcatchment (subc_id, node_id, rg_id, area, imperv, width, slope, clength, snow_id, nimp, nperv, simp, sperv, zero, routeto, rted, maxrate, minrate, decay, drytime, maxinfil, suction, conduct, initdef, curveno, conduct_2, drytime_2, sector_id, hydrology_id, the_geom) VALUES ('S18851', '18851', 'RG-01', 0.140023, 90.0000, 25.6001, 3.0059, 54.6964, NULL, 0.0130, 0.0250, 4.2861, 0.0000, 0.0000, 'IMPERVIOUS', 100.0000, NULL, NULL, NULL, NULL, NULL, NULL, NULL, NULL, 83.0000, 0.0000, 10.0000, 2, 1, '0106000020E7640000010000000103000000010000000800000026727F63FB8819418E3FD3716C765141EDD15B46EA8819416A34F9106E7651416C3638E5B28819416C19991F74765141CFE21C028588194132070990797651412028885FDE8819411409A99A7C76514126B9BD6CFF881941F859C01E7C76514190318C8E27891941102E791A6E76514126727F63FB8819418E3FD3716C765141');
INSERT INTO subcatchment (subc_id, node_id, rg_id, area, imperv, width, slope, clength, snow_id, nimp, nperv, simp, sperv, zero, routeto, rted, maxrate, minrate, decay, drytime, maxinfil, suction, conduct, initdef, curveno, conduct_2, drytime_2, sector_id, hydrology_id, the_geom) VALUES ('S18832', '18832', 'RG-01', 0.124487, 90.0000, 25.8437, 3.8025, 48.1693, NULL, 0.0130, 0.0250, 3.8197, 0.0000, 0.0000, 'IMPERVIOUS', 100.0000, NULL, NULL, NULL, NULL, NULL, NULL, NULL, NULL, 83.0000, 0.0000, 10.0000, 2, 1, '0106000020E7640000010000000103000000010000000600000039E0CAA2B3891941DCFA54F75A7651410548E1BE72891941F8DB341661765141DC5C0DDA62891941D3EA599A627651412E1B72AAF0891941FC95515E687651412F7D2F230A8A1941386249A85E76514139E0CAA2B3891941DCFA54F75A765141');
INSERT INTO subcatchment (subc_id, node_id, rg_id, area, imperv, width, slope, clength, snow_id, nimp, nperv, simp, sperv, zero, routeto, rted, maxrate, minrate, decay, drytime, maxinfil, suction, conduct, initdef, curveno, conduct_2, drytime_2, sector_id, hydrology_id, the_geom) VALUES ('S18875', '18875', 'RG-01', 0.372152, 90.0000, 46.1388, 4.6600, 80.6593, NULL, 0.0130, 0.0250, 3.4575, 0.0000, 0.0000, 'IMPERVIOUS', 100.0000, NULL, NULL, NULL, NULL, NULL, NULL, NULL, NULL, 83.0000, 0.0000, 10.0000, 2, 1, '0106000020E76400000100000001030000000100000007000000C6E8A992698B1941D3B01872897651418A1EBE16D68A194145CDF7E48E76514148613C53CC8A19413B120BA29B765141A45F70AE2C8B1941FDEE6C25A2765141E0AE64D8958B1941D37727379A76514141372552A28B194172EDAFEE8E765141C6E8A992698B1941D3B0187289765141');
INSERT INTO subcatchment (subc_id, node_id, rg_id, area, imperv, width, slope, clength, snow_id, nimp, nperv, simp, sperv, zero, routeto, rted, maxrate, minrate, decay, drytime, maxinfil, suction, conduct, initdef, curveno, conduct_2, drytime_2, sector_id, hydrology_id, the_geom) VALUES ('S18828', '18828', 'RG-01', 0.172105, 90.0000, 31.0685, 2.7807, 55.3952, NULL, 0.0130, 0.0250, 4.4528, 0.0000, 0.0000, 'IMPERVIOUS', 100.0000, NULL, NULL, NULL, NULL, NULL, NULL, NULL, NULL, 83.0000, 0.0000, 10.0000, 2, 1, '0106000020E76400000100000001030000000100000007000000A1C7C535808E1941B095D9814D765141FCF14AD0128E194115D8FE784C76514157CF28B1F68D1941D2B36B5A56765141E501D33B5F8E1941EFB9517D5776514126F296F89B8E19414598F05D587651418044D1C5B98E1941E970DF214E765141A1C7C535808E1941B095D9814D765141');
INSERT INTO subcatchment (subc_id, node_id, rg_id, area, imperv, width, slope, clength, snow_id, nimp, nperv, simp, sperv, zero, routeto, rted, maxrate, minrate, decay, drytime, maxinfil, suction, conduct, initdef, curveno, conduct_2, drytime_2, sector_id, hydrology_id, the_geom) VALUES ('S18884', '18884', 'RG-01', 0.243924, 90.0000, 37.9766, 5.7531, 64.2300, NULL, 0.0130, 0.0250, 3.1183, 0.0000, 0.0000, 'IMPERVIOUS', 100.0000, NULL, NULL, NULL, NULL, NULL, NULL, NULL, NULL, 83.0000, 0.0000, 10.0000, 2, 1, '0106000020E76400000100000001030000000100000006000000B61ACD28E78B194133DCC74AC97651418CC1D8F3AE8C1941A2EBBB29CC765141F5735885CB8C194142D2B5A7C276514112D5186C798C1941D9547723BC765141495ABAE5108C194125EFDEB5BF765141B61ACD28E78B194133DCC74AC9765141');
INSERT INTO subcatchment (subc_id, node_id, rg_id, area, imperv, width, slope, clength, snow_id, nimp, nperv, simp, sperv, zero, routeto, rted, maxrate, minrate, decay, drytime, maxinfil, suction, conduct, initdef, curveno, conduct_2, drytime_2, sector_id, hydrology_id, the_geom) VALUES ('S18865', '18865', 'RG-01', 0.324285, 90.0000, 43.3407, 5.6509, 74.8223, NULL, 0.0130, 0.0250, 3.1458, 0.0000, 0.0000, 'IMPERVIOUS', 100.0000, NULL, NULL, NULL, NULL, NULL, NULL, NULL, NULL, 83.0000, 0.0000, 10.0000, 2, 1, '0106000020E764000001000000010300000001000000070000001A5F4BDE6C8919418159F8E68A765141BBD2D06D6689194185DAE7268B765141F359BAD942891941F52A3D0998765141DF6E1F9E9889194136CE36449F7651418BA4E7640B8A194199858F9F9976514140D81C242A8A1941CCCBDF738D7651411A5F4BDE6C8919418159F8E68A765141');
INSERT INTO subcatchment (subc_id, node_id, rg_id, area, imperv, width, slope, clength, snow_id, nimp, nperv, simp, sperv, zero, routeto, rted, maxrate, minrate, decay, drytime, maxinfil, suction, conduct, initdef, curveno, conduct_2, drytime_2, sector_id, hydrology_id, the_geom) VALUES ('S18830', '18830', 'RG-01', 0.264603, 90.0000, 39.5819, 3.9856, 66.8496, NULL, 0.0130, 0.0250, 3.7327, 0.0000, 0.0000, 'IMPERVIOUS', 100.0000, NULL, NULL, NULL, NULL, NULL, NULL, NULL, NULL, 83.0000, 0.0000, 10.0000, 2, 1, '0106000020E76400000100000001030000000100000006000000E8116AFC798C1941BB64966C48765141C3BB64C3B88B1941059F9D4546765141424B3846968B194130EE30C65276514142741518DE8B1941283192B956765141EE4F374D5F8C1941090B893A52765141E8116AFC798C1941BB64966C48765141');
INSERT INTO subcatchment (subc_id, node_id, rg_id, area, imperv, width, slope, clength, snow_id, nimp, nperv, simp, sperv, zero, routeto, rted, maxrate, minrate, decay, drytime, maxinfil, suction, conduct, initdef, curveno, conduct_2, drytime_2, sector_id, hydrology_id, the_geom) VALUES ('S18878', '18878', 'RG-01', 0.189319, 90.0000, 32.5956, 2.8332, 58.0811, NULL, 0.0130, 0.0250, 4.4121, 0.0000, 0.0000, 'IMPERVIOUS', 100.0000, NULL, NULL, NULL, NULL, NULL, NULL, NULL, NULL, 83.0000, 0.0000, 10.0000, 2, 1, '0106000020E764000001000000010300000001000000050000009E2E6935D88D1941999F24A89E7651413CB68310F68D19412D66CE9993765141EA497D74488D1941069739A9917651411F4F178A3B8D1941A5A519049D7651419E2E6935D88D1941999F24A89E765141');
INSERT INTO subcatchment (subc_id, node_id, rg_id, area, imperv, width, slope, clength, snow_id, nimp, nperv, simp, sperv, zero, routeto, rted, maxrate, minrate, decay, drytime, maxinfil, suction, conduct, initdef, curveno, conduct_2, drytime_2, sector_id, hydrology_id, the_geom) VALUES ('S18856', '18856', 'RG-01', 0.195168, 90.0000, 32.9340, 3.1332, 59.2604, NULL, 0.0130, 0.0250, 4.1998, 0.0000, 0.0000, 'IMPERVIOUS', 100.0000, NULL, NULL, NULL, NULL, NULL, NULL, NULL, NULL, 83.0000, 0.0000, 10.0000, 2, 1, '0106000020E764000001000000010300000001000000050000002C502D7BFD8B1941459885977976514145B723FAE28B1941667B9A3083765141E5ED010BA68C194149D093338576514120CBDB49C28C1941DD7EDD777B7651412C502D7BFD8B19414598859779765141');
INSERT INTO subcatchment (subc_id, node_id, rg_id, area, imperv, width, slope, clength, snow_id, nimp, nperv, simp, sperv, zero, routeto, rted, maxrate, minrate, decay, drytime, maxinfil, suction, conduct, initdef, curveno, conduct_2, drytime_2, sector_id, hydrology_id, the_geom) VALUES ('S18847', '18847', 'RG-01', 0.192224, 90.0000, 27.6055, 6.9495, 69.6324, NULL, 0.0130, 0.0250, 2.8425, 0.0000, 0.0000, 'IMPERVIOUS', 100.0000, NULL, NULL, NULL, NULL, NULL, NULL, NULL, NULL, 83.0000, 0.0000, 10.0000, 2, 1, '0106000020E764000001000000010300000001000000080000008E89F17F9C8A1941981B34534876514133A1A8E86F8A194150BA9D544B7651411213A8BBF98919415DF5BA5A5476514191E01EA5268A194160E9BAF950765141E32234219A8A19410C930C5E57765141DC32E3051E8B1941C882768851765141A9375F55128B1941D85C851E507651418E89F17F9C8A1941981B345348765141');
INSERT INTO subcatchment (subc_id, node_id, rg_id, area, imperv, width, slope, clength, snow_id, nimp, nperv, simp, sperv, zero, routeto, rted, maxrate, minrate, decay, drytime, maxinfil, suction, conduct, initdef, curveno, conduct_2, drytime_2, sector_id, hydrology_id, the_geom) VALUES ('S18869', '18869', 'RG-01', 0.345214, 90.0000, 44.8224, 3.5939, 77.0183, NULL, 0.0130, 0.0250, 3.9268, 0.0000, 0.0000, 'IMPERVIOUS', 100.0000, NULL, NULL, NULL, NULL, NULL, NULL, NULL, NULL, 83.0000, 0.0000, 10.0000, 2, 1, '0106000020E76400000100000001030000000100000008000000A0918E198A8819416A0D011396765141B1CD676E51881941C6DE734F98765141BEEC57A582881941AA1DAE94A27651413CA6D481778919411BC185F2A47651410C7FE62A8E8919412B0F814EA4765141DF6E1F9E9889194136CE36449F765141F359BAD942891941F52A3D0998765141A0918E198A8819416A0D011396765141');
INSERT INTO subcatchment (subc_id, node_id, rg_id, area, imperv, width, slope, clength, snow_id, nimp, nperv, simp, sperv, zero, routeto, rted, maxrate, minrate, decay, drytime, maxinfil, suction, conduct, initdef, curveno, conduct_2, drytime_2, sector_id, hydrology_id, the_geom) VALUES ('S18859', '18859', 'RG-01', 0.220790, 90.0000, 36.1195, 4.3032, 61.1275, NULL, 0.0130, 0.0250, 3.5951, 0.0000, 0.0000, 'IMPERVIOUS', 100.0000, NULL, NULL, NULL, NULL, NULL, NULL, NULL, NULL, 83.0000, 0.0000, 10.0000, 2, 1, '0106000020E764000001000000010300000001000000060000000943878F2C8E19415BB960B67F76514123CE86C74B8E1941352B73D774765141FF6206C1A78D19417232B513737651416D792EE75C8D1941AD7344DC75765141927132BE898D1941D78132047E7651410943878F2C8E19415BB960B67F765141');
INSERT INTO subcatchment (subc_id, node_id, rg_id, area, imperv, width, slope, clength, snow_id, nimp, nperv, simp, sperv, zero, routeto, rted, maxrate, minrate, decay, drytime, maxinfil, suction, conduct, initdef, curveno, conduct_2, drytime_2, sector_id, hydrology_id, the_geom) VALUES ('S18863', '18863', 'RG-01', 0.271778, 90.0000, 39.2530, 4.5001, 69.2374, NULL, 0.0130, 0.0250, 3.5171, 0.0000, 0.0000, 'IMPERVIOUS', 100.0000, NULL, NULL, NULL, NULL, NULL, NULL, NULL, NULL, 83.0000, 0.0000, 10.0000, 2, 1, '0106000020E76400000100000001030000000100000007000000CDA6FFD79389194164FF789B7D7651413921A70E9189194184C018B87D7651411A5F4BDE6C8919418159F8E68A76514140D81C242A8A1941CCCBDF738D76514192FE26F82E8A1941059803428D7651414C9D3C45548A19410CFB88D17F765141CDA6FFD79389194164FF789B7D765141');
INSERT INTO subcatchment (subc_id, node_id, rg_id, area, imperv, width, slope, clength, snow_id, nimp, nperv, simp, sperv, zero, routeto, rted, maxrate, minrate, decay, drytime, maxinfil, suction, conduct, initdef, curveno, conduct_2, drytime_2, sector_id, hydrology_id, the_geom) VALUES ('S18862', '18862', 'RG-01', 0.336982, 90.0000, 44.4162, 3.3851, 75.8692, NULL, 0.0130, 0.0250, 4.0437, 0.0000, 0.0000, 'IMPERVIOUS', 100.0000, NULL, NULL, NULL, NULL, NULL, NULL, NULL, NULL, 83.0000, 0.0000, 10.0000, 2, 1, '0106000020E76400000100000001030000000100000008000000BCDC72A0578A1941C0C025B17F7651414C9D3C45548A19410CFB88D17F76514192FE26F82E8A1941059803428D7651418A1EBE16D68A194145CDF7E48E765141C6E8A992698B1941D3B01872897651411962F94C6B8B194131B49D6E887651414DC859161A8B19415B28B3C781765141BCDC72A0578A1941C0C025B17F765141');
INSERT INTO subcatchment (subc_id, node_id, rg_id, area, imperv, width, slope, clength, snow_id, nimp, nperv, simp, sperv, zero, routeto, rted, maxrate, minrate, decay, drytime, maxinfil, suction, conduct, initdef, curveno, conduct_2, drytime_2, sector_id, hydrology_id, the_geom) VALUES ('S18845', '18845', 'RG-01', 0.175692, 90.0000, 32.0513, 6.2598, 54.8160, NULL, 0.0130, 0.0250, 2.9919, 0.0000, 0.0000, 'IMPERVIOUS', 100.0000, NULL, NULL, NULL, NULL, NULL, NULL, NULL, NULL, 83.0000, 0.0000, 10.0000, 2, 1, '0106000020E76400000100000001030000000100000007000000E32234219A8A19410C930C5E5776514191E01EA5268A194160E9BAF9507651411213A8BBF98919415DF5BA5A5476514139E0CAA2B3891941DCFA54F75A7651412F7D2F230A8A1941386249A85E765141E3892FFD8E8A19410A95FCAB5A765141E32234219A8A19410C930C5E57765141');
INSERT INTO subcatchment (subc_id, node_id, rg_id, area, imperv, width, slope, clength, snow_id, nimp, nperv, simp, sperv, zero, routeto, rted, maxrate, minrate, decay, drytime, maxinfil, suction, conduct, initdef, curveno, conduct_2, drytime_2, sector_id, hydrology_id, the_geom) VALUES ('S18883', '18883', 'RG-01', 0.183130, 90.0000, 31.9597, 3.0418, 57.3002, NULL, 0.0130, 0.0250, 4.2612, 0.0000, 0.0000, 'IMPERVIOUS', 100.0000, NULL, NULL, NULL, NULL, NULL, NULL, NULL, NULL, 83.0000, 0.0000, 10.0000, 2, 1, '0106000020E76400000100000001030000000100000006000000931110A0218B194171AE4ABBC476514132074079A28B1941F4821D4EC8765141B61ACD28E78B194133DCC74AC9765141495ABAE5108C194125EFDEB5BF7651412C385BCC518B194122FF3BA6BD765141931110A0218B194171AE4ABBC4765141');
INSERT INTO subcatchment (subc_id, node_id, rg_id, area, imperv, width, slope, clength, snow_id, nimp, nperv, simp, sperv, zero, routeto, rted, maxrate, minrate, decay, drytime, maxinfil, suction, conduct, initdef, curveno, conduct_2, drytime_2, sector_id, hydrology_id, the_geom) VALUES ('S18874', '18874', 'RG-01', 0.417193, 90.0000, 47.5508, 2.8295, 87.7364, NULL, 0.0130, 0.0250, 4.4150, 0.0000, 0.0000, 'IMPERVIOUS', 100.0000, NULL, NULL, NULL, NULL, NULL, NULL, NULL, NULL, 83.0000, 0.0000, 10.0000, 2, 1, '0106000020E764000001000000010300000001000000070000007EE9BBDCA08919413164235EA576514139A5B7E4E0891941E4486FF9B276514136AE26A2BB8A1941AE83B146B5765141B3140ABBF68A194101A7D380B37651410FCCC5D9158B1941B6E320D2AE7651416C284323088B1941A8A86A13A97651417EE9BBDCA08919413164235EA5765141');
INSERT INTO subcatchment (subc_id, node_id, rg_id, area, imperv, width, slope, clength, snow_id, nimp, nperv, simp, sperv, zero, routeto, rted, maxrate, minrate, decay, drytime, maxinfil, suction, conduct, initdef, curveno, conduct_2, drytime_2, sector_id, hydrology_id, the_geom) VALUES ('S18960', '18960', 'RG-01', 0.295180, 90.0000, 39.1548, 5.3970, 75.3878, NULL, 0.0130, 0.0250, 3.2174, 0.0000, 0.0000, 'IMPERVIOUS', 100.0000, NULL, NULL, NULL, NULL, NULL, NULL, NULL, NULL, 83.0000, 0.0000, 10.0000, 2, 1, '0106000020E76400000100000001030000000100000007000000E0AE64D8958B1941D37727379A765141A45F70AE2C8B1941FDEE6C25A2765141EDB901C92C8B1941A8110F3BA3765141589B11C7548C194103CB962FA6765141183B3272A18C1941436AE874A1765141689081C46E8C1941898FD2709C765141E0AE64D8958B1941D37727379A765141');
INSERT INTO subcatchment (subc_id, node_id, rg_id, area, imperv, width, slope, clength, snow_id, nimp, nperv, simp, sperv, zero, routeto, rted, maxrate, minrate, decay, drytime, maxinfil, suction, conduct, initdef, curveno, conduct_2, drytime_2, sector_id, hydrology_id, the_geom) VALUES ('S36', '20607', 'RG-01', 0.204288, 90.0000, 30.8750, 5.8804, 66.0090, NULL, 0.0130, 0.0250, 3.0850, 0.0000, 0.0000, 'IMPERVIOUS', 100.0000, NULL, NULL, NULL, NULL, NULL, NULL, NULL, NULL, 82.1243, 0.0000, 10.0000, 1, 1, '0106000020E764000001000000010300000001000000050000009F23B7164293194135085910577551414F18D0DCD0921941C55F262361755141B8CED075EF921941E14AB0AB6A7551414D3A7FEB7F9319412D0E95ED687551419F23B716429319413508591057755141');
INSERT INTO subcatchment (subc_id, node_id, rg_id, area, imperv, width, slope, clength, snow_id, nimp, nperv, simp, sperv, zero, routeto, rted, maxrate, minrate, decay, drytime, maxinfil, suction, conduct, initdef, curveno, conduct_2, drytime_2, sector_id, hydrology_id, the_geom) VALUES ('S18854', '18854', 'RG-01', 0.216628, 90.0000, 34.8533, 2.4827, 62.1543, NULL, 0.0130, 0.0250, 4.7071, 0.0000, 0.0000, 'IMPERVIOUS', 100.0000, NULL, NULL, NULL, NULL, NULL, NULL, NULL, NULL, 83.0000, 0.0000, 10.0000, 2, 1, '0106000020E76400000100000001030000000100000005000000F6B2C840728A1941B34236EE74765141BCDC72A0578A1941C0C025B17F7651414DC859161A8B19415B28B3C781765141E9C41B20388B19413805EA1F77765141F6B2C840728A1941B34236EE74765141');
INSERT INTO subcatchment (subc_id, node_id, rg_id, area, imperv, width, slope, clength, snow_id, nimp, nperv, simp, sperv, zero, routeto, rted, maxrate, minrate, decay, drytime, maxinfil, suction, conduct, initdef, curveno, conduct_2, drytime_2, sector_id, hydrology_id, the_geom) VALUES ('S18860', '18860', 'RG-01', 0.250268, 90.0000, 37.9237, 3.6038, 65.9924, NULL, 0.0130, 0.0250, 3.9215, 0.0000, 0.0000, 'IMPERVIOUS', 100.0000, NULL, NULL, NULL, NULL, NULL, NULL, NULL, NULL, 83.0000, 0.0000, 10.0000, 2, 1, '0106000020E7640000010000000103000000010000000700000026B9BD6CFF881941F859C01E7C7651412028885FDE8819411409A99A7C765141B3BAF0D7B188194114D92A1789765141BBD2D06D6689194185DAE7268B7651411A5F4BDE6C8919418159F8E68A7651413921A70E9189194184C018B87D76514126B9BD6CFF881941F859C01E7C765141');
INSERT INTO subcatchment (subc_id, node_id, rg_id, area, imperv, width, slope, clength, snow_id, nimp, nperv, simp, sperv, zero, routeto, rted, maxrate, minrate, decay, drytime, maxinfil, suction, conduct, initdef, curveno, conduct_2, drytime_2, sector_id, hydrology_id, the_geom) VALUES ('S18879', '18879', 'RG-01', 0.364305, 90.0000, 44.7786, 3.5573, 81.3570, NULL, 0.0130, 0.0250, 3.9465, 0.0000, 0.0000, 'IMPERVIOUS', 100.0000, NULL, NULL, NULL, NULL, NULL, NULL, NULL, NULL, 83.0000, 0.0000, 10.0000, 2, 1, '0106000020E76400000100000001030000000100000006000000EDB901C92C8B1941A8110F3BA37651416C284323088B1941A8A86A13A97651410FCCC5D9158B1941B6E320D2AE765141BF41320C368C194106B0DBEDB1765141589B11C7548C194103CB962FA6765141EDB901C92C8B1941A8110F3BA3765141');
INSERT INTO subcatchment (subc_id, node_id, rg_id, area, imperv, width, slope, clength, snow_id, nimp, nperv, simp, sperv, zero, routeto, rted, maxrate, minrate, decay, drytime, maxinfil, suction, conduct, initdef, curveno, conduct_2, drytime_2, sector_id, hydrology_id, the_geom) VALUES ('S18855', '18855', 'RG-01', 0.363850, 90.0000, 46.4428, 3.2510, 78.3437, NULL, 0.0130, 0.0250, 4.1246, 0.0000, 0.0000, 'IMPERVIOUS', 100.0000, NULL, NULL, NULL, NULL, NULL, NULL, NULL, NULL, 83.0000, 0.0000, 10.0000, 2, 1, '0106000020E7640000010000000103000000010000000800000028CB2E458C8B1941B42DD1FB70765141E9C41B20388B19413805EA1F777651414DC859161A8B19415B28B3C7817651411962F94C6B8B194131B49D6E8876514145B723FAE28B1941667B9A30837651412C502D7BFD8B1941459885977976514147D2E761CB8B19414631DC937176514128CB2E458C8B1941B42DD1FB70765141');
INSERT INTO subcatchment (subc_id, node_id, rg_id, area, imperv, width, slope, clength, snow_id, nimp, nperv, simp, sperv, zero, routeto, rted, maxrate, minrate, decay, drytime, maxinfil, suction, conduct, initdef, curveno, conduct_2, drytime_2, sector_id, hydrology_id, the_geom) VALUES ('S18885', '18885', 'RG-01', 0.176199, 90.0000, 31.4557, 2.9400, 56.0149, NULL, 0.0130, 0.0250, 4.3329, 0.0000, 0.0000, 'IMPERVIOUS', 100.0000, NULL, NULL, NULL, NULL, NULL, NULL, NULL, NULL, 83.0000, 0.0000, 10.0000, 2, 1, '0106000020E764000001000000010300000001000000050000008CC1D8F3AE8C1941A2EBBB29CC76514134E35C825D8D19414276DAABCE765141B75D2128768D1941E36E1D7AC4765141F5735885CB8C194142D2B5A7C27651418CC1D8F3AE8C1941A2EBBB29CC765141');
INSERT INTO subcatchment (subc_id, node_id, rg_id, area, imperv, width, slope, clength, snow_id, nimp, nperv, simp, sperv, zero, routeto, rted, maxrate, minrate, decay, drytime, maxinfil, suction, conduct, initdef, curveno, conduct_2, drytime_2, sector_id, hydrology_id, the_geom) VALUES ('S18912', '18912', 'RG-01', 0.233092, 90.0000, 36.9388, 2.7587, 63.1022, NULL, 0.0130, 0.0250, 4.4701, 0.0000, 0.0000, 'IMPERVIOUS', 100.0000, NULL, NULL, NULL, NULL, NULL, NULL, NULL, NULL, 83.0000, 0.0000, 10.0000, 2, 1, '0106000020E764000001000000010300000001000000060000003CB68310F68D19412D66CE99937651411925E79C138E1941B9609EA88876514164875924718D194112816BE6867651415509174A0C8D1941ED05DC168C765141EA497D74488D1941069739A9917651413CB68310F68D19412D66CE9993765141');
INSERT INTO subcatchment (subc_id, node_id, rg_id, area, imperv, width, slope, clength, snow_id, nimp, nperv, simp, sperv, zero, routeto, rted, maxrate, minrate, decay, drytime, maxinfil, suction, conduct, initdef, curveno, conduct_2, drytime_2, sector_id, hydrology_id, the_geom) VALUES ('S18857', '18857', 'RG-01', 0.364754, 90.0000, 46.9343, 3.8272, 77.7158, NULL, 0.0130, 0.0250, 3.8076, 0.0000, 0.0000, 'IMPERVIOUS', 100.0000, NULL, NULL, NULL, NULL, NULL, NULL, NULL, NULL, 83.0000, 0.0000, 10.0000, 2, 1, '0106000020E764000001000000010300000001000000090000005836DB02178D194139BD301D7576514120CBDB49C28C1941DD7EDD777B765141E5ED010BA68C194149D0933385765141FED02D3DEE8C1941E66B21C38B7651415509174A0C8D1941ED05DC168C76514164875924718D194112816BE686765141927132BE898D1941D78132047E7651416D792EE75C8D1941AD7344DC757651415836DB02178D194139BD301D75765141');
INSERT INTO subcatchment (subc_id, node_id, rg_id, area, imperv, width, slope, clength, snow_id, nimp, nperv, simp, sperv, zero, routeto, rted, maxrate, minrate, decay, drytime, maxinfil, suction, conduct, initdef, curveno, conduct_2, drytime_2, sector_id, hydrology_id, the_geom) VALUES ('S18833', '18833', 'RG-01', 0.273797, 90.0000, 40.5627, 5.1805, 67.4997, NULL, 0.0130, 0.0250, 3.2826, 0.0000, 0.0000, 'IMPERVIOUS', 100.0000, NULL, NULL, NULL, NULL, NULL, NULL, NULL, NULL, 83.0000, 0.0000, 10.0000, 2, 1, '0106000020E76400000100000001030000000100000008000000E3892FFD8E8A19410A95FCAB5A7651412F7D2F230A8A1941386249A85E7651412E1B72AAF0891941FC95515E687651416FA5B1D6048A19411717AEAF6C765141367736E43E8A19414F73DA8D6D765141AD9C879A9D8A1941930C39716A76514140628ED8B98A194194E899325F765141E3892FFD8E8A19410A95FCAB5A765141');
INSERT INTO subcatchment (subc_id, node_id, rg_id, area, imperv, width, slope, clength, snow_id, nimp, nperv, simp, sperv, zero, routeto, rted, maxrate, minrate, decay, drytime, maxinfil, suction, conduct, initdef, curveno, conduct_2, drytime_2, sector_id, hydrology_id, the_geom) VALUES ('S18834', '18834', 'RG-01', 0.210969, 90.0000, 34.4766, 3.7247, 61.1920, NULL, 0.0130, 0.0250, 3.8586, 0.0000, 0.0000, 'IMPERVIOUS', 100.0000, NULL, NULL, NULL, NULL, NULL, NULL, NULL, NULL, 83.0000, 0.0000, 10.0000, 2, 1, '0106000020E7640000010000000103000000010000000500000040628ED8B98A194194E899325F765141AD9C879A9D8A1941930C39716A765141AD3E39FE518B19416C0B4A636C76514111212B3A718B19418DA6091F6176514140628ED8B98A194194E899325F765141');
INSERT INTO subcatchment (subc_id, node_id, rg_id, area, imperv, width, slope, clength, snow_id, nimp, nperv, simp, sperv, zero, routeto, rted, maxrate, minrate, decay, drytime, maxinfil, suction, conduct, initdef, curveno, conduct_2, drytime_2, sector_id, hydrology_id, the_geom) VALUES ('S18973', '18973', 'RG-01', 0.272275, 75.0000, 33.5392, 3.7636, 61.8617, NULL, 0.0130, 0.0250, 3.8390, 0.0000, 0.0000, 'IMPERVIOUS', 100.0000, NULL, NULL, NULL, NULL, NULL, NULL, NULL, NULL, 83.0000, 0.0000, 10.0000, 1, 1, '0106000020E7640000010000000103000000010000000B00000072A6E35206971941533A274B67755141ECC3962FD09619413E6E2FB8687551415D7CF0E1BB961941C833985273755141C890C85BF896194123DA03ED78755141B40AA8F31F97194195F4D82A777551410BD0A3D34B971941686B63D67575514169FCB92F7B971941B3EA848E73755141D3ACE78DA09719412E1434CC717551412E6D5C6CB4971941236AB9C0707551413E9DDC1D46971941489008216875514172A6E35206971941533A274B67755141');
INSERT INTO subcatchment (subc_id, node_id, rg_id, area, imperv, width, slope, clength, snow_id, nimp, nperv, simp, sperv, zero, routeto, rted, maxrate, minrate, decay, drytime, maxinfil, suction, conduct, initdef, curveno, conduct_2, drytime_2, sector_id, hydrology_id, the_geom) VALUES ('S18976', '18976', 'RG-01', 0.266143, 75.0000, 31.4095, 2.4588, 60.7860, NULL, 0.0130, 0.0250, 4.7295, 0.0000, 0.0000, 'IMPERVIOUS', 100.0000, NULL, NULL, NULL, NULL, NULL, NULL, NULL, NULL, 83.0000, 0.0000, 10.0000, 1, 1, '0106000020E7640000010000000103000000010000000700000016581BB32E98194143BDE26F6075514113C68D258A9719410A5BB9B9627551413E9DDC1D4697194148900821687551412E6D5C6CB4971941236AB9C07075514142C96515229819417182F8AC6A7551411EC062D168981941697B09E66675514116581BB32E98194143BDE26F60755141');
INSERT INTO subcatchment (subc_id, node_id, rg_id, area, imperv, width, slope, clength, snow_id, nimp, nperv, simp, sperv, zero, routeto, rted, maxrate, minrate, decay, drytime, maxinfil, suction, conduct, initdef, curveno, conduct_2, drytime_2, sector_id, hydrology_id, the_geom) VALUES ('S18886', '18886', 'RG-01', 0.342844, 90.0000, 45.5929, 5.1785, 75.1967, NULL, 0.0130, 0.0250, 3.2833, 0.0000, 0.0000, 'IMPERVIOUS', 100.0000, NULL, NULL, NULL, NULL, NULL, NULL, NULL, NULL, 83.0000, 0.0000, 10.0000, 2, 1, '0106000020E76400000100000001030000000100000008000000B75D2128768D1941E36E1D7AC4765141115DE9217F8D1941ECF2BEC3C0765141DC72598E9B8D19416E6787D8B5765141D3931CAEFC8C1941764C162FB47651410D236DC5848C1941E48B4D72B876514112D5186C798C1941D9547723BC765141F5735885CB8C194142D2B5A7C2765141B75D2128768D1941E36E1D7AC4765141');
INSERT INTO subcatchment (subc_id, node_id, rg_id, area, imperv, width, slope, clength, snow_id, nimp, nperv, simp, sperv, zero, routeto, rted, maxrate, minrate, decay, drytime, maxinfil, suction, conduct, initdef, curveno, conduct_2, drytime_2, sector_id, hydrology_id, the_geom) VALUES ('S18836', '18836', 'RG-01', 0.289925, 90.0000, 40.3351, 3.6179, 71.8791, NULL, 0.0130, 0.0250, 3.9140, 0.0000, 0.0000, 'IMPERVIOUS', 100.0000, NULL, NULL, NULL, NULL, NULL, NULL, NULL, NULL, 83.0000, 0.0000, 10.0000, 2, 1, '0106000020E76400000100000001030000000100000005000000385D3564388C1941282F959660765141EE53DED9158C19413D5FA0C36E765141B8E35EB8DB8C19419F6F339570765141E1EF580C028D1941B22ED97962765141385D3564388C1941282F959660765141');
INSERT INTO subcatchment (subc_id, node_id, rg_id, area, imperv, width, slope, clength, snow_id, nimp, nperv, simp, sperv, zero, routeto, rted, maxrate, minrate, decay, drytime, maxinfil, suction, conduct, initdef, curveno, conduct_2, drytime_2, sector_id, hydrology_id, the_geom) VALUES ('S18867', '18867', 'RG-01', 0.212660, 90.0000, 33.0411, 3.8207, 64.3623, NULL, 0.0130, 0.0250, 3.8108, 0.0000, 0.0000, 'IMPERVIOUS', 100.0000, NULL, NULL, NULL, NULL, NULL, NULL, NULL, NULL, 83.0000, 0.0000, 10.0000, 2, 1, '0106000020E76400000100000001030000000100000008000000A722E8F829881941D56BC235877651417CD969941C881941B20229FB8B7651410A7D84E9FE8719412ECCCADE95765141B075D078F08719419697075397765141B1CD676E51881941C6DE734F98765141A0918E198A8819416A0D011396765141C7544175AB88194156FE734989765141A722E8F829881941D56BC23587765141');
INSERT INTO subcatchment (subc_id, node_id, rg_id, area, imperv, width, slope, clength, snow_id, nimp, nperv, simp, sperv, zero, routeto, rted, maxrate, minrate, decay, drytime, maxinfil, suction, conduct, initdef, curveno, conduct_2, drytime_2, sector_id, hydrology_id, the_geom) VALUES ('S18843', '18843', 'RG-01', 0.202299, 90.0000, 33.4588, 3.4171, 60.4621, NULL, 0.0130, 0.0250, 4.0251, 0.0000, 0.0000, 'IMPERVIOUS', 100.0000, NULL, NULL, NULL, NULL, NULL, NULL, NULL, NULL, 83.0000, 0.0000, 10.0000, 2, 1, '0106000020E76400000100000001030000000100000006000000E7EB304E428D19412F9223944A765141CB473921268D1941F5F273574A765141E8116AFC798C1941BB64966C48765141EE4F374D5F8C1941090B893A527651410DDB7E76278D194128A0FC6A54765141E7EB304E428D19412F9223944A765141');
INSERT INTO subcatchment (subc_id, node_id, rg_id, area, imperv, width, slope, clength, snow_id, nimp, nperv, simp, sperv, zero, routeto, rted, maxrate, minrate, decay, drytime, maxinfil, suction, conduct, initdef, curveno, conduct_2, drytime_2, sector_id, hydrology_id, the_geom) VALUES ('S18868', '18868', 'RG-01', 0.197570, 90.0000, 33.5810, 5.5230, 58.8338, NULL, 0.0130, 0.0250, 3.1813, 0.0000, 0.0000, 'IMPERVIOUS', 100.0000, NULL, NULL, NULL, NULL, NULL, NULL, NULL, NULL, 83.0000, 0.0000, 10.0000, 2, 1, '0106000020E76400000100000001030000000100000007000000B075D078F087194196970753977651418474A44FDB871941D13E82749976514113D980EEA3871941BAB108279E765141FA6DA0584D881941A46F9EB3A6765141BEEC57A582881941AA1DAE94A2765141B1CD676E51881941C6DE734F98765141B075D078F08719419697075397765141');
INSERT INTO subcatchment (subc_id, node_id, rg_id, area, imperv, width, slope, clength, snow_id, nimp, nperv, simp, sperv, zero, routeto, rted, maxrate, minrate, decay, drytime, maxinfil, suction, conduct, initdef, curveno, conduct_2, drytime_2, sector_id, hydrology_id, the_geom) VALUES ('S66', '66', 'RG-01', 0.091133, 90.0000, 21.0980, 7.6104, 43.0934, NULL, 0.0130, 0.0250, 2.7188, 0.0000, 0.0000, 'IMPERVIOUS', 100.0000, NULL, NULL, NULL, NULL, NULL, NULL, NULL, NULL, 83.2838, 0.0000, 10.0000, 1, 1, '0106000020E76400000100000001030000000100000006000000C1AD644189911941E0788E8B367551417D17200AEA911941E0F98E2D2D755141C0D4DD91CD91194155F56F8D2A75514105598392B4911941FA88555D2B7551417FF3066A44911941CF4C8DFF2F755141C1AD644189911941E0788E8B36755141');
INSERT INTO subcatchment (subc_id, node_id, rg_id, area, imperv, width, slope, clength, snow_id, nimp, nperv, simp, sperv, zero, routeto, rted, maxrate, minrate, decay, drytime, maxinfil, suction, conduct, initdef, curveno, conduct_2, drytime_2, sector_id, hydrology_id, the_geom) VALUES ('S74', '74', 'RG-01', 0.210830, 90.0000, 31.2254, 10.3643, 67.3612, NULL, 0.0130, 0.0250, 2.3370, 0.0000, 0.0000, 'IMPERVIOUS', 100.0000, NULL, NULL, NULL, NULL, NULL, NULL, NULL, NULL, 83.0000, 0.0000, 10.0000, 1, 1, '0106000020E764000001000000010300000001000000050000007D17200AEA911941E0F98E2D2D755141C1AD644189911941E0788E8B36755141609084749C911941B0C708253D7551412F84C701A6921941C65E632A327551417D17200AEA911941E0F98E2D2D755141');
INSERT INTO subcatchment (subc_id, node_id, rg_id, area, imperv, width, slope, clength, snow_id, nimp, nperv, simp, sperv, zero, routeto, rted, maxrate, minrate, decay, drytime, maxinfil, suction, conduct, initdef, curveno, conduct_2, drytime_2, sector_id, hydrology_id, the_geom) VALUES ('S75', '75', 'RG-01', 0.157916, 90.0000, 29.0269, 5.3430, 54.2764, NULL, 0.0130, 0.0250, 3.2333, 0.0000, 0.0000, 'IMPERVIOUS', 100.0000, NULL, NULL, NULL, NULL, NULL, NULL, NULL, NULL, 74.8638, 0.0000, 10.0000, 1, 1, '0106000020E76400000100000001030000000100000007000000F6EE401E4B941941C0A152AD187551416A3EDDD8CC93194157541C70127551414BE448C7A19319419C154AA615755141155A404474931941C2065A7B17755141355131755F931941912D4698187551415C2308BAA99319417699DB1B20755141F6EE401E4B941941C0A152AD18755141');
INSERT INTO subcatchment (subc_id, node_id, rg_id, area, imperv, width, slope, clength, snow_id, nimp, nperv, simp, sperv, zero, routeto, rted, maxrate, minrate, decay, drytime, maxinfil, suction, conduct, initdef, curveno, conduct_2, drytime_2, sector_id, hydrology_id, the_geom) VALUES ('S78', '78', 'RG-01', 0.237088, 90.0000, 33.5414, 5.0565, 70.5188, NULL, 0.0130, 0.0250, 3.3218, 0.0000, 0.0000, 'IMPERVIOUS', 100.0000, NULL, NULL, NULL, NULL, NULL, NULL, NULL, NULL, 79.5649, 0.0000, 10.0000, 1, 1, '0106000020E764000001000000010300000001000000080000005C2308BAA99319417699DB1B20755141355131755F931941912D4698187551412BBA81A24E93194153FD9E7E19755141F00A789E0B9319416A76D03B1C75514198C242D7DB921941D562B17F1F75514180249C877E931941556484902E7551411411B5EA88931941CD8C1B582E7551415C2308BAA99319417699DB1B20755141');
INSERT INTO subcatchment (subc_id, node_id, rg_id, area, imperv, width, slope, clength, snow_id, nimp, nperv, simp, sperv, zero, routeto, rted, maxrate, minrate, decay, drytime, maxinfil, suction, conduct, initdef, curveno, conduct_2, drytime_2, sector_id, hydrology_id, the_geom) VALUES ('S79', '79', 'RG-01', 0.434639, 90.0000, 43.7593, 2.6026, 99.0918, NULL, 0.0130, 0.0250, 4.5996, 0.0000, 0.0000, 'IMPERVIOUS', 100.0000, NULL, NULL, NULL, NULL, NULL, NULL, NULL, NULL, 83.0000, 0.0000, 10.0000, 1, 1, '0106000020E76400000100000001030000000100000007000000F6EE401E4B941941C0A152AD187551415C2308BAA99319417699DB1B207551411411B5EA88931941CD8C1B582E755141E251F7FC919319415EB80F6E2E755141B72F34D619951941AB940ECB1D7551417400248B0F95194103DBE7E218755141F6EE401E4B941941C0A152AD18755141');
INSERT INTO subcatchment (subc_id, node_id, rg_id, area, imperv, width, slope, clength, snow_id, nimp, nperv, simp, sperv, zero, routeto, rted, maxrate, minrate, decay, drytime, maxinfil, suction, conduct, initdef, curveno, conduct_2, drytime_2, sector_id, hydrology_id, the_geom) VALUES ('S76', '76', 'RG-01', 0.168347, 90.0000, 28.1109, 10.9236, 59.7455, NULL, 0.0130, 0.0250, 2.2775, 0.0000, 0.0000, 'IMPERVIOUS', 100.0000, NULL, NULL, NULL, NULL, NULL, NULL, NULL, NULL, 83.2766, 0.0000, 10.0000, 1, 1, '0106000020E764000001000000010300000001000000070000007D17200AEA911941E0F98E2D2D7551412F84C701A6921941C65E632A327551418BF30F69DD9219411459E99B31755141EACF0580569219410A59090125755141AEB24008D6911941CDBF0E472A755141C0D4DD91CD91194155F56F8D2A7551417D17200AEA911941E0F98E2D2D755141');
INSERT INTO subcatchment (subc_id, node_id, rg_id, area, imperv, width, slope, clength, snow_id, nimp, nperv, simp, sperv, zero, routeto, rted, maxrate, minrate, decay, drytime, maxinfil, suction, conduct, initdef, curveno, conduct_2, drytime_2, sector_id, hydrology_id, the_geom) VALUES ('S77', '77', 'RG-01', 0.286534, 90.0000, 39.1259, 6.7407, 73.0618, NULL, 0.0130, 0.0250, 2.8854, 0.0000, 0.0000, 'IMPERVIOUS', 100.0000, NULL, NULL, NULL, NULL, NULL, NULL, NULL, NULL, 83.1444, 0.0000, 10.0000, 1, 1, '0106000020E7640000010000000103000000010000000700000080249C877E931941556484902E75514198C242D7DB921941D562B17F1F75514180BDE9ADDA921941AF7B03941F755141EACF0580569219410A590901257551418BF30F69DD9219411459E99B317551413A9E26522693194181FA728F3275514180249C877E931941556484902E755141');
INSERT INTO subcatchment (subc_id, node_id, rg_id, area, imperv, width, slope, clength, snow_id, nimp, nperv, simp, sperv, zero, routeto, rted, maxrate, minrate, decay, drytime, maxinfil, suction, conduct, initdef, curveno, conduct_2, drytime_2, sector_id, hydrology_id, the_geom) VALUES ('S118', '118', 'RG-01', 0.430714, 90.0000, 41.7312, 3.9658, 81.2659, NULL, 0.0130, 0.0250, 3.7418, 0.0000, 0.0000, 'IMPERVIOUS', 100.0000, NULL, NULL, NULL, NULL, NULL, NULL, NULL, NULL, 83.0000, 0.0000, 10.0000, 1, 1, '0106000020E7640000010000000103000000010000000B0000008432BAD70B9519412628700772755141B2914934C09419414A52D93F737551415CE553F99D941941D294566B747551411E6339208A94194137FE45E57775514113278F933A951941AF6E0D758875514157EF873869951941D3F98480867551413957DECAA895194118AC90A489755141B071068A029619418712B955847551413C1F1691F795194102539CCC837551413C1F1691F795194102539CCC837551418432BAD70B9519412628700772755141');
INSERT INTO subcatchment (subc_id, node_id, rg_id, area, imperv, width, slope, clength, snow_id, nimp, nperv, simp, sperv, zero, routeto, rted, maxrate, minrate, decay, drytime, maxinfil, suction, conduct, initdef, curveno, conduct_2, drytime_2, sector_id, hydrology_id, the_geom) VALUES ('S60', '60', 'RG-01', 0.213969, 90.0000, 31.4867, 3.1749, 67.7950, NULL, 0.0130, 0.0250, 4.1727, 0.0000, 0.0000, 'IMPERVIOUS', 100.0000, NULL, NULL, NULL, NULL, NULL, NULL, NULL, NULL, 83.0000, 0.0000, 10.0000, 1, 1, '0106000020E76400000100000001030000000100000006000000842BB523559419415F99F7F68475514136FB565B49941941B94CE0A38175514102C144D761931941AE6938ED8A755141CAC5EF10429319413DAC27658E75514198EF15F5159419410F18861391755141842BB523559419415F99F7F684755141');
INSERT INTO subcatchment (subc_id, node_id, rg_id, area, imperv, width, slope, clength, snow_id, nimp, nperv, simp, sperv, zero, routeto, rted, maxrate, minrate, decay, drytime, maxinfil, suction, conduct, initdef, curveno, conduct_2, drytime_2, sector_id, hydrology_id, the_geom) VALUES ('S57', '57', 'RG-01', 0.350142, 90.0000, 40.6342, 3.1781, 85.9677, NULL, 0.0130, 0.0250, 4.1706, 0.0000, 0.0000, 'IMPERVIOUS', 100.0000, NULL, NULL, NULL, NULL, NULL, NULL, NULL, NULL, 85.5823, 0.0000, 10.0000, 1, 1, '0106000020E76400000100000001030000000100000007000000FA98B2F16D9219413B78226F76755141B0A2F9996C921941847B0A6D7675514149088BE0E69119411A3C41C67875514138829E012592194165BF95268B7551414CF84F85D492194126D3CFB48E755141DE69EB40899219415106F16A78755141FA98B2F16D9219413B78226F76755141');
INSERT INTO subcatchment (subc_id, node_id, rg_id, area, imperv, width, slope, clength, snow_id, nimp, nperv, simp, sperv, zero, routeto, rted, maxrate, minrate, decay, drytime, maxinfil, suction, conduct, initdef, curveno, conduct_2, drytime_2, sector_id, hydrology_id, the_geom) VALUES ('S113', '113', 'RG-01', 0.093818, 90.0000, 22.0550, 2.5624, 42.4376, NULL, 0.0130, 0.0250, 4.6348, 0.0000, 0.0000, 'IMPERVIOUS', 100.0000, NULL, NULL, NULL, NULL, NULL, NULL, NULL, NULL, 84.3215, 0.0000, 10.0000, 1, 1, '0106000020E76400000100000001030000000100000007000000D858338EEE921941B8B3C96F99755141E5C413B877921941B6831053A0755141457072CBA4921941C1D91D8EA47551410EBE46E8AD921941095C602EA4755141CE507EC7BD9219413E40F37EA375514108E0283B29931941DEF0F9F09E755141D858338EEE921941B8B3C96F99755141');
INSERT INTO subcatchment (subc_id, node_id, rg_id, area, imperv, width, slope, clength, snow_id, nimp, nperv, simp, sperv, zero, routeto, rted, maxrate, minrate, decay, drytime, maxinfil, suction, conduct, initdef, curveno, conduct_2, drytime_2, sector_id, hydrology_id, the_geom) VALUES ('S35', '35', 'RG-01', 0.247780, 90.0000, 34.2078, 3.9426, 72.2636, NULL, 0.0130, 0.0250, 3.7526, 0.0000, 0.0000, 'IMPERVIOUS', 100.0000, NULL, NULL, NULL, NULL, NULL, NULL, NULL, NULL, 83.0000, 0.0000, 10.0000, 1, 1, '0106000020E764000001000000010300000001000000070000004F18D0DCD0921941C55F262361755141702DA9D12C9219410242FB3563755141B0A2F9996C921941847B0A6D76755141FA98B2F16D9219413B78226F76755141B43EB93A7492194158953B2376755141B8CED075EF921941E14AB0AB6A7551414F18D0DCD0921941C55F262361755141');
INSERT INTO subcatchment (subc_id, node_id, rg_id, area, imperv, width, slope, clength, snow_id, nimp, nperv, simp, sperv, zero, routeto, rted, maxrate, minrate, decay, drytime, maxinfil, suction, conduct, initdef, curveno, conduct_2, drytime_2, sector_id, hydrology_id, the_geom) VALUES ('S64', '64', 'RG-01', 0.390604, 90.0000, 38.7126, 5.0334, 100.6613, NULL, 0.0130, 0.0250, 3.3293, 0.0000, 0.0000, 'IMPERVIOUS', 100.0000, NULL, NULL, NULL, NULL, NULL, NULL, NULL, NULL, 83.0000, 0.0000, 10.0000, 1, 1, '0106000020E76400000100000001030000000100000007000000361FF3C1799419415450C4C85B755141C60CEAD6CC931941885456CE547551417FEB6B0D21941941F38B6D026F75514140E6D992369419414615779B707551415CE553F99D941941D294566B74755141B2914934C09419414A52D93F73755141361FF3C1799419415450C4C85B755141');
INSERT INTO subcatchment (subc_id, node_id, rg_id, area, imperv, width, slope, clength, snow_id, nimp, nperv, simp, sperv, zero, routeto, rted, maxrate, minrate, decay, drytime, maxinfil, suction, conduct, initdef, curveno, conduct_2, drytime_2, sector_id, hydrology_id, the_geom) VALUES ('S71', '71', 'RG-01', 0.341107, 90.0000, 41.6150, 5.4179, 81.7755, NULL, 0.0130, 0.0250, 3.2114, 0.0000, 0.0000, 'IMPERVIOUS', 100.0000, NULL, NULL, NULL, NULL, NULL, NULL, NULL, NULL, 76.1746, 0.0000, 10.0000, 1, 1, '0106000020E76400000100000001030000000100000008000000F8142F2B349319413820566554755141369B216BFC911941B18FB25958755141A28682E6CA911941200536975E755141702DA9D12C9219410242FB35637551414F18D0DCD0921941C55F2623617551419F23B716429319413508591057755141281A3B774D93194122D67ABE54755141F8142F2B349319413820566554755141');
INSERT INTO subcatchment (subc_id, node_id, rg_id, area, imperv, width, slope, clength, snow_id, nimp, nperv, simp, sperv, zero, routeto, rted, maxrate, minrate, decay, drytime, maxinfil, suction, conduct, initdef, curveno, conduct_2, drytime_2, sector_id, hydrology_id, the_geom) VALUES ('S62', '62', 'RG-01', 0.302539, 90.0000, 34.5372, 2.3445, 87.3955, NULL, 0.0130, 0.0250, 4.8411, 0.0000, 0.0000, 'IMPERVIOUS', 100.0000, NULL, NULL, NULL, NULL, NULL, NULL, NULL, NULL, 83.0000, 0.0000, 10.0000, 1, 1, '0106000020E764000001000000010300000001000000060000004D3A7FEB7F9319412D0E95ED68755141B8CED075EF921941E14AB0AB6A755141B43EB93A7492194158953B237675514140E6D992369419414615779B707551417FEB6B0D21941941F38B6D026F7551414D3A7FEB7F9319412D0E95ED68755141');
INSERT INTO subcatchment (subc_id, node_id, rg_id, area, imperv, width, slope, clength, snow_id, nimp, nperv, simp, sperv, zero, routeto, rted, maxrate, minrate, decay, drytime, maxinfil, suction, conduct, initdef, curveno, conduct_2, drytime_2, sector_id, hydrology_id, the_geom) VALUES ('S58', '58', 'RG-01', 0.293164, 90.0000, 36.8598, 4.8442, 79.3485, NULL, 0.0130, 0.0250, 3.3924, 0.0000, 0.0000, 'IMPERVIOUS', 100.0000, NULL, NULL, NULL, NULL, NULL, NULL, NULL, NULL, 84.7510, 0.0000, 10.0000, 1, 1, '0106000020E7640000010000000103000000010000000800000009CFAFC9309319412B8E65037E755141DE69EB40899219415106F16A787551414CF84F85D492194126D3CFB48E755141DCEB0AF6E7921941EC33FAE98F755141F84A17503C9319417037BFB08E755141CAC5EF10429319413DAC27658E75514102C144D761931941AE6938ED8A75514109CFAFC9309319412B8E65037E755141');
INSERT INTO subcatchment (subc_id, node_id, rg_id, area, imperv, width, slope, clength, snow_id, nimp, nperv, simp, sperv, zero, routeto, rted, maxrate, minrate, decay, drytime, maxinfil, suction, conduct, initdef, curveno, conduct_2, drytime_2, sector_id, hydrology_id, the_geom) VALUES ('S70', '70', 'RG-01', 0.201170, 90.0000, 33.0939, 4.5619, 60.6441, NULL, 0.0130, 0.0250, 3.4937, 0.0000, 0.0000, 'IMPERVIOUS', 100.0000, NULL, NULL, NULL, NULL, NULL, NULL, NULL, NULL, 83.0000, 0.0000, 10.0000, 1, 1, '0106000020E76400000100000001030000000100000007000000885BCA30ED9019419E3735C0537551415612AA98D590194161E6E9695475514188B343B687901941116905905E7551413255907703911941FC054AD463755141563460A76C911941BD4DA324617551414942232075911941C60DBE7160755141885BCA30ED9019419E3735C053755141');
INSERT INTO subcatchment (subc_id, node_id, rg_id, area, imperv, width, slope, clength, snow_id, nimp, nperv, simp, sperv, zero, routeto, rted, maxrate, minrate, decay, drytime, maxinfil, suction, conduct, initdef, curveno, conduct_2, drytime_2, sector_id, hydrology_id, the_geom) VALUES ('S116', '116', 'RG-01', 0.112434, 90.0000, 22.8738, 4.4456, 49.0397, NULL, 0.0130, 0.0250, 3.5382, 0.0000, 0.0000, 'IMPERVIOUS', 100.0000, NULL, NULL, NULL, NULL, NULL, NULL, NULL, NULL, 82.9998, 0.0000, 10.0000, 1, 1, '0106000020E76400000100000001030000000100000006000000842BB523559419415F99F7F68475514198EF15F5159419410F18861391755141F34219E831941941C8A012B393755141228F577EA294194153E606D58E755141065B27B2B59419419931F8068E755141842BB523559419415F99F7F684755141');
INSERT INTO subcatchment (subc_id, node_id, rg_id, area, imperv, width, slope, clength, snow_id, nimp, nperv, simp, sperv, zero, routeto, rted, maxrate, minrate, decay, drytime, maxinfil, suction, conduct, initdef, curveno, conduct_2, drytime_2, sector_id, hydrology_id, the_geom) VALUES ('S61', '61', 'RG-01', 0.448011, 90.0000, 43.0040, 4.0122, 103.9328, NULL, 0.0130, 0.0250, 3.7206, 0.0000, 0.0000, 'IMPERVIOUS', 100.0000, NULL, NULL, NULL, NULL, NULL, NULL, NULL, NULL, 83.0000, 0.0000, 10.0000, 1, 1, '0106000020E7640000010000000103000000010000000900000040E6D992369419414615779B70755141B43EB93A7492194158953B2376755141FA98B2F16D9219413B78226F76755141DE69EB40899219415106F16A7875514109CFAFC9309319412B8E65037E7551413EAFA52171941941F7D972147A7551411E6339208A94194137FE45E5777551415CE553F99D941941D294566B7475514140E6D992369419414615779B70755141');
INSERT INTO subcatchment (subc_id, node_id, rg_id, area, imperv, width, slope, clength, snow_id, nimp, nperv, simp, sperv, zero, routeto, rted, maxrate, minrate, decay, drytime, maxinfil, suction, conduct, initdef, curveno, conduct_2, drytime_2, sector_id, hydrology_id, the_geom) VALUES ('S52', '52', 'RG-01', 0.437821, 90.0000, 47.3296, 4.2295, 92.2872, NULL, 0.0130, 0.0250, 3.6256, 0.0000, 0.0000, 'IMPERVIOUS', 100.0000, NULL, NULL, NULL, NULL, NULL, NULL, NULL, NULL, 83.0000, 0.0000, 10.0000, 1, 1, '0106000020E76400000100000001030000000100000008000000702DA9D12C9219410242FB3563755141A28682E6CA911941200536975E7551414942232075911941C60DBE7160755141563460A76C911941BD4DA32461755141FCFF46DCBB91194161C67FA07875514149088BE0E69119411A3C41C678755141B0A2F9996C921941847B0A6D76755141702DA9D12C9219410242FB3563755141');
INSERT INTO subcatchment (subc_id, node_id, rg_id, area, imperv, width, slope, clength, snow_id, nimp, nperv, simp, sperv, zero, routeto, rted, maxrate, minrate, decay, drytime, maxinfil, suction, conduct, initdef, curveno, conduct_2, drytime_2, sector_id, hydrology_id, the_geom) VALUES ('S55', '55', 'RG-01', 0.369505, 80.0000, 43.7758, 4.5683, 84.2102, NULL, 0.0130, 0.0250, 3.4913, 0.0000, 0.0000, 'IMPERVIOUS', 100.0000, NULL, NULL, NULL, NULL, NULL, NULL, NULL, NULL, 88.4935, 0.0000, 10.0000, 1, 1, '0106000020E7640000010000000103000000010000000A0000004CF84F85D492194126D3CFB48E75514138829E012592194165BF95268B755141FC9EFD779091194168BA5712917551418791DF23659119410B7EFF9A96755141DCB8102F729119413586CBF09B7551416CB4E06F8D9119414EDE7D609C75514175C419AED29119419235B3F09B75514132C437E7E1921941AA1E8AC490755141DCEB0AF6E7921941EC33FAE98F7551414CF84F85D492194126D3CFB48E755141');
INSERT INTO subcatchment (subc_id, node_id, rg_id, area, imperv, width, slope, clength, snow_id, nimp, nperv, simp, sperv, zero, routeto, rted, maxrate, minrate, decay, drytime, maxinfil, suction, conduct, initdef, curveno, conduct_2, drytime_2, sector_id, hydrology_id, the_geom) VALUES ('S31', '31', 'RG-01', 0.122128, 90.0000, 25.8648, 12.7388, 47.1069, NULL, 0.0130, 0.0250, 2.1123, 0.0000, 0.0000, 'IMPERVIOUS', 100.0000, NULL, NULL, NULL, NULL, NULL, NULL, NULL, NULL, 83.0000, 0.0000, 10.0000, 1, 1, '0106000020E764000001000000010300000001000000080000005EC3273BEC901941F70541639075514133F41BEDD09019418F2CEB7686755141CDD883D9629019410A7E6C98867551417295283C6390194158FE50E9877551414A60BC23659019419C667AD58C7551416BE26F69659019413F223B108F7551419C9F4F3B66901941CDE77698907551415EC3273BEC901941F705416390755141');
INSERT INTO subcatchment (subc_id, node_id, rg_id, area, imperv, width, slope, clength, snow_id, nimp, nperv, simp, sperv, zero, routeto, rted, maxrate, minrate, decay, drytime, maxinfil, suction, conduct, initdef, curveno, conduct_2, drytime_2, sector_id, hydrology_id, the_geom) VALUES ('S34', '34', 'RG-01', 0.132166, 90.0000, 27.0182, 0.8967, 48.8026, NULL, 0.0130, 0.0250, 7.7530, 0.0000, 0.0000, 'IMPERVIOUS', 100.0000, NULL, NULL, NULL, NULL, NULL, NULL, NULL, NULL, 83.0000, 0.0000, 10.0000, 1, 1, '0106000020E76400000100000001030000000100000006000000DC564CDBEB9019415947A56C72755141901F9A76CF9019415B62096F68755141A8A1AF0558901941D16189A7687551415CE8248D5890194111A70AE6697551418C61FBB75B901941F4FC9CA072755141DC564CDBEB9019415947A56C72755141');
INSERT INTO subcatchment (subc_id, node_id, rg_id, area, imperv, width, slope, clength, snow_id, nimp, nperv, simp, sperv, zero, routeto, rted, maxrate, minrate, decay, drytime, maxinfil, suction, conduct, initdef, curveno, conduct_2, drytime_2, sector_id, hydrology_id, the_geom) VALUES ('S46', '46', 'RG-01', 0.128209, 90.0000, 26.8648, 0.9511, 47.6121, NULL, 0.0130, 0.0250, 7.5324, 0.0000, 0.0000, 'IMPERVIOUS', 100.0000, NULL, NULL, NULL, NULL, NULL, NULL, NULL, NULL, 82.2439, 0.0000, 10.0000, 1, 1, '0106000020E764000001000000010300000001000000060000003255907703911941FC054AD46375514188B343B687901941116905905E755141D90B62C553901941275297A85E755141A8A1AF0558901941D16189A768755141901F9A76CF9019415B62096F687551413255907703911941FC054AD463755141');
INSERT INTO subcatchment (subc_id, node_id, rg_id, area, imperv, width, slope, clength, snow_id, nimp, nperv, simp, sperv, zero, routeto, rted, maxrate, minrate, decay, drytime, maxinfil, suction, conduct, initdef, curveno, conduct_2, drytime_2, sector_id, hydrology_id, the_geom) VALUES ('S47', '47', 'RG-01', 0.093250, 90.0000, 21.2232, 1.5897, 43.8347, NULL, 0.0130, 0.0250, 5.8563, 0.0000, 0.0000, 'IMPERVIOUS', 100.0000, NULL, NULL, NULL, NULL, NULL, NULL, NULL, NULL, 82.1423, 0.0000, 10.0000, 1, 1, '0106000020E7640000010000000103000000010000000600000088B343B687901941116905905E7551415612AA98D590194161E6E969547551414A052DB54F9019413B673BA9547551418A73D99850901941892A113257755141D90B62C553901941275297A85E75514188B343B687901941116905905E755141');
INSERT INTO subcatchment (subc_id, node_id, rg_id, area, imperv, width, slope, clength, snow_id, nimp, nperv, simp, sperv, zero, routeto, rted, maxrate, minrate, decay, drytime, maxinfil, suction, conduct, initdef, curveno, conduct_2, drytime_2, sector_id, hydrology_id, the_geom) VALUES ('S32', '32', 'RG-01', 0.180222, 90.0000, 29.5274, 13.4373, 60.8923, NULL, 0.0130, 0.0250, 2.0577, 0.0000, 0.0000, 'IMPERVIOUS', 100.0000, NULL, NULL, NULL, NULL, NULL, NULL, NULL, NULL, 83.0000, 0.0000, 10.0000, 1, 1, '0106000020E764000001000000010300000001000000070000009989F44857911941293C9A4A7C75514136E1EBC3579119417B6D6B337C755141BA0AFC585F901941AB35D5A07C755141A3F8E15E62901941D8719AF584755141CDD883D9629019410A7E6C988675514133F41BEDD09019418F2CEB76867551419989F44857911941293C9A4A7C755141');
INSERT INTO subcatchment (subc_id, node_id, rg_id, area, imperv, width, slope, clength, snow_id, nimp, nperv, simp, sperv, zero, routeto, rted, maxrate, minrate, decay, drytime, maxinfil, suction, conduct, initdef, curveno, conduct_2, drytime_2, sector_id, hydrology_id, the_geom) VALUES ('S115', '115', 'RG-01', 0.131783, 90.0000, 24.7074, 3.3851, 53.2131, NULL, 0.0130, 0.0250, 4.0437, 0.0000, 0.0000, 'IMPERVIOUS', 100.0000, NULL, NULL, NULL, NULL, NULL, NULL, NULL, NULL, 82.9997, 0.0000, 10.0000, 1, 1, '0106000020E7640000010000000103000000010000000700000098EF15F5159419410F18861391755141CAC5EF10429319413DAC27658E755141F84A17503C9319417037BFB08E755141888163A7AD9319410C170A54997551418C51FCBE16941941A49DABDF94755141F34219E831941941C8A012B39375514198EF15F5159419410F18861391755141');
INSERT INTO subcatchment (subc_id, node_id, rg_id, area, imperv, width, slope, clength, snow_id, nimp, nperv, simp, sperv, zero, routeto, rted, maxrate, minrate, decay, drytime, maxinfil, suction, conduct, initdef, curveno, conduct_2, drytime_2, sector_id, hydrology_id, the_geom) VALUES ('S33', '33', 'RG-01', 0.221106, 90.0000, 33.9808, 0.4185, 64.9154, NULL, 0.0130, 0.0250, 11.2625, 0.0000, 0.0000, 'IMPERVIOUS', 100.0000, NULL, NULL, NULL, NULL, NULL, NULL, NULL, NULL, 83.0000, 0.0000, 10.0000, 1, 1, '0106000020E7640000010000000103000000010000000600000051542C487391194158B7E61B7A755141DC564CDBEB9019415947A56C727551418C61FBB75B901941F4FC9CA072755141BA0AFC585F901941AB35D5A07C75514136E1EBC3579119417B6D6B337C75514151542C487391194158B7E61B7A755141');
INSERT INTO subcatchment (subc_id, node_id, rg_id, area, imperv, width, slope, clength, snow_id, nimp, nperv, simp, sperv, zero, routeto, rted, maxrate, minrate, decay, drytime, maxinfil, suction, conduct, initdef, curveno, conduct_2, drytime_2, sector_id, hydrology_id, the_geom) VALUES ('S54', '54', 'RG-01', 0.329438, 90.0000, 40.3126, 10.4924, 81.5288, NULL, 0.0130, 0.0250, 2.3229, 0.0000, 0.0000, 'IMPERVIOUS', 100.0000, NULL, NULL, NULL, NULL, NULL, NULL, NULL, NULL, 84.0337, 0.0000, 10.0000, 1, 1, '0106000020E7640000010000000103000000010000000800000049088BE0E69119411A3C41C678755141FCFF46DCBB91194161C67FA07875514151542C487391194158B7E61B7A75514136E1EBC3579119417B6D6B337C7551419989F44857911941293C9A4A7C755141FC9EFD779091194168BA57129175514138829E012592194165BF95268B75514149088BE0E69119411A3C41C678755141');
INSERT INTO subcatchment (subc_id, node_id, rg_id, area, imperv, width, slope, clength, snow_id, nimp, nperv, simp, sperv, zero, routeto, rted, maxrate, minrate, decay, drytime, maxinfil, suction, conduct, initdef, curveno, conduct_2, drytime_2, sector_id, hydrology_id, the_geom) VALUES ('S117', '117', 'RG-01', 0.268526, 90.0000, 36.6413, 4.2255, 73.1125, NULL, 0.0130, 0.0250, 3.6273, 0.0000, 0.0000, 'IMPERVIOUS', 100.0000, NULL, NULL, NULL, NULL, NULL, NULL, NULL, NULL, 83.0000, 0.0000, 10.0000, 1, 1, '0106000020E764000001000000010300000001000000070000001E6339208A94194137FE45E5777551413EAFA52171941941F7D972147A75514136FB565B49941941B94CE0A381755141842BB523559419415F99F7F684755141065B27B2B59419419931F8068E75514113278F933A951941AF6E0D75887551411E6339208A94194137FE45E577755141');
INSERT INTO subcatchment (subc_id, node_id, rg_id, area, imperv, width, slope, clength, snow_id, nimp, nperv, simp, sperv, zero, routeto, rted, maxrate, minrate, decay, drytime, maxinfil, suction, conduct, initdef, curveno, conduct_2, drytime_2, sector_id, hydrology_id, the_geom) VALUES ('S59', '59', 'RG-01', 0.286205, 90.0000, 36.4022, 4.3333, 78.4378, NULL, 0.0130, 0.0250, 3.5828, 0.0000, 0.0000, 'IMPERVIOUS', 100.0000, NULL, NULL, NULL, NULL, NULL, NULL, NULL, NULL, 83.0000, 0.0000, 10.0000, 1, 1, '0106000020E764000001000000010300000001000000050000003EAFA52171941941F7D972147A75514109CFAFC9309319412B8E65037E75514102C144D761931941AE6938ED8A75514136FB565B49941941B94CE0A3817551413EAFA52171941941F7D972147A755141');
INSERT INTO subcatchment (subc_id, node_id, rg_id, area, imperv, width, slope, clength, snow_id, nimp, nperv, simp, sperv, zero, routeto, rted, maxrate, minrate, decay, drytime, maxinfil, suction, conduct, initdef, curveno, conduct_2, drytime_2, sector_id, hydrology_id, the_geom) VALUES ('S51', '51', 'RG-01', 0.364554, 90.0000, 43.2363, 2.7170, 84.1188, NULL, 0.0130, 0.0250, 4.5036, 0.0000, 0.0000, 'IMPERVIOUS', 100.0000, NULL, NULL, NULL, NULL, NULL, NULL, NULL, NULL, 83.0000, 0.0000, 10.0000, 1, 1, '0106000020E76400000100000001030000000100000007000000563460A76C911941BD4DA324617551413255907703911941FC054AD463755141901F9A76CF9019415B62096F68755141DC564CDBEB9019415947A56C7275514151542C487391194158B7E61B7A755141FCFF46DCBB91194161C67FA078755141563460A76C911941BD4DA32461755141');
INSERT INTO subcatchment (subc_id, node_id, rg_id, area, imperv, width, slope, clength, snow_id, nimp, nperv, simp, sperv, zero, routeto, rted, maxrate, minrate, decay, drytime, maxinfil, suction, conduct, initdef, curveno, conduct_2, drytime_2, sector_id, hydrology_id, the_geom) VALUES ('S53', '53', 'RG-01', 0.296864, 80.0000, 36.8413, 12.6956, 80.3898, NULL, 0.0130, 0.0250, 2.1158, 0.0000, 0.0000, 'IMPERVIOUS', 100.0000, NULL, NULL, NULL, NULL, NULL, NULL, NULL, NULL, 83.7164, 0.0000, 10.0000, 1, 1, '0106000020E764000001000000010300000001000000060000009989F44857911941293C9A4A7C75514133F41BEDD09019418F2CEB76867551415EC3273BEC901941F7054163907551418791DF23659119410B7EFF9A96755141FC9EFD779091194168BA5712917551419989F44857911941293C9A4A7C755141');
INSERT INTO subcatchment (subc_id, node_id, rg_id, area, imperv, width, slope, clength, snow_id, nimp, nperv, simp, sperv, zero, routeto, rted, maxrate, minrate, decay, drytime, maxinfil, suction, conduct, initdef, curveno, conduct_2, drytime_2, sector_id, hydrology_id, the_geom) VALUES ('S112', '112', 'RG-01', 0.192198, 80.0000, 29.9673, 2.2840, 63.9858, NULL, 0.0130, 0.0250, 4.9035, 0.0000, 0.0000, 'IMPERVIOUS', 100.0000, NULL, NULL, NULL, NULL, NULL, NULL, NULL, NULL, 82.9998, 0.0000, 10.0000, 1, 1, '0106000020E76400000100000001030000000100000007000000E5C413B877921941B6831053A075514175C419AED29119419235B3F09B7551416CB4E06F8D9119414EDE7D609C75514158D44FC6259219411DF1E1ACAA755141237549E43392194161315030A9755141457072CBA4921941C1D91D8EA4755141E5C413B877921941B6831053A0755141');
INSERT INTO subcatchment (subc_id, node_id, rg_id, area, imperv, width, slope, clength, snow_id, nimp, nperv, simp, sperv, zero, routeto, rted, maxrate, minrate, decay, drytime, maxinfil, suction, conduct, initdef, curveno, conduct_2, drytime_2, sector_id, hydrology_id, the_geom) VALUES ('S111', '111', 'RG-01', 0.305597, 80.0000, 39.5300, 4.1934, 77.1258, NULL, 0.0130, 0.0250, 3.6409, 0.0000, 0.0000, 'OUTLET', 100.0000, NULL, NULL, NULL, NULL, NULL, NULL, NULL, NULL, 82.9860, 0.0000, 10.0000, 1, 1, '0106000020E7640000010000000103000000010000000D0000006CB4E06F8D9119414EDE7D609C755141DCB8102F729119413586CBF09B755141562CAE22709119410D72AF0E9C7551411330FF5A34911941FA272678AD755141261C1AAF5B911941106B5700AE755141CF57F07C689119419C0B5740AE7551414BD2CEF57091194134248C56AF755141F1486689BE91194113C1D1B7B2755141B6A507FCEE911941AD55093CB07551416CEA0728FD911941D923C30DAF7551419A3A0BD71B9219419281B3B8AB75514158D44FC6259219411DF1E1ACAA7551416CB4E06F8D9119414EDE7D609C755141');
INSERT INTO subcatchment (subc_id, node_id, rg_id, area, imperv, width, slope, clength, snow_id, nimp, nperv, simp, sperv, zero, routeto, rted, maxrate, minrate, decay, drytime, maxinfil, suction, conduct, initdef, curveno, conduct_2, drytime_2, sector_id, hydrology_id, the_geom) VALUES ('S29', '29', 'RG-01', 0.275028, 80.0000, 37.9551, 5.3878, 72.2912, NULL, 0.0130, 0.0250, 3.2201, 0.0000, 0.0000, 'IMPERVIOUS', 100.0000, NULL, NULL, NULL, NULL, NULL, NULL, NULL, NULL, 83.2066, 0.0000, 10.0000, 1, 1, '0106000020E7640000010000000103000000010000000B000000562CAE22709119410D72AF0E9C755141D9B7692771901941A89AC6F79E755141963967D074901941DE6A3822A1755141508353498290194114408CE5A3755141E9171E6799901941FFF9E7ACA6755141C610C055A790194111DE45CFA7755141BA3A6DEDE3901941166D9E0BAB75514106F82EB605911941B0128B50AC75514141DACB7832911941E552A071AD7551411330FF5A34911941FA272678AD755141562CAE22709119410D72AF0E9C755141');
INSERT INTO subcatchment (subc_id, node_id, rg_id, area, imperv, width, slope, clength, snow_id, nimp, nperv, simp, sperv, zero, routeto, rted, maxrate, minrate, decay, drytime, maxinfil, suction, conduct, initdef, curveno, conduct_2, drytime_2, sector_id, hydrology_id, the_geom) VALUES ('S56', '56', 'RG-01', 0.208005, 80.0000, 30.9145, 2.8511, 67.1260, NULL, 0.0130, 0.0250, 4.3985, 0.0000, 0.0000, 'IMPERVIOUS', 100.0000, NULL, NULL, NULL, NULL, NULL, NULL, NULL, NULL, 87.9808, 0.0000, 10.0000, 1, 1, '0106000020E76400000100000001030000000100000005000000D858338EEE921941B8B3C96F9975514132C437E7E1921941AA1E8AC49075514175C419AED29119419235B3F09B755141E5C413B877921941B6831053A0755141D858338EEE921941B8B3C96F99755141');
INSERT INTO subcatchment (subc_id, node_id, rg_id, area, imperv, width, slope, clength, snow_id, nimp, nperv, simp, sperv, zero, routeto, rted, maxrate, minrate, decay, drytime, maxinfil, suction, conduct, initdef, curveno, conduct_2, drytime_2, sector_id, hydrology_id, the_geom) VALUES ('S39', '39', 'RG-01', 0.190204, 90.0000, 31.2450, 3.4570, 60.7317, NULL, 0.0130, 0.0250, 4.0022, 0.0000, 0.0000, 'IMPERVIOUS', 100.0000, NULL, NULL, NULL, NULL, NULL, NULL, NULL, NULL, 83.0000, 0.0000, 10.0000, 1, 1, '0106000020E764000001000000010300000001000000050000002BC1A74E44961941BEEB3280557551411BCB34AB9B95194189E83A4853755141D485038CCF951941921224636375514158C7480D4F961941C75D8D735E7551412BC1A74E44961941BEEB328055755141');
INSERT INTO subcatchment (subc_id, node_id, rg_id, area, imperv, width, slope, clength, snow_id, nimp, nperv, simp, sperv, zero, routeto, rted, maxrate, minrate, decay, drytime, maxinfil, suction, conduct, initdef, curveno, conduct_2, drytime_2, sector_id, hydrology_id, the_geom) VALUES ('S30', '30', 'RG-01', 0.296759, 80.0000, 40.8735, 7.1067, 72.4342, NULL, 0.0130, 0.0250, 2.8116, 0.0000, 0.0000, 'IMPERVIOUS', 100.0000, NULL, NULL, NULL, NULL, NULL, NULL, NULL, NULL, 83.0296, 0.0000, 10.0000, 1, 1, '0106000020E764000001000000010300000001000000090000008791DF23659119410B7EFF9A967551415EC3273BEC901941F7054163907551419C9F4F3B66901941CDE7769890755141EAF3D9C569901941E29EB23697755141FE625D7E6E901941E996C7649D755141D9B7692771901941A89AC6F79E755141562CAE22709119410D72AF0E9C755141DCB8102F729119413586CBF09B7551418791DF23659119410B7EFF9A96755141');
INSERT INTO subcatchment (subc_id, node_id, rg_id, area, imperv, width, slope, clength, snow_id, nimp, nperv, simp, sperv, zero, routeto, rted, maxrate, minrate, decay, drytime, maxinfil, suction, conduct, initdef, curveno, conduct_2, drytime_2, sector_id, hydrology_id, the_geom) VALUES ('S114', '114', 'RG-01', 0.199374, 80.0000, 33.5638, 2.7867, 59.2616, NULL, 0.0130, 0.0250, 4.4481, 0.0000, 0.0000, 'IMPERVIOUS', 100.0000, NULL, NULL, NULL, NULL, NULL, NULL, NULL, NULL, 88.4274, 0.0000, 10.0000, 1, 1, '0106000020E76400000100000001030000000100000007000000F84A17503C9319417037BFB08E755141DCEB0AF6E7921941EC33FAE98F75514132C437E7E1921941AA1E8AC490755141D858338EEE921941B8B3C96F9975514108E0283B29931941DEF0F9F09E755141888163A7AD9319410C170A5499755141F84A17503C9319417037BFB08E755141');
INSERT INTO subcatchment (subc_id, node_id, rg_id, area, imperv, width, slope, clength, snow_id, nimp, nperv, simp, sperv, zero, routeto, rted, maxrate, minrate, decay, drytime, maxinfil, suction, conduct, initdef, curveno, conduct_2, drytime_2, sector_id, hydrology_id, the_geom) VALUES ('S85', '85', 'RG-01', 0.181517, 90.0000, 28.8127, 2.2869, 62.8523, NULL, 0.0130, 0.0250, 4.9004, 0.0000, 0.0000, 'IMPERVIOUS', 100.0000, NULL, NULL, NULL, NULL, NULL, NULL, NULL, NULL, 83.0000, 0.0000, 10.0000, 1, 1, '0106000020E7640000010000000103000000010000000500000001983AA4D3941941A3FB15CB3F7551416EF6FED93194194189FE6E033F755141340D7FF2EB93194121B2C83949755141B213C5F814951941E10F3F664575514101983AA4D3941941A3FB15CB3F755141');
INSERT INTO subcatchment (subc_id, node_id, rg_id, area, imperv, width, slope, clength, snow_id, nimp, nperv, simp, sperv, zero, routeto, rted, maxrate, minrate, decay, drytime, maxinfil, suction, conduct, initdef, curveno, conduct_2, drytime_2, sector_id, hydrology_id, the_geom) VALUES ('S72', '72', 'RG-01', 0.214618, 90.0000, 31.0686, 2.4006, 68.9159, NULL, 0.0130, 0.0250, 4.7853, 0.0000, 0.0000, 'IMPERVIOUS', 100.0000, NULL, NULL, NULL, NULL, NULL, NULL, NULL, NULL, 78.9227, 0.0000, 10.0000, 1, 1, '0106000020E7640000010000000103000000010000000500000069630D60719219410DA5DE0F4B755141989889F2EB91194101ADE11255755141369B216BFC911941B18FB25958755141F8142F2B34931941382056655475514169630D60719219410DA5DE0F4B755141');
INSERT INTO subcatchment (subc_id, node_id, rg_id, area, imperv, width, slope, clength, snow_id, nimp, nperv, simp, sperv, zero, routeto, rted, maxrate, minrate, decay, drytime, maxinfil, suction, conduct, initdef, curveno, conduct_2, drytime_2, sector_id, hydrology_id, the_geom) VALUES ('S67', '67', 'RG-01', 0.283116, 90.0000, 39.4283, 3.8371, 71.6361, NULL, 0.0130, 0.0250, 3.8028, 0.0000, 0.0000, 'IMPERVIOUS', 100.0000, NULL, NULL, NULL, NULL, NULL, NULL, NULL, NULL, 83.0000, 0.0000, 10.0000, 1, 1, '0106000020E7640000010000000103000000010000000700000069630D60719219410DA5DE0F4B7551413BA2D7E2379219412F97128945755141976AD097779119416A6889E542755141FA997272669119417E7DBD9443755141809033F354911941D01656F446755141989889F2EB91194101ADE1125575514169630D60719219410DA5DE0F4B755141');
INSERT INTO subcatchment (subc_id, node_id, rg_id, area, imperv, width, slope, clength, snow_id, nimp, nperv, simp, sperv, zero, routeto, rted, maxrate, minrate, decay, drytime, maxinfil, suction, conduct, initdef, curveno, conduct_2, drytime_2, sector_id, hydrology_id, the_geom) VALUES ('S84', '84', 'RG-01', 0.439065, 90.0000, 45.4211, 3.2076, 96.4373, NULL, 0.0130, 0.0250, 4.1518, 0.0000, 0.0000, 'IMPERVIOUS', 100.0000, NULL, NULL, NULL, NULL, NULL, NULL, NULL, NULL, 83.0000, 0.0000, 10.0000, 1, 1, '0106000020E76400000100000001030000000100000009000000B213C5F814951941E10F3F6645755141340D7FF2EB93194121B2C83949755141F6DB69E0A2931941651BCCF94C755141D1AAC1E09493194172C11A54527551414A263E38C3931941A07095145475514130583D9F629519419F012B864E755141898466336895194118254C9D497551413AB8EFED5D95194178C6C09647755141B213C5F814951941E10F3F6645755141');
INSERT INTO subcatchment (subc_id, node_id, rg_id, area, imperv, width, slope, clength, snow_id, nimp, nperv, simp, sperv, zero, routeto, rted, maxrate, minrate, decay, drytime, maxinfil, suction, conduct, initdef, curveno, conduct_2, drytime_2, sector_id, hydrology_id, the_geom) VALUES ('S99', '99', 'RG-01', 0.302622, 90.0000, 35.6178, 2.5629, 84.7638, NULL, 0.0130, 0.0250, 4.6343, 0.0000, 0.0000, 'IMPERVIOUS', 100.0000, NULL, NULL, NULL, NULL, NULL, NULL, NULL, NULL, 83.0000, 0.0000, 10.0000, 1, 1, '0106000020E76400000100000001030000000100000005000000B675E1B2DF961941312998F4207551416BD8457D449519413DCC3C2F22755141E93A946260951941768707D32B755141CFAFEAEB2F961941D3D4EF422B755141B675E1B2DF961941312998F420755141');
INSERT INTO subcatchment (subc_id, node_id, rg_id, area, imperv, width, slope, clength, snow_id, nimp, nperv, simp, sperv, zero, routeto, rted, maxrate, minrate, decay, drytime, maxinfil, suction, conduct, initdef, curveno, conduct_2, drytime_2, sector_id, hydrology_id, the_geom) VALUES ('S93', '93', 'RG-01', 0.200440, 90.0000, 31.9659, 2.5266, 62.5567, NULL, 0.0130, 0.0250, 4.6668, 0.0000, 0.0000, 'IMPERVIOUS', 100.0000, NULL, NULL, NULL, NULL, NULL, NULL, NULL, NULL, 83.0000, 0.0000, 10.0000, 1, 1, '0106000020E76400000100000001030000000100000007000000CFAFEAEB2F961941D3D4EF422B755141E93A946260951941768707D32B7551415A2744655F9519417A73601E2C755141ED4CA81B6F951941A4AF2CE42F75514129148405E1951941DCB98450357551412A5A197081961941AE9FCAB734755141CFAFEAEB2F961941D3D4EF422B755141');
INSERT INTO subcatchment (subc_id, node_id, rg_id, area, imperv, width, slope, clength, snow_id, nimp, nperv, simp, sperv, zero, routeto, rted, maxrate, minrate, decay, drytime, maxinfil, suction, conduct, initdef, curveno, conduct_2, drytime_2, sector_id, hydrology_id, the_geom) VALUES ('S125', '125', 'RG-01', 0.235923, 90.0000, 30.3461, 3.6769, 59.3559, NULL, 0.0130, 0.0250, 3.8831, 0.0000, 0.0000, 'IMPERVIOUS', 100.0000, NULL, NULL, NULL, NULL, NULL, NULL, NULL, NULL, 82.9999, 0.0000, 10.0000, 1, 1, '0106000020E76400000100000001030000000100000007000000E711D567939A1941B625A81C3E75514153F4DDB9CD991941E0BC75703E7551413E0650766B9A194141BC49D64C7551413E0650766B9A194141BC49D64C755141D0393083A69A194176F0285F4A755141BAA3D64BF69A19418CE6E63547755141E711D567939A1941B625A81C3E755141');
INSERT INTO subcatchment (subc_id, node_id, rg_id, area, imperv, width, slope, clength, snow_id, nimp, nperv, simp, sperv, zero, routeto, rted, maxrate, minrate, decay, drytime, maxinfil, suction, conduct, initdef, curveno, conduct_2, drytime_2, sector_id, hydrology_id, the_geom) VALUES ('S73', '73', 'RG-01', 0.498649, 90.0000, 50.8074, 3.6284, 97.9149, NULL, 0.0130, 0.0250, 3.9085, 0.0000, 0.0000, 'IMPERVIOUS', 100.0000, NULL, NULL, NULL, NULL, NULL, NULL, NULL, NULL, 83.0000, 0.0000, 10.0000, 1, 1, '0106000020E764000001000000010300000001000000080000008BF30F69DD9219411459E99B317551412F84C701A6921941C65E632A32755141609084749C911941B0C708253D755141976AD097779119416A6889E5427551413BA2D7E2379219412F97128945755141BA53E1521C931941D6F7D0893C7551413A9E26522693194181FA728F327551418BF30F69DD9219411459E99B31755141');
INSERT INTO subcatchment (subc_id, node_id, rg_id, area, imperv, width, slope, clength, snow_id, nimp, nperv, simp, sperv, zero, routeto, rted, maxrate, minrate, decay, drytime, maxinfil, suction, conduct, initdef, curveno, conduct_2, drytime_2, sector_id, hydrology_id, the_geom) VALUES ('S82', '82', 'RG-01', 0.565555, 90.0000, 56.7097, 4.0158, 99.4938, NULL, 0.0130, 0.0250, 3.7189, 0.0000, 0.0000, 'IMPERVIOUS', 100.0000, NULL, NULL, NULL, NULL, NULL, NULL, NULL, NULL, 83.0000, 0.0000, 10.0000, 1, 1, '0106000020E7640000010000000103000000010000000A000000ACA73C6208941941B86D75CF32755141E251F7FC919319415EB80F6E2E7551411411B5EA88931941CD8C1B582E75514180249C877E931941556484902E7551413A9E26522693194181FA728F32755141BA53E1521C931941D6F7D0893C755141F6DB69E0A2931941651BCCF94C755141340D7FF2EB93194121B2C839497551416EF6FED93194194189FE6E033F755141ACA73C6208941941B86D75CF32755141');
INSERT INTO subcatchment (subc_id, node_id, rg_id, area, imperv, width, slope, clength, snow_id, nimp, nperv, simp, sperv, zero, routeto, rted, maxrate, minrate, decay, drytime, maxinfil, suction, conduct, initdef, curveno, conduct_2, drytime_2, sector_id, hydrology_id, the_geom) VALUES ('S87', '87', 'RG-01', 0.200475, 90.0000, 30.6821, 2.6286, 65.1857, NULL, 0.0130, 0.0250, 4.5772, 0.0000, 0.0000, 'IMPERVIOUS', 100.0000, NULL, NULL, NULL, NULL, NULL, NULL, NULL, NULL, 83.0000, 0.0000, 10.0000, 1, 1, '0106000020E76400000100000001030000000100000007000000A83E507F57951941311D109733755141785CA0C2C69419417AECF3703A75514101983AA4D3941941A3FB15CB3F755141B213C5F814951941E10F3F66457551413AB8EFED5D95194178C6C096477551412E3A056F659519419FE601B546755141A83E507F57951941311D109733755141');
INSERT INTO subcatchment (subc_id, node_id, rg_id, area, imperv, width, slope, clength, snow_id, nimp, nperv, simp, sperv, zero, routeto, rted, maxrate, minrate, decay, drytime, maxinfil, suction, conduct, initdef, curveno, conduct_2, drytime_2, sector_id, hydrology_id, the_geom) VALUES ('S81', '81', 'RG-01', 0.214983, 90.0000, 32.0598, 2.2552, 66.8993, NULL, 0.0130, 0.0250, 4.9341, 0.0000, 0.0000, 'IMPERVIOUS', 100.0000, NULL, NULL, NULL, NULL, NULL, NULL, NULL, NULL, 83.0000, 0.0000, 10.0000, 1, 1, '0106000020E76400000100000001030000000100000006000000ED4CA81B6F951941A4AF2CE42F7551415A2744655F9519417A73601E2C755141D8A3872B3B94194157BE882133755141785CA0C2C69419417AECF3703A755141A83E507F57951941311D109733755141ED4CA81B6F951941A4AF2CE42F755141');
INSERT INTO subcatchment (subc_id, node_id, rg_id, area, imperv, width, slope, clength, snow_id, nimp, nperv, simp, sperv, zero, routeto, rted, maxrate, minrate, decay, drytime, maxinfil, suction, conduct, initdef, curveno, conduct_2, drytime_2, sector_id, hydrology_id, the_geom) VALUES ('S89', '89', 'RG-01', 0.225544, 90.0000, 31.8056, 2.1738, 70.7469, NULL, 0.0130, 0.0250, 5.0237, 0.0000, 0.0000, 'OUTLET', 100.0000, NULL, NULL, NULL, NULL, NULL, NULL, NULL, NULL, 83.0000, 0.0000, 10.0000, 1, 1, '0106000020E76400000100000001030000000100000006000000ED4CA81B6F951941A4AF2CE42F755141A83E507F57951941311D1097337551412E3A056F659519419FE601B5467551414834A630E89519413E4928323F75514129148405E1951941DCB9845035755141ED4CA81B6F951941A4AF2CE42F755141');
INSERT INTO subcatchment (subc_id, node_id, rg_id, area, imperv, width, slope, clength, snow_id, nimp, nperv, simp, sperv, zero, routeto, rted, maxrate, minrate, decay, drytime, maxinfil, suction, conduct, initdef, curveno, conduct_2, drytime_2, sector_id, hydrology_id, the_geom) VALUES ('S65', '65', 'RG-01', 0.237089, 90.0000, 35.6654, 10.6499, 66.3196, NULL, 0.0130, 0.0250, 2.3060, 0.0000, 0.0000, 'IMPERVIOUS', 100.0000, NULL, NULL, NULL, NULL, NULL, NULL, NULL, NULL, 83.0007, 0.0000, 10.0000, 1, 1, '0106000020E76400000100000001030000000100000008000000609084749C911941B0C708253D755141C1AD644189911941E0788E8B367551417FF3066A44911941CF4C8DFF2F755141CD9F0AF2BE9019413D0C2883357551418FAC301E45911941E750194742755141FA997272669119417E7DBD9443755141976AD097779119416A6889E542755141609084749C911941B0C708253D755141');
INSERT INTO subcatchment (subc_id, node_id, rg_id, area, imperv, width, slope, clength, snow_id, nimp, nperv, simp, sperv, zero, routeto, rted, maxrate, minrate, decay, drytime, maxinfil, suction, conduct, initdef, curveno, conduct_2, drytime_2, sector_id, hydrology_id, the_geom) VALUES ('S48', '48', 'RG-01', 0.183941, 90.0000, 31.6946, 3.2576, 57.8992, NULL, 0.0130, 0.0250, 4.1205, 0.0000, 0.0000, 'IMPERVIOUS', 100.0000, NULL, NULL, NULL, NULL, NULL, NULL, NULL, NULL, 83.0000, 0.0000, 10.0000, 1, 1, '0106000020E764000001000000010300000001000000060000005612AA98D590194161E6E96954755141885BCA30ED9019419E3735C0537551418CDD974C229119412FBB57444A7551416CB304334C90194163A99EA94A7551414A052DB54F9019413B673BA9547551415612AA98D590194161E6E96954755141');
INSERT INTO subcatchment (subc_id, node_id, rg_id, area, imperv, width, slope, clength, snow_id, nimp, nperv, simp, sperv, zero, routeto, rted, maxrate, minrate, decay, drytime, maxinfil, suction, conduct, initdef, curveno, conduct_2, drytime_2, sector_id, hydrology_id, the_geom) VALUES ('S49', '49', 'RG-01', 0.250012, 90.0000, 36.3395, 5.5564, 68.6366, NULL, 0.0130, 0.0250, 3.1719, 0.0000, 0.0000, 'IMPERVIOUS', 100.0000, NULL, NULL, NULL, NULL, NULL, NULL, NULL, NULL, 83.0000, 0.0000, 10.0000, 1, 1, '0106000020E76400000100000001030000000100000008000000FA997272669119417E7DBD94437551418FAC301E45911941E7501947427551412CBFAD9E47901941EE37FB483F755141434E0D394A9019410849B107457551416CB304334C90194163A99EA94A7551418CDD974C229119412FBB57444A755141809033F354911941D01656F446755141FA997272669119417E7DBD9443755141');
INSERT INTO subcatchment (subc_id, node_id, rg_id, area, imperv, width, slope, clength, snow_id, nimp, nperv, simp, sperv, zero, routeto, rted, maxrate, minrate, decay, drytime, maxinfil, suction, conduct, initdef, curveno, conduct_2, drytime_2, sector_id, hydrology_id, the_geom) VALUES ('S98', '98', 'RG-01', 0.480232, 90.0000, 46.0678, 2.4709, 103.9993, NULL, 0.0130, 0.0250, 4.7181, 0.0000, 0.0000, 'IMPERVIOUS', 100.0000, NULL, NULL, NULL, NULL, NULL, NULL, NULL, NULL, 83.0000, 0.0000, 10.0000, 1, 1, '0106000020E764000001000000010300000001000000090000001D05087EE196194113D63E0F17755141642F7DFE139519419558AA2C187551417400248B0F95194103DBE7E218755141B72F34D619951941AB940ECB1D7551416BD8457D449519413DCC3C2F22755141B675E1B2DF961941312998F4207551418BC19627E296194146E3F6E420755141365517481C971941A976D8821D7551411D05087EE196194113D63E0F17755141');
INSERT INTO subcatchment (subc_id, node_id, rg_id, area, imperv, width, slope, clength, snow_id, nimp, nperv, simp, sperv, zero, routeto, rted, maxrate, minrate, decay, drytime, maxinfil, suction, conduct, initdef, curveno, conduct_2, drytime_2, sector_id, hydrology_id, the_geom) VALUES ('S90', '90', 'RG-01', 0.261679, 90.0000, 36.3886, 3.7921, 71.7428, NULL, 0.0130, 0.0250, 3.8248, 0.0000, 0.0000, 'IMPERVIOUS', 100.0000, NULL, NULL, NULL, NULL, NULL, NULL, NULL, NULL, 79.2674, 0.0000, 10.0000, 1, 1, '0106000020E764000001000000010300000001000000080000006A3EDDD8CC93194157541C7012755141F6EE401E4B941941C0A152AD187551417400248B0F95194103DBE7E218755141642F7DFE139519419558AA2C18755141682814CB1695194195D4D262157551417F17CDE22E941941F51484AD0A75514132319504EC931941F1E70F1D107551416A3EDDD8CC93194157541C7012755141');
INSERT INTO subcatchment (subc_id, node_id, rg_id, area, imperv, width, slope, clength, snow_id, nimp, nperv, simp, sperv, zero, routeto, rted, maxrate, minrate, decay, drytime, maxinfil, suction, conduct, initdef, curveno, conduct_2, drytime_2, sector_id, hydrology_id, the_geom) VALUES ('S128', '128', 'RG-01', 0.304908, 90.0000, 39.8457, 4.6477, 76.3423, NULL, 0.0130, 0.0250, 3.4619, 0.0000, 0.0000, 'IMPERVIOUS', 100.0000, NULL, NULL, NULL, NULL, NULL, NULL, NULL, NULL, 83.0000, 0.0000, 10.0000, 1, 1, '0106000020E764000001000000010300000001000000070000007E49A2D6B6971941F845DD142375514134A9B00CEF9719414EDF847827755141A8FF469A2E98194103238BB429755141D0D77287F3981941E65135D11B7551418D640477C19819412C52401319755141289BE1467B981941FB19D137157551417E49A2D6B6971941F845DD1423755141');
INSERT INTO subcatchment (subc_id, node_id, rg_id, area, imperv, width, slope, clength, snow_id, nimp, nperv, simp, sperv, zero, routeto, rted, maxrate, minrate, decay, drytime, maxinfil, suction, conduct, initdef, curveno, conduct_2, drytime_2, sector_id, hydrology_id, the_geom) VALUES ('S126', '126', 'RG-01', 0.310468, 90.0000, 40.0102, 4.5459, 77.4146, NULL, 0.0130, 0.0250, 3.4997, 0.0000, 0.0000, 'IMPERVIOUS', 100.0000, NULL, NULL, NULL, NULL, NULL, NULL, NULL, NULL, 83.0000, 0.0000, 10.0000, 1, 1, '0106000020E76400000100000001030000000100000008000000FD956C61DA96194175049B3F147551411D05087EE196194113D63E0F17755141365517481C971941A976D8821D7551414B4C022B2E97194175E9F7CA1D755141878D990E0398194148EBBC930E755141F9DF8C75EF97194183D2A17A0D75514140BFA4EA8B971941D713DA0608755141FD956C61DA96194175049B3F14755141');
INSERT INTO subcatchment (subc_id, node_id, rg_id, area, imperv, width, slope, clength, snow_id, nimp, nperv, simp, sperv, zero, routeto, rted, maxrate, minrate, decay, drytime, maxinfil, suction, conduct, initdef, curveno, conduct_2, drytime_2, sector_id, hydrology_id, the_geom) VALUES ('S127', '127', 'RG-01', 0.309410, 90.0000, 39.3687, 7.5595, 78.4076, NULL, 0.0130, 0.0250, 2.7277, 0.0000, 0.0000, 'IMPERVIOUS', 100.0000, NULL, NULL, NULL, NULL, NULL, NULL, NULL, NULL, 83.0000, 0.0000, 10.0000, 1, 1, '0106000020E764000001000000010300000001000000060000004B4C022B2E97194175E9F7CA1D7551417E49A2D6B6971941F845DD1423755141289BE1467B981941FB19D13715755141EF2184EF22981941B0B9FE5C10755141878D990E0398194148EBBC930E7551414B4C022B2E97194175E9F7CA1D755141');
INSERT INTO subcatchment (subc_id, node_id, rg_id, area, imperv, width, slope, clength, snow_id, nimp, nperv, simp, sperv, zero, routeto, rted, maxrate, minrate, decay, drytime, maxinfil, suction, conduct, initdef, curveno, conduct_2, drytime_2, sector_id, hydrology_id, the_geom) VALUES ('S97', '97', 'RG-01', 0.451785, 90.0000, 46.4014, 2.0535, 97.1359, NULL, 0.0130, 0.0250, 5.1659, 0.0000, 0.0000, 'IMPERVIOUS', 100.0000, NULL, NULL, NULL, NULL, NULL, NULL, NULL, NULL, 83.0000, 0.0000, 10.0000, 1, 1, '0106000020E7640000010000000103000000010000000800000024D1020C91961941DDF315C00C7551410A6A7F467B9619417845E2FB0B755141F4C74DF54E951941B3481CE00C755141682814CB1695194195D4D26215755141642F7DFE139519419558AA2C187551411D05087EE196194113D63E0F17755141FD956C61DA96194175049B3F1475514124D1020C91961941DDF315C00C755141');
INSERT INTO subcatchment (subc_id, node_id, rg_id, area, imperv, width, slope, clength, snow_id, nimp, nperv, simp, sperv, zero, routeto, rted, maxrate, minrate, decay, drytime, maxinfil, suction, conduct, initdef, curveno, conduct_2, drytime_2, sector_id, hydrology_id, the_geom) VALUES ('S95', '95', 'RG-01', 0.207905, 90.0000, 32.8806, 11.1235, 63.0817, NULL, 0.0130, 0.0250, 2.2574, 0.0000, 0.0000, 'IMPERVIOUS', 100.0000, NULL, NULL, NULL, NULL, NULL, NULL, NULL, NULL, 83.0000, 0.0000, 10.0000, 1, 1, '0106000020E76400000100000001030000000100000008000000EC47ABEC3D961941276B9C93017551410A6A7F467B9619417845E2FB0B75514124D1020C91961941DDF315C00C7551419E0B325E0A971941243C54EE0075514162726A86EC9619414CB7DF4BFF745141490F9892B89619419D944D6BFC7451418C816845819619411DB87964F9745141EC47ABEC3D961941276B9C9301755141');
INSERT INTO subcatchment (subc_id, node_id, rg_id, area, imperv, width, slope, clength, snow_id, nimp, nperv, simp, sperv, zero, routeto, rted, maxrate, minrate, decay, drytime, maxinfil, suction, conduct, initdef, curveno, conduct_2, drytime_2, sector_id, hydrology_id, the_geom) VALUES ('S96', '96', 'RG-01', 0.266024, 90.0000, 37.4176, 7.6229, 70.9289, NULL, 0.0130, 0.0250, 2.7166, 0.0000, 0.0000, 'IMPERVIOUS', 100.0000, NULL, NULL, NULL, NULL, NULL, NULL, NULL, NULL, 83.0000, 0.0000, 10.0000, 1, 1, '0106000020E76400000100000001030000000100000006000000EC47ABEC3D961941276B9C9301755141E25992E17C951941190DFF1702755141D690DB104D95194183D886CA0B755141F4C74DF54E951941B3481CE00C7551410A6A7F467B9619417845E2FB0B755141EC47ABEC3D961941276B9C9301755141');
INSERT INTO subcatchment (subc_id, node_id, rg_id, area, imperv, width, slope, clength, snow_id, nimp, nperv, simp, sperv, zero, routeto, rted, maxrate, minrate, decay, drytime, maxinfil, suction, conduct, initdef, curveno, conduct_2, drytime_2, sector_id, hydrology_id, the_geom) VALUES ('S100', '100', 'RG-01', 0.231518, 90.0000, 34.5744, 3.3912, 66.8052, NULL, 0.0130, 0.0250, 4.0401, 0.0000, 0.0000, 'IMPERVIOUS', 100.0000, NULL, NULL, NULL, NULL, NULL, NULL, NULL, NULL, 83.0000, 0.0000, 10.0000, 1, 1, '0106000020E7640000010000000103000000010000000500000024D1020C91961941DDF315C00C755141FD956C61DA96194175049B3F1475514140BFA4EA8B971941D713DA06087551419E0B325E0A971941243C54EE0075514124D1020C91961941DDF315C00C755141');
INSERT INTO subcatchment (subc_id, node_id, rg_id, area, imperv, width, slope, clength, snow_id, nimp, nperv, simp, sperv, zero, routeto, rted, maxrate, minrate, decay, drytime, maxinfil, suction, conduct, initdef, curveno, conduct_2, drytime_2, sector_id, hydrology_id, the_geom) VALUES ('S234', '234', 'RG-01', 0.116658, 90.0000, 17.4549, 1.8738, 35.7664, NULL, 0.0130, 0.0250, 5.4029, 0.0000, 0.0000, 'IMPERVIOUS', 100.0000, NULL, NULL, NULL, NULL, NULL, NULL, NULL, NULL, 82.7493, 0.0000, 10.0000, 1, 1, '0106000020E764000001000000010300000001000000060000008C364174389B19412E5E86353A75514108945C02839B1941922B40A94175514144185FE1F89B1941C353D20B3D75514149E67282AE9B1941F5E7A8EA3575514104A3A7874C9B1941AD9860F3397551418C364174389B19412E5E86353A755141');
INSERT INTO subcatchment (subc_id, node_id, rg_id, area, imperv, width, slope, clength, snow_id, nimp, nperv, simp, sperv, zero, routeto, rted, maxrate, minrate, decay, drytime, maxinfil, suction, conduct, initdef, curveno, conduct_2, drytime_2, sector_id, hydrology_id, the_geom) VALUES ('S123', '123', 'RG-01', 0.200391, 90.0000, 27.6742, 3.4757, 48.7085, NULL, 0.0130, 0.0250, 3.9917, 0.0000, 0.0000, 'IMPERVIOUS', 100.0000, NULL, NULL, NULL, NULL, NULL, NULL, NULL, NULL, 82.9998, 0.0000, 10.0000, 1, 1, '0106000020E764000001000000010300000001000000090000007AB86FF4ED9A194134886AA737755141E711D567939A1941B625A81C3E755141BAA3D64BF69A19418CE6E635477551417B89EA82FC9A1941FA79A7FA4675514108945C02839B1941922B40A9417551418C364174389B19412E5E86353A75514116346A7D2F9B1941719E0F533A7551419B0F7B81139B1941EDB4F1B5397551417AB86FF4ED9A194134886AA737755141');
INSERT INTO subcatchment (subc_id, node_id, rg_id, area, imperv, width, slope, clength, snow_id, nimp, nperv, simp, sperv, zero, routeto, rted, maxrate, minrate, decay, drytime, maxinfil, suction, conduct, initdef, curveno, conduct_2, drytime_2, sector_id, hydrology_id, the_geom) VALUES ('S63', '63', 'RG-01', 0.348493, 90.0000, 38.0122, 5.9583, 91.4632, NULL, 0.0130, 0.0250, 3.0652, 0.0000, 0.0000, 'IMPERVIOUS', 100.0000, NULL, NULL, NULL, NULL, NULL, NULL, NULL, NULL, 78.7732, 0.0000, 10.0000, 1, 1, '0106000020E76400000100000001030000000100000008000000C60CEAD6CC931941885456CE547551414A263E38C3931941A070951454755141D1AAC1E09493194172C11A5452755141281A3B774D93194122D67ABE547551419F23B7164293194135085910577551414D3A7FEB7F9319412D0E95ED687551417FEB6B0D21941941F38B6D026F755141C60CEAD6CC931941885456CE54755141');
INSERT INTO subcatchment (subc_id, node_id, rg_id, area, imperv, width, slope, clength, snow_id, nimp, nperv, simp, sperv, zero, routeto, rted, maxrate, minrate, decay, drytime, maxinfil, suction, conduct, initdef, curveno, conduct_2, drytime_2, sector_id, hydrology_id, the_geom) VALUES ('S50', '50', 'RG-01', 0.171010, 90.0000, 28.1550, 8.1967, 60.5970, NULL, 0.0130, 0.0250, 2.6217, 0.0000, 0.0000, 'IMPERVIOUS', 100.0000, NULL, NULL, NULL, NULL, NULL, NULL, NULL, NULL, 82.9999, 0.0000, 10.0000, 1, 1, '0106000020E764000001000000010300000001000000090000008FAC301E45911941E750194742755141CD9F0AF2BE9019413D0C28833575514163AA6459B6901941ACC112DE35755141A87195B4749019415932C57838755141C1EDCA686290194107D27338387551417EF5D08E46901941CB3AF8F03C7551417EF5D08E469019412075F8F03C7551412CBFAD9E47901941EE37FB483F7551418FAC301E45911941E750194742755141');
INSERT INTO subcatchment (subc_id, node_id, rg_id, area, imperv, width, slope, clength, snow_id, nimp, nperv, simp, sperv, zero, routeto, rted, maxrate, minrate, decay, drytime, maxinfil, suction, conduct, initdef, curveno, conduct_2, drytime_2, sector_id, hydrology_id, the_geom) VALUES ('S69', '69', 'RG-01', 0.389700, 90.0000, 46.3135, 5.8044, 83.9461, NULL, 0.0130, 0.0250, 3.1047, 0.0000, 0.0000, 'IMPERVIOUS', 100.0000, NULL, NULL, NULL, NULL, NULL, NULL, NULL, NULL, 83.0000, 0.0000, 10.0000, 1, 1, '0106000020E76400000100000001030000000100000008000000809033F354911941D01656F4467551418CDD974C229119412FBB57444A755141885BCA30ED9019419E3735C0537551414942232075911941C60DBE7160755141A28682E6CA911941200536975E755141369B216BFC911941B18FB25958755141989889F2EB91194101ADE11255755141809033F354911941D01656F446755141');
INSERT INTO subcatchment (subc_id, node_id, rg_id, area, imperv, width, slope, clength, snow_id, nimp, nperv, simp, sperv, zero, routeto, rted, maxrate, minrate, decay, drytime, maxinfil, suction, conduct, initdef, curveno, conduct_2, drytime_2, sector_id, hydrology_id, the_geom) VALUES ('S105', '105', 'RG-01', 0.293301, 90.0000, 37.7248, 3.3651, 81.5852, NULL, 0.0130, 0.0250, 4.0554, 0.0000, 0.0000, 'IMPERVIOUS', 100.0000, NULL, NULL, NULL, NULL, NULL, NULL, NULL, NULL, 83.0000, 0.0000, 10.0000, 1, 1, '0106000020E764000001000000010300000001000000060000005D7CF0E1BB961941C833985273755141ECC3962FD09619413E6E2FB86875514149800D0F989519413B2CF8EA6B755141B0701CCF5C951941BB4D2F3F6F755141520CC669E395194129B66138747551415D7CF0E1BB961941C833985273755141');
INSERT INTO subcatchment (subc_id, node_id, rg_id, area, imperv, width, slope, clength, snow_id, nimp, nperv, simp, sperv, zero, routeto, rted, maxrate, minrate, decay, drytime, maxinfil, suction, conduct, initdef, curveno, conduct_2, drytime_2, sector_id, hydrology_id, the_geom) VALUES ('S42', '42', 'RG-01', 0.306534, 90.0000, 39.0452, 2.9231, 78.3229, NULL, 0.0130, 0.0250, 4.3451, 0.0000, 0.0000, 'IMPERVIOUS', 100.0000, NULL, NULL, NULL, NULL, NULL, NULL, NULL, NULL, 83.0000, 0.0000, 10.0000, 1, 1, '0106000020E76400000100000001030000000100000007000000D8CB07D6229819418BEC25684F7551412F2FED76AE971941F1A0046C4C75514113C68D258A9719410A5BB9B96275514116581BB32E98194143BDE26F607551415CC3317C459819413100C271527551414BDA1CB73E98194139A50C0551755141D8CB07D6229819418BEC25684F755141');
INSERT INTO subcatchment (subc_id, node_id, rg_id, area, imperv, width, slope, clength, snow_id, nimp, nperv, simp, sperv, zero, routeto, rted, maxrate, minrate, decay, drytime, maxinfil, suction, conduct, initdef, curveno, conduct_2, drytime_2, sector_id, hydrology_id, the_geom) VALUES ('S104', '104', 'RG-01', 0.284897, 75.0000, 37.1995, 3.2114, 76.4236, NULL, 0.0130, 0.0250, 4.1494, 0.0000, 0.0000, 'IMPERVIOUS', 100.0000, NULL, NULL, NULL, NULL, NULL, NULL, NULL, NULL, 83.0000, 0.0000, 10.0000, 1, 1, '0106000020E7640000010000000103000000010000000700000058C7480D4F961941C75D8D735E755141D485038CCF951941921224636375514149800D0F989519413B2CF8EA6B755141ECC3962FD09619413E6E2FB86875514172A6E35206971941533A274B677551412538D453E29619417BA35DC26275514158C7480D4F961941C75D8D735E755141');
INSERT INTO subcatchment (subc_id, node_id, rg_id, area, imperv, width, slope, clength, snow_id, nimp, nperv, simp, sperv, zero, routeto, rted, maxrate, minrate, decay, drytime, maxinfil, suction, conduct, initdef, curveno, conduct_2, drytime_2, sector_id, hydrology_id, the_geom) VALUES ('S40', '40', 'RG-01', 0.221543, 90.0000, 33.4654, 2.3305, 66.0449, NULL, 0.0130, 0.0250, 4.8553, 0.0000, 0.0000, 'IMPERVIOUS', 100.0000, NULL, NULL, NULL, NULL, NULL, NULL, NULL, NULL, 83.0000, 0.0000, 10.0000, 1, 1, '0106000020E76400000100000001030000000100000005000000EB2D39E6F796194119BCF5A4507551412BC1A74E44961941BEEB32805575514158C7480D4F961941C75D8D735E7551412538D453E29619417BA35DC262755141EB2D39E6F796194119BCF5A450755141');
INSERT INTO subcatchment (subc_id, node_id, rg_id, area, imperv, width, slope, clength, snow_id, nimp, nperv, simp, sperv, zero, routeto, rted, maxrate, minrate, decay, drytime, maxinfil, suction, conduct, initdef, curveno, conduct_2, drytime_2, sector_id, hydrology_id, the_geom) VALUES ('S41', '41', 'RG-01', 0.451386, 75.0000, 47.0289, 3.3318, 95.7553, NULL, 0.0130, 0.0250, 4.0752, 0.0000, 0.0000, 'IMPERVIOUS', 100.0000, NULL, NULL, NULL, NULL, NULL, NULL, NULL, NULL, 83.0000, 0.0000, 10.0000, 1, 1, '0106000020E76400000100000001030000000100000009000000FA853DE752971941FA3023CD49755141EB2D39E6F796194119BCF5A4507551412538D453E29619417BA35DC26275514172A6E35206971941533A274B677551413E9DDC1D46971941489008216875514113C68D258A9719410A5BB9B9627551412F2FED76AE971941F1A0046C4C755141D1F7A1D5A4971941BEAA9BED4B755141FA853DE752971941FA3023CD49755141');
INSERT INTO subcatchment (subc_id, node_id, rg_id, area, imperv, width, slope, clength, snow_id, nimp, nperv, simp, sperv, zero, routeto, rted, maxrate, minrate, decay, drytime, maxinfil, suction, conduct, initdef, curveno, conduct_2, drytime_2, sector_id, hydrology_id, the_geom) VALUES ('S94', '94', 'RG-01', 0.410813, 90.0000, 48.5014, 6.2660, 84.5020, NULL, 0.0130, 0.0250, 2.9905, 0.0000, 0.0000, 'IMPERVIOUS', 100.0000, NULL, NULL, NULL, NULL, NULL, NULL, NULL, NULL, 59.4784, 0.0000, 10.0000, 1, 1, '0106000020E7640000010000000103000000010000000C000000E25992E17C951941190DFF1702755141EC47ABEC3D961941276B9C93017551418C816845819619411DB87964F97451410DAE38BB199619419969C8B9F3745141A2E4B82CD49519412C955D5AEF74514127C22EC1BC9519414B7A9105EF74514131D7D6B2959519416B89B548EF745141F0A4AEAB7C951941171BD5F5EF7451415D795E7266951941CA8BC53DF174514118EC10BC4995194188769F9CF07451417702B4A1469519418EC259DDF0745141E25992E17C951941190DFF1702755141');
INSERT INTO subcatchment (subc_id, node_id, rg_id, area, imperv, width, slope, clength, snow_id, nimp, nperv, simp, sperv, zero, routeto, rted, maxrate, minrate, decay, drytime, maxinfil, suction, conduct, initdef, curveno, conduct_2, drytime_2, sector_id, hydrology_id, the_geom) VALUES ('S92', '92', 'RG-01', 0.348862, 90.0000, 39.9304, 5.5373, 87.1621, NULL, 0.0130, 0.0250, 3.1772, 0.0000, 0.0000, 'IMPERVIOUS', 100.0000, NULL, NULL, NULL, NULL, NULL, NULL, NULL, NULL, 68.9078, 0.0000, 10.0000, 1, 1, '0106000020E76400000100000001030000000100000006000000D690DB104D95194183D886CA0B755141E25992E17C951941190DFF17027551417702B4A1469519418EC259DDF0745141ABE2EB2BD9941941391BACC8F9745141E66DA8CB7A9419411D1A8C9B01755141D690DB104D95194183D886CA0B755141');
INSERT INTO subcatchment (subc_id, node_id, rg_id, area, imperv, width, slope, clength, snow_id, nimp, nperv, simp, sperv, zero, routeto, rted, maxrate, minrate, decay, drytime, maxinfil, suction, conduct, initdef, curveno, conduct_2, drytime_2, sector_id, hydrology_id, the_geom) VALUES ('S91', '91', 'RG-01', 0.267901, 90.0000, 35.6211, 5.9772, 75.0321, NULL, 0.0130, 0.0250, 3.0604, 0.0000, 0.0000, 'IMPERVIOUS', 100.0000, NULL, NULL, NULL, NULL, NULL, NULL, NULL, NULL, 78.5505, 0.0000, 10.0000, 1, 1, '0106000020E76400000100000001030000000100000009000000F4C74DF54E951941B3481CE00C755141D690DB104D95194183D886CA0B755141E66DA8CB7A9419411D1A8C9B01755141B7590852729419412982684F02755141A8E607A5829419419D22E7D90375514136E1D4EF6B9419412AC106B7057551417F17CDE22E941941F51484AD0A755141682814CB1695194195D4D26215755141F4C74DF54E951941B3481CE00C755141');
INSERT INTO subcatchment (subc_id, node_id, rg_id, area, imperv, width, slope, clength, snow_id, nimp, nperv, simp, sperv, zero, routeto, rted, maxrate, minrate, decay, drytime, maxinfil, suction, conduct, initdef, curveno, conduct_2, drytime_2, sector_id, hydrology_id, the_geom) VALUES ('S43', '43', 'RG-01', 0.205022, 90.0000, 25.7286, 3.8499, 55.7560, NULL, 0.0130, 0.0250, 3.7966, 0.0000, 0.0000, 'IMPERVIOUS', 100.0000, NULL, NULL, NULL, NULL, NULL, NULL, NULL, NULL, 83.0000, 0.0000, 10.0000, 1, 1, '0106000020E764000001000000010300000001000000060000005CC3317C459819413100C2715275514116581BB32E98194143BDE26F607551411EC062D168981941697B09E666755141EF3A7E4591981941EACD4EB56475514185CAE995F4981941D96BF0465F7551415CC3317C459819413100C27152755141');
INSERT INTO subcatchment (subc_id, node_id, rg_id, area, imperv, width, slope, clength, snow_id, nimp, nperv, simp, sperv, zero, routeto, rted, maxrate, minrate, decay, drytime, maxinfil, suction, conduct, initdef, curveno, conduct_2, drytime_2, sector_id, hydrology_id, the_geom) VALUES ('S102', '102', 'RG-01', 0.462874, 90.0000, 46.4229, 2.4805, 99.4740, NULL, 0.0130, 0.0250, 4.7091, 0.0000, 0.0000, 'IMPERVIOUS', 100.0000, NULL, NULL, NULL, NULL, NULL, NULL, NULL, NULL, 83.0000, 0.0000, 10.0000, 1, 1, '0106000020E7640000010000000103000000010000000900000083E8AE6E4497194149C18A4448755141898466336895194118254C9D4975514130583D9F629519419F012B864E7551418A796B9870951941BACA3B2C517551411BCB34AB9B95194189E83A48537551412BC1A74E44961941BEEB328055755141EB2D39E6F796194119BCF5A450755141FA853DE752971941FA3023CD4975514183E8AE6E4497194149C18A4448755141');
INSERT INTO subcatchment (subc_id, node_id, rg_id, area, imperv, width, slope, clength, snow_id, nimp, nperv, simp, sperv, zero, routeto, rted, maxrate, minrate, decay, drytime, maxinfil, suction, conduct, initdef, curveno, conduct_2, drytime_2, sector_id, hydrology_id, the_geom) VALUES ('S86', '86', 'RG-01', 0.159831, 90.0000, 28.0719, 3.0083, 56.8025, NULL, 0.0130, 0.0250, 4.2844, 0.0000, 0.0000, 'IMPERVIOUS', 100.0000, NULL, NULL, NULL, NULL, NULL, NULL, NULL, NULL, 83.0000, 0.0000, 10.0000, 1, 1, '0106000020E76400000100000001030000000100000006000000D8A3872B3B94194157BE882133755141ACA73C6208941941B86D75CF327551416EF6FED93194194189FE6E033F75514101983AA4D3941941A3FB15CB3F755141785CA0C2C69419417AECF3703A755141D8A3872B3B94194157BE882133755141');
INSERT INTO subcatchment (subc_id, node_id, rg_id, area, imperv, width, slope, clength, snow_id, nimp, nperv, simp, sperv, zero, routeto, rted, maxrate, minrate, decay, drytime, maxinfil, suction, conduct, initdef, curveno, conduct_2, drytime_2, sector_id, hydrology_id, the_geom) VALUES ('S45', '45', 'RG-01', 0.168765, 90.0000, 25.5099, 4.4105, 46.9425, NULL, 0.0130, 0.0250, 3.5519, 0.0000, 0.0000, 'IMPERVIOUS', 100.0000, NULL, NULL, NULL, NULL, NULL, NULL, NULL, NULL, 82.9999, 0.0000, 10.0000, 1, 1, '0106000020E76400000100000001030000000100000007000000EDF12A3B759919411C7A3E024A75514162F9273FF99819419C1E723E51755141E0E863CC69991941CB3023E458755141F8DF40B778991941799ED6135875514141CB19ECCD991941DE77947F53755141511A5DE8DA9919411407F6E252755141EDF12A3B759919411C7A3E024A755141');
INSERT INTO subcatchment (subc_id, node_id, rg_id, area, imperv, width, slope, clength, snow_id, nimp, nperv, simp, sperv, zero, routeto, rted, maxrate, minrate, decay, drytime, maxinfil, suction, conduct, initdef, curveno, conduct_2, drytime_2, sector_id, hydrology_id, the_geom) VALUES ('S106', '106', 'RG-01', 0.330738, 90.0000, 37.4766, 4.3108, 88.0441, NULL, 0.0130, 0.0250, 3.5920, 0.0000, 0.0000, 'IMPERVIOUS', 100.0000, NULL, NULL, NULL, NULL, NULL, NULL, NULL, NULL, 83.0000, 0.0000, 10.0000, 1, 1, '0106000020E76400000100000001030000000100000007000000ECF9186280991941C812C56F3D75514153FF908E75991941B396920B3D755141D8CB07D6229819418BEC25684F7551414BDA1CB73E98194139A50C055175514162F9273FF99819419C1E723E51755141EDF12A3B759919411C7A3E024A755141ECF9186280991941C812C56F3D755141');
INSERT INTO subcatchment (subc_id, node_id, rg_id, area, imperv, width, slope, clength, snow_id, nimp, nperv, simp, sperv, zero, routeto, rted, maxrate, minrate, decay, drytime, maxinfil, suction, conduct, initdef, curveno, conduct_2, drytime_2, sector_id, hydrology_id, the_geom) VALUES ('S124', '124', 'RG-01', 0.301251, 90.0000, 35.7880, 2.2638, 66.3214, NULL, 0.0130, 0.0250, 4.9249, 0.0000, 0.0000, 'IMPERVIOUS', 100.0000, NULL, NULL, NULL, NULL, NULL, NULL, NULL, NULL, 82.9999, 0.0000, 10.0000, 1, 1, '0106000020E7640000010000000103000000010000000900000053F4DDB9CD991941E0BC75703E755141867071F5A79919412F4935713D755141ECF9186280991941C812C56F3D755141EDF12A3B759919411C7A3E024A755141511A5DE8DA9919411407F6E25275514149E8F576E69919414B1C9B51527551412CA49C60169A194116DE585D507551413E0650766B9A194141BC49D64C75514153F4DDB9CD991941E0BC75703E755141');
INSERT INTO subcatchment (subc_id, node_id, rg_id, area, imperv, width, slope, clength, snow_id, nimp, nperv, simp, sperv, zero, routeto, rted, maxrate, minrate, decay, drytime, maxinfil, suction, conduct, initdef, curveno, conduct_2, drytime_2, sector_id, hydrology_id, the_geom) VALUES ('S119', '119', 'RG-01', 0.286365, 90.0000, 37.9419, 3.8054, 74.9921, NULL, 0.0130, 0.0250, 3.8183, 0.0000, 0.0000, 'IMPERVIOUS', 100.0000, NULL, NULL, NULL, NULL, NULL, NULL, NULL, NULL, 83.0000, 0.0000, 10.0000, 1, 1, '0106000020E76400000100000001030000000100000008000000520CC669E395194129B6613874755141B0701CCF5C951941BB4D2F3F6F755141A5F98EB655951941F211EA5A6F7551418432BAD70B95194126287007727551413C1F1691F795194102539CCC83755141F3DA607C259619411CF896DB81755141952E80A159961941164F94A67F755141520CC669E395194129B6613874755141');
INSERT INTO subcatchment (subc_id, node_id, rg_id, area, imperv, width, slope, clength, snow_id, nimp, nperv, simp, sperv, zero, routeto, rted, maxrate, minrate, decay, drytime, maxinfil, suction, conduct, initdef, curveno, conduct_2, drytime_2, sector_id, hydrology_id, the_geom) VALUES ('S120', '120', 'RG-01', 0.194282, 90.0000, 23.7371, 3.0499, 48.7073, NULL, 0.0130, 0.0250, 4.2556, 0.0000, 0.0000, 'IMPERVIOUS', 100.0000, NULL, NULL, NULL, NULL, NULL, NULL, NULL, NULL, 83.0000, 0.0000, 10.0000, 1, 1, '0106000020E764000001000000010300000001000000050000005D7CF0E1BB961941C833985273755141520CC669E395194129B6613874755141952E80A159961941164F94A67F755141C890C85BF896194123DA03ED787551415D7CF0E1BB961941C833985273755141');
INSERT INTO subcatchment (subc_id, node_id, rg_id, area, imperv, width, slope, clength, snow_id, nimp, nperv, simp, sperv, zero, routeto, rted, maxrate, minrate, decay, drytime, maxinfil, suction, conduct, initdef, curveno, conduct_2, drytime_2, sector_id, hydrology_id, the_geom) VALUES ('S101', '101', 'RG-01', 0.401417, 90.0000, 41.7699, 2.0855, 95.8764, NULL, 0.0130, 0.0250, 5.1269, 0.0000, 0.0000, 'IMPERVIOUS', 100.0000, NULL, NULL, NULL, NULL, NULL, NULL, NULL, NULL, 83.0000, 0.0000, 10.0000, 1, 1, '0106000020E76400000100000001030000000100000008000000170E135EF896194177E26A9E3E7551414834A630E89519413E4928323F7551412E3A056F659519419FE601B5467551413AB8EFED5D95194178C6C09647755141898466336895194118254C9D4975514183E8AE6E4497194149C18A4448755141EA69F884369719413AB955DC44755141170E135EF896194177E26A9E3E755141');
INSERT INTO subcatchment (subc_id, node_id, rg_id, area, imperv, width, slope, clength, snow_id, nimp, nperv, simp, sperv, zero, routeto, rted, maxrate, minrate, decay, drytime, maxinfil, suction, conduct, initdef, curveno, conduct_2, drytime_2, sector_id, hydrology_id, the_geom) VALUES ('S107', '107', 'RG-01', 0.476695, 90.0000, 44.9560, 4.1584, 105.7862, NULL, 0.0130, 0.0250, 3.6559, 0.0000, 0.0000, 'IMPERVIOUS', 100.0000, NULL, NULL, NULL, NULL, NULL, NULL, NULL, NULL, 83.0000, 0.0000, 10.0000, 1, 1, '0106000020E764000001000000010300000001000000070000009AED18561F991941655367DD367551411A4277F4E9981941FDB273FC34755141D1F7A1D5A4971941BEAA9BED4B7551412F2FED76AE971941F1A0046C4C755141D8CB07D6229819418BEC25684F75514153FF908E75991941B396920B3D7551419AED18561F991941655367DD36755141');
INSERT INTO subcatchment (subc_id, node_id, rg_id, area, imperv, width, slope, clength, snow_id, nimp, nperv, simp, sperv, zero, routeto, rted, maxrate, minrate, decay, drytime, maxinfil, suction, conduct, initdef, curveno, conduct_2, drytime_2, sector_id, hydrology_id, the_geom) VALUES ('S108', '108', 'RG-01', 0.509853, 90.0000, 46.7601, 4.3427, 108.7799, NULL, 0.0130, 0.0250, 3.5790, 0.0000, 0.0000, 'IMPERVIOUS', 100.0000, NULL, NULL, NULL, NULL, NULL, NULL, NULL, NULL, 83.0000, 0.0000, 10.0000, 1, 1, '0106000020E76400000100000001030000000100000008000000647A202DAA9819415EBF3F6A3075514145856C616F9819417A7CDE592E755141EA69F884369719413AB955DC4475514183E8AE6E4497194149C18A4448755141FA853DE752971941FA3023CD49755141D1F7A1D5A4971941BEAA9BED4B7551411A4277F4E9981941FDB273FC34755141647A202DAA9819415EBF3F6A30755141');
INSERT INTO subcatchment (subc_id, node_id, rg_id, area, imperv, width, slope, clength, snow_id, nimp, nperv, simp, sperv, zero, routeto, rted, maxrate, minrate, decay, drytime, maxinfil, suction, conduct, initdef, curveno, conduct_2, drytime_2, sector_id, hydrology_id, the_geom) VALUES ('S88', '88', 'RG-01', 0.246231, 90.0000, 36.5746, 2.1785, 67.1648, NULL, 0.0130, 0.0250, 5.0184, 0.0000, 0.0000, 'IMPERVIOUS', 100.0000, NULL, NULL, NULL, NULL, NULL, NULL, NULL, NULL, 83.0000, 0.0000, 10.0000, 1, 1, '0106000020E764000001000000010300000001000000070000002A5A197081961941AE9FCAB73475514129148405E1951941DCB98450357551414834A630E89519413E4928323F755141170E135EF896194177E26A9E3E75514106CFEFADEA961941CC0B8E0C3A7551410F3B494AB89619419DCEC60C367551412A5A197081961941AE9FCAB734755141');
INSERT INTO subcatchment (subc_id, node_id, rg_id, area, imperv, width, slope, clength, snow_id, nimp, nperv, simp, sperv, zero, routeto, rted, maxrate, minrate, decay, drytime, maxinfil, suction, conduct, initdef, curveno, conduct_2, drytime_2, sector_id, hydrology_id, the_geom) VALUES ('S129', '129', 'RG-01', 0.306567, 90.0000, 39.9810, 3.9675, 76.4977, NULL, 0.0130, 0.0250, 3.7410, 0.0000, 0.0000, 'IMPERVIOUS', 100.0000, NULL, NULL, NULL, NULL, NULL, NULL, NULL, NULL, 83.0000, 0.0000, 10.0000, 1, 1, '0106000020E76400000100000001030000000100000006000000A8FF469A2E98194103238BB42975514145856C616F9819417A7CDE592E755141647A202DAA9819415EBF3F6A307551415677C7F66A9919413C5BD25B22755141D0D77287F3981941E65135D11B755141A8FF469A2E98194103238BB429755141');
INSERT INTO subcatchment (subc_id, node_id, rg_id, area, imperv, width, slope, clength, snow_id, nimp, nperv, simp, sperv, zero, routeto, rted, maxrate, minrate, decay, drytime, maxinfil, suction, conduct, initdef, curveno, conduct_2, drytime_2, sector_id, hydrology_id, the_geom) VALUES ('S130', '130', 'RG-01', 0.300803, 90.0000, 39.4831, 2.4328, 76.0059, NULL, 0.0130, 0.0250, 4.7542, 0.0000, 0.0000, 'IMPERVIOUS', 100.0000, NULL, NULL, NULL, NULL, NULL, NULL, NULL, NULL, 83.0000, 0.0000, 10.0000, 1, 1, '0106000020E764000001000000010300000001000000070000005677C7F66A9919413C5BD25B22755141647A202DAA9819415EBF3F6A307551411A4277F4E9981941FDB273FC347551419AED18561F991941655367DD36755141C423FD06E49919410B78020329755141C28F3A95B799194168541B8E267551415677C7F66A9919413C5BD25B22755141');
INSERT INTO subcatchment (subc_id, node_id, rg_id, area, imperv, width, slope, clength, snow_id, nimp, nperv, simp, sperv, zero, routeto, rted, maxrate, minrate, decay, drytime, maxinfil, suction, conduct, initdef, curveno, conduct_2, drytime_2, sector_id, hydrology_id, the_geom) VALUES ('S132', '132', 'RG-01', 0.254699, 90.0000, 36.0482, 3.8676, 70.4892, NULL, 0.0130, 0.0250, 3.7881, 0.0000, 0.0000, 'IMPERVIOUS', 100.0000, NULL, NULL, NULL, NULL, NULL, NULL, NULL, NULL, 83.0000, 0.0000, 10.0000, 1, 1, '0106000020E764000001000000010300000001000000080000001263FFDF629A1941747CF20530755141867071F5A79919412F4935713D75514153F4DDB9CD991941E0BC75703E755141E711D567939A1941B625A81C3E7551417AB86FF4ED9A194134886AA737755141967E18D1989A1941B8E9A2FD327551415799F5F96A9A194179BE9578307551411263FFDF629A1941747CF20530755141');
INSERT INTO subcatchment (subc_id, node_id, rg_id, area, imperv, width, slope, clength, snow_id, nimp, nperv, simp, sperv, zero, routeto, rted, maxrate, minrate, decay, drytime, maxinfil, suction, conduct, initdef, curveno, conduct_2, drytime_2, sector_id, hydrology_id, the_geom) VALUES ('S80', '80', 'RG-01', 0.493090, 90.0000, 48.4219, 3.1623, 101.5925, NULL, 0.0130, 0.0250, 4.1808, 0.0000, 0.0000, 'IMPERVIOUS', 100.0000, NULL, NULL, NULL, NULL, NULL, NULL, NULL, NULL, 83.0000, 0.0000, 10.0000, 1, 1, '0106000020E764000001000000010300000001000000080000006BD8457D449519413DCC3C2F22755141B72F34D619951941AB940ECB1D755141E251F7FC919319415EB80F6E2E755141ACA73C6208941941B86D75CF32755141D8A3872B3B94194157BE8821337551415A2744655F9519417A73601E2C755141E93A946260951941768707D32B7551416BD8457D449519413DCC3C2F22755141');
INSERT INTO subcatchment (subc_id, node_id, rg_id, area, imperv, width, slope, clength, snow_id, nimp, nperv, simp, sperv, zero, routeto, rted, maxrate, minrate, decay, drytime, maxinfil, suction, conduct, initdef, curveno, conduct_2, drytime_2, sector_id, hydrology_id, the_geom) VALUES ('S110', '110', 'RG-01', 0.483870, 90.0000, 49.6706, 2.7689, 97.1873, NULL, 0.0130, 0.0250, 4.4621, 0.0000, 0.0000, 'IMPERVIOUS', 100.0000, NULL, NULL, NULL, NULL, NULL, NULL, NULL, NULL, 83.0000, 0.0000, 10.0000, 1, 1, '0106000020E764000001000000010300000001000000080000004B4C022B2E97194175E9F7CA1D755141365517481C971941A976D8821D7551418BC19627E296194146E3F6E4207551410F3B494AB89619419DCEC60C3675514106CFEFADEA961941CC0B8E0C3A75514134A9B00CEF9719414EDF8478277551417E49A2D6B6971941F845DD14237551414B4C022B2E97194175E9F7CA1D755141');
INSERT INTO subcatchment (subc_id, node_id, rg_id, area, imperv, width, slope, clength, snow_id, nimp, nperv, simp, sperv, zero, routeto, rted, maxrate, minrate, decay, drytime, maxinfil, suction, conduct, initdef, curveno, conduct_2, drytime_2, sector_id, hydrology_id, the_geom) VALUES ('S131', '131', 'RG-01', 0.325355, 90.0000, 41.7200, 2.6601, 77.8018, NULL, 0.0130, 0.0250, 4.5506, 0.0000, 0.0000, 'IMPERVIOUS', 100.0000, NULL, NULL, NULL, NULL, NULL, NULL, NULL, NULL, 83.0000, 0.0000, 10.0000, 1, 1, '0106000020E76400000100000001030000000100000007000000C423FD06E49919410B780203297551419AED18561F991941655367DD3675514153FF908E75991941B396920B3D755141ECF9186280991941C812C56F3D755141867071F5A79919412F4935713D7551411263FFDF629A1941747CF20530755141C423FD06E49919410B78020329755141');
INSERT INTO subcatchment (subc_id, node_id, rg_id, area, imperv, width, slope, clength, snow_id, nimp, nperv, simp, sperv, zero, routeto, rted, maxrate, minrate, decay, drytime, maxinfil, suction, conduct, initdef, curveno, conduct_2, drytime_2, sector_id, hydrology_id, the_geom) VALUES ('S109', '109', 'RG-01', 0.481851, 90.0000, 46.6806, 3.5634, 102.9801, NULL, 0.0130, 0.0250, 3.9432, 0.0000, 0.0000, 'IMPERVIOUS', 100.0000, NULL, NULL, NULL, NULL, NULL, NULL, NULL, NULL, 83.0000, 0.0000, 10.0000, 1, 1, '0106000020E76400000100000001030000000100000007000000A8FF469A2E98194103238BB42975514134A9B00CEF9719414EDF84782775514106CFEFADEA961941CC0B8E0C3A755141170E135EF896194177E26A9E3E755141EA69F884369719413AB955DC4475514145856C616F9819417A7CDE592E755141A8FF469A2E98194103238BB429755141');
INSERT INTO subcatchment (subc_id, node_id, rg_id, area, imperv, width, slope, clength, snow_id, nimp, nperv, simp, sperv, zero, routeto, rted, maxrate, minrate, decay, drytime, maxinfil, suction, conduct, initdef, curveno, conduct_2, drytime_2, sector_id, hydrology_id, the_geom) VALUES ('S233', '233', 'RG-01', 0.188509, 90.0000, 27.6758, 2.3739, 67.9532, NULL, 0.0130, 0.0250, 4.8116, 0.0000, 0.0000, 'IMPERVIOUS', 100.0000, NULL, NULL, NULL, NULL, NULL, NULL, NULL, NULL, 83.0000, 0.0000, 10.0000, 1, 1, '0106000020E764000001000000010300000001000000060000008BC19627E296194146E3F6E420755141B675E1B2DF961941312998F420755141CFAFEAEB2F961941D3D4EF422B7551412A5A197081961941AE9FCAB7347551410F3B494AB89619419DCEC60C367551418BC19627E296194146E3F6E420755141');
INSERT INTO subcatchment (subc_id, node_id, rg_id, area, imperv, width, slope, clength, snow_id, nimp, nperv, simp, sperv, zero, routeto, rted, maxrate, minrate, decay, drytime, maxinfil, suction, conduct, initdef, curveno, conduct_2, drytime_2, sector_id, hydrology_id, the_geom) VALUES ('S237', '237', 'RG-01', 0.152189, 90.0000, 17.4665, 1.9112, 42.2788, NULL, 0.0130, 0.2500, 5.4029, 0.0000, 0.0000, 'IMPERVIOUS', 100.0000, NULL, NULL, NULL, NULL, NULL, NULL, NULL, NULL, 82.6522, 0.0000, 10.0000, 1, 1, '0106000020E7640000010000000103000000010000000600000049E67282AE9B1941F5E7A8EA35755141246C805D429C19418C8229E62F7551419A1207EE6B9C1941AABD8FA1337551419F56F1E98E9C19412541F0F93675514144185FE1F89B1941C353D20B3D75514149E67282AE9B1941F5E7A8EA35755141');
INSERT INTO subcatchment (subc_id, node_id, rg_id, area, imperv, width, slope, clength, snow_id, nimp, nperv, simp, sperv, zero, routeto, rted, maxrate, minrate, decay, drytime, maxinfil, suction, conduct, initdef, curveno, conduct_2, drytime_2, sector_id, hydrology_id, the_geom) VALUES ('S44', '44', 'RG-01', 0.220334, 90.0000, 29.1945, 3.7558, 57.8319, NULL, 0.0130, 0.0250, 3.8429, 0.0000, 0.0000, 'IMPERVIOUS', 100.0000, NULL, NULL, NULL, NULL, NULL, NULL, NULL, NULL, 83.0000, 0.0000, 10.0000, 1, 1, '0106000020E7640000010000000103000000010000000600000062F9273FF99819419C1E723E517551414BDA1CB73E98194139A50C05517551415CC3317C459819413100C2715275514185CAE995F4981941D96BF0465F755141E0E863CC69991941CB3023E45875514162F9273FF99819419C1E723E51755141');
INSERT INTO subcatchment (subc_id, node_id, rg_id, area, imperv, width, slope, clength, snow_id, nimp, nperv, simp, sperv, zero, routeto, rted, maxrate, minrate, decay, drytime, maxinfil, suction, conduct, initdef, curveno, conduct_2, drytime_2, sector_id, hydrology_id, the_geom) VALUES ('S38', '38', 'RG-01', 0.348781, 90.0000, 39.0026, 3.9326, 89.2150, NULL, 0.0130, 0.0250, 3.7573, 0.0000, 0.0000, 'IMPERVIOUS', 100.0000, NULL, NULL, NULL, NULL, NULL, NULL, NULL, NULL, 83.0000, 0.0000, 10.0000, 1, 1, '0106000020E764000001000000010300000001000000080000001BCB34AB9B95194189E83A48537551418A796B9870951941BACA3B2C517551411B6171C511951941E58D21EA59755141A5F98EB655951941F211EA5A6F755141B0701CCF5C951941BB4D2F3F6F75514149800D0F989519413B2CF8EA6B755141D485038CCF95194192122463637551411BCB34AB9B95194189E83A4853755141');
INSERT INTO subcatchment (subc_id, node_id, rg_id, area, imperv, width, slope, clength, snow_id, nimp, nperv, simp, sperv, zero, routeto, rted, maxrate, minrate, decay, drytime, maxinfil, suction, conduct, initdef, curveno, conduct_2, drytime_2, sector_id, hydrology_id, the_geom) VALUES ('S37', '37', 'RG-01', 0.364908, 90.0000, 41.6009, 5.1679, 87.5099, NULL, 0.0130, 0.0250, 3.2866, 0.0000, 0.0000, 'IMPERVIOUS', 100.0000, NULL, NULL, NULL, NULL, NULL, NULL, NULL, NULL, 83.0000, 0.0000, 10.0000, 1, 1, '0106000020E764000001000000010300000001000000060000001B6171C511951941E58D21EA59755141361FF3C1799419415450C4C85B755141B2914934C09419414A52D93F737551418432BAD70B9519412628700772755141A5F98EB655951941F211EA5A6F7551411B6171C511951941E58D21EA59755141');
INSERT INTO subcatchment (subc_id, node_id, rg_id, area, imperv, width, slope, clength, snow_id, nimp, nperv, simp, sperv, zero, routeto, rted, maxrate, minrate, decay, drytime, maxinfil, suction, conduct, initdef, curveno, conduct_2, drytime_2, sector_id, hydrology_id, the_geom) VALUES ('S83', '83', 'RG-01', 0.312052, 90.0000, 36.8336, 5.4208, 84.5210, NULL, 0.0130, 0.0250, 3.2105, 0.0000, 0.0000, 'IMPERVIOUS', 100.0000, NULL, NULL, NULL, NULL, NULL, NULL, NULL, NULL, 83.0000, 0.0000, 10.0000, 1, 1, '0106000020E764000001000000010300000001000000070000008A796B9870951941BACA3B2C5175514130583D9F629519419F012B864E7551414A263E38C3931941A070951454755141C60CEAD6CC931941885456CE54755141361FF3C1799419415450C4C85B7551411B6171C511951941E58D21EA597551418A796B9870951941BACA3B2C51755141');
INSERT INTO subcatchment (subc_id, node_id, rg_id, area, imperv, width, slope, clength, snow_id, nimp, nperv, simp, sperv, zero, routeto, rted, maxrate, minrate, decay, drytime, maxinfil, suction, conduct, initdef, curveno, conduct_2, drytime_2, sector_id, hydrology_id, the_geom) VALUES ('S68', '68', 'RG-01', 0.480992, 90.0000, 51.8660, 4.4623, 92.5199, NULL, 0.0130, 0.0250, 3.5317, 0.0000, 0.0000, 'IMPERVIOUS', 100.0000, NULL, NULL, NULL, NULL, NULL, NULL, NULL, NULL, 81.2026, 0.0000, 10.0000, 1, 1, '0106000020E76400000100000001030000000100000008000000BA53E1521C931941D6F7D0893C7551413BA2D7E2379219412F9712894575514169630D60719219410DA5DE0F4B755141F8142F2B349319413820566554755141281A3B774D93194122D67ABE54755141D1AAC1E09493194172C11A5452755141F6DB69E0A2931941651BCCF94C755141BA53E1521C931941D6F7D0893C755141');


INSERT INTO inp_conduit (arc_id, barrels, culvert, kentry, kexit, kavg, flap, q0, qmax, seepage, custom_n) VALUES ('18776', NULL, NULL, NULL, NULL, NULL, NULL, NULL, NULL, NULL, NULL);
INSERT INTO inp_conduit (arc_id, barrels, culvert, kentry, kexit, kavg, flap, q0, qmax, seepage, custom_n) VALUES ('18777', NULL, NULL, NULL, NULL, NULL, NULL, NULL, NULL, NULL, NULL);
INSERT INTO inp_conduit (arc_id, barrels, culvert, kentry, kexit, kavg, flap, q0, qmax, seepage, custom_n) VALUES ('18889', NULL, NULL, NULL, NULL, NULL, NULL, 0.0000, 0.0000, NULL, NULL);
INSERT INTO inp_conduit (arc_id, barrels, culvert, kentry, kexit, kavg, flap, q0, qmax, seepage, custom_n) VALUES ('18890', NULL, NULL, NULL, NULL, NULL, NULL, 0.0000, 0.0000, NULL, NULL);
INSERT INTO inp_conduit (arc_id, barrels, culvert, kentry, kexit, kavg, flap, q0, qmax, seepage, custom_n) VALUES ('18891', NULL, NULL, NULL, NULL, NULL, NULL, 0.0000, 0.0000, NULL, NULL);
INSERT INTO inp_conduit (arc_id, barrels, culvert, kentry, kexit, kavg, flap, q0, qmax, seepage, custom_n) VALUES ('18892', NULL, NULL, NULL, NULL, NULL, NULL, 0.0000, 0.0000, NULL, NULL);
INSERT INTO inp_conduit (arc_id, barrels, culvert, kentry, kexit, kavg, flap, q0, qmax, seepage, custom_n) VALUES ('18893', NULL, NULL, NULL, NULL, NULL, NULL, 0.0000, 0.0000, NULL, NULL);
INSERT INTO inp_conduit (arc_id, barrels, culvert, kentry, kexit, kavg, flap, q0, qmax, seepage, custom_n) VALUES ('18894', NULL, NULL, NULL, NULL, NULL, NULL, 0.0000, 0.0000, NULL, NULL);
INSERT INTO inp_conduit (arc_id, barrels, culvert, kentry, kexit, kavg, flap, q0, qmax, seepage, custom_n) VALUES ('18895', NULL, NULL, NULL, NULL, NULL, NULL, 0.0000, 0.0000, NULL, NULL);
INSERT INTO inp_conduit (arc_id, barrels, culvert, kentry, kexit, kavg, flap, q0, qmax, seepage, custom_n) VALUES ('18898', NULL, NULL, NULL, NULL, NULL, NULL, 0.0000, 0.0000, NULL, NULL);
INSERT INTO inp_conduit (arc_id, barrels, culvert, kentry, kexit, kavg, flap, q0, qmax, seepage, custom_n) VALUES ('18899', NULL, NULL, NULL, NULL, NULL, NULL, 0.0000, 0.0000, NULL, NULL);
INSERT INTO inp_conduit (arc_id, barrels, culvert, kentry, kexit, kavg, flap, q0, qmax, seepage, custom_n) VALUES ('18900', NULL, NULL, NULL, NULL, NULL, NULL, 0.0000, 0.0000, NULL, NULL);
INSERT INTO inp_conduit (arc_id, barrels, culvert, kentry, kexit, kavg, flap, q0, qmax, seepage, custom_n) VALUES ('18901', NULL, NULL, NULL, NULL, NULL, NULL, 0.0000, 0.0000, NULL, NULL);
INSERT INTO inp_conduit (arc_id, barrels, culvert, kentry, kexit, kavg, flap, q0, qmax, seepage, custom_n) VALUES ('18902', NULL, NULL, NULL, NULL, NULL, NULL, 0.0000, 0.0000, NULL, NULL);
INSERT INTO inp_conduit (arc_id, barrels, culvert, kentry, kexit, kavg, flap, q0, qmax, seepage, custom_n) VALUES ('18903', NULL, NULL, NULL, NULL, NULL, NULL, 0.0000, 0.0000, NULL, NULL);
INSERT INTO inp_conduit (arc_id, barrels, culvert, kentry, kexit, kavg, flap, q0, qmax, seepage, custom_n) VALUES ('18904', NULL, NULL, NULL, NULL, NULL, NULL, 0.0000, 0.0000, NULL, NULL);
INSERT INTO inp_conduit (arc_id, barrels, culvert, kentry, kexit, kavg, flap, q0, qmax, seepage, custom_n) VALUES ('18905', NULL, NULL, NULL, NULL, NULL, NULL, 0.0000, 0.0000, NULL, NULL);
INSERT INTO inp_conduit (arc_id, barrels, culvert, kentry, kexit, kavg, flap, q0, qmax, seepage, custom_n) VALUES ('18906', NULL, NULL, NULL, NULL, NULL, NULL, 0.0000, 0.0000, NULL, NULL);
INSERT INTO inp_conduit (arc_id, barrels, culvert, kentry, kexit, kavg, flap, q0, qmax, seepage, custom_n) VALUES ('18907', NULL, NULL, NULL, NULL, NULL, NULL, 0.0000, 0.0000, NULL, NULL);
INSERT INTO inp_conduit (arc_id, barrels, culvert, kentry, kexit, kavg, flap, q0, qmax, seepage, custom_n) VALUES ('18909', NULL, NULL, NULL, NULL, NULL, NULL, 0.0000, 0.0000, NULL, NULL);
INSERT INTO inp_conduit (arc_id, barrels, culvert, kentry, kexit, kavg, flap, q0, qmax, seepage, custom_n) VALUES ('18910', NULL, NULL, NULL, NULL, NULL, NULL, 0.0000, 0.0000, NULL, NULL);
INSERT INTO inp_conduit (arc_id, barrels, culvert, kentry, kexit, kavg, flap, q0, qmax, seepage, custom_n) VALUES ('18914', NULL, NULL, NULL, NULL, NULL, NULL, 0.0000, 0.0000, NULL, NULL);
INSERT INTO inp_conduit (arc_id, barrels, culvert, kentry, kexit, kavg, flap, q0, qmax, seepage, custom_n) VALUES ('18915', NULL, NULL, NULL, NULL, NULL, NULL, 0.0000, 0.0000, NULL, NULL);
INSERT INTO inp_conduit (arc_id, barrels, culvert, kentry, kexit, kavg, flap, q0, qmax, seepage, custom_n) VALUES ('18916', NULL, NULL, NULL, NULL, NULL, NULL, 0.0000, 0.0000, NULL, NULL);
INSERT INTO inp_conduit (arc_id, barrels, culvert, kentry, kexit, kavg, flap, q0, qmax, seepage, custom_n) VALUES ('18917', NULL, NULL, NULL, NULL, NULL, NULL, 0.0000, 0.0000, NULL, NULL);
INSERT INTO inp_conduit (arc_id, barrels, culvert, kentry, kexit, kavg, flap, q0, qmax, seepage, custom_n) VALUES ('18918', NULL, NULL, NULL, NULL, NULL, NULL, 0.0000, 0.0000, NULL, NULL);
INSERT INTO inp_conduit (arc_id, barrels, culvert, kentry, kexit, kavg, flap, q0, qmax, seepage, custom_n) VALUES ('18919', NULL, NULL, NULL, NULL, NULL, NULL, 0.0000, 0.0000, NULL, NULL);
INSERT INTO inp_conduit (arc_id, barrels, culvert, kentry, kexit, kavg, flap, q0, qmax, seepage, custom_n) VALUES ('18920', NULL, NULL, NULL, NULL, NULL, NULL, 0.0000, 0.0000, NULL, NULL);
INSERT INTO inp_conduit (arc_id, barrels, culvert, kentry, kexit, kavg, flap, q0, qmax, seepage, custom_n) VALUES ('18921', NULL, NULL, NULL, NULL, NULL, NULL, 0.0000, 0.0000, NULL, NULL);
INSERT INTO inp_conduit (arc_id, barrels, culvert, kentry, kexit, kavg, flap, q0, qmax, seepage, custom_n) VALUES ('18922', NULL, NULL, NULL, NULL, NULL, NULL, 0.0000, 0.0000, NULL, NULL);
INSERT INTO inp_conduit (arc_id, barrels, culvert, kentry, kexit, kavg, flap, q0, qmax, seepage, custom_n) VALUES ('18923', NULL, NULL, NULL, NULL, NULL, NULL, 0.0000, 0.0000, NULL, NULL);
INSERT INTO inp_conduit (arc_id, barrels, culvert, kentry, kexit, kavg, flap, q0, qmax, seepage, custom_n) VALUES ('18924', NULL, NULL, NULL, NULL, NULL, NULL, 0.0000, 0.0000, NULL, NULL);
INSERT INTO inp_conduit (arc_id, barrels, culvert, kentry, kexit, kavg, flap, q0, qmax, seepage, custom_n) VALUES ('18925', NULL, NULL, NULL, NULL, NULL, NULL, 0.0000, 0.0000, NULL, NULL);
INSERT INTO inp_conduit (arc_id, barrels, culvert, kentry, kexit, kavg, flap, q0, qmax, seepage, custom_n) VALUES ('18926', NULL, NULL, NULL, NULL, NULL, NULL, 0.0000, 0.0000, NULL, NULL);
INSERT INTO inp_conduit (arc_id, barrels, culvert, kentry, kexit, kavg, flap, q0, qmax, seepage, custom_n) VALUES ('18927', NULL, NULL, NULL, NULL, NULL, NULL, 0.0000, 0.0000, NULL, NULL);
INSERT INTO inp_conduit (arc_id, barrels, culvert, kentry, kexit, kavg, flap, q0, qmax, seepage, custom_n) VALUES ('18928', NULL, NULL, NULL, NULL, NULL, NULL, 0.0000, 0.0000, NULL, NULL);
INSERT INTO inp_conduit (arc_id, barrels, culvert, kentry, kexit, kavg, flap, q0, qmax, seepage, custom_n) VALUES ('18929', NULL, NULL, NULL, NULL, NULL, NULL, 0.0000, 0.0000, NULL, NULL);
INSERT INTO inp_conduit (arc_id, barrels, culvert, kentry, kexit, kavg, flap, q0, qmax, seepage, custom_n) VALUES ('18930', NULL, NULL, NULL, NULL, NULL, NULL, 0.0000, 0.0000, NULL, NULL);
INSERT INTO inp_conduit (arc_id, barrels, culvert, kentry, kexit, kavg, flap, q0, qmax, seepage, custom_n) VALUES ('18931', NULL, NULL, NULL, NULL, NULL, NULL, 0.0000, 0.0000, NULL, NULL);
INSERT INTO inp_conduit (arc_id, barrels, culvert, kentry, kexit, kavg, flap, q0, qmax, seepage, custom_n) VALUES ('18932', NULL, NULL, NULL, NULL, NULL, NULL, 0.0000, 0.0000, NULL, NULL);
INSERT INTO inp_conduit (arc_id, barrels, culvert, kentry, kexit, kavg, flap, q0, qmax, seepage, custom_n) VALUES ('18933', NULL, NULL, NULL, NULL, NULL, NULL, 0.0000, 0.0000, NULL, NULL);
INSERT INTO inp_conduit (arc_id, barrels, culvert, kentry, kexit, kavg, flap, q0, qmax, seepage, custom_n) VALUES ('18934', NULL, NULL, NULL, NULL, NULL, NULL, 0.0000, 0.0000, NULL, NULL);
INSERT INTO inp_conduit (arc_id, barrels, culvert, kentry, kexit, kavg, flap, q0, qmax, seepage, custom_n) VALUES ('18935', NULL, NULL, NULL, NULL, NULL, NULL, 0.0000, 0.0000, NULL, NULL);
INSERT INTO inp_conduit (arc_id, barrels, culvert, kentry, kexit, kavg, flap, q0, qmax, seepage, custom_n) VALUES ('18936', NULL, NULL, NULL, NULL, NULL, NULL, 0.0000, 0.0000, NULL, NULL);
INSERT INTO inp_conduit (arc_id, barrels, culvert, kentry, kexit, kavg, flap, q0, qmax, seepage, custom_n) VALUES ('18937', NULL, NULL, NULL, NULL, NULL, NULL, 0.0000, 0.0000, NULL, NULL);
INSERT INTO inp_conduit (arc_id, barrels, culvert, kentry, kexit, kavg, flap, q0, qmax, seepage, custom_n) VALUES ('18938', NULL, NULL, NULL, NULL, NULL, NULL, 0.0000, 0.0000, NULL, NULL);
INSERT INTO inp_conduit (arc_id, barrels, culvert, kentry, kexit, kavg, flap, q0, qmax, seepage, custom_n) VALUES ('18939', NULL, NULL, NULL, NULL, NULL, NULL, 0.0000, 0.0000, NULL, NULL);
INSERT INTO inp_conduit (arc_id, barrels, culvert, kentry, kexit, kavg, flap, q0, qmax, seepage, custom_n) VALUES ('18940', NULL, NULL, NULL, NULL, NULL, NULL, 0.0000, 0.0000, NULL, NULL);
INSERT INTO inp_conduit (arc_id, barrels, culvert, kentry, kexit, kavg, flap, q0, qmax, seepage, custom_n) VALUES ('18941', NULL, NULL, NULL, NULL, NULL, NULL, 0.0000, 0.0000, NULL, NULL);
INSERT INTO inp_conduit (arc_id, barrels, culvert, kentry, kexit, kavg, flap, q0, qmax, seepage, custom_n) VALUES ('18942', NULL, NULL, NULL, NULL, NULL, NULL, 0.0000, 0.0000, NULL, NULL);
INSERT INTO inp_conduit (arc_id, barrels, culvert, kentry, kexit, kavg, flap, q0, qmax, seepage, custom_n) VALUES ('18944', NULL, NULL, NULL, NULL, NULL, NULL, 0.0000, 0.0000, NULL, NULL);
INSERT INTO inp_conduit (arc_id, barrels, culvert, kentry, kexit, kavg, flap, q0, qmax, seepage, custom_n) VALUES ('18945', NULL, NULL, NULL, NULL, NULL, NULL, 0.0000, 0.0000, NULL, NULL);
INSERT INTO inp_conduit (arc_id, barrels, culvert, kentry, kexit, kavg, flap, q0, qmax, seepage, custom_n) VALUES ('18946', NULL, NULL, NULL, NULL, NULL, NULL, 0.0000, 0.0000, NULL, NULL);
INSERT INTO inp_conduit (arc_id, barrels, culvert, kentry, kexit, kavg, flap, q0, qmax, seepage, custom_n) VALUES ('18947', NULL, NULL, NULL, NULL, NULL, NULL, 0.0000, 0.0000, NULL, NULL);
INSERT INTO inp_conduit (arc_id, barrels, culvert, kentry, kexit, kavg, flap, q0, qmax, seepage, custom_n) VALUES ('18948', NULL, NULL, NULL, NULL, NULL, NULL, 0.0000, 0.0000, NULL, NULL);
INSERT INTO inp_conduit (arc_id, barrels, culvert, kentry, kexit, kavg, flap, q0, qmax, seepage, custom_n) VALUES ('18949', NULL, NULL, NULL, NULL, NULL, NULL, 0.0000, 0.0000, NULL, NULL);
INSERT INTO inp_conduit (arc_id, barrels, culvert, kentry, kexit, kavg, flap, q0, qmax, seepage, custom_n) VALUES ('18950', NULL, NULL, NULL, NULL, NULL, NULL, 0.0000, 0.0000, NULL, NULL);
INSERT INTO inp_conduit (arc_id, barrels, culvert, kentry, kexit, kavg, flap, q0, qmax, seepage, custom_n) VALUES ('18951', NULL, NULL, NULL, NULL, NULL, NULL, 0.0000, 0.0000, NULL, NULL);
INSERT INTO inp_conduit (arc_id, barrels, culvert, kentry, kexit, kavg, flap, q0, qmax, seepage, custom_n) VALUES ('18952', NULL, NULL, NULL, NULL, NULL, NULL, 0.0000, 0.0000, NULL, NULL);
INSERT INTO inp_conduit (arc_id, barrels, culvert, kentry, kexit, kavg, flap, q0, qmax, seepage, custom_n) VALUES ('18953', NULL, NULL, NULL, NULL, NULL, NULL, 0.0000, 0.0000, NULL, NULL);
INSERT INTO inp_conduit (arc_id, barrels, culvert, kentry, kexit, kavg, flap, q0, qmax, seepage, custom_n) VALUES ('18954', NULL, NULL, NULL, NULL, NULL, NULL, 0.0000, 0.0000, NULL, NULL);
INSERT INTO inp_conduit (arc_id, barrels, culvert, kentry, kexit, kavg, flap, q0, qmax, seepage, custom_n) VALUES ('18955', NULL, NULL, NULL, NULL, NULL, NULL, 0.0000, 0.0000, NULL, NULL);
INSERT INTO inp_conduit (arc_id, barrels, culvert, kentry, kexit, kavg, flap, q0, qmax, seepage, custom_n) VALUES ('18957', NULL, NULL, NULL, NULL, NULL, NULL, 0.0000, 0.0000, NULL, NULL);
INSERT INTO inp_conduit (arc_id, barrels, culvert, kentry, kexit, kavg, flap, q0, qmax, seepage, custom_n) VALUES ('18958', NULL, NULL, NULL, NULL, NULL, NULL, 0.0000, 0.0000, NULL, NULL);
INSERT INTO inp_conduit (arc_id, barrels, culvert, kentry, kexit, kavg, flap, q0, qmax, seepage, custom_n) VALUES ('18959', NULL, NULL, NULL, NULL, NULL, NULL, 0.0000, 0.0000, NULL, NULL);
INSERT INTO inp_conduit (arc_id, barrels, culvert, kentry, kexit, kavg, flap, q0, qmax, seepage, custom_n) VALUES ('18961', NULL, NULL, NULL, NULL, NULL, NULL, NULL, NULL, NULL, NULL);
INSERT INTO inp_conduit (arc_id, barrels, culvert, kentry, kexit, kavg, flap, q0, qmax, seepage, custom_n) VALUES ('18962', NULL, NULL, NULL, NULL, NULL, NULL, NULL, NULL, NULL, NULL);
INSERT INTO inp_conduit (arc_id, barrels, culvert, kentry, kexit, kavg, flap, q0, qmax, seepage, custom_n) VALUES ('18966', NULL, NULL, NULL, NULL, NULL, NULL, 0.0000, 0.0000, NULL, NULL);
INSERT INTO inp_conduit (arc_id, barrels, culvert, kentry, kexit, kavg, flap, q0, qmax, seepage, custom_n) VALUES ('18969', NULL, NULL, NULL, NULL, NULL, NULL, 0.0000, 0.0000, NULL, NULL);
INSERT INTO inp_conduit (arc_id, barrels, culvert, kentry, kexit, kavg, flap, q0, qmax, seepage, custom_n) VALUES ('18979', NULL, NULL, NULL, NULL, NULL, NULL, 0.0000, 0.0000, NULL, NULL);
INSERT INTO inp_conduit (arc_id, barrels, culvert, kentry, kexit, kavg, flap, q0, qmax, seepage, custom_n) VALUES ('20576', NULL, NULL, NULL, NULL, NULL, NULL, NULL, NULL, NULL, NULL);
INSERT INTO inp_conduit (arc_id, barrels, culvert, kentry, kexit, kavg, flap, q0, qmax, seepage, custom_n) VALUES ('20583', NULL, NULL, NULL, NULL, NULL, NULL, NULL, NULL, NULL, NULL);
INSERT INTO inp_conduit (arc_id, barrels, culvert, kentry, kexit, kavg, flap, q0, qmax, seepage, custom_n) VALUES ('20588', NULL, NULL, NULL, NULL, NULL, NULL, NULL, NULL, NULL, NULL);
INSERT INTO inp_conduit (arc_id, barrels, culvert, kentry, kexit, kavg, flap, q0, qmax, seepage, custom_n) VALUES ('20595', NULL, NULL, NULL, NULL, NULL, NULL, NULL, NULL, NULL, NULL);
INSERT INTO inp_conduit (arc_id, barrels, culvert, kentry, kexit, kavg, flap, q0, qmax, seepage, custom_n) VALUES ('20602', NULL, NULL, NULL, NULL, NULL, NULL, 0.0000, 0.0000, NULL, NULL);
INSERT INTO inp_conduit (arc_id, barrels, culvert, kentry, kexit, kavg, flap, q0, qmax, seepage, custom_n) VALUES ('20603', NULL, NULL, NULL, NULL, NULL, NULL, 0.0000, 0.0000, NULL, NULL);
INSERT INTO inp_conduit (arc_id, barrels, culvert, kentry, kexit, kavg, flap, q0, qmax, seepage, custom_n) VALUES ('20604', NULL, NULL, NULL, NULL, NULL, NULL, 0.0000, 0.0000, NULL, NULL);
INSERT INTO inp_conduit (arc_id, barrels, culvert, kentry, kexit, kavg, flap, q0, qmax, seepage, custom_n) VALUES ('20605', NULL, NULL, NULL, NULL, NULL, NULL, 0.0000, 0.0000, NULL, NULL);
INSERT INTO inp_conduit (arc_id, barrels, culvert, kentry, kexit, kavg, flap, q0, qmax, seepage, custom_n) VALUES ('20606', NULL, NULL, NULL, NULL, NULL, NULL, 0.0000, 0.0000, NULL, NULL);
INSERT INTO inp_conduit (arc_id, barrels, culvert, kentry, kexit, kavg, flap, q0, qmax, seepage, custom_n) VALUES ('20608', NULL, NULL, NULL, NULL, NULL, NULL, NULL, NULL, NULL, NULL);
INSERT INTO inp_conduit (arc_id, barrels, culvert, kentry, kexit, kavg, flap, q0, qmax, seepage, custom_n) VALUES ('171', NULL, NULL, NULL, NULL, NULL, NULL, NULL, NULL, NULL, NULL);
INSERT INTO inp_conduit (arc_id, barrels, culvert, kentry, kexit, kavg, flap, q0, qmax, seepage, custom_n) VALUES ('214', NULL, NULL, NULL, NULL, NULL, NULL, NULL, NULL, NULL, NULL);
INSERT INTO inp_conduit (arc_id, barrels, culvert, kentry, kexit, kavg, flap, q0, qmax, seepage, custom_n) VALUES ('176', NULL, NULL, NULL, NULL, NULL, NULL, NULL, NULL, NULL, NULL);
INSERT INTO inp_conduit (arc_id, barrels, culvert, kentry, kexit, kavg, flap, q0, qmax, seepage, custom_n) VALUES ('175', NULL, NULL, NULL, NULL, NULL, NULL, NULL, NULL, NULL, NULL);
INSERT INTO inp_conduit (arc_id, barrels, culvert, kentry, kexit, kavg, flap, q0, qmax, seepage, custom_n) VALUES ('218', NULL, NULL, NULL, NULL, NULL, NULL, NULL, NULL, NULL, NULL);
INSERT INTO inp_conduit (arc_id, barrels, culvert, kentry, kexit, kavg, flap, q0, qmax, seepage, custom_n) VALUES ('217', NULL, NULL, NULL, NULL, NULL, NULL, NULL, NULL, NULL, NULL);
INSERT INTO inp_conduit (arc_id, barrels, culvert, kentry, kexit, kavg, flap, q0, qmax, seepage, custom_n) VALUES ('173', NULL, NULL, NULL, NULL, NULL, NULL, NULL, NULL, NULL, NULL);
INSERT INTO inp_conduit (arc_id, barrels, culvert, kentry, kexit, kavg, flap, q0, qmax, seepage, custom_n) VALUES ('174', NULL, NULL, NULL, NULL, NULL, NULL, NULL, NULL, NULL, NULL);
INSERT INTO inp_conduit (arc_id, barrels, culvert, kentry, kexit, kavg, flap, q0, qmax, seepage, custom_n) VALUES ('172', NULL, NULL, NULL, NULL, NULL, NULL, NULL, NULL, NULL, NULL);
INSERT INTO inp_conduit (arc_id, barrels, culvert, kentry, kexit, kavg, flap, q0, qmax, seepage, custom_n) VALUES ('229', NULL, NULL, NULL, NULL, NULL, NULL, NULL, NULL, NULL, NULL);
INSERT INTO inp_conduit (arc_id, barrels, culvert, kentry, kexit, kavg, flap, q0, qmax, seepage, custom_n) VALUES ('155', NULL, NULL, NULL, NULL, NULL, NULL, NULL, NULL, NULL, NULL);
INSERT INTO inp_conduit (arc_id, barrels, culvert, kentry, kexit, kavg, flap, q0, qmax, seepage, custom_n) VALUES ('226', NULL, NULL, NULL, NULL, NULL, NULL, NULL, NULL, NULL, NULL);
INSERT INTO inp_conduit (arc_id, barrels, culvert, kentry, kexit, kavg, flap, q0, qmax, seepage, custom_n) VALUES ('169', NULL, NULL, NULL, NULL, NULL, NULL, NULL, NULL, NULL, NULL);
INSERT INTO inp_conduit (arc_id, barrels, culvert, kentry, kexit, kavg, flap, q0, qmax, seepage, custom_n) VALUES ('168', NULL, NULL, NULL, NULL, NULL, NULL, NULL, NULL, NULL, NULL);
INSERT INTO inp_conduit (arc_id, barrels, culvert, kentry, kexit, kavg, flap, q0, qmax, seepage, custom_n) VALUES ('152', NULL, NULL, NULL, NULL, NULL, NULL, NULL, NULL, NULL, NULL);
INSERT INTO inp_conduit (arc_id, barrels, culvert, kentry, kexit, kavg, flap, q0, qmax, seepage, custom_n) VALUES ('151', NULL, NULL, NULL, NULL, NULL, NULL, NULL, NULL, NULL, NULL);
INSERT INTO inp_conduit (arc_id, barrels, culvert, kentry, kexit, kavg, flap, q0, qmax, seepage, custom_n) VALUES ('150', NULL, NULL, NULL, NULL, NULL, NULL, NULL, NULL, NULL, NULL);
INSERT INTO inp_conduit (arc_id, barrels, culvert, kentry, kexit, kavg, flap, q0, qmax, seepage, custom_n) VALUES ('137', NULL, NULL, NULL, NULL, NULL, NULL, NULL, NULL, NULL, NULL);
INSERT INTO inp_conduit (arc_id, barrels, culvert, kentry, kexit, kavg, flap, q0, qmax, seepage, custom_n) VALUES ('225', NULL, NULL, NULL, NULL, NULL, NULL, NULL, NULL, NULL, NULL);
INSERT INTO inp_conduit (arc_id, barrels, culvert, kentry, kexit, kavg, flap, q0, qmax, seepage, custom_n) VALUES ('154', NULL, NULL, NULL, NULL, NULL, NULL, NULL, NULL, NULL, NULL);
INSERT INTO inp_conduit (arc_id, barrels, culvert, kentry, kexit, kavg, flap, q0, qmax, seepage, custom_n) VALUES ('153', NULL, NULL, NULL, NULL, NULL, NULL, NULL, NULL, NULL, NULL);
INSERT INTO inp_conduit (arc_id, barrels, culvert, kentry, kexit, kavg, flap, q0, qmax, seepage, custom_n) VALUES ('228', NULL, NULL, NULL, NULL, NULL, NULL, NULL, NULL, NULL, NULL);
INSERT INTO inp_conduit (arc_id, barrels, culvert, kentry, kexit, kavg, flap, q0, qmax, seepage, custom_n) VALUES ('139', NULL, NULL, NULL, NULL, NULL, NULL, NULL, NULL, NULL, NULL);
INSERT INTO inp_conduit (arc_id, barrels, culvert, kentry, kexit, kavg, flap, q0, qmax, seepage, custom_n) VALUES ('138', NULL, NULL, NULL, NULL, NULL, NULL, NULL, NULL, NULL, NULL);
INSERT INTO inp_conduit (arc_id, barrels, culvert, kentry, kexit, kavg, flap, q0, qmax, seepage, custom_n) VALUES ('227', NULL, NULL, NULL, NULL, NULL, NULL, NULL, NULL, NULL, NULL);
INSERT INTO inp_conduit (arc_id, barrels, culvert, kentry, kexit, kavg, flap, q0, qmax, seepage, custom_n) VALUES ('224', NULL, NULL, NULL, NULL, NULL, NULL, NULL, NULL, NULL, NULL);
INSERT INTO inp_conduit (arc_id, barrels, culvert, kentry, kexit, kavg, flap, q0, qmax, seepage, custom_n) VALUES ('134', NULL, NULL, NULL, NULL, NULL, NULL, NULL, NULL, NULL, NULL);
INSERT INTO inp_conduit (arc_id, barrels, culvert, kentry, kexit, kavg, flap, q0, qmax, seepage, custom_n) VALUES ('222', NULL, NULL, NULL, NULL, NULL, NULL, NULL, NULL, NULL, NULL);
INSERT INTO inp_conduit (arc_id, barrels, culvert, kentry, kexit, kavg, flap, q0, qmax, seepage, custom_n) VALUES ('212', NULL, NULL, NULL, NULL, NULL, NULL, NULL, NULL, NULL, NULL);
INSERT INTO inp_conduit (arc_id, barrels, culvert, kentry, kexit, kavg, flap, q0, qmax, seepage, custom_n) VALUES ('135', NULL, NULL, NULL, NULL, NULL, NULL, NULL, NULL, NULL, NULL);
INSERT INTO inp_conduit (arc_id, barrels, culvert, kentry, kexit, kavg, flap, q0, qmax, seepage, custom_n) VALUES ('209', NULL, NULL, NULL, NULL, NULL, NULL, NULL, NULL, NULL, NULL);
INSERT INTO inp_conduit (arc_id, barrels, culvert, kentry, kexit, kavg, flap, q0, qmax, seepage, custom_n) VALUES ('167', NULL, NULL, NULL, NULL, NULL, NULL, NULL, NULL, NULL, NULL);
INSERT INTO inp_conduit (arc_id, barrels, culvert, kentry, kexit, kavg, flap, q0, qmax, seepage, custom_n) VALUES ('166', NULL, NULL, NULL, NULL, NULL, NULL, NULL, NULL, NULL, NULL);
INSERT INTO inp_conduit (arc_id, barrels, culvert, kentry, kexit, kavg, flap, q0, qmax, seepage, custom_n) VALUES ('189', NULL, NULL, NULL, NULL, NULL, NULL, NULL, NULL, NULL, NULL);
INSERT INTO inp_conduit (arc_id, barrels, culvert, kentry, kexit, kavg, flap, q0, qmax, seepage, custom_n) VALUES ('213', NULL, NULL, NULL, NULL, NULL, NULL, NULL, NULL, NULL, NULL);
INSERT INTO inp_conduit (arc_id, barrels, culvert, kentry, kexit, kavg, flap, q0, qmax, seepage, custom_n) VALUES ('183', NULL, NULL, NULL, NULL, NULL, NULL, NULL, NULL, NULL, NULL);
INSERT INTO inp_conduit (arc_id, barrels, culvert, kentry, kexit, kavg, flap, q0, qmax, seepage, custom_n) VALUES ('182', NULL, NULL, NULL, NULL, NULL, NULL, NULL, NULL, NULL, NULL);
INSERT INTO inp_conduit (arc_id, barrels, culvert, kentry, kexit, kavg, flap, q0, qmax, seepage, custom_n) VALUES ('190', NULL, NULL, NULL, NULL, NULL, NULL, NULL, NULL, NULL, NULL);
INSERT INTO inp_conduit (arc_id, barrels, culvert, kentry, kexit, kavg, flap, q0, qmax, seepage, custom_n) VALUES ('191', NULL, NULL, NULL, NULL, NULL, NULL, NULL, NULL, NULL, NULL);
INSERT INTO inp_conduit (arc_id, barrels, culvert, kentry, kexit, kavg, flap, q0, qmax, seepage, custom_n) VALUES ('192', NULL, NULL, NULL, NULL, NULL, NULL, NULL, NULL, NULL, NULL);
INSERT INTO inp_conduit (arc_id, barrels, culvert, kentry, kexit, kavg, flap, q0, qmax, seepage, custom_n) VALUES ('181', NULL, NULL, NULL, NULL, NULL, NULL, NULL, NULL, NULL, NULL);
INSERT INTO inp_conduit (arc_id, barrels, culvert, kentry, kexit, kavg, flap, q0, qmax, seepage, custom_n) VALUES ('180', NULL, NULL, NULL, NULL, NULL, NULL, NULL, NULL, NULL, NULL);
INSERT INTO inp_conduit (arc_id, barrels, culvert, kentry, kexit, kavg, flap, q0, qmax, seepage, custom_n) VALUES ('158', NULL, NULL, NULL, NULL, NULL, NULL, NULL, NULL, NULL, NULL);
INSERT INTO inp_conduit (arc_id, barrels, culvert, kentry, kexit, kavg, flap, q0, qmax, seepage, custom_n) VALUES ('177', NULL, NULL, NULL, NULL, NULL, NULL, NULL, NULL, NULL, NULL);
INSERT INTO inp_conduit (arc_id, barrels, culvert, kentry, kexit, kavg, flap, q0, qmax, seepage, custom_n) VALUES ('178', NULL, NULL, NULL, NULL, NULL, NULL, NULL, NULL, NULL, NULL);
INSERT INTO inp_conduit (arc_id, barrels, culvert, kentry, kexit, kavg, flap, q0, qmax, seepage, custom_n) VALUES ('179', NULL, NULL, NULL, NULL, NULL, NULL, NULL, NULL, NULL, NULL);
INSERT INTO inp_conduit (arc_id, barrels, culvert, kentry, kexit, kavg, flap, q0, qmax, seepage, custom_n) VALUES ('198', NULL, NULL, NULL, NULL, NULL, NULL, NULL, NULL, NULL, NULL);
INSERT INTO inp_conduit (arc_id, barrels, culvert, kentry, kexit, kavg, flap, q0, qmax, seepage, custom_n) VALUES ('199', NULL, NULL, NULL, NULL, NULL, NULL, NULL, NULL, NULL, NULL);
INSERT INTO inp_conduit (arc_id, barrels, culvert, kentry, kexit, kavg, flap, q0, qmax, seepage, custom_n) VALUES ('170', NULL, NULL, NULL, NULL, NULL, NULL, NULL, NULL, NULL, NULL);
INSERT INTO inp_conduit (arc_id, barrels, culvert, kentry, kexit, kavg, flap, q0, qmax, seepage, custom_n) VALUES ('164', NULL, NULL, NULL, NULL, NULL, NULL, NULL, NULL, NULL, NULL);
INSERT INTO inp_conduit (arc_id, barrels, culvert, kentry, kexit, kavg, flap, q0, qmax, seepage, custom_n) VALUES ('220', NULL, NULL, NULL, NULL, NULL, NULL, NULL, NULL, NULL, NULL);
INSERT INTO inp_conduit (arc_id, barrels, culvert, kentry, kexit, kavg, flap, q0, qmax, seepage, custom_n) VALUES ('221', NULL, NULL, NULL, NULL, NULL, NULL, NULL, NULL, NULL, NULL);
INSERT INTO inp_conduit (arc_id, barrels, culvert, kentry, kexit, kavg, flap, q0, qmax, seepage, custom_n) VALUES ('163', NULL, NULL, NULL, NULL, NULL, NULL, NULL, NULL, NULL, NULL);
INSERT INTO inp_conduit (arc_id, barrels, culvert, kentry, kexit, kavg, flap, q0, qmax, seepage, custom_n) VALUES ('165', NULL, NULL, NULL, NULL, NULL, NULL, NULL, NULL, NULL, NULL);
INSERT INTO inp_conduit (arc_id, barrels, culvert, kentry, kexit, kavg, flap, q0, qmax, seepage, custom_n) VALUES ('201', NULL, NULL, NULL, NULL, NULL, NULL, NULL, NULL, NULL, NULL);
INSERT INTO inp_conduit (arc_id, barrels, culvert, kentry, kexit, kavg, flap, q0, qmax, seepage, custom_n) VALUES ('141', NULL, NULL, NULL, NULL, NULL, NULL, NULL, NULL, NULL, NULL);
INSERT INTO inp_conduit (arc_id, barrels, culvert, kentry, kexit, kavg, flap, q0, qmax, seepage, custom_n) VALUES ('140', NULL, NULL, NULL, NULL, NULL, NULL, NULL, NULL, NULL, NULL);
INSERT INTO inp_conduit (arc_id, barrels, culvert, kentry, kexit, kavg, flap, q0, qmax, seepage, custom_n) VALUES ('143', NULL, NULL, NULL, NULL, NULL, NULL, NULL, NULL, NULL, NULL);
INSERT INTO inp_conduit (arc_id, barrels, culvert, kentry, kexit, kavg, flap, q0, qmax, seepage, custom_n) VALUES ('207', NULL, NULL, NULL, NULL, NULL, NULL, NULL, NULL, NULL, NULL);
INSERT INTO inp_conduit (arc_id, barrels, culvert, kentry, kexit, kavg, flap, q0, qmax, seepage, custom_n) VALUES ('197', NULL, NULL, NULL, NULL, NULL, NULL, NULL, NULL, NULL, NULL);
INSERT INTO inp_conduit (arc_id, barrels, culvert, kentry, kexit, kavg, flap, q0, qmax, seepage, custom_n) VALUES ('146', NULL, NULL, NULL, NULL, NULL, NULL, NULL, NULL, NULL, NULL);
INSERT INTO inp_conduit (arc_id, barrels, culvert, kentry, kexit, kavg, flap, q0, qmax, seepage, custom_n) VALUES ('147', NULL, NULL, NULL, NULL, NULL, NULL, NULL, NULL, NULL, NULL);
INSERT INTO inp_conduit (arc_id, barrels, culvert, kentry, kexit, kavg, flap, q0, qmax, seepage, custom_n) VALUES ('202', NULL, NULL, NULL, NULL, NULL, NULL, NULL, NULL, NULL, NULL);
INSERT INTO inp_conduit (arc_id, barrels, culvert, kentry, kexit, kavg, flap, q0, qmax, seepage, custom_n) VALUES ('206', NULL, NULL, NULL, NULL, NULL, NULL, NULL, NULL, NULL, NULL);
INSERT INTO inp_conduit (arc_id, barrels, culvert, kentry, kexit, kavg, flap, q0, qmax, seepage, custom_n) VALUES ('196', NULL, NULL, NULL, NULL, NULL, NULL, NULL, NULL, NULL, NULL);
INSERT INTO inp_conduit (arc_id, barrels, culvert, kentry, kexit, kavg, flap, q0, qmax, seepage, custom_n) VALUES ('219', NULL, NULL, NULL, NULL, NULL, NULL, NULL, NULL, NULL, NULL);
INSERT INTO inp_conduit (arc_id, barrels, culvert, kentry, kexit, kavg, flap, q0, qmax, seepage, custom_n) VALUES ('216', NULL, NULL, NULL, NULL, NULL, NULL, NULL, NULL, NULL, NULL);
INSERT INTO inp_conduit (arc_id, barrels, culvert, kentry, kexit, kavg, flap, q0, qmax, seepage, custom_n) VALUES ('184', NULL, NULL, NULL, NULL, NULL, NULL, NULL, NULL, NULL, NULL);
INSERT INTO inp_conduit (arc_id, barrels, culvert, kentry, kexit, kavg, flap, q0, qmax, seepage, custom_n) VALUES ('246', NULL, NULL, NULL, NULL, NULL, NULL, NULL, NULL, NULL, NULL);
INSERT INTO inp_conduit (arc_id, barrels, culvert, kentry, kexit, kavg, flap, q0, qmax, seepage, custom_n) VALUES ('188', NULL, NULL, NULL, NULL, NULL, NULL, NULL, NULL, NULL, NULL);
INSERT INTO inp_conduit (arc_id, barrels, culvert, kentry, kexit, kavg, flap, q0, qmax, seepage, custom_n) VALUES ('205', NULL, NULL, NULL, NULL, NULL, NULL, NULL, NULL, NULL, NULL);
INSERT INTO inp_conduit (arc_id, barrels, culvert, kentry, kexit, kavg, flap, q0, qmax, seepage, custom_n) VALUES ('193', NULL, NULL, NULL, NULL, NULL, NULL, NULL, NULL, NULL, NULL);
INSERT INTO inp_conduit (arc_id, barrels, culvert, kentry, kexit, kavg, flap, q0, qmax, seepage, custom_n) VALUES ('194', NULL, NULL, NULL, NULL, NULL, NULL, NULL, NULL, NULL, NULL);
INSERT INTO inp_conduit (arc_id, barrels, culvert, kentry, kexit, kavg, flap, q0, qmax, seepage, custom_n) VALUES ('251', NULL, NULL, NULL, NULL, NULL, NULL, NULL, NULL, NULL, NULL);
INSERT INTO inp_conduit (arc_id, barrels, culvert, kentry, kexit, kavg, flap, q0, qmax, seepage, custom_n) VALUES ('157', NULL, NULL, NULL, NULL, NULL, NULL, NULL, NULL, NULL, NULL);
INSERT INTO inp_conduit (arc_id, barrels, culvert, kentry, kexit, kavg, flap, q0, qmax, seepage, custom_n) VALUES ('156', NULL, NULL, NULL, NULL, NULL, NULL, NULL, NULL, NULL, NULL);
INSERT INTO inp_conduit (arc_id, barrels, culvert, kentry, kexit, kavg, flap, q0, qmax, seepage, custom_n) VALUES ('159', NULL, NULL, NULL, NULL, NULL, NULL, NULL, NULL, NULL, NULL);
INSERT INTO inp_conduit (arc_id, barrels, culvert, kentry, kexit, kavg, flap, q0, qmax, seepage, custom_n) VALUES ('252', NULL, NULL, NULL, NULL, NULL, NULL, NULL, NULL, NULL, NULL);
INSERT INTO inp_conduit (arc_id, barrels, culvert, kentry, kexit, kavg, flap, q0, qmax, seepage, custom_n) VALUES ('148', NULL, NULL, NULL, NULL, NULL, NULL, NULL, NULL, NULL, NULL);
INSERT INTO inp_conduit (arc_id, barrels, culvert, kentry, kexit, kavg, flap, q0, qmax, seepage, custom_n) VALUES ('245', NULL, NULL, NULL, NULL, NULL, NULL, NULL, NULL, NULL, NULL);
INSERT INTO inp_conduit (arc_id, barrels, culvert, kentry, kexit, kavg, flap, q0, qmax, seepage, custom_n) VALUES ('210', NULL, NULL, NULL, NULL, NULL, NULL, NULL, NULL, NULL, NULL);
INSERT INTO inp_conduit (arc_id, barrels, culvert, kentry, kexit, kavg, flap, q0, qmax, seepage, custom_n) VALUES ('200', NULL, NULL, NULL, NULL, NULL, NULL, NULL, NULL, NULL, NULL);
INSERT INTO inp_conduit (arc_id, barrels, culvert, kentry, kexit, kavg, flap, q0, qmax, seepage, custom_n) VALUES ('215', NULL, NULL, NULL, NULL, NULL, NULL, NULL, NULL, NULL, NULL);
INSERT INTO inp_conduit (arc_id, barrels, culvert, kentry, kexit, kavg, flap, q0, qmax, seepage, custom_n) VALUES ('142', NULL, NULL, NULL, NULL, NULL, NULL, NULL, NULL, NULL, NULL);
INSERT INTO inp_conduit (arc_id, barrels, culvert, kentry, kexit, kavg, flap, q0, qmax, seepage, custom_n) VALUES ('149', NULL, NULL, NULL, NULL, NULL, NULL, NULL, NULL, NULL, NULL);
INSERT INTO inp_conduit (arc_id, barrels, culvert, kentry, kexit, kavg, flap, q0, qmax, seepage, custom_n) VALUES ('136', NULL, NULL, NULL, NULL, NULL, NULL, NULL, NULL, NULL, NULL);
INSERT INTO inp_conduit (arc_id, barrels, culvert, kentry, kexit, kavg, flap, q0, qmax, seepage, custom_n) VALUES ('195', NULL, NULL, NULL, NULL, NULL, NULL, NULL, NULL, NULL, NULL);
INSERT INTO inp_conduit (arc_id, barrels, culvert, kentry, kexit, kavg, flap, q0, qmax, seepage, custom_n) VALUES ('185', NULL, NULL, NULL, NULL, NULL, NULL, NULL, NULL, NULL, NULL);
INSERT INTO inp_conduit (arc_id, barrels, culvert, kentry, kexit, kavg, flap, q0, qmax, seepage, custom_n) VALUES ('187', NULL, NULL, NULL, NULL, NULL, NULL, NULL, NULL, NULL, NULL);
INSERT INTO inp_conduit (arc_id, barrels, culvert, kentry, kexit, kavg, flap, q0, qmax, seepage, custom_n) VALUES ('186', NULL, NULL, NULL, NULL, NULL, NULL, NULL, NULL, NULL, NULL);
INSERT INTO inp_conduit (arc_id, barrels, culvert, kentry, kexit, kavg, flap, q0, qmax, seepage, custom_n) VALUES ('144', NULL, NULL, NULL, NULL, NULL, NULL, NULL, NULL, NULL, NULL);
INSERT INTO inp_conduit (arc_id, barrels, culvert, kentry, kexit, kavg, flap, q0, qmax, seepage, custom_n) VALUES ('145', NULL, NULL, NULL, NULL, NULL, NULL, NULL, NULL, NULL, NULL);
INSERT INTO inp_conduit (arc_id, barrels, culvert, kentry, kexit, kavg, flap, q0, qmax, seepage, custom_n) VALUES ('242', NULL, NULL, NULL, NULL, NULL, NULL, NULL, NULL, NULL, NULL);
INSERT INTO inp_conduit (arc_id, barrels, culvert, kentry, kexit, kavg, flap, q0, qmax, seepage, custom_n) VALUES ('244', NULL, NULL, NULL, NULL, NULL, NULL, NULL, NULL, NULL, NULL);
INSERT INTO inp_conduit (arc_id, barrels, culvert, kentry, kexit, kavg, flap, q0, qmax, seepage, custom_n) VALUES ('161', NULL, NULL, NULL, NULL, NULL, NULL, NULL, NULL, NULL, NULL);
INSERT INTO inp_conduit (arc_id, barrels, culvert, kentry, kexit, kavg, flap, q0, qmax, seepage, custom_n) VALUES ('160', NULL, NULL, NULL, NULL, NULL, NULL, NULL, NULL, NULL, NULL);
INSERT INTO inp_conduit (arc_id, barrels, culvert, kentry, kexit, kavg, flap, q0, qmax, seepage, custom_n) VALUES ('211', NULL, NULL, NULL, NULL, NULL, NULL, NULL, NULL, NULL, NULL);
INSERT INTO inp_conduit (arc_id, barrels, culvert, kentry, kexit, kavg, flap, q0, qmax, seepage, custom_n) VALUES ('133', NULL, NULL, NULL, NULL, NULL, NULL, NULL, NULL, NULL, NULL);
INSERT INTO inp_conduit (arc_id, barrels, culvert, kentry, kexit, kavg, flap, q0, qmax, seepage, custom_n) VALUES ('204', NULL, NULL, NULL, NULL, NULL, NULL, NULL, NULL, NULL, NULL);
INSERT INTO inp_conduit (arc_id, barrels, culvert, kentry, kexit, kavg, flap, q0, qmax, seepage, custom_n) VALUES ('203', NULL, NULL, NULL, NULL, NULL, NULL, NULL, NULL, NULL, NULL);
INSERT INTO inp_conduit (arc_id, barrels, culvert, kentry, kexit, kavg, flap, q0, qmax, seepage, custom_n) VALUES ('323', NULL, NULL, NULL, NULL, NULL, NULL, NULL, NULL, NULL, NULL);
INSERT INTO inp_conduit (arc_id, barrels, culvert, kentry, kexit, kavg, flap, q0, qmax, seepage, custom_n) VALUES ('331', NULL, NULL, NULL, NULL, NULL, NULL, NULL, NULL, NULL, NULL);
INSERT INTO inp_conduit (arc_id, barrels, culvert, kentry, kexit, kavg, flap, q0, qmax, seepage, custom_n) VALUES ('339', NULL, NULL, NULL, NULL, NULL, NULL, NULL, NULL, NULL, NULL);
INSERT INTO inp_conduit (arc_id, barrels, culvert, kentry, kexit, kavg, flap, q0, qmax, seepage, custom_n) VALUES ('332', NULL, NULL, NULL, NULL, NULL, NULL, NULL, NULL, NULL, NULL);
INSERT INTO inp_conduit (arc_id, barrels, culvert, kentry, kexit, kavg, flap, q0, qmax, seepage, custom_n) VALUES ('338', NULL, NULL, NULL, NULL, NULL, NULL, NULL, NULL, NULL, NULL);
INSERT INTO inp_conduit (arc_id, barrels, culvert, kentry, kexit, kavg, flap, q0, qmax, seepage, custom_n) VALUES ('337', NULL, NULL, NULL, NULL, NULL, NULL, NULL, NULL, NULL, NULL);
INSERT INTO inp_conduit (arc_id, barrels, culvert, kentry, kexit, kavg, flap, q0, qmax, seepage, custom_n) VALUES ('336', NULL, NULL, NULL, NULL, NULL, NULL, NULL, NULL, NULL, NULL);
INSERT INTO inp_conduit (arc_id, barrels, culvert, kentry, kexit, kavg, flap, q0, qmax, seepage, custom_n) VALUES ('335', NULL, NULL, NULL, NULL, NULL, NULL, NULL, NULL, NULL, NULL);
INSERT INTO inp_conduit (arc_id, barrels, culvert, kentry, kexit, kavg, flap, q0, qmax, seepage, custom_n) VALUES ('340', NULL, NULL, NULL, NULL, NULL, NULL, NULL, NULL, NULL, NULL);


INSERT INTO inp_curve_id VALUES ('PUMP-01', 'PUMP2');
INSERT INTO inp_curve_id VALUES ('EBAR-01', 'STORAGE');
INSERT INTO inp_curve_id VALUES ('EBAR-02', 'STORAGE');
INSERT INTO inp_curve_id VALUES ('PUMP-02', 'PUMP2');

INSERT INTO inp_curve VALUES (8, 'EBAR-01', 0.000000, 17.500000);
INSERT INTO inp_curve VALUES (9, 'EBAR-01', 10.000000, 17.500000);
INSERT INTO inp_curve VALUES (1, 'PUMP-01', 10.000000, 0.016000);
INSERT INTO inp_curve VALUES (2, 'PUMP-01', 20.000000, 0.015000);
INSERT INTO inp_curve VALUES (3, 'PUMP-01', 30.000000, 0.013000);
INSERT INTO inp_curve VALUES (4, 'PUMP-01', 40.000000, 0.008000);
INSERT INTO inp_curve VALUES (14, 'EBAR-02', 0.000000, 15.000000);
INSERT INTO inp_curve VALUES (15, 'EBAR-02', 10.000000, 15.000000);
INSERT INTO inp_curve VALUES (10, 'PUMP-02', 10.000000, 0.045000);
INSERT INTO inp_curve VALUES (11, 'PUMP-02', 20.000000, 0.038000);
INSERT INTO inp_curve VALUES (12, 'PUMP-02', 30.000000, 0.035000);
INSERT INTO inp_curve VALUES (13, 'PUMP-02', 40.000000, 0.033000);


INSERT INTO inp_flwreg_pump (id, node_id, to_arc, flwreg_id, flwreg_length, curve_id, status, startup, shutoff) VALUES (2, '18828', '18964', 1, 1, 'PUMP-02', 'ON', 2.0000, 0.4000);
INSERT INTO inp_flwreg_pump (id, node_id, to_arc, flwreg_id, flwreg_length, curve_id, status, startup, shutoff) VALUES (3, '238', '245', 1, 1, 'PUMP-01', 'ON', 2.0000, 0.4000);
INSERT INTO inp_flwreg_pump (id, node_id, to_arc, flwreg_id, flwreg_length, curve_id, status, startup, shutoff) VALUES (4, '238', '245', 2, 1, 'PUMP-01', 'ON', 2.0000, 0.4000);
INSERT INTO inp_flwreg_pump (id, node_id, to_arc, flwreg_id, flwreg_length, curve_id, status, startup, shutoff) VALUES (7, '238', '245', 3, 1, 'PUMP-01', 'ON', 2.0000, 0.4000);

INSERT INTO inp_flwreg_weir (id, node_id, to_arc, flwreg_id, flwreg_length, weir_type, "offset", cd, ec, cd2, flap, geom1, geom2, geom3, geom4, surcharge) VALUES (3, '18828', '18969', 1, 0.5, 'TRANSVERSE', 17.1500, 1.5000, NULL, NULL, 'NO', 1.0000, 1.0000, 0.0000, 0.0000, NULL);
INSERT INTO inp_flwreg_weir (id, node_id, to_arc, flwreg_id, flwreg_length, weir_type, "offset", cd, ec, cd2, flap, geom1, geom2, geom3, geom4, surcharge) VALUES (1, '237', '242', 1, 0.5, 'TRANSVERSE', 16.3500, 1.5000, NULL, NULL, 'NO', 2.0000, 2.0000, 0.0000, 0.0000, NULL);
INSERT INTO inp_flwreg_weir (id, node_id, to_arc, flwreg_id, flwreg_length, weir_type, "offset", cd, ec, cd2, flap, geom1, geom2, geom3, geom4, surcharge) VALUES (2, '238', '244', 1, 1, 'TRANSVERSE', 29.0000, 1.5000, NULL, NULL, 'NO', 1.0000, 1.0000, 0.0000, 0.0000, NULL);

INSERT INTO inp_junction (node_id, y0, ysur, apond) VALUES ('20598', 0.0000, 0.0000, 0.0000);
INSERT INTO inp_junction (node_id, y0, ysur, apond) VALUES ('20599', 0.0000, 0.0000, 0.0000);
INSERT INTO inp_junction (node_id, y0, ysur, apond) VALUES ('20607', 0.0000, 0.0000, 0.0000);
INSERT INTO inp_junction (node_id, y0, ysur, apond) VALUES ('18775', 0.0000, 0.0000, 0.0000);
INSERT INTO inp_junction (node_id, y0, ysur, apond) VALUES ('18830', 0.0000, 0.0000, 0.0000);
INSERT INTO inp_junction (node_id, y0, ysur, apond) VALUES ('18832', 0.0000, 0.0000, 0.0000);
INSERT INTO inp_junction (node_id, y0, ysur, apond) VALUES ('18833', 0.0000, 0.0000, 0.0000);
INSERT INTO inp_junction (node_id, y0, ysur, apond) VALUES ('18834', 0.0000, 0.0000, 0.0000);
INSERT INTO inp_junction (node_id, y0, ysur, apond) VALUES ('18835', 0.0000, 0.0000, 0.0000);
INSERT INTO inp_junction (node_id, y0, ysur, apond) VALUES ('18836', 0.0000, 0.0000, 0.0000);
INSERT INTO inp_junction (node_id, y0, ysur, apond) VALUES ('18837', 0.0000, 0.0000, 0.0000);
INSERT INTO inp_junction (node_id, y0, ysur, apond) VALUES ('18838', 0.0000, 0.0000, 0.0000);
INSERT INTO inp_junction (node_id, y0, ysur, apond) VALUES ('18839', 0.0000, 0.0000, 0.0000);
INSERT INTO inp_junction (node_id, y0, ysur, apond) VALUES ('18840', 0.0000, 0.0000, 0.0000);
INSERT INTO inp_junction (node_id, y0, ysur, apond) VALUES ('18841', 0.0000, 0.0000, 0.0000);
INSERT INTO inp_junction (node_id, y0, ysur, apond) VALUES ('18842', 0.0000, 0.0000, 0.0000);
INSERT INTO inp_junction (node_id, y0, ysur, apond) VALUES ('18843', 0.0000, 0.0000, 0.0000);
INSERT INTO inp_junction (node_id, y0, ysur, apond) VALUES ('18844', 0.0000, 0.0000, 0.0000);
INSERT INTO inp_junction (node_id, y0, ysur, apond) VALUES ('18845', 0.0000, 0.0000, 0.0000);
INSERT INTO inp_junction (node_id, y0, ysur, apond) VALUES ('18846', 0.0000, 0.0000, 0.0000);
INSERT INTO inp_junction (node_id, y0, ysur, apond) VALUES ('18847', 0.0000, 0.0000, 0.0000);
INSERT INTO inp_junction (node_id, y0, ysur, apond) VALUES ('18848', 0.0000, 0.0000, 0.0000);
INSERT INTO inp_junction (node_id, y0, ysur, apond) VALUES ('18849', 0.0000, 0.0000, 0.0000);
INSERT INTO inp_junction (node_id, y0, ysur, apond) VALUES ('18850', 0.0000, 0.0000, 0.0000);
INSERT INTO inp_junction (node_id, y0, ysur, apond) VALUES ('18851', 0.0000, 0.0000, 0.0000);
INSERT INTO inp_junction (node_id, y0, ysur, apond) VALUES ('18852', 0.0000, 0.0000, 0.0000);
INSERT INTO inp_junction (node_id, y0, ysur, apond) VALUES ('18853', 0.0000, 0.0000, 0.0000);
INSERT INTO inp_junction (node_id, y0, ysur, apond) VALUES ('18854', 0.0000, 0.0000, 0.0000);
INSERT INTO inp_junction (node_id, y0, ysur, apond) VALUES ('18855', 0.0000, 0.0000, 0.0000);
INSERT INTO inp_junction (node_id, y0, ysur, apond) VALUES ('18856', 0.0000, 0.0000, 0.0000);
INSERT INTO inp_junction (node_id, y0, ysur, apond) VALUES ('18857', 0.0000, 0.0000, 0.0000);
INSERT INTO inp_junction (node_id, y0, ysur, apond) VALUES ('18858', 0.0000, 0.0000, 0.0000);
INSERT INTO inp_junction (node_id, y0, ysur, apond) VALUES ('18859', 0.0000, 0.0000, 0.0000);
INSERT INTO inp_junction (node_id, y0, ysur, apond) VALUES ('18860', 0.0000, 0.0000, 0.0000);
INSERT INTO inp_junction (node_id, y0, ysur, apond) VALUES ('18861', 0.0000, 0.0000, 0.0000);
INSERT INTO inp_junction (node_id, y0, ysur, apond) VALUES ('18862', 0.0000, 0.0000, 0.0000);
INSERT INTO inp_junction (node_id, y0, ysur, apond) VALUES ('18863', 0.0000, 0.0000, 0.0000);
INSERT INTO inp_junction (node_id, y0, ysur, apond) VALUES ('18864', 0.0000, 0.0000, 0.0000);
INSERT INTO inp_junction (node_id, y0, ysur, apond) VALUES ('18865', 0.0000, 0.0000, 0.0000);
INSERT INTO inp_junction (node_id, y0, ysur, apond) VALUES ('18866', 0.0000, 0.0000, 0.0000);
INSERT INTO inp_junction (node_id, y0, ysur, apond) VALUES ('18867', 0.0000, 0.0000, 0.0000);
INSERT INTO inp_junction (node_id, y0, ysur, apond) VALUES ('18868', 0.0000, 0.0000, 0.0000);
INSERT INTO inp_junction (node_id, y0, ysur, apond) VALUES ('18869', 0.0000, 0.0000, 0.0000);
INSERT INTO inp_junction (node_id, y0, ysur, apond) VALUES ('18870', 0.0000, 0.0000, 0.0000);
INSERT INTO inp_junction (node_id, y0, ysur, apond) VALUES ('18871', 0.0000, 0.0000, 0.0000);
INSERT INTO inp_junction (node_id, y0, ysur, apond) VALUES ('18872', 0.0000, 0.0000, 0.0000);
INSERT INTO inp_junction (node_id, y0, ysur, apond) VALUES ('18873', 0.0000, 0.0000, 0.0000);
INSERT INTO inp_junction (node_id, y0, ysur, apond) VALUES ('18874', 0.0000, 0.0000, 0.0000);
INSERT INTO inp_junction (node_id, y0, ysur, apond) VALUES ('18875', 0.0000, 0.0000, 0.0000);
INSERT INTO inp_junction (node_id, y0, ysur, apond) VALUES ('18876', 0.0000, 0.0000, 0.0000);
INSERT INTO inp_junction (node_id, y0, ysur, apond) VALUES ('18877', 0.0000, 0.0000, 0.0000);
INSERT INTO inp_junction (node_id, y0, ysur, apond) VALUES ('18878', 0.0000, 0.0000, 0.0000);
INSERT INTO inp_junction (node_id, y0, ysur, apond) VALUES ('18879', 0.0000, 0.0000, 0.0000);
INSERT INTO inp_junction (node_id, y0, ysur, apond) VALUES ('18880', 0.0000, 0.0000, 0.0000);
INSERT INTO inp_junction (node_id, y0, ysur, apond) VALUES ('18881', 0.0000, 0.0000, 0.0000);
INSERT INTO inp_junction (node_id, y0, ysur, apond) VALUES ('18882', 0.0000, 0.0000, 0.0000);
INSERT INTO inp_junction (node_id, y0, ysur, apond) VALUES ('18883', 0.0000, 0.0000, 0.0000);
INSERT INTO inp_junction (node_id, y0, ysur, apond) VALUES ('18884', 0.0000, 0.0000, 0.0000);
INSERT INTO inp_junction (node_id, y0, ysur, apond) VALUES ('18885', 0.0000, 0.0000, 0.0000);
INSERT INTO inp_junction (node_id, y0, ysur, apond) VALUES ('18886', 0.0000, 0.0000, 0.0000);
INSERT INTO inp_junction (node_id, y0, ysur, apond) VALUES ('18887', 0.0000, 0.0000, 0.0000);
INSERT INTO inp_junction (node_id, y0, ysur, apond) VALUES ('18911', 0.0000, 0.0000, 0.0000);
INSERT INTO inp_junction (node_id, y0, ysur, apond) VALUES ('18912', 0.0000, 0.0000, 0.0000);
INSERT INTO inp_junction (node_id, y0, ysur, apond) VALUES ('18913', 0.0000, 0.0000, 0.0000);
INSERT INTO inp_junction (node_id, y0, ysur, apond) VALUES ('18960', 0.0000, 0.0000, 0.0000);
INSERT INTO inp_junction (node_id, y0, ysur, apond) VALUES ('18963', 0.0000, 0.0000, 0.0000);
INSERT INTO inp_junction (node_id, y0, ysur, apond) VALUES ('18965', 0.0000, 0.0000, 0.0000);
INSERT INTO inp_junction (node_id, y0, ysur, apond) VALUES ('18973', 0.0000, 0.0000, 0.0000);
INSERT INTO inp_junction (node_id, y0, ysur, apond) VALUES ('18976', 0.0000, 0.0000, 0.0000);
INSERT INTO inp_junction (node_id, y0, ysur, apond) VALUES ('20575', 0.0000, 0.0000, 0.0000);
INSERT INTO inp_junction (node_id, y0, ysur, apond) VALUES ('20582', 0.0000, 0.0000, 0.0000);
INSERT INTO inp_junction (node_id, y0, ysur, apond) VALUES ('20587', 0.0000, 0.0000, 0.0000);
INSERT INTO inp_junction (node_id, y0, ysur, apond) VALUES ('20590', 0.0000, 0.0000, 0.0000);
INSERT INTO inp_junction (node_id, y0, ysur, apond) VALUES ('20593', 0.0000, 0.0000, 0.0000);
INSERT INTO inp_junction (node_id, y0, ysur, apond) VALUES ('20596', 0.0000, 0.0000, 0.0000);
INSERT INTO inp_junction (node_id, y0, ysur, apond) VALUES ('20597', 0.0000, 0.0000, 0.0000);
INSERT INTO inp_junction (node_id, y0, ysur, apond) VALUES ('66', 0.0000, 0.0000, 0.0000);
INSERT INTO inp_junction (node_id, y0, ysur, apond) VALUES ('74', 0.0000, 0.0000, 0.0000);
INSERT INTO inp_junction (node_id, y0, ysur, apond) VALUES ('75', 0.0000, 0.0000, 0.0000);
INSERT INTO inp_junction (node_id, y0, ysur, apond) VALUES ('78', 0.0000, 0.0000, 0.0000);
INSERT INTO inp_junction (node_id, y0, ysur, apond) VALUES ('79', 0.0000, 0.0000, 0.0000);
INSERT INTO inp_junction (node_id, y0, ysur, apond) VALUES ('76', 0.0000, 0.0000, 0.0000);
INSERT INTO inp_junction (node_id, y0, ysur, apond) VALUES ('77', 0.0000, 0.0000, 0.0000);
INSERT INTO inp_junction (node_id, y0, ysur, apond) VALUES ('118', 0.0000, 0.0000, 0.0000);
INSERT INTO inp_junction (node_id, y0, ysur, apond) VALUES ('60', 0.0000, 0.0000, 0.0000);
INSERT INTO inp_junction (node_id, y0, ysur, apond) VALUES ('57', 0.0000, 0.0000, 0.0000);
INSERT INTO inp_junction (node_id, y0, ysur, apond) VALUES ('113', 0.0000, 0.0000, 0.0000);
INSERT INTO inp_junction (node_id, y0, ysur, apond) VALUES ('35', 0.0000, 0.0000, 0.0000);
INSERT INTO inp_junction (node_id, y0, ysur, apond) VALUES ('64', 0.0000, 0.0000, 0.0000);
INSERT INTO inp_junction (node_id, y0, ysur, apond) VALUES ('71', 0.0000, 0.0000, 0.0000);
INSERT INTO inp_junction (node_id, y0, ysur, apond) VALUES ('62', 0.0000, 0.0000, 0.0000);
INSERT INTO inp_junction (node_id, y0, ysur, apond) VALUES ('58', 0.0000, 0.0000, 0.0000);
INSERT INTO inp_junction (node_id, y0, ysur, apond) VALUES ('70', 0.0000, 0.0000, 0.0000);
INSERT INTO inp_junction (node_id, y0, ysur, apond) VALUES ('116', 0.0000, 0.0000, 0.0000);
INSERT INTO inp_junction (node_id, y0, ysur, apond) VALUES ('61', 0.0000, 0.0000, 0.0000);
INSERT INTO inp_junction (node_id, y0, ysur, apond) VALUES ('52', 0.0000, 0.0000, 0.0000);
INSERT INTO inp_junction (node_id, y0, ysur, apond) VALUES ('55', 0.0000, 0.0000, 0.0000);
INSERT INTO inp_junction (node_id, y0, ysur, apond) VALUES ('31', 0.0000, 0.0000, 0.0000);
INSERT INTO inp_junction (node_id, y0, ysur, apond) VALUES ('34', 0.0000, 0.0000, 0.0000);
INSERT INTO inp_junction (node_id, y0, ysur, apond) VALUES ('46', 0.0000, 0.0000, 0.0000);
INSERT INTO inp_junction (node_id, y0, ysur, apond) VALUES ('47', 0.0000, 0.0000, 0.0000);
INSERT INTO inp_junction (node_id, y0, ysur, apond) VALUES ('32', 0.0000, 0.0000, 0.0000);
INSERT INTO inp_junction (node_id, y0, ysur, apond) VALUES ('115', 0.0000, 0.0000, 0.0000);
INSERT INTO inp_junction (node_id, y0, ysur, apond) VALUES ('33', 0.0000, 0.0000, 0.0000);
INSERT INTO inp_junction (node_id, y0, ysur, apond) VALUES ('54', 0.0000, 0.0000, 0.0000);
INSERT INTO inp_junction (node_id, y0, ysur, apond) VALUES ('117', 0.0000, 0.0000, 0.0000);
INSERT INTO inp_junction (node_id, y0, ysur, apond) VALUES ('59', 0.0000, 0.0000, 0.0000);
INSERT INTO inp_junction (node_id, y0, ysur, apond) VALUES ('51', 0.0000, 0.0000, 0.0000);
INSERT INTO inp_junction (node_id, y0, ysur, apond) VALUES ('53', 0.0000, 0.0000, 0.0000);
INSERT INTO inp_junction (node_id, y0, ysur, apond) VALUES ('112', 0.0000, 0.0000, 0.0000);
INSERT INTO inp_junction (node_id, y0, ysur, apond) VALUES ('111', 0.0000, 0.0000, 0.0000);
INSERT INTO inp_junction (node_id, y0, ysur, apond) VALUES ('29', 0.0000, 0.0000, 0.0000);
INSERT INTO inp_junction (node_id, y0, ysur, apond) VALUES ('56', 0.0000, 0.0000, 0.0000);
INSERT INTO inp_junction (node_id, y0, ysur, apond) VALUES ('39', 0.0000, 0.0000, 0.0000);
INSERT INTO inp_junction (node_id, y0, ysur, apond) VALUES ('30', 0.0000, 0.0000, 0.0000);
INSERT INTO inp_junction (node_id, y0, ysur, apond) VALUES ('114', 0.0000, 0.0000, 0.0000);
INSERT INTO inp_junction (node_id, y0, ysur, apond) VALUES ('85', 0.0000, 0.0000, 0.0000);
INSERT INTO inp_junction (node_id, y0, ysur, apond) VALUES ('72', 0.0000, 0.0000, 0.0000);
INSERT INTO inp_junction (node_id, y0, ysur, apond) VALUES ('67', 0.0000, 0.0000, 0.0000);
INSERT INTO inp_junction (node_id, y0, ysur, apond) VALUES ('84', 0.0000, 0.0000, 0.0000);
INSERT INTO inp_junction (node_id, y0, ysur, apond) VALUES ('99', 0.0000, 0.0000, 0.0000);
INSERT INTO inp_junction (node_id, y0, ysur, apond) VALUES ('93', 0.0000, 0.0000, 0.0000);
INSERT INTO inp_junction (node_id, y0, ysur, apond) VALUES ('125', 0.0000, 0.0000, 0.0000);
INSERT INTO inp_junction (node_id, y0, ysur, apond) VALUES ('73', 0.0000, 0.0000, 0.0000);
INSERT INTO inp_junction (node_id, y0, ysur, apond) VALUES ('82', 0.0000, 0.0000, 0.0000);
INSERT INTO inp_junction (node_id, y0, ysur, apond) VALUES ('87', 0.0000, 0.0000, 0.0000);
INSERT INTO inp_junction (node_id, y0, ysur, apond) VALUES ('81', 0.0000, 0.0000, 0.0000);
INSERT INTO inp_junction (node_id, y0, ysur, apond) VALUES ('89', 0.0000, 0.0000, 0.0000);
INSERT INTO inp_junction (node_id, y0, ysur, apond) VALUES ('65', 0.0000, 0.0000, 0.0000);
INSERT INTO inp_junction (node_id, y0, ysur, apond) VALUES ('48', 0.0000, 0.0000, 0.0000);
INSERT INTO inp_junction (node_id, y0, ysur, apond) VALUES ('49', 0.0000, 0.0000, 0.0000);
INSERT INTO inp_junction (node_id, y0, ysur, apond) VALUES ('98', 0.0000, 0.0000, 0.0000);
INSERT INTO inp_junction (node_id, y0, ysur, apond) VALUES ('90', 0.0000, 0.0000, 0.0000);
INSERT INTO inp_junction (node_id, y0, ysur, apond) VALUES ('128', 0.0000, 0.0000, 0.0000);
INSERT INTO inp_junction (node_id, y0, ysur, apond) VALUES ('126', 0.0000, 0.0000, 0.0000);
INSERT INTO inp_junction (node_id, y0, ysur, apond) VALUES ('127', 0.0000, 0.0000, 0.0000);
INSERT INTO inp_junction (node_id, y0, ysur, apond) VALUES ('97', 0.0000, 0.0000, 0.0000);
INSERT INTO inp_junction (node_id, y0, ysur, apond) VALUES ('95', 0.0000, 0.0000, 0.0000);
INSERT INTO inp_junction (node_id, y0, ysur, apond) VALUES ('96', 0.0000, 0.0000, 0.0000);
INSERT INTO inp_junction (node_id, y0, ysur, apond) VALUES ('100', 0.0000, 0.0000, 0.0000);
INSERT INTO inp_junction (node_id, y0, ysur, apond) VALUES ('239', 0.0000, 0.0000, 0.0000);
INSERT INTO inp_junction (node_id, y0, ysur, apond) VALUES ('234', 0.0000, 0.0000, 0.0000);
INSERT INTO inp_junction (node_id, y0, ysur, apond) VALUES ('123', 0.0000, 0.0000, 0.0000);
INSERT INTO inp_junction (node_id, y0, ysur, apond) VALUES ('63', 0.0000, 0.0000, 0.0000);
INSERT INTO inp_junction (node_id, y0, ysur, apond) VALUES ('50', 0.0000, 0.0000, 0.0000);
INSERT INTO inp_junction (node_id, y0, ysur, apond) VALUES ('69', 0.0000, 0.0000, 0.0000);
INSERT INTO inp_junction (node_id, y0, ysur, apond) VALUES ('105', 0.0000, 0.0000, 0.0000);
INSERT INTO inp_junction (node_id, y0, ysur, apond) VALUES ('235', 0.0000, 0.0000, 0.0000);
INSERT INTO inp_junction (node_id, y0, ysur, apond) VALUES ('42', 0.0000, 0.0000, 0.0000);
INSERT INTO inp_junction (node_id, y0, ysur, apond) VALUES ('104', 0.0000, 0.0000, 0.0000);
INSERT INTO inp_junction (node_id, y0, ysur, apond) VALUES ('40', 0.0000, 0.0000, 0.0000);
INSERT INTO inp_junction (node_id, y0, ysur, apond) VALUES ('41', 0.0000, 0.0000, 0.0000);
INSERT INTO inp_junction (node_id, y0, ysur, apond) VALUES ('94', 0.0000, 0.0000, 0.0000);
INSERT INTO inp_junction (node_id, y0, ysur, apond) VALUES ('92', 0.0000, 0.0000, 0.0000);
INSERT INTO inp_junction (node_id, y0, ysur, apond) VALUES ('91', 0.0000, 0.0000, 0.0000);
INSERT INTO inp_junction (node_id, y0, ysur, apond) VALUES ('43', 0.0000, 0.0000, 0.0000);
INSERT INTO inp_junction (node_id, y0, ysur, apond) VALUES ('102', 0.0000, 0.0000, 0.0000);
INSERT INTO inp_junction (node_id, y0, ysur, apond) VALUES ('86', 0.0000, 0.0000, 0.0000);
INSERT INTO inp_junction (node_id, y0, ysur, apond) VALUES ('45', 0.0000, 0.0000, 0.0000);
INSERT INTO inp_junction (node_id, y0, ysur, apond) VALUES ('106', 0.0000, 0.0000, 0.0000);
INSERT INTO inp_junction (node_id, y0, ysur, apond) VALUES ('124', 0.0000, 0.0000, 0.0000);
INSERT INTO inp_junction (node_id, y0, ysur, apond) VALUES ('119', 0.0000, 0.0000, 0.0000);
INSERT INTO inp_junction (node_id, y0, ysur, apond) VALUES ('120', 0.0000, 0.0000, 0.0000);
INSERT INTO inp_junction (node_id, y0, ysur, apond) VALUES ('101', 0.0000, 0.0000, 0.0000);
INSERT INTO inp_junction (node_id, y0, ysur, apond) VALUES ('107', 0.0000, 0.0000, 0.0000);
INSERT INTO inp_junction (node_id, y0, ysur, apond) VALUES ('108', 0.0000, 0.0000, 0.0000);
INSERT INTO inp_junction (node_id, y0, ysur, apond) VALUES ('88', 0.0000, 0.0000, 0.0000);
INSERT INTO inp_junction (node_id, y0, ysur, apond) VALUES ('129', 0.0000, 0.0000, 0.0000);
INSERT INTO inp_junction (node_id, y0, ysur, apond) VALUES ('130', 0.0000, 0.0000, 0.0000);
INSERT INTO inp_junction (node_id, y0, ysur, apond) VALUES ('132', 0.0000, 0.0000, 0.0000);
INSERT INTO inp_junction (node_id, y0, ysur, apond) VALUES ('80', 0.0000, 0.0000, 0.0000);
INSERT INTO inp_junction (node_id, y0, ysur, apond) VALUES ('110', 0.0000, 0.0000, 0.0000);
INSERT INTO inp_junction (node_id, y0, ysur, apond) VALUES ('131', 0.0000, 0.0000, 0.0000);
INSERT INTO inp_junction (node_id, y0, ysur, apond) VALUES ('109', 0.0000, 0.0000, 0.0000);
INSERT INTO inp_junction (node_id, y0, ysur, apond) VALUES ('233', 0.0000, 0.0000, 0.0000);
INSERT INTO inp_junction (node_id, y0, ysur, apond) VALUES ('237', 0.0000, 0.0000, 0.0000);
INSERT INTO inp_junction (node_id, y0, ysur, apond) VALUES ('44', 0.0000, 0.0000, 0.0000);
INSERT INTO inp_junction (node_id, y0, ysur, apond) VALUES ('250', 0.0000, 0.0000, 0.0000);
INSERT INTO inp_junction (node_id, y0, ysur, apond) VALUES ('38', 0.0000, 0.0000, 0.0000);
INSERT INTO inp_junction (node_id, y0, ysur, apond) VALUES ('37', 0.0000, 0.0000, 0.0000);
INSERT INTO inp_junction (node_id, y0, ysur, apond) VALUES ('301', 0.0000, 0.0000, 0.0000);
INSERT INTO inp_junction (node_id, y0, ysur, apond) VALUES ('302', 0.0000, 0.0000, 0.0000);
INSERT INTO inp_junction (node_id, y0, ysur, apond) VALUES ('83', 0.0000, 0.0000, 0.0000);
INSERT INTO inp_junction (node_id, y0, ysur, apond) VALUES ('68', 0.0000, 0.0000, 0.0000);



INSERT INTO inp_outfall (node_id, outfall_type, stage, curve_id, timser_id, gate) VALUES ('18888', 'NORMAL', NULL, NULL, NULL, NULL);
INSERT INTO inp_outfall (node_id, outfall_type, stage, curve_id, timser_id, gate) VALUES ('18967', 'NORMAL', NULL, NULL, NULL, NULL);
INSERT INTO inp_outfall (node_id, outfall_type, stage, curve_id, timser_id, gate) VALUES ('236', 'NORMAL', NULL, NULL, NULL, NULL);
INSERT INTO inp_outfall (node_id, outfall_type, stage, curve_id, timser_id, gate) VALUES ('240', 'NORMAL', NULL, NULL, NULL, NULL);


INSERT INTO inp_pattern VALUES ('pattern_02');

INSERT INTO inp_project_id VALUES ('title', NULL, 'Dec-2017');

INSERT INTO inp_selector_hydrology VALUES ('1', '1', current_user);

INSERT INTO inp_storage (node_id, storage_type, curve_id, a1, a2, a0, fevap, sh, hc, imd, y0, ysur, apond) VALUES ('18828', 'TABULAR', 'EBAR-02', NULL, NULL, NULL, NULL, NULL, NULL, NULL, 0.0000, 0.0000, 0.0000);
INSERT INTO inp_storage (node_id, storage_type, curve_id, a1, a2, a0, fevap, sh, hc, imd, y0, ysur, apond) VALUES ('238', 'TABULAR', 'EBAR-01', NULL, NULL, NULL, NULL, NULL, NULL, NULL, 0.0000, 0.0000, 0.0000);

INSERT INTO inp_timser_id VALUES ('T10-5m', 'Rainfall', 'RELATIVE');
INSERT INTO inp_timser_id VALUES ('T5-5m', 'Rainfall', 'RELATIVE');

INSERT INTO inp_timeseries VALUES (1, 'T5-5m', NULL, NULL, '0:00', 0.7800, NULL);
INSERT INTO inp_timeseries VALUES (2, 'T5-5m', NULL, NULL, '0:05', 1.1500, NULL);
INSERT INTO inp_timeseries VALUES (3, 'T5-5m', NULL, NULL, '0:10', 2.2200, NULL);
INSERT INTO inp_timeseries VALUES (4, 'T5-5m', NULL, NULL, '0:15', 3.9900, NULL);
INSERT INTO inp_timeseries VALUES (5, 'T5-5m', NULL, NULL, '0:20', 4.8800, NULL);
INSERT INTO inp_timeseries VALUES (6, 'T5-5m', NULL, NULL, '0:25', 8.7500, NULL);
INSERT INTO inp_timeseries VALUES (7, 'T5-5m', NULL, NULL, '0:30', 5.1500, NULL);
INSERT INTO inp_timeseries VALUES (8, 'T5-5m', NULL, NULL, '0:35', 3.2000, NULL);
INSERT INTO inp_timeseries VALUES (9, 'T5-5m', NULL, NULL, '0:40', 2.2500, NULL);
INSERT INTO inp_timeseries VALUES (10, 'T5-5m', NULL, NULL, '0:45', 1.2500, NULL);
INSERT INTO inp_timeseries VALUES (11, 'T5-5m', NULL, NULL, '0:50', 0.9200, NULL);
INSERT INTO inp_timeseries VALUES (12, 'T5-5m', NULL, NULL, '0:55', 0.4900, NULL);
INSERT INTO inp_timeseries VALUES (13, 'T10-5m', NULL, NULL, '0:00', 1.7800, NULL);
INSERT INTO inp_timeseries VALUES (14, 'T10-5m', NULL, NULL, '0:05', 2.0800, NULL);
INSERT INTO inp_timeseries VALUES (15, 'T10-5m', NULL, NULL, '0:10', 2.5200, NULL);
INSERT INTO inp_timeseries VALUES (16, 'T10-5m', NULL, NULL, '0:15', 3.2500, NULL);
INSERT INTO inp_timeseries VALUES (17, 'T10-5m', NULL, NULL, '0:20', 4.7800, NULL);
INSERT INTO inp_timeseries VALUES (18, 'T10-5m', NULL, NULL, '0:25', 15.5200, NULL);
INSERT INTO inp_timeseries VALUES (19, 'T10-5m', NULL, NULL, '0:30', 6.5800, NULL);
INSERT INTO inp_timeseries VALUES (20, 'T10-5m', NULL, NULL, '0:35', 3.8400, NULL);
INSERT INTO inp_timeseries VALUES (21, 'T10-5m', NULL, NULL, '0:40', 2.8300, NULL);
INSERT INTO inp_timeseries VALUES (22, 'T10-5m', NULL, NULL, '0:45', 2.2800, NULL);
INSERT INTO inp_timeseries VALUES (23, 'T10-5m', NULL, NULL, '0:50', 1.9200, NULL);
INSERT INTO inp_timeseries VALUES (24, 'T10-5m', NULL, NULL, '0:55', 1.6600, NULL);



INSERT INTO inp_virtual (arc_id, fusion_node, add_length) VALUES ('18968', '18965', false);
INSERT INTO inp_virtual (arc_id, fusion_node, add_length) VALUES ('18964', '18963', false);
INSERT INTO inp_virtual (arc_id, fusion_node, add_length) VALUES ('20584', '20582', false);
INSERT INTO inp_virtual (arc_id, fusion_node, add_length) VALUES ('20577', '20575', false);
INSERT INTO inp_virtual (arc_id, fusion_node, add_length) VALUES ('342', '301', false);
INSERT INTO inp_virtual (arc_id, fusion_node, add_length) VALUES ('300', '250', false);
INSERT INTO inp_virtual (arc_id, fusion_node, add_length) VALUES ('303', '302', false);
INSERT INTO inp_virtual (arc_id, fusion_node, add_length) VALUES ('20589', '20587', false);
INSERT INTO inp_virtual (arc_id, fusion_node, add_length) VALUES ('20591', '20590', false);
INSERT INTO inp_virtual (arc_id, fusion_node, add_length) VALUES ('20594', '20593', false);






