/*
This file is part of Giswater 3
The program is free software: you can redistribute it and/or modify it under the terms of the GNU General Public License as published by the Free Software Foundation, either version 3 of the License, or (at your option) any later version.
This version of Giswater is provided by Giswater Association
*/


SET search_path = "SCHEMA_NAME", public, pg_catalog;

INSERT INTO om_visit_cat VALUES (1, 'Test num.1','2017-1-1', '2017-3-31', NULL, FALSE);
INSERT INTO om_visit_cat VALUES (2, 'Test num.2','2017-4-1', '2017-7-31', NULL, FALSE);
INSERT INTO om_visit_cat VALUES (3, 'Test num.3','2017-8-1', '2017-9-30', NULL, TRUE);
INSERT INTO om_visit_cat VALUES (4, 'Test num.4','2017-10-1', '2017-12-31', NULL, TRUE);

INSERT INTO om_visit_class VALUES (6, 'Inspection and clean arc', NULL, true, false, true, 'ARC', 'role_om', 1);
INSERT INTO om_visit_class VALUES (5, 'Inspection and clean node', NULL, true, false, true, 'NODE', 'role_om', 1);
INSERT INTO om_visit_class VALUES (7, 'Inspection and clean gully', NULL, true, false, true, 'GULLY', 'role_om', 1);
INSERT INTO om_visit_class VALUES (1, 'Leak on pipe', NULL, true, false, false, 'ARC', 'role_om', 1);
INSERT INTO om_visit_class VALUES (0, 'Open visit', NULL, true, true, false, NULL, 'role_om');
INSERT INTO om_visit_class VALUES (2, 'Inspection and clean connec', NULL, true, false, true, 'CONNEC', 'role_om', 1);
INSERT INTO om_visit_class VALUES (4, 'Leak on connec', NULL, true, false, false, 'CONNEC', 'role_om', 1);
INSERT INTO om_visit_class VALUES (3, 'Leak on node', NULL, true, false, false, 'NODE', 'role_om', 1);
INSERT INTO om_visit_class VALUES (8, 'Incident', NULL, true, false, true, null, 'role_om', 2);
INSERT INTO om_visit_class VALUES (9, 'Rehabilitation arc', NULL, true, false, true, 'ARC', 'role_om', 1);

SELECT setval('SCHEMA_NAME.om_visit_class_id_seq', (SELECT max(id) FROM om_visit_class), true);

INSERT INTO om_visit_parameter VALUES ('arc_rehabit_1', NULL, 'REHABIT', 'ARC', 'TEXT', NULL, 'Rehabilitation arc parameter 1', 'event_ud_arc_rehabit', NULL, 'FALSE');
INSERT INTO om_visit_parameter VALUES ('arc_rehabit_2', NULL, 'REHABIT', 'ARC', 'TEXT', NULL, 'Rehabilitation arc parameter 2', 'event_ud_arc_rehabit', NULL, 'FALSE');

INSERT INTO om_visit_parameter VALUES ('leak_connec', NULL, 'INSPECTION', 'CONNEC', 'TEXT', NULL, 'leak on connec', 'event_standard', 'defaultvalue',FALSE, 'con_insp_des');
INSERT INTO om_visit_parameter VALUES ('leak_arc', NULL, 'INSPECTION', 'ARC', 'TEXT', NULL, 'leak on arc', 'event_ud_arc_standard', 'defaultvalue', FALSE, 'arc_insp_des');
INSERT INTO om_visit_parameter VALUES ('leak_node', NULL, 'INSPECTION', 'NODE', 'TEXT', NULL, 'leak on node', 'event_standard', 'defaultvalue',FALSE, 'node_insp_des');

INSERT INTO om_visit_parameter VALUES ('sediments_arc', NULL, 'INSPECTION', 'ARC', 'TEXT', NULL, 'Sediments in arc', 'event_ud_arc_standard', 'defaultvalue',FALSE, 'arc_insp_sed');
INSERT INTO om_visit_parameter VALUES ('clean_arc', NULL, 'INSPECTION', 'ARC', 'TEXT', NULL, 'Clean of arc', 'event_ud_arc_standard', 'defaultvalue', FALSE, 'arc_cln_exec');
INSERT INTO om_visit_parameter VALUES ('defect_arc', NULL, 'INSPECTION', 'ARC', 'TEXT', NULL, 'Defects of arc', 'event_ud_arc_standard', 'defaultvalue', FALSE, 'arc_defect');

INSERT INTO om_visit_parameter VALUES ('sediments_connec', NULL, 'INSPECTION', 'CONNEC', 'TEXT', NULL, 'Sediments in connec', 'event_standard', 'defaultvalue',FALSE, 'con_insp_sed');
INSERT INTO om_visit_parameter VALUES ('clean_connec', NULL, 'INSPECTION', 'CONNEC', 'TEXT', NULL, 'Clean of connec', 'event_standard', 'defaultvalue',FALSE, 'con_cln_exec');
INSERT INTO om_visit_parameter VALUES ('defect_connec', NULL, 'INSPECTION', 'CONNEC', 'TEXT', NULL, 'Defects of connec', 'event_standard', 'defaultvalue', FALSE, 'connec_defect');

INSERT INTO om_visit_parameter VALUES ('sediments_node', NULL, 'INSPECTION', 'NODE', 'TEXT', NULL, 'Sediments in node', 'event_standard', 'defaultvalue',FALSE, 'node_insp_sed');
INSERT INTO om_visit_parameter VALUES ('clean_node', NULL, 'INSPECTION', 'NODE', 'TEXT', NULL, 'Clean of node', 'event_standard', 'defaultvalue',FALSE, 'node_cln_exec');
INSERT INTO om_visit_parameter VALUES ('defect_node', NULL, 'INSPECTION', 'NODE', 'TEXT', NULL, 'Defects of node', 'event_standard', 'defaultvalue', FALSE, 'node_defect');

INSERT INTO om_visit_parameter VALUES ('incident_comment', NULL, 'INSPECTION', NULL, 'TEXT', NULL, 'incident_comment', 'event_standard', NULL, FALSE, 'incident_comment');
INSERT INTO om_visit_parameter VALUES ('incident_type', NULL, 'INSPECTION', NULL, 'TEXT', NULL, 'incident type', 'event_standard', NULL, FALSE, 'incident_type');

INSERT INTO om_visit_parameter VALUES ('clean_gully', NULL, 'INSPECTION', 'GULLY', 'TEXT', NULL, 'Clean of gully', 'event_standard', 'defaultvalue',FALSE, 'gully_cln_exec');
INSERT INTO om_visit_parameter VALUES ('smells_gully', NULL, 'INSPECTION', 'GULLY', 'TEXT', NULL, 'Smells of gully', 'event_standard', 'defaultvalue', FALSE, 'smells_gully');


INSERT INTO om_visit_class_x_parameter VALUES (1, 5	, 'sediments_node');
INSERT INTO om_visit_class_x_parameter VALUES (2, 2, 'clean_connec');
INSERT INTO om_visit_class_x_parameter VALUES (4, 6, 'clean_arc');
INSERT INTO om_visit_class_x_parameter VALUES (5, 2, 'sediments_connec');
INSERT INTO om_visit_class_x_parameter VALUES (6, 6, 'sediments_arc');
INSERT INTO om_visit_class_x_parameter VALUES (7, 5, 'defect_node');
INSERT INTO om_visit_class_x_parameter VALUES (8, 5, 'clean_node');
INSERT INTO om_visit_class_x_parameter VALUES (9, 1, 'leak_arc');
INSERT INTO om_visit_class_x_parameter VALUES (10, 3, 'leak_node');
INSERT INTO om_visit_class_x_parameter VALUES (11, 4, 'leak_connec');
INSERT INTO om_visit_class_x_parameter VALUES (12, 8, 'incident_comment');
INSERT INTO om_visit_class_x_parameter VALUES (13, 8, 'incident_type');
INSERT INTO om_visit_class_x_parameter VALUES (3, 6, 'defect_arc');
INSERT INTO om_visit_class_x_parameter VALUES (14, 2, 'defect_arc');
INSERT INTO om_visit_class_x_parameter VALUES (15, 9, 'arc_rehabit_1');
INSERT INTO om_visit_class_x_parameter VALUES (16, 9, 'arc_rehabit_2');
INSERT INTO om_visit_class_x_parameter VALUES (17, 7, 'clean_gully');
INSERT INTO om_visit_class_x_parameter VALUES (18, 7, 'smells_gully');

SELECT setval('SCHEMA_NAME.om_visit_class_x_parameter_id_seq', (SELECT max(id) FROM om_visit_class_x_parameter), true);

truncate config_api_visit;
INSERT INTO config_api_visit VALUES (2, 'visit_connec_insp', 've_visit_connec_insp');
INSERT INTO config_api_visit VALUES (1, 'visit_arc_leak', 've_visit_arc_singlevent');
INSERT INTO config_api_visit VALUES (3, 'visit_node_leak', 've_visit_node_singlevent');
INSERT INTO config_api_visit VALUES (4, 'visit_connec_leak', 've_visit_connec_singlevent');
INSERT INTO config_api_visit VALUES (7, 'visit_emb_insp', 'visit_emb_insp');
INSERT INTO config_api_visit VALUES (8, 'unspected_noinfra', 've_visit_noinfra');
INSERT INTO config_api_visit VALUES (9, 've_visit_arc_rehabit', 've_visit_arc_rehabit');
INSERT INTO config_api_visit VALUES (5, 'visit_node_insp', 've_visit_node_insp');
INSERT INTO config_api_visit VALUES (6, 'visit_arc_insp', 've_visit_arc_insp');
INSERT INTO config_api_visit VALUES (0, 'visit_class_0', 'om_visit');

truncate config_api_visit_x_featuretable;
INSERT INTO config_api_visit_x_featuretable VALUES ('v_edit_arc', 1);
INSERT INTO config_api_visit_x_featuretable VALUES ('v_edit_node', 5);
INSERT INTO config_api_visit_x_featuretable VALUES ('v_edit_arc', 6);
INSERT INTO config_api_visit_x_featuretable VALUES ('v_edit_node', 3);
INSERT INTO config_api_visit_x_featuretable VALUES ('v_edit_connec', 4);
INSERT INTO config_api_visit_x_featuretable VALUES ('v_edit_connec', 2);
INSERT INTO config_api_visit_x_featuretable VALUES ('v_edit_gully', 8);
INSERT INTO config_api_visit_x_featuretable VALUES ('v_edit_arc', 9);


CREATE OR REPLACE VIEW ve_visit_noinfra AS 
 SELECT om_visit.id AS visit_id,
    om_visit.visitcat_id,
    om_visit.ext_code,
    "left"(date_trunc('second'::text, om_visit.startdate)::text, 19) AS startdate,
    "left"(date_trunc('second'::text, om_visit.enddate)::text, 19) AS enddate,
    om_visit.user_name,
    om_visit.webclient_id,
    om_visit.expl_id,
    om_visit.the_geom,
    om_visit.descript,
    om_visit.is_done,
    om_visit.class_id,
    om_visit.lot_id,
    om_visit.status,
    a.param_1 AS incident_type,
    a.param_2 AS incident_comment
   FROM om_visit
     JOIN om_visit_class ON om_visit_class.id = om_visit.class_id
     LEFT JOIN ( SELECT ct.visit_id,
            ct.param_1,
            ct.param_2
           FROM crosstab('SELECT visit_id, om_visit_event.parameter_id, value 
      FROM om_visit JOIN om_visit_event ON om_visit.id= om_visit_event.visit_id 
      JOIN om_visit_class on om_visit_class.id=om_visit.class_id
      JOIN om_visit_class_x_parameter on om_visit_class_x_parameter.parameter_id=om_visit_event.parameter_id 
      where om_visit_class.ismultievent = TRUE ORDER  BY 1,2'::text, ' VALUES (''incident_type''),(''incident_comment'')'::text) ct(visit_id integer, param_1 text, param_2 text)) a ON a.visit_id = om_visit.id
  WHERE om_visit_class.ismultievent = true;



DROP VIEW IF EXISTS ve_visit_arc_insp;
CREATE OR REPLACE VIEW ve_visit_arc_insp AS 
 SELECT om_visit_x_arc.id,
    om_visit_x_arc.visit_id,
    om_visit_x_arc.arc_id,
    om_visit.visitcat_id,
    om_visit.ext_code,
    om_visit.startdate,
    om_visit.enddate,
    om_visit.user_name,
    om_visit.webclient_id,
    om_visit.expl_id,
    om_visit.the_geom,
    om_visit.descript,
    om_visit.is_done,
    om_visit.class_id,
    om_visit.lot_id,
    om_visit.status,
    a.param_1 AS sediments_arc,
    a.param_2 AS defect_arc,
    a.param_3 AS clean_arc
   FROM om_visit
     JOIN om_visit_class ON om_visit_class.id = om_visit.class_id
     JOIN om_visit_x_arc ON om_visit.id = om_visit_x_arc.visit_id
     LEFT JOIN ( SELECT ct.visit_id,
            ct.param_1,
            ct.param_2,
            ct.param_3
           FROM crosstab('SELECT visit_id, om_visit_event.parameter_id, value 
      FROM om_visit JOIN om_visit_event ON om_visit.id= om_visit_event.visit_id 
      JOIN om_visit_class on om_visit_class.id=om_visit.class_id
      JOIN om_visit_class_x_parameter on om_visit_class_x_parameter.parameter_id=om_visit_event.parameter_id 
      where om_visit_class.ismultievent = TRUE ORDER  BY 1,2'::text, ' VALUES (''sediments_arc''),(''defect_arc''),(''clean_arc'')'::text) ct(visit_id integer, param_1 text, param_2 text, param_3 text)) a ON a.visit_id = om_visit.id
  WHERE om_visit_class.ismultievent = true;


DROP VIEW IF EXISTS ve_visit_arc_rehabit;
CREATE OR REPLACE VIEW ve_visit_arc_rehabit AS 
 SELECT om_visit_x_arc.id,
    om_visit_x_arc.visit_id,
    om_visit_x_arc.arc_id,
    om_visit.visitcat_id,
    om_visit.ext_code,
    om_visit.startdate,
    om_visit.enddate,
    om_visit.user_name,
    om_visit.webclient_id,
    om_visit.expl_id,
    om_visit.the_geom,
    om_visit.descript,
    om_visit.is_done,
    om_visit.class_id,
    om_visit.lot_id,
    om_visit.status,
    a.param_1 AS arc_rehabit_1,
    a.param_2 AS arc_rehabit_2
   FROM om_visit
     JOIN om_visit_class ON om_visit_class.id = om_visit.class_id
     JOIN om_visit_x_arc ON om_visit.id = om_visit_x_arc.visit_id
     LEFT JOIN ( SELECT ct.visit_id,
            ct.param_1,
            ct.param_2
           FROM crosstab('SELECT visit_id, om_visit_event.parameter_id, value 
      FROM om_visit JOIN om_visit_event ON om_visit.id= om_visit_event.visit_id 
      JOIN om_visit_class on om_visit_class.id=om_visit.class_id
      JOIN om_visit_class_x_parameter on om_visit_class_x_parameter.parameter_id=om_visit_event.parameter_id 
      where om_visit_class.ismultievent = TRUE ORDER  BY 1,2'::text, ' VALUES (''arc_rehabit_1''),(''arc_rehabit_2'')'::text) ct(visit_id integer, param_1 text, param_2 text)) a 
     ON a.visit_id = om_visit.id
  WHERE om_visit_class.ismultievent = true;

DROP VIEW IF EXISTS ve_visit_node_insp;
CREATE OR REPLACE VIEW ve_visit_node_insp AS 
 SELECT om_visit_x_node.id,
    om_visit_x_node.visit_id,
    om_visit_x_node.node_id,
    om_visit.visitcat_id,
    om_visit.ext_code,
    om_visit.startdate,
    om_visit.enddate,
    om_visit.user_name,
    om_visit.webclient_id,
    om_visit.expl_id,
    om_visit.the_geom,
    om_visit.descript,
    om_visit.is_done,
    om_visit.class_id,
    om_visit.lot_id,
    om_visit.status,
    a.param_1 AS sediments_node,
    a.param_2 AS defect_node,
    a.param_3 AS clean_node
   FROM om_visit
     JOIN om_visit_class ON om_visit_class.id = om_visit.class_id
     JOIN om_visit_x_node ON om_visit.id = om_visit_x_node.visit_id
     LEFT JOIN ( SELECT ct.visit_id,
            ct.param_1,
            ct.param_2,
            ct.param_3
           FROM crosstab('SELECT visit_id, om_visit_event.parameter_id, value 
      FROM om_visit JOIN om_visit_event ON om_visit.id= om_visit_event.visit_id 
      JOIN om_visit_class on om_visit_class.id=om_visit.class_id
      JOIN om_visit_class_x_parameter on om_visit_class_x_parameter.parameter_id=om_visit_event.parameter_id 
      where om_visit_class.ismultievent = TRUE ORDER  BY 1,2'::text, ' VALUES (''sediments_node''),(''defect_node''),(''clean_node'')'::text) ct(visit_id integer, param_1 text, param_2 text, param_3 text)) a ON a.visit_id = om_visit.id
  WHERE om_visit_class.ismultievent = true;


DROP VIEW IF EXISTS ve_visit_connec_insp;
CREATE OR REPLACE VIEW ve_visit_connec_insp AS 
 SELECT om_visit_x_connec.id,
    om_visit_x_connec.visit_id,
    om_visit_x_connec.connec_id,
    om_visit.visitcat_id,
    om_visit.ext_code,
    om_visit.startdate,
    om_visit.enddate,
    om_visit.user_name,
    om_visit.webclient_id,
    om_visit.expl_id,
    om_visit.the_geom,
    om_visit.descript,
    om_visit.is_done,
    om_visit.class_id,
    om_visit.lot_id,
    om_visit.status,
    a.param_1 AS sediments_connec,
    a.param_2 AS defect_connec,
    a.param_3 AS clean_connec
   FROM om_visit
     JOIN om_visit_class ON om_visit_class.id = om_visit.class_id
     JOIN om_visit_x_connec ON om_visit.id = om_visit_x_connec.visit_id
     LEFT JOIN ( SELECT ct.visit_id,
            ct.param_1,
            ct.param_2,
            ct.param_3
           FROM crosstab('SELECT visit_id, om_visit_event.parameter_id, value 
      FROM om_visit JOIN om_visit_event ON om_visit.id= om_visit_event.visit_id 
      JOIN om_visit_class on om_visit_class.id=om_visit.class_id
      JOIN om_visit_class_x_parameter on om_visit_class_x_parameter.parameter_id=om_visit_event.parameter_id 
      where om_visit_class.ismultievent = TRUE ORDER  BY 1,2'::text, ' VALUES (''sediments_connec''),(''defect_connec''),(''clean_connec'')'::text) ct(visit_id integer, param_1 text, param_2 text, param_3 text)) a ON a.visit_id = om_visit.id
  WHERE om_visit_class.ismultievent = true;


DROP VIEW IF EXISTS ve_visit_gully_insp;
CREATE OR REPLACE VIEW ve_visit_gully_insp AS 
 SELECT om_visit_x_gully.id,
    om_visit_x_gully.visit_id,
    om_visit_x_gully.gully_id,
    om_visit.visitcat_id,
    om_visit.ext_code,
    om_visit.startdate,
    om_visit.enddate,
    om_visit.user_name,
    om_visit.webclient_id,
    om_visit.expl_id,
    om_visit.the_geom,
    om_visit.descript,
    om_visit.is_done,
    om_visit.class_id,
    om_visit.lot_id,
    om_visit.status,
    a.param_1 AS clean_gully,
    a.param_2 AS smells_gully
   FROM om_visit
     JOIN om_visit_class ON om_visit_class.id = om_visit.class_id
     JOIN om_visit_x_gully ON om_visit.id = om_visit_x_gully.visit_id
     LEFT JOIN ( SELECT ct.visit_id,
            ct.param_1,
            ct.param_2
           FROM crosstab('SELECT visit_id, om_visit_event.parameter_id, value 
      FROM om_visit JOIN om_visit_event ON om_visit.id= om_visit_event.visit_id 
      JOIN om_visit_class on om_visit_class.id=om_visit.class_id
      JOIN om_visit_class_x_parameter on om_visit_class_x_parameter.parameter_id=om_visit_event.parameter_id 
      where om_visit_class.ismultievent = TRUE ORDER  BY 1,2'::text, ' VALUES (''clean_gully''),(''smells_gully'')'::text) ct(visit_id integer, param_1 text, param_2 text)) a 
     ON a.visit_id = om_visit.id
  WHERE om_visit_class.ismultievent = true;


INSERT INTO om_typevalue VALUES ('visit_cleaned', 1, 'Yes', NULL, NULL);
INSERT INTO om_typevalue VALUES ('visit_cleaned', 2, 'No', NULL, NULL);
INSERT INTO om_typevalue VALUES ('visit_cleaned', 3, 'Half', NULL, NULL);
INSERT INTO om_typevalue VALUES ('visit_defect', 1, 'Good state', NULL, NULL);
INSERT INTO om_typevalue VALUES ('visit_defect', 2, 'Some defects', NULL, NULL);
INSERT INTO om_typevalue VALUES ('visit_defect', 3, 'Bad state', NULL, NULL);
INSERT INTO om_typevalue VALUES ('incident_type', 1, 'Broken cover', NULL, NULL);
INSERT INTO om_typevalue VALUES ('incident_type', 2, 'Water on the street', NULL, NULL);
INSERT INTO om_typevalue VALUES ('incident_type', 3, 'Smells', NULL, NULL);
INSERT INTO om_typevalue VALUES ('incident_type', 4, 'Noisy cover', NULL, NULL);
INSERT INTO om_typevalue VALUES ('incident_type', 5, 'Others', NULL, NULL);


SELECT setval('SCHEMA_NAME.config_api_form_fields_id_seq', (SELECT max(id) FROM config_api_form_fields), true);

INSERT INTO config_api_form_fields (formname, formtype, column_id, layout_id, layout_order, isenabled, datatype, widgettype, label, widgetdim, tooltip, placeholder, field_length, num_decimals, ismandatory, isparent, iseditable, isautoupdate, dv_querytext, dv_orderby_id, dv_isnullvalue, dv_parent_id, dv_querytext_filterc, widgetfunction, action_function, reload_field, stylesheet, isnotupdate, typeahead, listfilterparam, layout_name, editability, widgetcontrols) VALUES ('ve_visit_arc_rehabit', 'visit', 'class_id', 1, 1, true, 'integer', 'combo', 'Visit type:', NULL, NULL, NULL, NULL, NULL, true, NULL, true, NULL, 'SELECT id, idval FROM om_visit_class WHERE feature_type=''ARC'' AND  active IS TRUE AND sys_role_id IN (SELECT rolname FROM pg_roles WHERE  pg_has_role( current_user, oid, ''member''))', NULL, NULL, NULL, NULL, 'gwGetVisit', NULL, NULL, NULL, true, NULL, NULL, 'data_1', NULL, NULL);
INSERT INTO config_api_form_fields (formname, formtype, column_id, layout_id, layout_order, isenabled, datatype, widgettype, label, widgetdim, tooltip, placeholder, field_length, num_decimals, ismandatory, isparent, iseditable, isautoupdate, dv_querytext, dv_orderby_id, dv_isnullvalue, dv_parent_id, dv_querytext_filterc, widgetfunction, action_function, reload_field, stylesheet, isnotupdate, typeahead, listfilterparam, layout_name, editability, widgetcontrols) VALUES ('ve_visit_arc_rehabit', 'visit', 'backbutton', 9, 2, true, NULL, 'button', 'Back', NULL, NULL, NULL, NULL, NULL, false, NULL, true, NULL, NULL, NULL, NULL, NULL, NULL, 'backButtonClicked', NULL, NULL, NULL, NULL, NULL, NULL, 'data_9', NULL, NULL);
INSERT INTO config_api_form_fields (formname, formtype, column_id, layout_id, layout_order, isenabled, datatype, widgettype, label, widgetdim, tooltip, placeholder, field_length, num_decimals, ismandatory, isparent, iseditable, isautoupdate, dv_querytext, dv_orderby_id, dv_isnullvalue, dv_parent_id, dv_querytext_filterc, widgetfunction, action_function, reload_field, stylesheet, isnotupdate, typeahead, listfilterparam, layout_name, editability, widgetcontrols) VALUES ('ve_visit_arc_rehabit', 'visit', 'enddate', 1, 11, true, 'date', 'datepickertime', 'End date:', NULL, NULL, NULL, NULL, NULL, false, NULL, true, NULL, NULL, NULL, NULL, NULL, NULL, NULL, NULL, NULL, NULL, NULL, NULL, NULL, 'data_1', NULL, NULL);
INSERT INTO config_api_form_fields (formname, formtype, column_id, layout_id, layout_order, isenabled, datatype, widgettype, label, widgetdim, tooltip, placeholder, field_length, num_decimals, ismandatory, isparent, iseditable, isautoupdate, dv_querytext, dv_orderby_id, dv_isnullvalue, dv_parent_id, dv_querytext_filterc, widgetfunction, action_function, reload_field, stylesheet, isnotupdate, typeahead, listfilterparam, layout_name, editability, widgetcontrols) VALUES ('ve_visit_arc_rehabit', 'visit', 'image1', 1, 2, true, 'bytea', 'image', NULL, NULL, NULL, NULL, NULL, NULL, false, NULL, true, NULL, 'SELECT row_to_json(res) FROM (SELECT encode(image, ''base64'') AS image FROM config_api_images WHERE id=1) res;', NULL, NULL, NULL, NULL, NULL, NULL, NULL, NULL, NULL, NULL, NULL, 'data_1', NULL, NULL);
INSERT INTO config_api_form_fields (formname, formtype, column_id, layout_id, layout_order, isenabled, datatype, widgettype, label, widgetdim, tooltip, placeholder, field_length, num_decimals, ismandatory, isparent, iseditable, isautoupdate, dv_querytext, dv_orderby_id, dv_isnullvalue, dv_parent_id, dv_querytext_filterc, widgetfunction, action_function, reload_field, stylesheet, isnotupdate, typeahead, listfilterparam, layout_name, editability, widgetcontrols) VALUES ('ve_visit_arc_rehabit', 'visit', 'ext_code', 1, 6, true, 'string', 'text', 'Code:', NULL, NULL, NULL, NULL, NULL, false, NULL, true, NULL, NULL, NULL, NULL, NULL, NULL, NULL, NULL, NULL, NULL, NULL, NULL, NULL, 'data_1', NULL, NULL);
INSERT INTO config_api_form_fields (formname, formtype, column_id, layout_id, layout_order, isenabled, datatype, widgettype, label, widgetdim, tooltip, placeholder, field_length, num_decimals, ismandatory, isparent, iseditable, isautoupdate, dv_querytext, dv_orderby_id, dv_isnullvalue, dv_parent_id, dv_querytext_filterc, widgetfunction, action_function, reload_field, stylesheet, isnotupdate, typeahead, listfilterparam, layout_name, editability, widgetcontrols) VALUES ('ve_visit_arc_rehabit', 'visit', 'arc_id', 1, 4, true, 'double', 'text', 'Arc_id', NULL, NULL, NULL, 12, 0, false, NULL, false, NULL, NULL, NULL, NULL, NULL, NULL, NULL, NULL, NULL, NULL, NULL, NULL, NULL, 'data_1', NULL, NULL);
INSERT INTO config_api_form_fields (formname, formtype, column_id, layout_id, layout_order, isenabled, datatype, widgettype, label, widgetdim, tooltip, placeholder, field_length, num_decimals, ismandatory, isparent, iseditable, isautoupdate, dv_querytext, dv_orderby_id, dv_isnullvalue, dv_parent_id, dv_querytext_filterc, widgetfunction, action_function, reload_field, stylesheet, isnotupdate, typeahead, listfilterparam, layout_name, editability, widgetcontrols) VALUES ('ve_visit_arc_rehabit', 'visit', 'startdate', 1, 10, true, 'date', 'datepickertime', 'Start date:', NULL, NULL, NULL, NULL, NULL, false, NULL, true, NULL, NULL, NULL, NULL, NULL, NULL, NULL, NULL, NULL, NULL, NULL, NULL, NULL, 'data_1', NULL, NULL);
INSERT INTO config_api_form_fields (formname, formtype, column_id, layout_id, layout_order, isenabled, datatype, widgettype, label, widgetdim, tooltip, placeholder, field_length, num_decimals, ismandatory, isparent, iseditable, isautoupdate, dv_querytext, dv_orderby_id, dv_isnullvalue, dv_parent_id, dv_querytext_filterc, widgetfunction, action_function, reload_field, stylesheet, isnotupdate, typeahead, listfilterparam, layout_name, editability, widgetcontrols) VALUES ('ve_visit_arc_rehabit', 'visit', 'acceptbutton', 9, 1, true, NULL, 'button', 'Accept', NULL, NULL, NULL, NULL, NULL, false, NULL, true, NULL, NULL, NULL, NULL, NULL, NULL, 'gwSetVisit', NULL, NULL, NULL, NULL, NULL, NULL, 'data_9', NULL, NULL);
INSERT INTO config_api_form_fields (formname, formtype, column_id, layout_id, layout_order, isenabled, datatype, widgettype, label, widgetdim, tooltip, placeholder, field_length, num_decimals, ismandatory, isparent, iseditable, isautoupdate, dv_querytext, dv_orderby_id, dv_isnullvalue, dv_parent_id, dv_querytext_filterc, widgetfunction, action_function, reload_field, stylesheet, isnotupdate, typeahead, listfilterparam, layout_name, editability, widgetcontrols) VALUES ('ve_visit_arc_rehabit', 'visit', 'visit_id', 1, 3, true, 'double', 'text', 'Visit id:', NULL, NULL, NULL, 12, 0, false, NULL, false, NULL, NULL, NULL, NULL, NULL, NULL, NULL, NULL, NULL, NULL, NULL, NULL, NULL, 'data_1', NULL, NULL);
INSERT INTO config_api_form_fields (formname, formtype, column_id, layout_id, layout_order, isenabled, datatype, widgettype, label, widgetdim, tooltip, placeholder, field_length, num_decimals, ismandatory, isparent, iseditable, isautoupdate, dv_querytext, dv_orderby_id, dv_isnullvalue, dv_parent_id, dv_querytext_filterc, widgetfunction, action_function, reload_field, stylesheet, isnotupdate, typeahead, listfilterparam, layout_name, editability, widgetcontrols) VALUES ('ve_visit_arc_rehabit', 'visit', 'divider', 1, 10, true, NULL, 'formDivider', NULL, NULL, NULL, NULL, NULL, NULL, false, NULL, true, NULL, NULL, NULL, NULL, NULL, NULL, NULL, NULL, NULL, NULL, NULL, NULL, NULL, 'data_1', NULL, NULL);
INSERT INTO config_api_form_fields (formname, formtype, column_id, layout_id, layout_order, isenabled, datatype, widgettype, label, widgetdim, tooltip, placeholder, field_length, num_decimals, ismandatory, isparent, iseditable, isautoupdate, dv_querytext, dv_orderby_id, dv_isnullvalue, dv_parent_id, dv_querytext_filterc, widgetfunction, action_function, reload_field, stylesheet, isnotupdate, typeahead, listfilterparam, layout_name, editability, widgetcontrols) VALUES ('ve_visit_arc_rehabit', 'visit', 'lot_id', 1, 5, true, 'integer', 'combo', 'Lot id:', NULL, NULL, NULL, NULL, NULL, true, NULL, false, NULL, 'SELECT id , idval FROM om_visit_lot WHERE active IS TRUE', NULL, NULL, NULL, NULL, NULL, NULL, NULL, NULL, NULL, NULL, NULL, 'data_1', NULL, NULL);
INSERT INTO config_api_form_fields (formname, formtype, column_id, layout_id, layout_order, isenabled, datatype, widgettype, label, widgetdim, tooltip, placeholder, field_length, num_decimals, ismandatory, isparent, iseditable, isautoupdate, dv_querytext, dv_orderby_id, dv_isnullvalue, dv_parent_id, dv_querytext_filterc, widgetfunction, action_function, reload_field, stylesheet, isnotupdate, typeahead, listfilterparam, layout_name, editability, widgetcontrols) VALUES ('ve_visit_arc_rehabit', 'visit', 'status', 1, 12, true, 'integer', 'combo', 'Status:', NULL, NULL, NULL, NULL, NULL, false, NULL, true, NULL, 'SELECT DISTINCT (id) AS id,  idval  AS idval FROM om_typevalue WHERE id IS NOT NULL AND typevalue=''visit_cat_status'' ', NULL, NULL, NULL, NULL, NULL, NULL, NULL, NULL, NULL, NULL, NULL, 'data_1', NULL, NULL);
INSERT INTO config_api_form_fields (formname, formtype, column_id, layout_id, layout_order, isenabled, datatype, widgettype, label, widgetdim, tooltip, placeholder, field_length, num_decimals, ismandatory, isparent, iseditable, isautoupdate, dv_querytext, dv_orderby_id, dv_isnullvalue, dv_parent_id, dv_querytext_filterc, widgetfunction, action_function, reload_field, stylesheet, isnotupdate, typeahead, listfilterparam, layout_name, editability, widgetcontrols) VALUES ('ve_visit_arc_rehabit', 'visit', 'arc_rehabit_2', 1, 8, true, 'string', 'text', 'Rehabit 2:', NULL, NULL, NULL, NULL, NULL, false, NULL, true, NULL, NULL, NULL, NULL, NULL, NULL, NULL, NULL, NULL, NULL, NULL, NULL, NULL, 'data_1', NULL, NULL);
INSERT INTO config_api_form_fields (formname, formtype, column_id, layout_id, layout_order, isenabled, datatype, widgettype, label, widgetdim, tooltip, placeholder, field_length, num_decimals, ismandatory, isparent, iseditable, isautoupdate, dv_querytext, dv_orderby_id, dv_isnullvalue, dv_parent_id, dv_querytext_filterc, widgetfunction, action_function, reload_field, stylesheet, isnotupdate, typeahead, listfilterparam, layout_name, editability, widgetcontrols) VALUES ('ve_visit_arc_rehabit', 'visit', 'arc_rehabit_1', 1, 7, true, 'string', 'text', 'Rehabit 1:', NULL, NULL, NULL, NULL, NULL, false, NULL, true, NULL, NULL, NULL, NULL, NULL, NULL, NULL, NULL, NULL, NULL, NULL, NULL, NULL, 'data_1', NULL, NULL);

INSERT INTO config_api_form_fields (formname, formtype, column_id, layout_id, layout_order, isenabled, datatype, widgettype, label, widgetdim, tooltip, placeholder, field_length, num_decimals, ismandatory, isparent, iseditable, isautoupdate, dv_querytext, dv_orderby_id, dv_isnullvalue, dv_parent_id, dv_querytext_filterc, widgetfunction, action_function, reload_field, stylesheet, isnotupdate, typeahead, listfilterparam, layout_name, editability, widgetcontrols) VALUES ('visit_emb_insp', 'visit', 'backbutton', 9, 2, true, NULL, 'button', 'Enrera', NULL, NULL, NULL, NULL, NULL, false, NULL, true, NULL, NULL, NULL, NULL, NULL, NULL, 'backButtonClicked', NULL, NULL, NULL, NULL, NULL, NULL, NULL, NULL, NULL);
INSERT INTO config_api_form_fields (formname, formtype, column_id, layout_id, layout_order, isenabled, datatype, widgettype, label, widgetdim, tooltip, placeholder, field_length, num_decimals, ismandatory, isparent, iseditable, isautoupdate, dv_querytext, dv_orderby_id, dv_isnullvalue, dv_parent_id, dv_querytext_filterc, widgetfunction, action_function, reload_field, stylesheet, isnotupdate, typeahead, listfilterparam, layout_name, editability, widgetcontrols) VALUES ('visit_emb_insp', 'visit', 'image1', 1, 6, true, 'bytea', 'image', NULL, NULL, NULL, NULL, NULL, NULL, false, NULL, true, NULL, 'SELECT row_to_json(res) FROM (SELECT encode(image, ''base64'') AS image FROM config_api_images WHERE id=1) res;', NULL, NULL, NULL, NULL, NULL, NULL, NULL, NULL, NULL, NULL, NULL, NULL, NULL, NULL);
INSERT INTO config_api_form_fields (formname, formtype, column_id, layout_id, layout_order, isenabled, datatype, widgettype, label, widgetdim, tooltip, placeholder, field_length, num_decimals, ismandatory, isparent, iseditable, isautoupdate, dv_querytext, dv_orderby_id, dv_isnullvalue, dv_parent_id, dv_querytext_filterc, widgetfunction, action_function, reload_field, stylesheet, isnotupdate, typeahead, listfilterparam, layout_name, editability, widgetcontrols) VALUES ('visit_emb_insp', 'visit', 'gully_id', 1, 3, true, 'double', 'text', 'Connec id', NULL, NULL, NULL, 12, 0, false, NULL, false, NULL, NULL, NULL, NULL, NULL, NULL, NULL, NULL, NULL, NULL, NULL, NULL, NULL, NULL, NULL, NULL);
INSERT INTO config_api_form_fields (formname, formtype, column_id, layout_id, layout_order, isenabled, datatype, widgettype, label, widgetdim, tooltip, placeholder, field_length, num_decimals, ismandatory, isparent, iseditable, isautoupdate, dv_querytext, dv_orderby_id, dv_isnullvalue, dv_parent_id, dv_querytext_filterc, widgetfunction, action_function, reload_field, stylesheet, isnotupdate, typeahead, listfilterparam, layout_name, editability, widgetcontrols) VALUES ('visit_emb_insp', 'visit', 'clean_gully', 1, 4, true, NULL, 'combo', 'Netejat:', NULL, NULL, NULL, 12, 2, false, NULL, true, NULL, 'SELECT id, idval FROM om_typevalue WHERE typevalue = ''visit_cleaned'' ', NULL, NULL, NULL, NULL, NULL, NULL, NULL, NULL, NULL, NULL, NULL, NULL, NULL, NULL);
INSERT INTO config_api_form_fields (formname, formtype, column_id, layout_id, layout_order, isenabled, datatype, widgettype, label, widgetdim, tooltip, placeholder, field_length, num_decimals, ismandatory, isparent, iseditable, isautoupdate, dv_querytext, dv_orderby_id, dv_isnullvalue, dv_parent_id, dv_querytext_filterc, widgetfunction, action_function, reload_field, stylesheet, isnotupdate, typeahead, listfilterparam, layout_name, editability, widgetcontrols) VALUES ('visit_emb_insp', 'visit', 'smells_gully', 1, 5, true, 'string', 'text', 'Olors:', NULL, NULL, NULL, NULL, NULL, false, NULL, true, NULL, 'SELECT id, idval FROM om_typevalue WHERE typevalue = ''visit_cleaned'' ', NULL, NULL, NULL, NULL, NULL, NULL, NULL, NULL, NULL, NULL, NULL, NULL, NULL, NULL);
INSERT INTO config_api_form_fields (formname, formtype, column_id, layout_id, layout_order, isenabled, datatype, widgettype, label, widgetdim, tooltip, placeholder, field_length, num_decimals, ismandatory, isparent, iseditable, isautoupdate, dv_querytext, dv_orderby_id, dv_isnullvalue, dv_parent_id, dv_querytext_filterc, widgetfunction, action_function, reload_field, stylesheet, isnotupdate, typeahead, listfilterparam, layout_name, editability, widgetcontrols) VALUES ('visit_emb_insp', 'visit', 'class_id', 1, 1, true, NULL, 'combo', 'Tipus visita:', NULL, NULL, NULL, NULL, NULL, true, NULL, true, NULL, 'SELECT id, idval FROM om_visit_class WHERE feature_type=''GULLY'' AND  active IS TRUE AND sys_role_id IN (SELECT rolname FROM pg_roles WHERE  pg_has_role( current_user, oid, ''member''))', NULL, NULL, NULL, NULL, NULL, NULL, NULL, NULL, true, NULL, NULL, NULL, NULL, NULL);
INSERT INTO config_api_form_fields (formname, formtype, column_id, layout_id, layout_order, isenabled, datatype, widgettype, label, widgetdim, tooltip, placeholder, field_length, num_decimals, ismandatory, isparent, iseditable, isautoupdate, dv_querytext, dv_orderby_id, dv_isnullvalue, dv_parent_id, dv_querytext_filterc, widgetfunction, action_function, reload_field, stylesheet, isnotupdate, typeahead, listfilterparam, layout_name, editability, widgetcontrols) VALUES ('visit_emb_insp', 'visit', 'visit_id', 1, 2, true, 'double', 'text', 'Visit id', NULL, NULL, NULL, 12, 0, false, NULL, false, NULL, NULL, NULL, NULL, NULL, NULL, NULL, NULL, NULL, NULL, NULL, NULL, NULL, NULL, NULL, NULL);
INSERT INTO config_api_form_fields (formname, formtype, column_id, layout_id, layout_order, isenabled, datatype, widgettype, label, widgetdim, tooltip, placeholder, field_length, num_decimals, ismandatory, isparent, iseditable, isautoupdate, dv_querytext, dv_orderby_id, dv_isnullvalue, dv_parent_id, dv_querytext_filterc, widgetfunction, action_function, reload_field, stylesheet, isnotupdate, typeahead, listfilterparam, layout_name, editability, widgetcontrols) VALUES ('visit_emb_insp', 'visit', 'acceptbutton', 9, 1, true, NULL, 'button', 'Acceptar', NULL, NULL, NULL, NULL, NULL, false, NULL, true, NULL, NULL, NULL, NULL, NULL, NULL, 'gwSetVisit', NULL, NULL, NULL, NULL, NULL, NULL, NULL, NULL, NULL);

INSERT INTO config_api_form_fields (formname, formtype, column_id, layout_id, layout_order, isenabled, datatype, widgettype, label, widgetdim, tooltip, placeholder, field_length, num_decimals, ismandatory, isparent, iseditable, isautoupdate, dv_querytext, dv_orderby_id, dv_isnullvalue, dv_parent_id, dv_querytext_filterc, widgetfunction, action_function, reload_field, stylesheet, isnotupdate, typeahead, listfilterparam, layout_name, editability, widgetcontrols) VALUES ('visit_connec_insp', 'visit', 'defect_connec', 1, 8, true, 'integer', 'combo', 'Defects:', NULL, NULL, NULL, NULL, NULL, false, NULL, true, NULL, 'SELECT id, idval FROM om_typevalue WHERE typevalue = ''visit_defect'' ', NULL, NULL, NULL, NULL, NULL, NULL, NULL, NULL, NULL, NULL, NULL, 'data_1', NULL, NULL);
INSERT INTO config_api_form_fields (formname, formtype, column_id, layout_id, layout_order, isenabled, datatype, widgettype, label, widgetdim, tooltip, placeholder, field_length, num_decimals, ismandatory, isparent, iseditable, isautoupdate, dv_querytext, dv_orderby_id, dv_isnullvalue, dv_parent_id, dv_querytext_filterc, widgetfunction, action_function, reload_field, stylesheet, isnotupdate, typeahead, listfilterparam, layout_name, editability, widgetcontrols) VALUES ('visit_connec_insp', 'visit', 'clean_connec', 1, 9, true, 'integer', 'combo', 'Cleaned:', NULL, NULL, NULL, NULL, NULL, false, NULL, true, NULL, 'SELECT id, idval FROM om_typevalue WHERE typevalue = ''visit_cleaned'' ', NULL, NULL, NULL, NULL, NULL, NULL, NULL, NULL, NULL, NULL, NULL, 'data_1', NULL, NULL);
INSERT INTO config_api_form_fields (formname, formtype, column_id, layout_id, layout_order, isenabled, datatype, widgettype, label, widgetdim, tooltip, placeholder, field_length, num_decimals, ismandatory, isparent, iseditable, isautoupdate, dv_querytext, dv_orderby_id, dv_isnullvalue, dv_parent_id, dv_querytext_filterc, widgetfunction, action_function, reload_field, stylesheet, isnotupdate, typeahead, listfilterparam, layout_name, editability, widgetcontrols) VALUES ('visit_node_insp', 'visit', 'defect_node', 1, 8, true, 'integer', 'combo', 'Defects:', NULL, NULL, NULL, NULL, NULL, false, NULL, true, NULL, 'SELECT id, idval FROM om_typevalue WHERE typevalue = ''visit_defect'' ', NULL, NULL, NULL, NULL, NULL, NULL, NULL, NULL, NULL, NULL, NULL, 'data_1', NULL, NULL);
INSERT INTO config_api_form_fields (formname, formtype, column_id, layout_id, layout_order, isenabled, datatype, widgettype, label, widgetdim, tooltip, placeholder, field_length, num_decimals, ismandatory, isparent, iseditable, isautoupdate, dv_querytext, dv_orderby_id, dv_isnullvalue, dv_parent_id, dv_querytext_filterc, widgetfunction, action_function, reload_field, stylesheet, isnotupdate, typeahead, listfilterparam, layout_name, editability, widgetcontrols) VALUES ('visit_node_insp', 'visit', 'clean_node', 1, 9, true, 'integer', 'combo', 'Cleaned:', NULL, NULL, NULL, NULL, NULL, false, NULL, true, NULL, 'SELECT id, idval FROM om_typevalue WHERE typevalue = ''visit_cleaned'' ', NULL, NULL, NULL, NULL, NULL, NULL, NULL, NULL, NULL, NULL, NULL, 'data_1', NULL, NULL);
INSERT INTO config_api_form_fields (formname, formtype, column_id, layout_id, layout_order, isenabled, datatype, widgettype, label, widgetdim, tooltip, placeholder, field_length, num_decimals, ismandatory, isparent, iseditable, isautoupdate, dv_querytext, dv_orderby_id, dv_isnullvalue, dv_parent_id, dv_querytext_filterc, widgetfunction, action_function, reload_field, stylesheet, isnotupdate, typeahead, listfilterparam, layout_name, editability, widgetcontrols) VALUES ('visit_arc_insp', 'visit', 'defect_arc', 1, 8, true, 'integer', 'combo', 'Defects:', NULL, NULL, NULL, NULL, NULL, false, NULL, true, NULL, 'SELECT id, idval FROM om_typevalue WHERE typevalue = ''visit_defect'' ', NULL, NULL, NULL, NULL, NULL, NULL, NULL, NULL, NULL, NULL, NULL, 'data_1', NULL, NULL);
INSERT INTO config_api_form_fields (formname, formtype, column_id, layout_id, layout_order, isenabled, datatype, widgettype, label, widgetdim, tooltip, placeholder, field_length, num_decimals, ismandatory, isparent, iseditable, isautoupdate, dv_querytext, dv_orderby_id, dv_isnullvalue, dv_parent_id, dv_querytext_filterc, widgetfunction, action_function, reload_field, stylesheet, isnotupdate, typeahead, listfilterparam, layout_name, editability, widgetcontrols) VALUES ('visit_arc_insp', 'visit', 'clean_arc', 1, 9, true, 'integer', 'combo', 'Cleaned:', NULL, NULL, NULL, NULL, NULL, false, NULL, true, NULL, 'SELECT id, idval FROM om_typevalue WHERE typevalue = ''visit_cleaned'' ', NULL, NULL, NULL, NULL, NULL, NULL, NULL, NULL, NULL, NULL, NULL, 'data_1', NULL, NULL);
INSERT INTO config_api_form_fields (formname, formtype, column_id, layout_id, layout_order, isenabled, datatype, widgettype, label, widgetdim, tooltip, placeholder, field_length, num_decimals, ismandatory, isparent, iseditable, isautoupdate, dv_querytext, dv_orderby_id, dv_isnullvalue, dv_parent_id, dv_querytext_filterc, widgetfunction, action_function, reload_field, stylesheet, isnotupdate, typeahead, listfilterparam, layout_name, editability, widgetcontrols) VALUES ('unexpected_noinfra', 'visit', 'incident_type', 1, 3, true, 'integer', 'combo', 'Incident type:', NULL, NULL, NULL, NULL, NULL, false, NULL, true, NULL, 'SELECT DISTINCT id,  idval FROM om_typevalue WHERE typevalue= ''incident_type'' ', NULL, NULL, NULL, NULL, NULL, NULL, NULL, NULL, NULL, NULL, NULL, 'data_1', NULL, NULL);
INSERT INTO config_api_form_fields (formname, formtype, column_id, layout_id, layout_order, isenabled, datatype, widgettype, label, widgetdim, tooltip, placeholder, field_length, num_decimals, ismandatory, isparent, iseditable, isautoupdate, dv_querytext, dv_orderby_id, dv_isnullvalue, dv_parent_id, dv_querytext_filterc, widgetfunction, action_function, reload_field, stylesheet, isnotupdate, typeahead, listfilterparam, layout_name, editability, widgetcontrols) VALUES ('unexpected_arc', 'visit', 'incident_type', 1, 3, true, 'integer', 'combo', 'Incident type:', NULL, NULL, NULL, NULL, NULL, false, NULL, true, NULL, 'SELECT DISTINCT id,  idval FROM om_typevalue WHERE typevalue= ''incident_type'' ', NULL, NULL, NULL, NULL, NULL, NULL, NULL, NULL, NULL, NULL, NULL, 'data_1', NULL, NULL);
INSERT INTO config_api_form_fields (formname, formtype, column_id, layout_id, layout_order, isenabled, datatype, widgettype, label, widgetdim, tooltip, placeholder, field_length, num_decimals, ismandatory, isparent, iseditable, isautoupdate, dv_querytext, dv_orderby_id, dv_isnullvalue, dv_parent_id, dv_querytext_filterc, widgetfunction, action_function, reload_field, stylesheet, isnotupdate, typeahead, listfilterparam, layout_name, editability, widgetcontrols) VALUES ('visit_node_leak', 'visit', 'event_code', 1, 7, true, 'string', 'text', 'Event code:', NULL, NULL, 'Ex.: Parameter code', NULL, NULL, false, NULL, true, NULL, NULL, NULL, NULL, NULL, NULL, NULL, NULL, NULL, NULL, NULL, NULL, NULL, 'data_1', NULL, NULL);
INSERT INTO config_api_form_fields (formname, formtype, column_id, layout_id, layout_order, isenabled, datatype, widgettype, label, widgetdim, tooltip, placeholder, field_length, num_decimals, ismandatory, isparent, iseditable, isautoupdate, dv_querytext, dv_orderby_id, dv_isnullvalue, dv_parent_id, dv_querytext_filterc, widgetfunction, action_function, reload_field, stylesheet, isnotupdate, typeahead, listfilterparam, layout_name, editability, widgetcontrols) VALUES ('visit_connec_leak', 'visit', 'ext_code', 1, 5, true, 'string', 'text', 'Code:', NULL, NULL, 'Ex.: Work order code', NULL, NULL, false, NULL, true, NULL, NULL, NULL, NULL, NULL, NULL, NULL, NULL, NULL, NULL, NULL, NULL, NULL, 'data_1', NULL, NULL);
INSERT INTO config_api_form_fields (formname, formtype, column_id, layout_id, layout_order, isenabled, datatype, widgettype, label, widgetdim, tooltip, placeholder, field_length, num_decimals, ismandatory, isparent, iseditable, isautoupdate, dv_querytext, dv_orderby_id, dv_isnullvalue, dv_parent_id, dv_querytext_filterc, widgetfunction, action_function, reload_field, stylesheet, isnotupdate, typeahead, listfilterparam, layout_name, editability, widgetcontrols) VALUES ('visit_connec_leak', 'visit', 'event_code', 1, 7, true, 'string', 'text', 'Event code:', NULL, NULL, 'Ex.: Parameter code', NULL, NULL, false, NULL, true, NULL, NULL, NULL, NULL, NULL, NULL, NULL, NULL, NULL, NULL, NULL, NULL, NULL, 'data_1', NULL, NULL);
INSERT INTO config_api_form_fields (formname, formtype, column_id, layout_id, layout_order, isenabled, datatype, widgettype, label, widgetdim, tooltip, placeholder, field_length, num_decimals, ismandatory, isparent, iseditable, isautoupdate, dv_querytext, dv_orderby_id, dv_isnullvalue, dv_parent_id, dv_querytext_filterc, widgetfunction, action_function, reload_field, stylesheet, isnotupdate, typeahead, listfilterparam, layout_name, editability, widgetcontrols) VALUES ('visit_node_insp', 'visit', 'class_id', 1, 1, true, 'integer', 'combo', 'Visit type:', NULL, NULL, NULL, NULL, NULL, true, NULL, true, NULL, 'SELECT id, idval FROM om_visit_class WHERE feature_type=''NODE'' AND  active IS TRUE AND sys_role_id IN (SELECT rolname FROM pg_roles WHERE  pg_has_role( current_user, oid, ''member''))', NULL, NULL, NULL, NULL, NULL, NULL, NULL, NULL, true, NULL, NULL, 'data_1', NULL, NULL);
INSERT INTO config_api_form_fields (formname, formtype, column_id, layout_id, layout_order, isenabled, datatype, widgettype, label, widgetdim, tooltip, placeholder, field_length, num_decimals, ismandatory, isparent, iseditable, isautoupdate, dv_querytext, dv_orderby_id, dv_isnullvalue, dv_parent_id, dv_querytext_filterc, widgetfunction, action_function, reload_field, stylesheet, isnotupdate, typeahead, listfilterparam, layout_name, editability, widgetcontrols) VALUES ('visit_connec_leak', 'visit', 'class_id', 1, 1, true, 'integer', 'combo', 'Visit type:', NULL, NULL, NULL, NULL, NULL, true, NULL, true, NULL, 'SELECT id, idval FROM om_visit_class WHERE feature_type=''CONNEC'' AND  active IS TRUE AND sys_role_id IN (SELECT rolname FROM pg_roles WHERE  pg_has_role( current_user, oid, ''member''))', NULL, NULL, NULL, NULL, 'gwGetVisit', NULL, NULL, NULL, true, NULL, NULL, 'data_1', NULL, NULL);
INSERT INTO config_api_form_fields (formname, formtype, column_id, layout_id, layout_order, isenabled, datatype, widgettype, label, widgetdim, tooltip, placeholder, field_length, num_decimals, ismandatory, isparent, iseditable, isautoupdate, dv_querytext, dv_orderby_id, dv_isnullvalue, dv_parent_id, dv_querytext_filterc, widgetfunction, action_function, reload_field, stylesheet, isnotupdate, typeahead, listfilterparam, layout_name, editability, widgetcontrols) VALUES ('visit_arc_insp', 'visit', 'class_id', 1, 1, true, 'integer', 'combo', 'Visit type:', NULL, NULL, NULL, NULL, NULL, true, NULL, true, NULL, 'SELECT id, idval FROM om_visit_class WHERE feature_type=''ARC'' AND  active IS TRUE AND sys_role_id IN (SELECT rolname FROM pg_roles WHERE  pg_has_role( current_user, oid, ''member''))', NULL, NULL, NULL, NULL, 'gwGetVisit', NULL, NULL, NULL, true, NULL, NULL, 'data_1', NULL, NULL);
INSERT INTO config_api_form_fields (formname, formtype, column_id, layout_id, layout_order, isenabled, datatype, widgettype, label, widgetdim, tooltip, placeholder, field_length, num_decimals, ismandatory, isparent, iseditable, isautoupdate, dv_querytext, dv_orderby_id, dv_isnullvalue, dv_parent_id, dv_querytext_filterc, widgetfunction, action_function, reload_field, stylesheet, isnotupdate, typeahead, listfilterparam, layout_name, editability, widgetcontrols) VALUES ('visit_arc_insp', 'visit', 'backbutton', 9, 2, true, NULL, 'button', 'Back', NULL, NULL, NULL, NULL, NULL, false, NULL, true, NULL, NULL, NULL, NULL, NULL, NULL, 'backButtonClicked', NULL, NULL, NULL, NULL, NULL, NULL, 'data_9', NULL, NULL);
INSERT INTO config_api_form_fields (formname, formtype, column_id, layout_id, layout_order, isenabled, datatype, widgettype, label, widgetdim, tooltip, placeholder, field_length, num_decimals, ismandatory, isparent, iseditable, isautoupdate, dv_querytext, dv_orderby_id, dv_isnullvalue, dv_parent_id, dv_querytext_filterc, widgetfunction, action_function, reload_field, stylesheet, isnotupdate, typeahead, listfilterparam, layout_name, editability, widgetcontrols) VALUES ('visit_arc_leak', 'visit', 'event_code', 1, 7, true, 'string', 'text', 'Event code:', NULL, NULL, 'Ex.: Parameter code', NULL, NULL, false, NULL, true, NULL, NULL, NULL, NULL, NULL, NULL, NULL, NULL, NULL, NULL, NULL, NULL, NULL, 'data_1', NULL, NULL);
INSERT INTO config_api_form_fields (formname, formtype, column_id, layout_id, layout_order, isenabled, datatype, widgettype, label, widgetdim, tooltip, placeholder, field_length, num_decimals, ismandatory, isparent, iseditable, isautoupdate, dv_querytext, dv_orderby_id, dv_isnullvalue, dv_parent_id, dv_querytext_filterc, widgetfunction, action_function, reload_field, stylesheet, isnotupdate, typeahead, listfilterparam, layout_name, editability, widgetcontrols) VALUES ('visit_arc_leak', 'visit', 'enddate', 1, 12, true, 'date', 'datepickertime', 'End date:', NULL, NULL, NULL, NULL, NULL, false, NULL, true, NULL, NULL, NULL, NULL, NULL, NULL, NULL, NULL, NULL, NULL, NULL, NULL, NULL, 'data_1', NULL, NULL);
INSERT INTO config_api_form_fields (formname, formtype, column_id, layout_id, layout_order, isenabled, datatype, widgettype, label, widgetdim, tooltip, placeholder, field_length, num_decimals, ismandatory, isparent, iseditable, isautoupdate, dv_querytext, dv_orderby_id, dv_isnullvalue, dv_parent_id, dv_querytext_filterc, widgetfunction, action_function, reload_field, stylesheet, isnotupdate, typeahead, listfilterparam, layout_name, editability, widgetcontrols) VALUES ('visit_arc_insp', 'visit', 'enddate', 1, 11, true, 'date', 'datepickertime', 'End date:', NULL, NULL, NULL, NULL, NULL, false, NULL, true, NULL, NULL, NULL, NULL, NULL, NULL, NULL, NULL, NULL, NULL, NULL, NULL, NULL, 'data_1', NULL, NULL);
INSERT INTO config_api_form_fields (formname, formtype, column_id, layout_id, layout_order, isenabled, datatype, widgettype, label, widgetdim, tooltip, placeholder, field_length, num_decimals, ismandatory, isparent, iseditable, isautoupdate, dv_querytext, dv_orderby_id, dv_isnullvalue, dv_parent_id, dv_querytext_filterc, widgetfunction, action_function, reload_field, stylesheet, isnotupdate, typeahead, listfilterparam, layout_name, editability, widgetcontrols) VALUES ('visit_arc_leak', 'visit', 'startdate', 1, 11, true, 'date', 'text', 'Start date:', NULL, NULL, NULL, NULL, NULL, false, NULL, true, NULL, NULL, NULL, NULL, NULL, NULL, NULL, NULL, NULL, NULL, NULL, NULL, NULL, 'data_1', NULL, NULL);
INSERT INTO config_api_form_fields (formname, formtype, column_id, layout_id, layout_order, isenabled, datatype, widgettype, label, widgetdim, tooltip, placeholder, field_length, num_decimals, ismandatory, isparent, iseditable, isautoupdate, dv_querytext, dv_orderby_id, dv_isnullvalue, dv_parent_id, dv_querytext_filterc, widgetfunction, action_function, reload_field, stylesheet, isnotupdate, typeahead, listfilterparam, layout_name, editability, widgetcontrols) VALUES ('visit_arc_leak', 'visit', 'lot_id', 1, 4, true, 'integer', 'combo', 'Lot id:', NULL, NULL, NULL, NULL, NULL, true, NULL, false, NULL, 'SELECT id , idval FROM om_visit_lot WHERE active IS TRUE', NULL, NULL, NULL, NULL, NULL, NULL, NULL, NULL, NULL, NULL, NULL, 'data_1', NULL, NULL);
INSERT INTO config_api_form_fields (formname, formtype, column_id, layout_id, layout_order, isenabled, datatype, widgettype, label, widgetdim, tooltip, placeholder, field_length, num_decimals, ismandatory, isparent, iseditable, isautoupdate, dv_querytext, dv_orderby_id, dv_isnullvalue, dv_parent_id, dv_querytext_filterc, widgetfunction, action_function, reload_field, stylesheet, isnotupdate, typeahead, listfilterparam, layout_name, editability, widgetcontrols) VALUES ('visit_arc_leak', 'visit', 'position_id', 1, 8, true, 'string', 'combo', 'Position id:', NULL, NULL, NULL, NULL, NULL, false, NULL, true, NULL, 'SELECT id, idval FROM (SELECT node_1 AS id, node_1 AS idval FROM arc UNION SELECT DISTINCT node_2 AS id, node_2 AS idval FROM arc) WHERE id IS NOT NULL', NULL, NULL, 'arc_id', ' AND arc.arc_id.arc_id=', NULL, NULL, NULL, NULL, NULL, NULL, NULL, 'data_1', NULL, NULL);
INSERT INTO config_api_form_fields (formname, formtype, column_id, layout_id, layout_order, isenabled, datatype, widgettype, label, widgetdim, tooltip, placeholder, field_length, num_decimals, ismandatory, isparent, iseditable, isautoupdate, dv_querytext, dv_orderby_id, dv_isnullvalue, dv_parent_id, dv_querytext_filterc, widgetfunction, action_function, reload_field, stylesheet, isnotupdate, typeahead, listfilterparam, layout_name, editability, widgetcontrols) VALUES ('visit_connec_insp', 'visit', 'visitcat_id', 1, 5, true, 'integer', 'combo', 'Visit catalog:', NULL, NULL, NULL, NULL, NULL, true, NULL, true, NULL, 'SELECT DISTINCT id AS id, name AS idval FROM om_visit_cat WHERE active IS TRUE', NULL, NULL, NULL, NULL, NULL, NULL, NULL, NULL, NULL, NULL, NULL, 'data_1', NULL, NULL);
INSERT INTO config_api_form_fields (formname, formtype, column_id, layout_id, layout_order, isenabled, datatype, widgettype, label, widgetdim, tooltip, placeholder, field_length, num_decimals, ismandatory, isparent, iseditable, isautoupdate, dv_querytext, dv_orderby_id, dv_isnullvalue, dv_parent_id, dv_querytext_filterc, widgetfunction, action_function, reload_field, stylesheet, isnotupdate, typeahead, listfilterparam, layout_name, editability, widgetcontrols) VALUES ('visit_arc_insp', 'visit', 'sediments_arc', 1, 7, true, 'double', 'text', 'Sediments', NULL, NULL, 'Ex.: 10 (en cmts.)', 12, 2, false, NULL, true, NULL, NULL, NULL, NULL, NULL, NULL, NULL, NULL, NULL, NULL, NULL, NULL, NULL, 'data_1', NULL, NULL);
INSERT INTO config_api_form_fields (formname, formtype, column_id, layout_id, layout_order, isenabled, datatype, widgettype, label, widgetdim, tooltip, placeholder, field_length, num_decimals, ismandatory, isparent, iseditable, isautoupdate, dv_querytext, dv_orderby_id, dv_isnullvalue, dv_parent_id, dv_querytext_filterc, widgetfunction, action_function, reload_field, stylesheet, isnotupdate, typeahead, listfilterparam, layout_name, editability, widgetcontrols) VALUES ('visit_connec_insp', 'visit', 'image1', 1, 2, true, 'bytea', 'image', NULL, NULL, NULL, NULL, NULL, NULL, false, NULL, true, NULL, 'SELECT row_to_json(res) FROM (SELECT encode(image, ''base64'') AS image FROM config_api_images WHERE id=1) res;', NULL, NULL, NULL, NULL, NULL, NULL, NULL, NULL, NULL, NULL, NULL, 'data_1', NULL, NULL);
INSERT INTO config_api_form_fields (formname, formtype, column_id, layout_id, layout_order, isenabled, datatype, widgettype, label, widgetdim, tooltip, placeholder, field_length, num_decimals, ismandatory, isparent, iseditable, isautoupdate, dv_querytext, dv_orderby_id, dv_isnullvalue, dv_parent_id, dv_querytext_filterc, widgetfunction, action_function, reload_field, stylesheet, isnotupdate, typeahead, listfilterparam, layout_name, editability, widgetcontrols) VALUES ('visit_arc_leak', 'visit', 'ext_code', 1, 5, true, 'string', 'text', 'Code:', NULL, NULL, 'Ex.: Work order code', NULL, NULL, false, NULL, true, NULL, NULL, NULL, NULL, NULL, NULL, NULL, NULL, NULL, NULL, NULL, NULL, NULL, 'data_1', NULL, NULL);
INSERT INTO config_api_form_fields (formname, formtype, column_id, layout_id, layout_order, isenabled, datatype, widgettype, label, widgetdim, tooltip, placeholder, field_length, num_decimals, ismandatory, isparent, iseditable, isautoupdate, dv_querytext, dv_orderby_id, dv_isnullvalue, dv_parent_id, dv_querytext_filterc, widgetfunction, action_function, reload_field, stylesheet, isnotupdate, typeahead, listfilterparam, layout_name, editability, widgetcontrols) VALUES ('visit_arc_insp', 'visit', 'image1', 1, 2, true, 'bytea', 'image', NULL, NULL, NULL, NULL, NULL, NULL, false, NULL, true, NULL, 'SELECT row_to_json(res) FROM (SELECT encode(image, ''base64'') AS image FROM config_api_images WHERE id=1) res;', NULL, NULL, NULL, NULL, NULL, NULL, NULL, NULL, NULL, NULL, NULL, 'data_1', NULL, NULL);
INSERT INTO config_api_form_fields (formname, formtype, column_id, layout_id, layout_order, isenabled, datatype, widgettype, label, widgetdim, tooltip, placeholder, field_length, num_decimals, ismandatory, isparent, iseditable, isautoupdate, dv_querytext, dv_orderby_id, dv_isnullvalue, dv_parent_id, dv_querytext_filterc, widgetfunction, action_function, reload_field, stylesheet, isnotupdate, typeahead, listfilterparam, layout_name, editability, widgetcontrols) VALUES ('visit_connec_insp', 'visit', 'sediments_connec', 1, 7, true, 'string', 'text', 'Sediments:', NULL, NULL, 'Ex.: 10 (en cmts.)', 12, 2, false, NULL, true, NULL, NULL, NULL, NULL, NULL, NULL, NULL, NULL, NULL, NULL, NULL, NULL, NULL, 'data_1', NULL, NULL);
INSERT INTO config_api_form_fields (formname, formtype, column_id, layout_id, layout_order, isenabled, datatype, widgettype, label, widgetdim, tooltip, placeholder, field_length, num_decimals, ismandatory, isparent, iseditable, isautoupdate, dv_querytext, dv_orderby_id, dv_isnullvalue, dv_parent_id, dv_querytext_filterc, widgetfunction, action_function, reload_field, stylesheet, isnotupdate, typeahead, listfilterparam, layout_name, editability, widgetcontrols) VALUES ('visit_arc_leak', 'visit', 'event_id', 1, 2, true, 'double', 'text', 'Event id:', NULL, NULL, NULL, 12, 0, false, NULL, false, NULL, NULL, NULL, NULL, NULL, NULL, NULL, NULL, NULL, NULL, NULL, NULL, NULL, 'data_1', NULL, NULL);
INSERT INTO config_api_form_fields (formname, formtype, column_id, layout_id, layout_order, isenabled, datatype, widgettype, label, widgetdim, tooltip, placeholder, field_length, num_decimals, ismandatory, isparent, iseditable, isautoupdate, dv_querytext, dv_orderby_id, dv_isnullvalue, dv_parent_id, dv_querytext_filterc, widgetfunction, action_function, reload_field, stylesheet, isnotupdate, typeahead, listfilterparam, layout_name, editability, widgetcontrols) VALUES ('visit_class_0', 'visit', 'acceptbutton', 9, 1, true, NULL, 'button', 'Accept', NULL, NULL, NULL, NULL, NULL, false, NULL, NULL, NULL, NULL, NULL, NULL, NULL, NULL, 'gwSetVisit', NULL, NULL, NULL, NULL, NULL, NULL, 'data_9', NULL, NULL);
INSERT INTO config_api_form_fields (formname, formtype, column_id, layout_id, layout_order, isenabled, datatype, widgettype, label, widgetdim, tooltip, placeholder, field_length, num_decimals, ismandatory, isparent, iseditable, isautoupdate, dv_querytext, dv_orderby_id, dv_isnullvalue, dv_parent_id, dv_querytext_filterc, widgetfunction, action_function, reload_field, stylesheet, isnotupdate, typeahead, listfilterparam, layout_name, editability, widgetcontrols) VALUES ('visit_arc_leak', 'visit', 'arc_id', 1, 10, true, 'string', 'text', 'Arc id:', NULL, NULL, NULL, NULL, NULL, false, NULL, false, NULL, NULL, NULL, NULL, NULL, NULL, NULL, NULL, NULL, NULL, NULL, NULL, NULL, 'data_1', NULL, NULL);
INSERT INTO config_api_form_fields (formname, formtype, column_id, layout_id, layout_order, isenabled, datatype, widgettype, label, widgetdim, tooltip, placeholder, field_length, num_decimals, ismandatory, isparent, iseditable, isautoupdate, dv_querytext, dv_orderby_id, dv_isnullvalue, dv_parent_id, dv_querytext_filterc, widgetfunction, action_function, reload_field, stylesheet, isnotupdate, typeahead, listfilterparam, layout_name, editability, widgetcontrols) VALUES ('visit_arc_insp', 'visit', 'ext_code', 1, 6, true, 'string', 'text', 'Code:', NULL, NULL, NULL, NULL, NULL, false, NULL, true, NULL, NULL, NULL, NULL, NULL, NULL, NULL, NULL, NULL, NULL, NULL, NULL, NULL, 'data_1', NULL, NULL);
INSERT INTO config_api_form_fields (formname, formtype, column_id, layout_id, layout_order, isenabled, datatype, widgettype, label, widgetdim, tooltip, placeholder, field_length, num_decimals, ismandatory, isparent, iseditable, isautoupdate, dv_querytext, dv_orderby_id, dv_isnullvalue, dv_parent_id, dv_querytext_filterc, widgetfunction, action_function, reload_field, stylesheet, isnotupdate, typeahead, listfilterparam, layout_name, editability, widgetcontrols) VALUES ('visit_arc_insp', 'visit', 'arc_id', 1, 4, true, 'double', 'text', 'Arc_id', NULL, NULL, NULL, 12, 0, false, NULL, false, NULL, NULL, NULL, NULL, NULL, NULL, NULL, NULL, NULL, NULL, NULL, NULL, NULL, 'data_1', NULL, NULL);
INSERT INTO config_api_form_fields (formname, formtype, column_id, layout_id, layout_order, isenabled, datatype, widgettype, label, widgetdim, tooltip, placeholder, field_length, num_decimals, ismandatory, isparent, iseditable, isautoupdate, dv_querytext, dv_orderby_id, dv_isnullvalue, dv_parent_id, dv_querytext_filterc, widgetfunction, action_function, reload_field, stylesheet, isnotupdate, typeahead, listfilterparam, layout_name, editability, widgetcontrols) VALUES ('visit_node_insp', 'visit', 'node_id', 1, 4, true, 'double', 'text', 'Node_id', NULL, NULL, NULL, 12, 0, false, NULL, false, NULL, NULL, NULL, NULL, NULL, NULL, NULL, NULL, NULL, NULL, NULL, NULL, NULL, 'data_1', NULL, NULL);
INSERT INTO config_api_form_fields (formname, formtype, column_id, layout_id, layout_order, isenabled, datatype, widgettype, label, widgetdim, tooltip, placeholder, field_length, num_decimals, ismandatory, isparent, iseditable, isautoupdate, dv_querytext, dv_orderby_id, dv_isnullvalue, dv_parent_id, dv_querytext_filterc, widgetfunction, action_function, reload_field, stylesheet, isnotupdate, typeahead, listfilterparam, layout_name, editability, widgetcontrols) VALUES ('visit_class_0', 'visit', 'class_id', 1, 1, true, 'integer', 'text', 'Visit type:', NULL, NULL, NULL, NULL, NULL, false, NULL, true, NULL, 'SELECT id, idval FROM om_visit_class WHERE feature_type IS NULL AND active IS TRUE AND id > 0 AND sys_role_id IN (SELECT rolname FROM pg_roles WHERE  pg_has_role( current_user, oid, ''member''))', NULL, NULL, NULL, NULL, NULL, NULL, NULL, NULL, NULL, NULL, NULL, 'data_1', NULL, NULL);
INSERT INTO config_api_form_fields (formname, formtype, column_id, layout_id, layout_order, isenabled, datatype, widgettype, label, widgetdim, tooltip, placeholder, field_length, num_decimals, ismandatory, isparent, iseditable, isautoupdate, dv_querytext, dv_orderby_id, dv_isnullvalue, dv_parent_id, dv_querytext_filterc, widgetfunction, action_function, reload_field, stylesheet, isnotupdate, typeahead, listfilterparam, layout_name, editability, widgetcontrols) VALUES ('visit_class_0', 'visit', 'ext_code', 1, 4, true, 'string', 'text', 'Code:', NULL, NULL, NULL, NULL, NULL, false, NULL, true, NULL, NULL, NULL, NULL, NULL, NULL, NULL, NULL, NULL, NULL, NULL, NULL, NULL, 'data_1', NULL, NULL);
INSERT INTO config_api_form_fields (formname, formtype, column_id, layout_id, layout_order, isenabled, datatype, widgettype, label, widgetdim, tooltip, placeholder, field_length, num_decimals, ismandatory, isparent, iseditable, isautoupdate, dv_querytext, dv_orderby_id, dv_isnullvalue, dv_parent_id, dv_querytext_filterc, widgetfunction, action_function, reload_field, stylesheet, isnotupdate, typeahead, listfilterparam, layout_name, editability, widgetcontrols) VALUES ('visit_class_0', 'visit', 'enddate', 1, 6, true, 'date', 'datepickertime', 'End date:', NULL, NULL, NULL, NULL, NULL, false, NULL, true, NULL, NULL, NULL, NULL, NULL, NULL, NULL, NULL, NULL, NULL, NULL, NULL, NULL, 'data_1', NULL, NULL);
INSERT INTO config_api_form_fields (formname, formtype, column_id, layout_id, layout_order, isenabled, datatype, widgettype, label, widgetdim, tooltip, placeholder, field_length, num_decimals, ismandatory, isparent, iseditable, isautoupdate, dv_querytext, dv_orderby_id, dv_isnullvalue, dv_parent_id, dv_querytext_filterc, widgetfunction, action_function, reload_field, stylesheet, isnotupdate, typeahead, listfilterparam, layout_name, editability, widgetcontrols) VALUES ('visit_arc_leak', 'visit', 'visit_id', 1, 3, true, 'double', 'text', 'Visit id:', NULL, NULL, NULL, 12, 0, false, NULL, false, NULL, NULL, NULL, NULL, NULL, NULL, NULL, NULL, NULL, NULL, NULL, NULL, NULL, 'data_1', NULL, NULL);
INSERT INTO config_api_form_fields (formname, formtype, column_id, layout_id, layout_order, isenabled, datatype, widgettype, label, widgetdim, tooltip, placeholder, field_length, num_decimals, ismandatory, isparent, iseditable, isautoupdate, dv_querytext, dv_orderby_id, dv_isnullvalue, dv_parent_id, dv_querytext_filterc, widgetfunction, action_function, reload_field, stylesheet, isnotupdate, typeahead, listfilterparam, layout_name, editability, widgetcontrols) VALUES ('visit_arc_insp', 'visit', 'startdate', 1, 10, true, 'date', 'datepickertime', 'Start date:', NULL, NULL, NULL, NULL, NULL, false, NULL, true, NULL, NULL, NULL, NULL, NULL, NULL, NULL, NULL, NULL, NULL, NULL, NULL, NULL, 'data_1', NULL, NULL);
INSERT INTO config_api_form_fields (formname, formtype, column_id, layout_id, layout_order, isenabled, datatype, widgettype, label, widgetdim, tooltip, placeholder, field_length, num_decimals, ismandatory, isparent, iseditable, isautoupdate, dv_querytext, dv_orderby_id, dv_isnullvalue, dv_parent_id, dv_querytext_filterc, widgetfunction, action_function, reload_field, stylesheet, isnotupdate, typeahead, listfilterparam, layout_name, editability, widgetcontrols) VALUES ('visit_class_0', 'visit', 'visit_id', 1, 2, true, 'integer', 'text', 'Visit id:', NULL, NULL, NULL, NULL, NULL, false, NULL, true, NULL, NULL, NULL, NULL, NULL, NULL, NULL, NULL, NULL, NULL, NULL, NULL, NULL, 'data_1', NULL, NULL);
INSERT INTO config_api_form_fields (formname, formtype, column_id, layout_id, layout_order, isenabled, datatype, widgettype, label, widgetdim, tooltip, placeholder, field_length, num_decimals, ismandatory, isparent, iseditable, isautoupdate, dv_querytext, dv_orderby_id, dv_isnullvalue, dv_parent_id, dv_querytext_filterc, widgetfunction, action_function, reload_field, stylesheet, isnotupdate, typeahead, listfilterparam, layout_name, editability, widgetcontrols) VALUES ('visit_class_0', 'visit', 'startdate', 1, 5, true, 'date', 'datepickertime', 'Start date:', NULL, NULL, NULL, NULL, NULL, false, NULL, true, NULL, NULL, NULL, NULL, NULL, NULL, NULL, NULL, NULL, NULL, NULL, NULL, NULL, 'data_1', NULL, NULL);
INSERT INTO config_api_form_fields (formname, formtype, column_id, layout_id, layout_order, isenabled, datatype, widgettype, label, widgetdim, tooltip, placeholder, field_length, num_decimals, ismandatory, isparent, iseditable, isautoupdate, dv_querytext, dv_orderby_id, dv_isnullvalue, dv_parent_id, dv_querytext_filterc, widgetfunction, action_function, reload_field, stylesheet, isnotupdate, typeahead, listfilterparam, layout_name, editability, widgetcontrols) VALUES ('visit_connec_insp', 'visit', 'visit_code', 1, 6, true, 'string', 'text', 'Visit code:', NULL, NULL, NULL, NULL, NULL, false, NULL, true, NULL, NULL, NULL, NULL, NULL, NULL, NULL, NULL, NULL, NULL, NULL, NULL, NULL, 'data_1', NULL, NULL);
INSERT INTO config_api_form_fields (formname, formtype, column_id, layout_id, layout_order, isenabled, datatype, widgettype, label, widgetdim, tooltip, placeholder, field_length, num_decimals, ismandatory, isparent, iseditable, isautoupdate, dv_querytext, dv_orderby_id, dv_isnullvalue, dv_parent_id, dv_querytext_filterc, widgetfunction, action_function, reload_field, stylesheet, isnotupdate, typeahead, listfilterparam, layout_name, editability, widgetcontrols) VALUES ('visit_connec_insp', 'visit', 'backbutton', 9, 2, true, NULL, 'button', 'Back', NULL, NULL, NULL, NULL, NULL, false, NULL, true, NULL, NULL, NULL, NULL, NULL, NULL, 'backButtonClicked', NULL, NULL, NULL, NULL, NULL, NULL, 'data_9', NULL, NULL);
INSERT INTO config_api_form_fields (formname, formtype, column_id, layout_id, layout_order, isenabled, datatype, widgettype, label, widgetdim, tooltip, placeholder, field_length, num_decimals, ismandatory, isparent, iseditable, isautoupdate, dv_querytext, dv_orderby_id, dv_isnullvalue, dv_parent_id, dv_querytext_filterc, widgetfunction, action_function, reload_field, stylesheet, isnotupdate, typeahead, listfilterparam, layout_name, editability, widgetcontrols) VALUES ('visit_node_leak', 'visit', 'class_id', 1, 1, true, 'integer', 'combo', 'Visit type:', NULL, NULL, NULL, NULL, NULL, true, NULL, true, NULL, 'SELECT id, idval FROM om_visit_class WHERE feature_type=''NODE'' AND  active IS TRUE AND sys_role_id IN (SELECT rolname FROM pg_roles WHERE  pg_has_role( current_user, oid, ''member''))', NULL, NULL, NULL, NULL, 'gwGetVisit', NULL, NULL, NULL, NULL, NULL, NULL, 'data_1', NULL, NULL);
INSERT INTO config_api_form_fields (formname, formtype, column_id, layout_id, layout_order, isenabled, datatype, widgettype, label, widgetdim, tooltip, placeholder, field_length, num_decimals, ismandatory, isparent, iseditable, isautoupdate, dv_querytext, dv_orderby_id, dv_isnullvalue, dv_parent_id, dv_querytext_filterc, widgetfunction, action_function, reload_field, stylesheet, isnotupdate, typeahead, listfilterparam, layout_name, editability, widgetcontrols) VALUES ('visit_node_leak', 'visit', 'visitcat_id', 1, 4, true, 'integer', 'combo', 'Visit catalog:', NULL, NULL, NULL, NULL, NULL, true, NULL, true, NULL, 'SELECT DISTINCT id AS id, name AS idval FROM om_visit_cat WHERE active IS TRUE', NULL, NULL, NULL, NULL, NULL, NULL, NULL, NULL, NULL, NULL, NULL, 'data_1', NULL, NULL);
INSERT INTO config_api_form_fields (formname, formtype, column_id, layout_id, layout_order, isenabled, datatype, widgettype, label, widgetdim, tooltip, placeholder, field_length, num_decimals, ismandatory, isparent, iseditable, isautoupdate, dv_querytext, dv_orderby_id, dv_isnullvalue, dv_parent_id, dv_querytext_filterc, widgetfunction, action_function, reload_field, stylesheet, isnotupdate, typeahead, listfilterparam, layout_name, editability, widgetcontrols) VALUES ('visit_node_insp', 'visit', 'visit_code', 1, 6, true, 'string', 'text', 'Visit code:', NULL, NULL, NULL, NULL, NULL, false, NULL, true, NULL, NULL, NULL, NULL, NULL, NULL, NULL, NULL, NULL, NULL, NULL, NULL, NULL, 'data_1', NULL, NULL);
INSERT INTO config_api_form_fields (formname, formtype, column_id, layout_id, layout_order, isenabled, datatype, widgettype, label, widgetdim, tooltip, placeholder, field_length, num_decimals, ismandatory, isparent, iseditable, isautoupdate, dv_querytext, dv_orderby_id, dv_isnullvalue, dv_parent_id, dv_querytext_filterc, widgetfunction, action_function, reload_field, stylesheet, isnotupdate, typeahead, listfilterparam, layout_name, editability, widgetcontrols) VALUES ('visit_arc_insp', 'visit', 'acceptbutton', 9, 1, true, NULL, 'button', 'Accept', NULL, NULL, NULL, NULL, NULL, false, NULL, true, NULL, NULL, NULL, NULL, NULL, NULL, 'gwSetVisit', NULL, NULL, NULL, NULL, NULL, NULL, 'data_9', NULL, NULL);
INSERT INTO config_api_form_fields (formname, formtype, column_id, layout_id, layout_order, isenabled, datatype, widgettype, label, widgetdim, tooltip, placeholder, field_length, num_decimals, ismandatory, isparent, iseditable, isautoupdate, dv_querytext, dv_orderby_id, dv_isnullvalue, dv_parent_id, dv_querytext_filterc, widgetfunction, action_function, reload_field, stylesheet, isnotupdate, typeahead, listfilterparam, layout_name, editability, widgetcontrols) VALUES ('visit_class_0', 'visit', 'visitcat_id', 1, 3, true, 'integer', 'combo', 'Visit catalog:', NULL, NULL, NULL, NULL, NULL, false, NULL, true, NULL, 'SELECT DISTINCT id AS id, name AS idval FROM om_visit_cat WHERE active IS TRUE', NULL, NULL, NULL, NULL, NULL, NULL, NULL, NULL, NULL, NULL, NULL, 'data_1', NULL, NULL);
INSERT INTO config_api_form_fields (formname, formtype, column_id, layout_id, layout_order, isenabled, datatype, widgettype, label, widgetdim, tooltip, placeholder, field_length, num_decimals, ismandatory, isparent, iseditable, isautoupdate, dv_querytext, dv_orderby_id, dv_isnullvalue, dv_parent_id, dv_querytext_filterc, widgetfunction, action_function, reload_field, stylesheet, isnotupdate, typeahead, listfilterparam, layout_name, editability, widgetcontrols) VALUES ('visit_class_0', 'visit', 'cancelbutton', 9, 2, true, NULL, 'button', 'Cancel', NULL, NULL, NULL, NULL, NULL, false, NULL, NULL, NULL, NULL, NULL, NULL, NULL, NULL, 'backButtonClicked', NULL, NULL, NULL, NULL, NULL, NULL, 'data_9', NULL, NULL);
INSERT INTO config_api_form_fields (formname, formtype, column_id, layout_id, layout_order, isenabled, datatype, widgettype, label, widgetdim, tooltip, placeholder, field_length, num_decimals, ismandatory, isparent, iseditable, isautoupdate, dv_querytext, dv_orderby_id, dv_isnullvalue, dv_parent_id, dv_querytext_filterc, widgetfunction, action_function, reload_field, stylesheet, isnotupdate, typeahead, listfilterparam, layout_name, editability, widgetcontrols) VALUES ('visit_node_insp', 'visit', 'sediments_node', 1, 7, true, 'double', 'text', 'Sediments:', NULL, NULL, 'Ex.: 10 (en cmts.)', 12, 2, false, NULL, true, NULL, NULL, NULL, NULL, NULL, NULL, NULL, NULL, NULL, NULL, NULL, NULL, NULL, 'data_1', NULL, NULL);
INSERT INTO config_api_form_fields (formname, formtype, column_id, layout_id, layout_order, isenabled, datatype, widgettype, label, widgetdim, tooltip, placeholder, field_length, num_decimals, ismandatory, isparent, iseditable, isautoupdate, dv_querytext, dv_orderby_id, dv_isnullvalue, dv_parent_id, dv_querytext_filterc, widgetfunction, action_function, reload_field, stylesheet, isnotupdate, typeahead, listfilterparam, layout_name, editability, widgetcontrols) VALUES ('visit_connec_leak', 'visit', 'event_id', 1, 2, true, 'double', 'text', 'Event id:', NULL, NULL, NULL, NULL, NULL, false, NULL, false, NULL, NULL, NULL, NULL, NULL, NULL, NULL, NULL, NULL, NULL, NULL, NULL, NULL, 'data_1', NULL, NULL);
INSERT INTO config_api_form_fields (formname, formtype, column_id, layout_id, layout_order, isenabled, datatype, widgettype, label, widgetdim, tooltip, placeholder, field_length, num_decimals, ismandatory, isparent, iseditable, isautoupdate, dv_querytext, dv_orderby_id, dv_isnullvalue, dv_parent_id, dv_querytext_filterc, widgetfunction, action_function, reload_field, stylesheet, isnotupdate, typeahead, listfilterparam, layout_name, editability, widgetcontrols) VALUES ('visit_connec_leak', 'visit', 'connec_id', 1, 8, true, 'double', 'text', 'Connec id:', NULL, NULL, NULL, NULL, NULL, false, NULL, false, NULL, NULL, NULL, NULL, NULL, NULL, NULL, NULL, NULL, NULL, NULL, NULL, NULL, 'data_1', NULL, NULL);
INSERT INTO config_api_form_fields (formname, formtype, column_id, layout_id, layout_order, isenabled, datatype, widgettype, label, widgetdim, tooltip, placeholder, field_length, num_decimals, ismandatory, isparent, iseditable, isautoupdate, dv_querytext, dv_orderby_id, dv_isnullvalue, dv_parent_id, dv_querytext_filterc, widgetfunction, action_function, reload_field, stylesheet, isnotupdate, typeahead, listfilterparam, layout_name, editability, widgetcontrols) VALUES ('visit_connec_insp', 'visit', 'connec_id', 1, 4, true, 'string', 'text', 'Connec id', NULL, NULL, NULL, NULL, NULL, false, NULL, false, NULL, NULL, NULL, NULL, NULL, NULL, NULL, NULL, NULL, NULL, NULL, NULL, NULL, 'data_1', NULL, NULL);
INSERT INTO config_api_form_fields (formname, formtype, column_id, layout_id, layout_order, isenabled, datatype, widgettype, label, widgetdim, tooltip, placeholder, field_length, num_decimals, ismandatory, isparent, iseditable, isautoupdate, dv_querytext, dv_orderby_id, dv_isnullvalue, dv_parent_id, dv_querytext_filterc, widgetfunction, action_function, reload_field, stylesheet, isnotupdate, typeahead, listfilterparam, layout_name, editability, widgetcontrols) VALUES ('visit_node_leak', 'visit', 'event_id', 1, 2, true, 'double', 'text', 'Event id:', NULL, NULL, NULL, 12, 0, false, NULL, false, NULL, NULL, NULL, NULL, NULL, NULL, NULL, NULL, NULL, NULL, NULL, NULL, NULL, 'data_1', NULL, NULL);
INSERT INTO config_api_form_fields (formname, formtype, column_id, layout_id, layout_order, isenabled, datatype, widgettype, label, widgetdim, tooltip, placeholder, field_length, num_decimals, ismandatory, isparent, iseditable, isautoupdate, dv_querytext, dv_orderby_id, dv_isnullvalue, dv_parent_id, dv_querytext_filterc, widgetfunction, action_function, reload_field, stylesheet, isnotupdate, typeahead, listfilterparam, layout_name, editability, widgetcontrols) VALUES ('visit_node_leak', 'visit', 'arc_id', 1, 8, true, 'double', 'text', 'Node id:', NULL, NULL, NULL, 12, 0, false, NULL, false, NULL, NULL, NULL, NULL, NULL, NULL, NULL, NULL, NULL, NULL, NULL, NULL, NULL, 'data_1', NULL, NULL);
INSERT INTO config_api_form_fields (formname, formtype, column_id, layout_id, layout_order, isenabled, datatype, widgettype, label, widgetdim, tooltip, placeholder, field_length, num_decimals, ismandatory, isparent, iseditable, isautoupdate, dv_querytext, dv_orderby_id, dv_isnullvalue, dv_parent_id, dv_querytext_filterc, widgetfunction, action_function, reload_field, stylesheet, isnotupdate, typeahead, listfilterparam, layout_name, editability, widgetcontrols) VALUES ('visit_node_insp', 'visit', 'image1', 1, 2, true, 'bytea', 'image', NULL, NULL, NULL, NULL, NULL, NULL, false, NULL, true, NULL, 'SELECT row_to_json(res) FROM (SELECT encode(image, ''base64'') AS image FROM config_api_images WHERE id=1) res;', NULL, NULL, NULL, NULL, NULL, NULL, NULL, NULL, NULL, NULL, NULL, 'data_1', NULL, NULL);
INSERT INTO config_api_form_fields (formname, formtype, column_id, layout_id, layout_order, isenabled, datatype, widgettype, label, widgetdim, tooltip, placeholder, field_length, num_decimals, ismandatory, isparent, iseditable, isautoupdate, dv_querytext, dv_orderby_id, dv_isnullvalue, dv_parent_id, dv_querytext_filterc, widgetfunction, action_function, reload_field, stylesheet, isnotupdate, typeahead, listfilterparam, layout_name, editability, widgetcontrols) VALUES ('visit_node_leak', 'visit', 'ext_code', 1, 5, true, 'string', 'text', 'Code:', NULL, NULL, 'Ex.: Work order code', NULL, NULL, false, NULL, true, NULL, NULL, NULL, NULL, NULL, NULL, NULL, NULL, NULL, NULL, NULL, NULL, NULL, 'data_1', NULL, NULL);
INSERT INTO config_api_form_fields (formname, formtype, column_id, layout_id, layout_order, isenabled, datatype, widgettype, label, widgetdim, tooltip, placeholder, field_length, num_decimals, ismandatory, isparent, iseditable, isautoupdate, dv_querytext, dv_orderby_id, dv_isnullvalue, dv_parent_id, dv_querytext_filterc, widgetfunction, action_function, reload_field, stylesheet, isnotupdate, typeahead, listfilterparam, layout_name, editability, widgetcontrols) VALUES ('visit_connec_insp', 'visit', 'visit_id', 1, 3, true, 'double', 'text', 'Visit id:', NULL, NULL, NULL, 12, 0, false, NULL, false, NULL, NULL, NULL, NULL, NULL, NULL, NULL, NULL, NULL, NULL, NULL, NULL, NULL, 'data_1', NULL, NULL);
INSERT INTO config_api_form_fields (formname, formtype, column_id, layout_id, layout_order, isenabled, datatype, widgettype, label, widgetdim, tooltip, placeholder, field_length, num_decimals, ismandatory, isparent, iseditable, isautoupdate, dv_querytext, dv_orderby_id, dv_isnullvalue, dv_parent_id, dv_querytext_filterc, widgetfunction, action_function, reload_field, stylesheet, isnotupdate, typeahead, listfilterparam, layout_name, editability, widgetcontrols) VALUES ('visit_node_leak', 'visit', 'visit_id', 1, 3, true, 'double', 'text', 'Visit id:', NULL, NULL, NULL, 12, 0, false, NULL, false, NULL, NULL, NULL, NULL, NULL, NULL, NULL, NULL, NULL, NULL, NULL, NULL, NULL, 'data_1', NULL, NULL);
INSERT INTO config_api_form_fields (formname, formtype, column_id, layout_id, layout_order, isenabled, datatype, widgettype, label, widgetdim, tooltip, placeholder, field_length, num_decimals, ismandatory, isparent, iseditable, isautoupdate, dv_querytext, dv_orderby_id, dv_isnullvalue, dv_parent_id, dv_querytext_filterc, widgetfunction, action_function, reload_field, stylesheet, isnotupdate, typeahead, listfilterparam, layout_name, editability, widgetcontrols) VALUES ('visit_node_insp', 'visit', 'visit_id', 1, 3, true, 'double', 'text', 'Visit id:', NULL, NULL, NULL, 12, 0, false, NULL, false, NULL, NULL, NULL, NULL, NULL, NULL, NULL, NULL, NULL, NULL, NULL, NULL, NULL, 'data_1', NULL, NULL);
INSERT INTO config_api_form_fields (formname, formtype, column_id, layout_id, layout_order, isenabled, datatype, widgettype, label, widgetdim, tooltip, placeholder, field_length, num_decimals, ismandatory, isparent, iseditable, isautoupdate, dv_querytext, dv_orderby_id, dv_isnullvalue, dv_parent_id, dv_querytext_filterc, widgetfunction, action_function, reload_field, stylesheet, isnotupdate, typeahead, listfilterparam, layout_name, editability, widgetcontrols) VALUES ('visit_connec_leak', 'visit', 'visit_id', 1, 3, true, 'double', 'text', 'Visit id:', NULL, NULL, NULL, NULL, NULL, false, NULL, false, NULL, NULL, NULL, NULL, NULL, NULL, NULL, NULL, NULL, NULL, NULL, NULL, NULL, 'data_1', NULL, NULL);
INSERT INTO config_api_form_fields (formname, formtype, column_id, layout_id, layout_order, isenabled, datatype, widgettype, label, widgetdim, tooltip, placeholder, field_length, num_decimals, ismandatory, isparent, iseditable, isautoupdate, dv_querytext, dv_orderby_id, dv_isnullvalue, dv_parent_id, dv_querytext_filterc, widgetfunction, action_function, reload_field, stylesheet, isnotupdate, typeahead, listfilterparam, layout_name, editability, widgetcontrols) VALUES ('visit_connec_leak', 'visit', 'parameter_id', 1, 6, true, 'string', 'text', 'Parameter:', NULL, NULL, NULL, NULL, NULL, false, NULL, false, NULL, 'SELECT id AS id, descript AS idval FROM om_visit_parameter WHERE feature_type=''CONNEC''', NULL, NULL, NULL, NULL, NULL, NULL, NULL, NULL, NULL, NULL, NULL, 'data_1', NULL, NULL);
INSERT INTO config_api_form_fields (formname, formtype, column_id, layout_id, layout_order, isenabled, datatype, widgettype, label, widgetdim, tooltip, placeholder, field_length, num_decimals, ismandatory, isparent, iseditable, isautoupdate, dv_querytext, dv_orderby_id, dv_isnullvalue, dv_parent_id, dv_querytext_filterc, widgetfunction, action_function, reload_field, stylesheet, isnotupdate, typeahead, listfilterparam, layout_name, editability, widgetcontrols) VALUES ('visit_arc_insp', 'visit', 'visit_id', 1, 3, true, 'double', 'text', 'Visit id:', NULL, NULL, NULL, 12, 0, false, NULL, false, NULL, NULL, NULL, NULL, NULL, NULL, NULL, NULL, NULL, NULL, NULL, NULL, NULL, 'data_1', NULL, NULL);
INSERT INTO config_api_form_fields (formname, formtype, column_id, layout_id, layout_order, isenabled, datatype, widgettype, label, widgetdim, tooltip, placeholder, field_length, num_decimals, ismandatory, isparent, iseditable, isautoupdate, dv_querytext, dv_orderby_id, dv_isnullvalue, dv_parent_id, dv_querytext_filterc, widgetfunction, action_function, reload_field, stylesheet, isnotupdate, typeahead, listfilterparam, layout_name, editability, widgetcontrols) VALUES ('visit_arc_leak', 'visit', 'class_id', 1, 1, true, 'integer', 'combo', 'Visit type:', NULL, NULL, NULL, 12, 0, true, NULL, true, NULL, 'SELECT id, idval FROM om_visit_class WHERE feature_type=''ARC'' AND  active IS TRUE AND sys_role_id IN (SELECT rolname FROM pg_roles WHERE  pg_has_role( current_user, oid, ''member''))', NULL, NULL, NULL, NULL, 'gwGetVisit', NULL, NULL, NULL, NULL, NULL, NULL, 'data_1', NULL, NULL);
INSERT INTO config_api_form_fields (formname, formtype, column_id, layout_id, layout_order, isenabled, datatype, widgettype, label, widgetdim, tooltip, placeholder, field_length, num_decimals, ismandatory, isparent, iseditable, isautoupdate, dv_querytext, dv_orderby_id, dv_isnullvalue, dv_parent_id, dv_querytext_filterc, widgetfunction, action_function, reload_field, stylesheet, isnotupdate, typeahead, listfilterparam, layout_name, editability, widgetcontrols) VALUES ('visit_arc_leak', 'visit', 'parameter_id', 1, 6, true, 'string', 'combo', 'Parameter:', NULL, NULL, NULL, NULL, NULL, false, NULL, false, NULL, 'SELECT id AS id, descript AS idval FROM om_visit_parameter WHERE feature_type=''ARC''', NULL, NULL, NULL, NULL, NULL, NULL, NULL, NULL, NULL, NULL, NULL, 'data_1', NULL, NULL);
INSERT INTO config_api_form_fields (formname, formtype, column_id, layout_id, layout_order, isenabled, datatype, widgettype, label, widgetdim, tooltip, placeholder, field_length, num_decimals, ismandatory, isparent, iseditable, isautoupdate, dv_querytext, dv_orderby_id, dv_isnullvalue, dv_parent_id, dv_querytext_filterc, widgetfunction, action_function, reload_field, stylesheet, isnotupdate, typeahead, listfilterparam, layout_name, editability, widgetcontrols) VALUES ('visit_arc_leak', 'visit', 'position_value', 1, 9, true, 'double', 'text', 'Position value:', NULL, NULL, 'Ex.: 34.57', 12, 2, false, NULL, true, NULL, NULL, NULL, NULL, NULL, NULL, NULL, NULL, NULL, NULL, NULL, NULL, NULL, 'data_1', NULL, NULL);
INSERT INTO config_api_form_fields (formname, formtype, column_id, layout_id, layout_order, isenabled, datatype, widgettype, label, widgetdim, tooltip, placeholder, field_length, num_decimals, ismandatory, isparent, iseditable, isautoupdate, dv_querytext, dv_orderby_id, dv_isnullvalue, dv_parent_id, dv_querytext_filterc, widgetfunction, action_function, reload_field, stylesheet, isnotupdate, typeahead, listfilterparam, layout_name, editability, widgetcontrols) VALUES ('visit_arc_leak', 'visit', 'acceptbutton', 9, 1, true, NULL, 'button', 'Accept', NULL, NULL, NULL, NULL, NULL, false, NULL, true, NULL, NULL, NULL, NULL, NULL, NULL, 'gwSetVisit', NULL, NULL, NULL, NULL, NULL, NULL, 'data_9', NULL, NULL);
INSERT INTO config_api_form_fields (formname, formtype, column_id, layout_id, layout_order, isenabled, datatype, widgettype, label, widgetdim, tooltip, placeholder, field_length, num_decimals, ismandatory, isparent, iseditable, isautoupdate, dv_querytext, dv_orderby_id, dv_isnullvalue, dv_parent_id, dv_querytext_filterc, widgetfunction, action_function, reload_field, stylesheet, isnotupdate, typeahead, listfilterparam, layout_name, editability, widgetcontrols) VALUES ('visit_arc_leak', 'visit', 'backbutton', 9, 2, true, NULL, 'button', 'Back', NULL, NULL, NULL, NULL, NULL, false, NULL, true, NULL, NULL, NULL, NULL, NULL, NULL, 'backButtonClicked', NULL, NULL, NULL, NULL, NULL, NULL, 'data_9', NULL, NULL);
INSERT INTO config_api_form_fields (formname, formtype, column_id, layout_id, layout_order, isenabled, datatype, widgettype, label, widgetdim, tooltip, placeholder, field_length, num_decimals, ismandatory, isparent, iseditable, isautoupdate, dv_querytext, dv_orderby_id, dv_isnullvalue, dv_parent_id, dv_querytext_filterc, widgetfunction, action_function, reload_field, stylesheet, isnotupdate, typeahead, listfilterparam, layout_name, editability, widgetcontrols) VALUES ('visit_connec_insp', 'visit', 'class_id', 1, 1, true, 'integer', 'combo', 'Visit type:', NULL, NULL, NULL, 12, 0, true, NULL, true, NULL, 'SELECT id, idval FROM om_visit_class WHERE feature_type=''CONNEC'' AND  active IS TRUE AND sys_role_id IN (SELECT rolname FROM pg_roles WHERE  pg_has_role( current_user, oid, ''member''))', NULL, NULL, NULL, NULL, NULL, NULL, NULL, NULL, NULL, NULL, NULL, 'data_1', NULL, NULL);
INSERT INTO config_api_form_fields (formname, formtype, column_id, layout_id, layout_order, isenabled, datatype, widgettype, label, widgetdim, tooltip, placeholder, field_length, num_decimals, ismandatory, isparent, iseditable, isautoupdate, dv_querytext, dv_orderby_id, dv_isnullvalue, dv_parent_id, dv_querytext_filterc, widgetfunction, action_function, reload_field, stylesheet, isnotupdate, typeahead, listfilterparam, layout_name, editability, widgetcontrols) VALUES ('visit_connec_insp', 'visit', 'acceptbutton', 9, 1, true, NULL, 'button', 'Accept', NULL, NULL, NULL, NULL, NULL, false, NULL, true, NULL, NULL, NULL, NULL, NULL, NULL, 'gwSetVisit', NULL, NULL, NULL, NULL, NULL, NULL, 'data_9', NULL, NULL);
INSERT INTO config_api_form_fields (formname, formtype, column_id, layout_id, layout_order, isenabled, datatype, widgettype, label, widgetdim, tooltip, placeholder, field_length, num_decimals, ismandatory, isparent, iseditable, isautoupdate, dv_querytext, dv_orderby_id, dv_isnullvalue, dv_parent_id, dv_querytext_filterc, widgetfunction, action_function, reload_field, stylesheet, isnotupdate, typeahead, listfilterparam, layout_name, editability, widgetcontrols) VALUES ('visit_arc_leak', 'visit', 'status', 1, 13, true, 'integer', 'combo', 'Status:', NULL, NULL, NULL, NULL, NULL, false, NULL, true, NULL, 'SELECT DISTINCT (id) AS id,  idval  AS idval FROM om_typevalue WHERE id IS NOT NULL AND typevalue=''visit_cat_status'' ', NULL, NULL, NULL, NULL, NULL, NULL, NULL, NULL, NULL, NULL, NULL, 'data_1', NULL, NULL);
INSERT INTO config_api_form_fields (formname, formtype, column_id, layout_id, layout_order, isenabled, datatype, widgettype, label, widgetdim, tooltip, placeholder, field_length, num_decimals, ismandatory, isparent, iseditable, isautoupdate, dv_querytext, dv_orderby_id, dv_isnullvalue, dv_parent_id, dv_querytext_filterc, widgetfunction, action_function, reload_field, stylesheet, isnotupdate, typeahead, listfilterparam, layout_name, editability, widgetcontrols) VALUES ('visit_node_insp', 'visit', 'visitcat_id', 1, 5, true, 'integer', 'combo', 'Visit catalog:', NULL, NULL, NULL, NULL, NULL, true, NULL, true, NULL, 'SELECT DISTINCT id AS id, name AS idval FROM om_visit_cat WHERE active IS TRUE', NULL, NULL, NULL, NULL, NULL, NULL, NULL, NULL, NULL, NULL, NULL, 'data_1', NULL, NULL);
INSERT INTO config_api_form_fields (formname, formtype, column_id, layout_id, layout_order, isenabled, datatype, widgettype, label, widgetdim, tooltip, placeholder, field_length, num_decimals, ismandatory, isparent, iseditable, isautoupdate, dv_querytext, dv_orderby_id, dv_isnullvalue, dv_parent_id, dv_querytext_filterc, widgetfunction, action_function, reload_field, stylesheet, isnotupdate, typeahead, listfilterparam, layout_name, editability, widgetcontrols) VALUES ('visit_node_insp', 'visit', 'acceptbutton', 9, 1, true, NULL, 'button', 'Accept', NULL, NULL, NULL, NULL, NULL, false, NULL, true, NULL, NULL, NULL, NULL, NULL, NULL, 'gwSetVisit', NULL, NULL, NULL, NULL, NULL, NULL, 'data_9', NULL, NULL);
INSERT INTO config_api_form_fields (formname, formtype, column_id, layout_id, layout_order, isenabled, datatype, widgettype, label, widgetdim, tooltip, placeholder, field_length, num_decimals, ismandatory, isparent, iseditable, isautoupdate, dv_querytext, dv_orderby_id, dv_isnullvalue, dv_parent_id, dv_querytext_filterc, widgetfunction, action_function, reload_field, stylesheet, isnotupdate, typeahead, listfilterparam, layout_name, editability, widgetcontrols) VALUES ('visit_node_insp', 'visit', 'backbutton', 9, 2, true, NULL, 'button', 'Back', NULL, NULL, NULL, NULL, NULL, false, NULL, true, NULL, NULL, NULL, NULL, NULL, NULL, 'backButtonClicked', NULL, NULL, NULL, NULL, NULL, NULL, 'data_9', NULL, NULL);
INSERT INTO config_api_form_fields (formname, formtype, column_id, layout_id, layout_order, isenabled, datatype, widgettype, label, widgetdim, tooltip, placeholder, field_length, num_decimals, ismandatory, isparent, iseditable, isautoupdate, dv_querytext, dv_orderby_id, dv_isnullvalue, dv_parent_id, dv_querytext_filterc, widgetfunction, action_function, reload_field, stylesheet, isnotupdate, typeahead, listfilterparam, layout_name, editability, widgetcontrols) VALUES ('visit_connec_leak', 'visit', 'visitcat_id', 1, 4, true, 'integer', 'combo', 'Visit catalog:', NULL, NULL, NULL, NULL, NULL, true, NULL, true, NULL, 'SELECT DISTINCT id AS id, name AS idval FROM om_visit_cat WHERE active IS TRUE', NULL, NULL, NULL, NULL, NULL, NULL, NULL, NULL, NULL, NULL, NULL, 'data_1', NULL, NULL);
INSERT INTO config_api_form_fields (formname, formtype, column_id, layout_id, layout_order, isenabled, datatype, widgettype, label, widgetdim, tooltip, placeholder, field_length, num_decimals, ismandatory, isparent, iseditable, isautoupdate, dv_querytext, dv_orderby_id, dv_isnullvalue, dv_parent_id, dv_querytext_filterc, widgetfunction, action_function, reload_field, stylesheet, isnotupdate, typeahead, listfilterparam, layout_name, editability, widgetcontrols) VALUES ('visit_arc_insp', 'visit', 'divider', 1, 10, true, NULL, 'formDivider', NULL, NULL, NULL, NULL, NULL, NULL, false, NULL, true, NULL, NULL, NULL, NULL, NULL, NULL, NULL, NULL, NULL, NULL, NULL, NULL, NULL, 'data_1', NULL, NULL);
INSERT INTO config_api_form_fields (formname, formtype, column_id, layout_id, layout_order, isenabled, datatype, widgettype, label, widgetdim, tooltip, placeholder, field_length, num_decimals, ismandatory, isparent, iseditable, isautoupdate, dv_querytext, dv_orderby_id, dv_isnullvalue, dv_parent_id, dv_querytext_filterc, widgetfunction, action_function, reload_field, stylesheet, isnotupdate, typeahead, listfilterparam, layout_name, editability, widgetcontrols) VALUES ('visit_node_leak', 'visit', 'parameter_id', 1, 6, true, 'string', 'text', 'Parameter:', NULL, NULL, NULL, NULL, NULL, false, NULL, false, NULL, 'SELECT id AS id, descript AS idval FROM om_visit_parameter WHERE feature_type=''NODE''', NULL, NULL, NULL, NULL, NULL, NULL, NULL, NULL, NULL, NULL, NULL, 'data_1', NULL, NULL);
INSERT INTO config_api_form_fields (formname, formtype, column_id, layout_id, layout_order, isenabled, datatype, widgettype, label, widgetdim, tooltip, placeholder, field_length, num_decimals, ismandatory, isparent, iseditable, isautoupdate, dv_querytext, dv_orderby_id, dv_isnullvalue, dv_parent_id, dv_querytext_filterc, widgetfunction, action_function, reload_field, stylesheet, isnotupdate, typeahead, listfilterparam, layout_name, editability, widgetcontrols) VALUES ('unexpected_noinfra', 'visit', 'visit_id', 1, 2, true, 'integer', 'text', 'Visit id:', NULL, NULL, NULL, NULL, NULL, false, NULL, false, NULL, NULL, NULL, NULL, NULL, NULL, NULL, NULL, NULL, NULL, NULL, NULL, NULL, 'data_1', NULL, NULL);
INSERT INTO config_api_form_fields (formname, formtype, column_id, layout_id, layout_order, isenabled, datatype, widgettype, label, widgetdim, tooltip, placeholder, field_length, num_decimals, ismandatory, isparent, iseditable, isautoupdate, dv_querytext, dv_orderby_id, dv_isnullvalue, dv_parent_id, dv_querytext_filterc, widgetfunction, action_function, reload_field, stylesheet, isnotupdate, typeahead, listfilterparam, layout_name, editability, widgetcontrols) VALUES ('unexpected_noinfra', 'visit', 'startdate', 1, 5, true, 'date', 'datepickertime', 'Start date:', NULL, NULL, NULL, NULL, NULL, false, NULL, true, NULL, NULL, NULL, NULL, NULL, NULL, NULL, NULL, NULL, NULL, NULL, NULL, NULL, 'data_1', NULL, NULL);
INSERT INTO config_api_form_fields (formname, formtype, column_id, layout_id, layout_order, isenabled, datatype, widgettype, label, widgetdim, tooltip, placeholder, field_length, num_decimals, ismandatory, isparent, iseditable, isautoupdate, dv_querytext, dv_orderby_id, dv_isnullvalue, dv_parent_id, dv_querytext_filterc, widgetfunction, action_function, reload_field, stylesheet, isnotupdate, typeahead, listfilterparam, layout_name, editability, widgetcontrols) VALUES ('unexpected_noinfra', 'visit', 'acceptbutton', 9, 1, true, NULL, 'button', 'Accept', NULL, NULL, NULL, NULL, NULL, false, NULL, true, NULL, NULL, NULL, NULL, NULL, NULL, 'gwSetVisit', NULL, NULL, NULL, NULL, NULL, NULL, 'data_9', NULL, NULL);
INSERT INTO config_api_form_fields (formname, formtype, column_id, layout_id, layout_order, isenabled, datatype, widgettype, label, widgetdim, tooltip, placeholder, field_length, num_decimals, ismandatory, isparent, iseditable, isautoupdate, dv_querytext, dv_orderby_id, dv_isnullvalue, dv_parent_id, dv_querytext_filterc, widgetfunction, action_function, reload_field, stylesheet, isnotupdate, typeahead, listfilterparam, layout_name, editability, widgetcontrols) VALUES ('unexpected_noinfra', 'visit', 'class_id', 1, 1, true, 'integer', 'combo', 'Visit type:', NULL, NULL, NULL, NULL, NULL, false, NULL, false, NULL, 'SELECT id, idval FROM om_visit_class WHERE feature_type IS NULL AND active IS TRUE AND id > 0 AND sys_role_id IN (SELECT rolname FROM pg_roles WHERE  pg_has_role( current_user, oid, ''member''))', NULL, NULL, NULL, NULL, 'gwGetVisit', NULL, NULL, NULL, NULL, NULL, NULL, 'data_1', NULL, NULL);
INSERT INTO config_api_form_fields (formname, formtype, column_id, layout_id, layout_order, isenabled, datatype, widgettype, label, widgetdim, tooltip, placeholder, field_length, num_decimals, ismandatory, isparent, iseditable, isautoupdate, dv_querytext, dv_orderby_id, dv_isnullvalue, dv_parent_id, dv_querytext_filterc, widgetfunction, action_function, reload_field, stylesheet, isnotupdate, typeahead, listfilterparam, layout_name, editability, widgetcontrols) VALUES ('unexpected_noinfra', 'visit', 'incident_comment', 1, 7, true, 'string', 'text', 'Comment:', NULL, NULL, NULL, NULL, NULL, false, NULL, true, NULL, NULL, NULL, NULL, NULL, NULL, NULL, NULL, NULL, NULL, NULL, NULL, NULL, 'data_1', NULL, NULL);
INSERT INTO config_api_form_fields (formname, formtype, column_id, layout_id, layout_order, isenabled, datatype, widgettype, label, widgetdim, tooltip, placeholder, field_length, num_decimals, ismandatory, isparent, iseditable, isautoupdate, dv_querytext, dv_orderby_id, dv_isnullvalue, dv_parent_id, dv_querytext_filterc, widgetfunction, action_function, reload_field, stylesheet, isnotupdate, typeahead, listfilterparam, layout_name, editability, widgetcontrols) VALUES ('unexpected_noinfra', 'visit', 'ext_code', 1, 4, true, 'string', 'text', 'Code:', NULL, NULL, NULL, NULL, NULL, false, NULL, true, NULL, NULL, NULL, NULL, NULL, NULL, NULL, NULL, NULL, NULL, NULL, NULL, NULL, 'data_1', NULL, NULL);
INSERT INTO config_api_form_fields (formname, formtype, column_id, layout_id, layout_order, isenabled, datatype, widgettype, label, widgetdim, tooltip, placeholder, field_length, num_decimals, ismandatory, isparent, iseditable, isautoupdate, dv_querytext, dv_orderby_id, dv_isnullvalue, dv_parent_id, dv_querytext_filterc, widgetfunction, action_function, reload_field, stylesheet, isnotupdate, typeahead, listfilterparam, layout_name, editability, widgetcontrols) VALUES ('unexpected_noinfra', 'visit', 'enddate', 1, 6, true, 'date', 'datepickertime', 'End date:', NULL, NULL, NULL, NULL, NULL, false, NULL, true, NULL, NULL, NULL, NULL, NULL, NULL, NULL, NULL, NULL, NULL, NULL, NULL, NULL, 'data_1', NULL, NULL);
INSERT INTO config_api_form_fields (formname, formtype, column_id, layout_id, layout_order, isenabled, datatype, widgettype, label, widgetdim, tooltip, placeholder, field_length, num_decimals, ismandatory, isparent, iseditable, isautoupdate, dv_querytext, dv_orderby_id, dv_isnullvalue, dv_parent_id, dv_querytext_filterc, widgetfunction, action_function, reload_field, stylesheet, isnotupdate, typeahead, listfilterparam, layout_name, editability, widgetcontrols) VALUES ('unexpected_noinfra', 'visit', 'cancelbutton', 9, 2, true, NULL, 'button', 'Cancel', NULL, NULL, NULL, NULL, NULL, false, NULL, true, NULL, NULL, NULL, NULL, NULL, NULL, 'backButtonClicked', NULL, NULL, NULL, NULL, NULL, NULL, 'data_9', NULL, NULL);
INSERT INTO config_api_form_fields (formname, formtype, column_id, layout_id, layout_order, isenabled, datatype, widgettype, label, widgetdim, tooltip, placeholder, field_length, num_decimals, ismandatory, isparent, iseditable, isautoupdate, dv_querytext, dv_orderby_id, dv_isnullvalue, dv_parent_id, dv_querytext_filterc, widgetfunction, action_function, reload_field, stylesheet, isnotupdate, typeahead, listfilterparam, layout_name, editability, widgetcontrols) VALUES ('visit_arc_insp', 'visit', 'lot_id', 1, 5, true, 'integer', 'combo', 'Lot id:', NULL, NULL, NULL, NULL, NULL, true, NULL, false, NULL, 'SELECT id , idval FROM om_visit_lot WHERE active IS TRUE', NULL, NULL, NULL, NULL, NULL, NULL, NULL, NULL, NULL, NULL, NULL, 'data_1', NULL, NULL);
INSERT INTO config_api_form_fields (formname, formtype, column_id, layout_id, layout_order, isenabled, datatype, widgettype, label, widgetdim, tooltip, placeholder, field_length, num_decimals, ismandatory, isparent, iseditable, isautoupdate, dv_querytext, dv_orderby_id, dv_isnullvalue, dv_parent_id, dv_querytext_filterc, widgetfunction, action_function, reload_field, stylesheet, isnotupdate, typeahead, listfilterparam, layout_name, editability, widgetcontrols) VALUES ('visit_arc_insp', 'visit', 'status', 1, 12, true, 'integer', 'combo', 'Status:', NULL, NULL, NULL, NULL, NULL, false, NULL, true, NULL, 'SELECT DISTINCT (id) AS id,  idval  AS idval FROM om_typevalue WHERE id IS NOT NULL AND typevalue=''visit_cat_status'' ', NULL, NULL, NULL, NULL, NULL, NULL, NULL, NULL, NULL, NULL, NULL, 'data_1', NULL, NULL);

