/*
This file is part of Giswater
The program is free software: you can redistribute it and/or modify it under the terms of the GNU
General Public License as published by the Free Software Foundation, either version 3 of the License,
or (at your option) any later version.
*/

SET search_path = "SCHEMA_NAME", public, pg_catalog;

UPDATE config_param_system SET value='FALSE' WHERE parameter='admin_config_control_trigger';

UPDATE cat_feature SET active = TRUE;

INSERT INTO config_param_user VALUES ('edit_gratecat_vdefault', 'N/I', current_user);
INSERT INTO config_param_user VALUES ('plan_psector_gexpenses_vdefault', '19.00', current_user);
INSERT INTO config_param_user VALUES ('plan_psector_vat_vdefault', '21.00', current_user);
INSERT INTO config_param_user VALUES ('plan_psector_other_vdefault', '4.00', current_user);
INSERT INTO config_param_user VALUES ('plan_psector_current', '1', current_user);
INSERT INTO config_param_user VALUES ('edit_arccat_vdefault', 'CC040', current_user);
INSERT INTO config_param_user VALUES ('edit_state_vdefault', '1', current_user);
INSERT INTO config_param_user VALUES ('edit_workcat_vdefault', 'work1', current_user);
INSERT INTO config_param_user VALUES ('edit_verified_vdefault', '1', current_user);
INSERT INTO config_param_user VALUES ('edit_connecat_vdefault', 'CC020_D', current_user);
INSERT INTO config_param_user VALUES ('edit_nodecat_vdefault', 'NETINIT-01', current_user);
INSERT INTO config_param_user VALUES ('edit_pavementcat_vdefault', 'Asphalt', current_user);
INSERT INTO config_param_user VALUES ('edit_soilcat_vdefault', 'soil1', current_user);
INSERT INTO config_param_user VALUES ('qgis_dim_tooltip', 'false', current_user);
INSERT INTO config_param_user VALUES ('qgis_composers_folderpath', NULL, current_user);
INSERT INTO config_param_user VALUES ('edit_statetype_0_vdefault', '1', current_user);
INSERT INTO config_param_user VALUES ('edit_statetype_1_vdefault', '2', current_user);
INSERT INTO config_param_user VALUES ('edit_statetype_2_vdefault', '3', current_user);
INSERT INTO config_param_user VALUES ('inp_options_epaversion', '5.1', current_user);
INSERT INTO config_param_user VALUES ('edit_disable_statetopocontrol', 'false', current_user);
INSERT INTO config_param_user VALUES ('utils_debug_mode', 'false', current_user);
INSERT INTO config_param_user VALUES ('edit_typevalue_fk_disable', 'FALSE', current_user);
INSERT INTO config_param_user VALUES ('qgis_form_log_hidden', 'false', current_user);
INSERT INTO config_param_user VALUES ('qgis_layers_set_propierties', 'true', current_user);
INSERT INTO config_param_user VALUES ('utils_checkproject_database', 'false', current_user);
INSERT INTO config_param_user VALUES ('edit_arc_insert_automatic_endpoint', 'false', current_user);
INSERT INTO config_param_user VALUES ('qgis_form_initproject_hidden', 'true', current_user);
INSERT INTO config_param_user VALUES ('inp_options_advancedsettings', '{"status":false, "parameters":{"junction":{"ysur":999}}}', current_user);
INSERT INTO config_param_user VALUES ('utils_formlabel_show_columname', 'false', current_user);
INSERT INTO config_param_user VALUES ('qgis_init_guide_map', 'false', current_user);
INSERT INTO config_param_user VALUES ('edit_connec_disable_linktonetwork', 'FALSE', current_user);
INSERT INTO config_param_user VALUES ('inp_options_minlength', '1', current_user);
INSERT INTO config_param_user VALUES ('om_profile_stylesheet', '{"title":{"text":{"color":"black", "weight":"bold", "size":10}},
"terrain":{"color":"gray", "width":1.5, "style":"dashdot"},
"infra":{"real":{"color":"black", "width":1, "style":"solid"},
"interpolated":{"color":"black", "width":1.5,"style":"dashed"}},
"grid":{"boundary":{"color":"gray","style":"solid", "width":1}, "lines":{"color":"lightgray","style":"solid", "width":1},"text":{"color":"black", "weight":"normal"}},
"guitar":{"lines":{"color":"black", "style":"solid", "width":1}, "auxiliarlines":{"color":"gray","style":"solid", "width":1}, "text":{"color":"black", "weight":"normal"}}}', current_user);
INSERT INTO config_param_user VALUES ('inp_options_debug', '{"checkResult":true,"onlyIsOperative":true,"delDisconnNetwork":true,"graphicLog":"true","steps":0}', current_user);
INSERT INTO config_param_user VALUES ('epa_lidco_vdefault', NULL, current_user);
INSERT INTO config_param_user VALUES ('edit_node_interpolate', '{"topElev":{"status":false, "column":"custom_top_elev"},  "elev":{"status":true, "column":"custom_elev"}, "ymax":{"status":false, "column":"custom_ymax"}}', current_user);
INSERT INTO config_param_user VALUES ('epa_gully_weir_cd_vdefault', '1.6', current_user);
INSERT INTO config_param_user VALUES ('epa_gully_orifice_cd_vdefault', '0.7', current_user);
INSERT INTO config_param_user VALUES ('epa_gully_efficiency_vdefault', '100', current_user);
INSERT INTO config_param_user VALUES ('utils_checkproject_qgislayer', 'false', current_user);
INSERT INTO config_param_user VALUES ('edit_disable_topocontrol', 'false', current_user);
INSERT INTO config_param_user VALUES ('plan_psector_force_delete', 'false', current_user);
INSERT INTO config_param_user VALUES ('epa_gully_outlet_type_vdefault', 'To_network', current_user);
INSERT INTO config_param_user VALUES ('epa_gully_method_vdefault', 'W_O', current_user);
INSERT INTO config_param_user VALUES ('inp_report_continuity', 'YES', current_user);
INSERT INTO config_param_user VALUES ('inp_report_flowstats', 'YES', current_user);
INSERT INTO config_param_user VALUES ('inp_report_controls', 'YES', current_user);
INSERT INTO config_param_user VALUES ('inp_report_input', 'NO', current_user);
INSERT INTO config_param_user VALUES ('inp_options_routing_step', '00:00:02', current_user);
INSERT INTO config_param_user VALUES ('inp_options_start_date', '01/01/2017', current_user);
INSERT INTO config_param_user VALUES ('inp_options_report_start_date', '01/01/2017', current_user);
INSERT INTO config_param_user VALUES ('inp_options_report_step', '00:05:00', current_user);
INSERT INTO config_param_user VALUES ('inp_options_start_time', '00:00:00', current_user);
INSERT INTO config_param_user VALUES ('inp_options_end_time', '03:00:00', current_user);
INSERT INTO config_param_user VALUES ('inp_options_report_start_time', '00:00:00', current_user);
INSERT INTO config_param_user VALUES ('inp_options_force_main_equation', 'H-W', current_user);
INSERT INTO config_param_user VALUES ('inp_options_inertial_damping', 'NONE', current_user);
INSERT INTO config_param_user VALUES ('inp_options_lat_flow_tol', '5', current_user);
INSERT INTO config_param_user VALUES ('inp_options_lengthening_step', '1', current_user);
INSERT INTO config_param_user VALUES ('inp_options_wet_step', '00:05:00', current_user);
INSERT INTO config_param_user VALUES ('inp_options_sweep_start', '01/01', current_user);
INSERT INTO config_param_user VALUES ('inp_options_head_tolerance', '0.000', current_user);
INSERT INTO config_param_user VALUES ('inp_options_normal_flow_limited', 'BOTH', current_user);
INSERT INTO config_param_user VALUES ('inp_options_min_surfarea', '0.00', current_user);
INSERT INTO config_param_user VALUES ('inp_options_dry_days', '10', current_user);
INSERT INTO config_param_user VALUES ('inp_options_dry_step', '01:00:00', current_user);
INSERT INTO config_param_user VALUES ('inp_options_sweep_end', '12/31', current_user);
INSERT INTO config_param_user VALUES ('inp_options_max_trials', '0', current_user);
INSERT INTO config_param_user VALUES ('inp_options_skip_steady_state', 'NO', current_user);
INSERT INTO config_param_user VALUES ('inp_options_allow_ponding', 'YES', current_user);
INSERT INTO config_param_user VALUES ('inp_options_min_slope', '0.00', current_user);
INSERT INTO config_param_user VALUES ('inp_options_ignore_groundwater', 'NO', current_user);
INSERT INTO config_param_user VALUES ('inp_options_ignore_rainfall', 'NO', current_user);
INSERT INTO config_param_user VALUES ('inp_options_ignore_routing', 'NO', current_user);
INSERT INTO config_param_user VALUES ('inp_options_ignore_snowmelt', 'NO', current_user);
INSERT INTO config_param_user VALUES ('inp_options_ignore_quality', 'NO', current_user);
INSERT INTO config_param_user VALUES ('inp_options_tempdir', NULL, current_user);
INSERT INTO config_param_user VALUES ('inp_report_subcatchments', NULL, current_user);
INSERT INTO config_param_user VALUES ('inp_options_sys_flow_tol', '5', current_user);
INSERT INTO config_param_user VALUES ('inp_options_end_date', '01/01/2017', current_user);
INSERT INTO config_param_user VALUES ('inp_options_rule_step', '00:00:00', current_user);
INSERT INTO config_param_user VALUES ('inp_options_threads', '1', current_user);
INSERT INTO config_param_user VALUES ('inp_options_setallraingages', NULL, current_user);
INSERT INTO config_param_user VALUES ('inp_options_vdefault', '{"status":true, "parameters":{
"junction":{"y0":0, "ysur":0},
"outfall":{"outfallType":"NORMAL"},
"conduit":{"barrels":1, "q0":0, "qmax":0},
"orifice":{"oriType":"SIDE", "shape":"CIRCULAR", "cd":0.75, "geom1":1, "flap":"NO"},
"weir":{"weirType":"SIDEFLOW", "cd":0.75, "ec":null, "cd2":null, "flap":"NO", "geom1":1, "geom2":1},
"outlet":{"outletType":"TABULAR/DEPTH", "cd1":null, "cd2":null, "flap":"NO"},
"pump":{},
"raingage":{"scf":1}}}', current_user);
INSERT INTO config_param_user VALUES ('inp_options_hydrology_current', '1', current_user);
INSERT INTO config_param_user VALUES ('inp_options_flow_units', 'CMS', current_user);
INSERT INTO config_param_user VALUES ('inp_options_flow_routing', 'DYNWAVE', current_user);
INSERT INTO config_param_user VALUES ('inp_options_link_offsets', 'ELEVATION', current_user);
INSERT INTO config_param_user VALUES ('inp_options_networkmode', '1', current_user);
INSERT INTO config_param_user VALUES ('inp_options_variable_step', '0.75', current_user);
INSERT INTO config_param_user VALUES ('inp_options_minimum_step', '0.5', current_user);
INSERT INTO config_param_user VALUES ('edit_node2arc_update_disable', 'false', current_user);
INSERT INTO config_param_user VALUES ('inp_options_dwfscenario_current', NULL, current_user);
INSERT INTO config_param_user VALUES ('inp_report_nodes', NULL, current_user);
INSERT INTO config_param_user VALUES ('inp_report_nodes_2', NULL, current_user);
INSERT INTO config_param_user VALUES ('inp_report_links', NULL, current_user);
INSERT INTO config_param_user VALUES ('edit_disable_arctopocontrol', NULL, current_user);
INSERT INTO config_param_user VALUES ('edit_disable_update_nodevalues', NULL, current_user);
INSERT INTO config_param_user VALUES ('qgis_info_docker', 'false', current_user);
INSERT INTO config_param_user VALUES ('edit_noderotation_update_dsbl', 'TRUE', current_user);
INSERT INTO config_param_user VALUES ('feat_connec_vdefault', NULL, current_user);
INSERT INTO config_param_user VALUES ('feat_vconnec_vdefault', NULL, current_user);
INSERT INTO config_param_user VALUES ('feat_conduit_vdefault', NULL, current_user);
INSERT INTO config_param_user VALUES ('feat_pump_pipe_vdefault', NULL, current_user);
INSERT INTO config_param_user VALUES ('feat_highpoint_vdefault', NULL, current_user);
INSERT INTO config_param_user VALUES ('feat_register_vdefault', NULL, current_user);
INSERT INTO config_param_user VALUES ('feat_change_vdefault', NULL, current_user);
INSERT INTO config_param_user VALUES ('feat_virtual_node_vdefault', NULL, current_user);
INSERT INTO config_param_user VALUES ('feat_outfall_vdefault', NULL, current_user);
INSERT INTO config_param_user VALUES ('feat_junction_vdefault', NULL, current_user);
INSERT INTO config_param_user VALUES ('feat_gully_vdefault', NULL, current_user);
INSERT INTO config_param_user VALUES ('feat_pgully_vdefault', NULL, current_user);
INSERT INTO config_param_user VALUES ('feat_vgully_vdefault', NULL, current_user);
INSERT INTO config_param_user VALUES ('feat_siphon_vdefault', NULL, current_user);
INSERT INTO config_param_user VALUES ('feat_waccel_vdefault', NULL, current_user);
INSERT INTO config_param_user VALUES ('feat_varc_vdefault', NULL, current_user);
INSERT INTO config_param_user VALUES ('feat_circ_manhole_vdefault', NULL, current_user);
INSERT INTO config_param_user VALUES ('feat_jump_vdefault', NULL, current_user);
INSERT INTO config_param_user VALUES ('feat_rect_manhole_vdefault', NULL, current_user);
INSERT INTO config_param_user VALUES ('feat_sandbox_vdefault', NULL, current_user);
INSERT INTO config_param_user VALUES ('feat_wwtp_vdefault', NULL, current_user);
INSERT INTO config_param_user VALUES ('feat_valve_vdefault', NULL, current_user);
INSERT INTO config_param_user VALUES ('feat_netgully_vdefault', NULL, current_user);
INSERT INTO config_param_user VALUES ('feat_netelement_vdefault', NULL, current_user);
INSERT INTO config_param_user VALUES ('feat_netinit_vdefault', NULL, current_user);
INSERT INTO config_param_user VALUES ('feat_chamber_vdefault', NULL, current_user);
INSERT INTO config_param_user VALUES ('feat_weir_vdefault', NULL, current_user);
INSERT INTO config_param_user VALUES ('feat_sewer_storage_vdefault', NULL, current_user);
INSERT INTO config_param_user VALUES ('feat_owerflow_storage_vdefault', NULL, current_user);
INSERT INTO config_param_user VALUES ('feat_pump_station_vdefault', NULL, current_user);
INSERT INTO config_param_user VALUES ('edit_insert_elevation_from_dem', 'true', current_user);
INSERT INTO config_param_user VALUES ('edit_update_elevation_from_dem', 'true', current_user);
INSERT INTO config_param_user VALUES ('qgis_form_docker', 'TRUE', current_user);
INSERT INTO config_param_user VALUES ('edit_elementcat_vdefault', NULL, current_user);
INSERT INTO config_param_user VALUES ('om_visit_status_vdefault', '4', current_user);
INSERT INTO config_param_user VALUES ('edit_plan_order_control', 'true', current_user);
INSERT INTO config_param_user VALUES ('utils_workspace_vdefault', NULL, current_user);


INSERT INTO exploitation (expl_id, code, "name", descript, macroexpl_id, lock_level, active, the_geom, created_at, created_by, updated_at, updated_by)
VALUES (1, '1', 'expl_01', NULL, 1, NULL, true, '0106000020E764000001000000010300000001000000310000004344FB8D57901941579E3EEE847551414952F8205C901941B8E002D4967551412BEA86DD5E901941F1B6390E9D7551413CD9D0716790194146526D5EA2755141C252A53388901941664752E5A675514191608F1EC4901941107C78DAAA755141CD78F02601911941C9594B57AD7551414B4A73286091194199E45D54AF75514196093983DB9119419860ED49B175514149511D00F9911941A04440BDAF755141B5BE46E8AD921941115C602EA47551413252FCBE16941941AC9DABDF94755141C78F577EA29419415AE606D58E755141FCEF873869951941DBF98480867551414E302882CF95194168805EE581755141F6C32938F4961941D22EAC8E75755141BEF2646F3C9719414D0EBC8972755141B8A7F68B9A971941C8CDBE026E755141B22277D1FD97194193B3528968755141A8344C506D981941BC3C94776275514160A9766BB2981941E2E516F45E755141CA43B6C34F991941615273F3557551410137653BB1991941816A8CAD50755141B0C634E3339A1941036077F54A755141BE58D480839A1941224D3F97477551410BFAD15B709B1941806778B53D755141C2A48EBD199C19410F36E0BE367551419E9C3986F39B19416CBC9C1C33755141EAE67282AE9B1941FBE7A8EA3575514124193708FA9A1941AC2FF50B2C75514107D9C6CECB9A194101574A97297551414723F9E6179A19412C13ABA61F755141CAB0FBC0ED991941446A39E61C755141309C88F89098194121ABAC8A087551411D554E735E98194151FB59B705755141962F594D3D9819415F273EE5037551410EC2A5985A971941C7A4626AF77451416E6AC5DC6F961941F6EF74CCEA745141D6D7D6B2959519417289B548EF745141BEEC10BC4995194190769F9CF07451415C5A0852729419413182684F02755141DCE1D4EF6B94194131C106B705755141F1E448C7A1931941A4154AA615755141D1BA81A24E9319415BFD9E7E1975514154BF5362D4911941BB61D7152975514169EECA68629019410ED2733838755141CEE8BC0E43901941490775783A755141253AB8DB34901941CEE66D84407551414344FB8D57901941579E3EEE84755141', '2017-12-22 12:30:52.569543', current_user, NULL, NULL);

INSERT INTO exploitation (expl_id, code, "name", descript, macroexpl_id, lock_level, active, the_geom, created_at, created_by, updated_at, updated_by)
VALUES (2, '2', 'expl_02', NULL, 1, NULL, true, '0106000020E76400000100000001030000000100000020000000BBD70605668A1941BEB94A87BF765141584CD18B848919412D294EC3B57651411A1991F0AE881941D9ED61A0AB76514113D980EEA3871941BAB108279E7651418474A44FDB871941D13E8274997651410A7D84E9FE8719412ECCCADE957651417CD969941C881941B20229FB8B765141736CAD5B3088194158565FEF84765141E5C892064E88194185AA331D80765141380CC18979881941F15318EC7A7651416C3638E5B28819416C19991F74765141EDD15B46EA8819416A34F9106E76514186197A96278919413FC1A341687651410548E1BE72891941F8DB3416617651411213A8BBF98919415DF5BA5A5476514133A1A8E86F8A194150BA9D544B765141CC0E4EC7D48A1941CA7F1E8844765141F5F18F78498B1941BA7EE2144076514121AF4A9B968B1941E3F137E445765141CB473921268D1941F5F273574A765141A02F5445258E1941692CB7B04C765141DAFDCE9BB98E1941849ED00C4E76514132DC37DAA38E19418C2E2F9755765141DF980957788E194172C036EB64765141061F7DB7568E1941788A760871765141828359561F8E1941C339255184765141A5374B39D08D194174EB1A9DA1765141115DE9217F8D1941ECF2BEC3C076514134E35C825D8D19414276DAABCE76514132074079A28B1941F4821D4EC87651412191BA001A8B1941531066B8C4765141BBD70605668A1941BEB94A87BF765141', '2018-01-22 14:30:19.434152', current_user, NULL, NULL);

INSERT INTO macroomzone (macroomzone_id, code, "name", descript, expl_id, lock_level, active, the_geom)
VALUES (1, '1', 'macroomzone_01', NULL, 1, NULL, true, '0106000020E764000001000000010300000001000000310000004344FB8D57901941579E3EEE847551414952F8205C901941B8E002D4967551412BEA86DD5E901941F1B6390E9D7551413CD9D0716790194146526D5EA2755141C252A53388901941664752E5A675514191608F1EC4901941107C78DAAA755141CD78F02601911941C9594B57AD7551414B4A73286091194199E45D54AF75514196093983DB9119419860ED49B175514149511D00F9911941A04440BDAF755141B5BE46E8AD921941115C602EA47551413252FCBE16941941AC9DABDF94755141C78F577EA29419415AE606D58E755141FCEF873869951941DBF98480867551414E302882CF95194168805EE581755141F6C32938F4961941D22EAC8E75755141BEF2646F3C9719414D0EBC8972755141B8A7F68B9A971941C8CDBE026E755141B22277D1FD97194193B3528968755141A8344C506D981941BC3C94776275514160A9766BB2981941E2E516F45E755141CA43B6C34F991941615273F3557551410137653BB1991941816A8CAD50755141B0C634E3339A1941036077F54A755141BE58D480839A1941224D3F97477551410BFAD15B709B1941806778B53D755141C2A48EBD199C19410F36E0BE367551419E9C3986F39B19416CBC9C1C33755141EAE67282AE9B1941FBE7A8EA3575514124193708FA9A1941AC2FF50B2C75514107D9C6CECB9A194101574A97297551414723F9E6179A19412C13ABA61F755141CAB0FBC0ED991941446A39E61C755141309C88F89098194121ABAC8A087551411D554E735E98194151FB59B705755141962F594D3D9819415F273EE5037551410EC2A5985A971941C7A4626AF77451416E6AC5DC6F961941F6EF74CCEA745141D6D7D6B2959519417289B548EF745141BEEC10BC4995194190769F9CF07451415C5A0852729419413182684F02755141DCE1D4EF6B94194131C106B705755141F1E448C7A1931941A4154AA615755141D1BA81A24E9319415BFD9E7E1975514154BF5362D4911941BB61D7152975514169EECA68629019410ED2733838755141CEE8BC0E43901941490775783A755141253AB8DB34901941CEE66D84407551414344FB8D57901941579E3EEE84755141');
INSERT INTO macroomzone (macroomzone_id, code, "name", descript, expl_id, lock_level, active, the_geom)
VALUES (2, '2', 'macroomzone_02',  NULL, 2, NULL, true, '0106000020E7640000010000000103000000010000002000000032074079A28B1941F4821D4EC8765141BBD70605668A1941BEB94A87BF765141584CD18B848919412D294EC3B57651411A1991F0AE881941D9ED61A0AB76514113D980EEA3871941BAB108279E7651418474A44FDB871941D13E8274997651410A7D84E9FE8719412ECCCADE957651417CD969941C881941B20229FB8B765141736CAD5B3088194158565FEF84765141E5C892064E88194185AA331D80765141380CC18979881941F15318EC7A7651416C3638E5B28819416C19991F74765141EDD15B46EA8819416A34F9106E7651410548E1BE72891941F8DB3416617651411213A8BBF98919415DF5BA5A5476514133A1A8E86F8A194150BA9D544B765141CC0E4EC7D48A1941CA7F1E8844765141F5F18F78498B1941BA7EE2144076514121AF4A9B968B1941E3F137E4457651416E7F8844AA8C1941818B7CEF48765141CB473921268D1941F5F273574A765141DAFDCE9BB98E1941849ED00C4E765141DF980957788E194172C036EB64765141061F7DB7568E1941788A760871765141828359561F8E1941C3392551847651417CC8161ADB8D19416EA3EBD79D765141EFBF3680B78D19418DDF4451AB765141776351D5998D1941221B0091B6765141115DE9217F8D1941ECF2BEC3C076514134E35C825D8D19414276DAABCE7651411F0812C5938C194137205DB4CB76514132074079A28B1941F4821D4EC8765141');

INSERT INTO omzone (omzone_id, code, "name", descript, omzone_type, expl_id, macroomzone_id, active, the_geom, created_at, created_by, updated_at, updated_by)
VALUES (1, '1', 'omzone_01', NULL, NULL, 1, 1, true, '0106000020E764000001000000010300000001000000310000004344FB8D57901941579E3EEE847551414952F8205C901941B8E002D4967551412BEA86DD5E901941F1B6390E9D7551413CD9D0716790194146526D5EA2755141C252A53388901941664752E5A675514191608F1EC4901941107C78DAAA755141CD78F02601911941C9594B57AD7551414B4A73286091194199E45D54AF75514196093983DB9119419860ED49B175514149511D00F9911941A04440BDAF755141B5BE46E8AD921941115C602EA47551413252FCBE16941941AC9DABDF94755141C78F577EA29419415AE606D58E755141FCEF873869951941DBF98480867551414E302882CF95194168805EE581755141F6C32938F4961941D22EAC8E75755141BEF2646F3C9719414D0EBC8972755141B8A7F68B9A971941C8CDBE026E755141B22277D1FD97194193B3528968755141A8344C506D981941BC3C94776275514160A9766BB2981941E2E516F45E755141CA43B6C34F991941615273F3557551410137653BB1991941816A8CAD50755141B0C634E3339A1941036077F54A755141BE58D480839A1941224D3F97477551410BFAD15B709B1941806778B53D755141C2A48EBD199C19410F36E0BE367551419E9C3986F39B19416CBC9C1C33755141EAE67282AE9B1941FBE7A8EA3575514124193708FA9A1941AC2FF50B2C75514107D9C6CECB9A194101574A97297551414723F9E6179A19412C13ABA61F755141CAB0FBC0ED991941446A39E61C755141309C88F89098194121ABAC8A087551411D554E735E98194151FB59B705755141962F594D3D9819415F273EE5037551410EC2A5985A971941C7A4626AF77451416E6AC5DC6F961941F6EF74CCEA745141D6D7D6B2959519417289B548EF745141BEEC10BC4995194190769F9CF07451415C5A0852729419413182684F02755141DCE1D4EF6B94194131C106B705755141F1E448C7A1931941A4154AA615755141D1BA81A24E9319415BFD9E7E1975514154BF5362D4911941BB61D7152975514169EECA68629019410ED2733838755141CEE8BC0E43901941490775783A755141253AB8DB34901941CEE66D84407551414344FB8D57901941579E3EEE84755141', '2024-02-21 12:09:27.095883', current_user, NULL, NULL);
INSERT INTO omzone (omzone_id, code, "name", descript, omzone_type, expl_id, macroomzone_id, active, the_geom, created_at, created_by, updated_at, updated_by)
VALUES (3, '3', 'omzone_02', NULL, NULL, 2, 2, true, '0106000020E7640000010000000103000000010000001F000000BBD70605668A1941BEB94A87BF765141584CD18B848919412D294EC3B57651411A1991F0AE881941D9ED61A0AB76514113D980EEA3871941BAB108279E7651418474A44FDB871941D13E8274997651410A7D84E9FE8719412ECCCADE957651417CD969941C881941B20229FB8B765141736CAD5B3088194158565FEF84765141E5C892064E88194185AA331D80765141380CC18979881941F15318EC7A7651416C3638E5B28819416C19991F74765141EDD15B46EA8819416A34F9106E76514186197A96278919413FC1A341687651410548E1BE72891941F8DB3416617651411213A8BBF98919415DF5BA5A5476514133A1A8E86F8A194150BA9D544B765141CC0E4EC7D48A1941CA7F1E8844765141F5F18F78498B1941BA7EE2144076514121AF4A9B968B1941E3F137E445765141CB473921268D1941F5F273574A765141014432FA8C8D19416281F8344B765141DAFDCE9BB98E1941849ED00C4E76514132DC37DAA38E19418C2E2F9755765141DF980957788E194172C036EB64765141061F7DB7568E1941788A760871765141828359561F8E1941C339255184765141A5374B39D08D194174EB1A9DA1765141115DE9217F8D1941ECF2BEC3C076514134E35C825D8D19414276DAABCE76514132074079A28B1941F4821D4EC8765141BBD70605668A1941BEB94A87BF765141', '2024-02-21 12:09:27.095883', current_user, NULL, NULL);

INSERT INTO macrosector (macrosector_id, code, "name", descript, active, the_geom)
 VALUES (1, '1', 'macrosector_01', 'macrosector_project_ud', true, '0106000020E764000001000000010300000001000000310000004344FB8D57901941579E3EEE847551414952F8205C901941B8E002D4967551412BEA86DD5E901941F1B6390E9D7551413CD9D0716790194146526D5EA2755141C252A53388901941664752E5A675514191608F1EC4901941107C78DAAA755141CD78F02601911941C9594B57AD7551414B4A73286091194199E45D54AF75514196093983DB9119419860ED49B175514149511D00F9911941A04440BDAF755141B5BE46E8AD921941115C602EA47551413252FCBE16941941AC9DABDF94755141C78F577EA29419415AE606D58E755141FCEF873869951941DBF98480867551414E302882CF95194168805EE581755141F6C32938F4961941D22EAC8E75755141BEF2646F3C9719414D0EBC8972755141B8A7F68B9A971941C8CDBE026E755141B22277D1FD97194193B3528968755141A8344C506D981941BC3C94776275514160A9766BB2981941E2E516F45E755141CA43B6C34F991941615273F3557551410137653BB1991941816A8CAD50755141B0C634E3339A1941036077F54A755141BE58D480839A1941224D3F97477551410BFAD15B709B1941806778B53D755141C2A48EBD199C19410F36E0BE367551419E9C3986F39B19416CBC9C1C33755141EAE67282AE9B1941FBE7A8EA3575514124193708FA9A1941AC2FF50B2C75514107D9C6CECB9A194101574A97297551414723F9E6179A19412C13ABA61F755141CAB0FBC0ED991941446A39E61C755141309C88F89098194121ABAC8A087551411D554E735E98194151FB59B705755141962F594D3D9819415F273EE5037551410EC2A5985A971941C7A4626AF77451416E6AC5DC6F961941F6EF74CCEA745141D6D7D6B2959519417289B548EF745141BEEC10BC4995194190769F9CF07451415C5A0852729419413182684F02755141DCE1D4EF6B94194131C106B705755141F1E448C7A1931941A4154AA615755141D1BA81A24E9319415BFD9E7E1975514154BF5362D4911941BB61D7152975514169EECA68629019410ED2733838755141CEE8BC0E43901941490775783A755141253AB8DB34901941CEE66D84407551414344FB8D57901941579E3EEE84755141');
INSERT INTO macrosector (macrosector_id, code, "name", descript, active, the_geom)
 VALUES (2, '2', 'macrosector_02', 'macrosector_project_ud', true, '0106000020E76400000100000001030000000100000020000000F645AAE0958D1941CBF046DDB776514134E35C825D8D19414276DAABCE76514132074079A28B1941F4821D4EC8765141BBD70605668A1941BEB94A87BF765141584CD18B848919412D294EC3B57651411A1991F0AE881941D9ED61A0AB7651419CF220BC0E881941217A6E97A376514113D980EEA3871941BAB108279E7651418474A44FDB871941D13E8274997651410A7D84E9FE8719412ECCCADE95765141736CAD5B3088194158565FEF84765141E5C892064E88194185AA331D80765141380CC18979881941F15318EC7A7651416C3638E5B28819416C19991F74765141EDD15B46EA8819416A34F9106E76514186197A96278919413FC1A341687651410548E1BE72891941F8DB3416617651411213A8BBF98919415DF5BA5A5476514133A1A8E86F8A194150BA9D544B765141CC0E4EC7D48A1941CA7F1E8844765141F5F18F78498B1941BA7EE2144076514121AF4A9B968B1941E3F137E445765141CB473921268D1941F5F273574A765141A02F5445258E1941692CB7B04C765141DAFDCE9BB98E1941849ED00C4E76514132DC37DAA38E19418C2E2F9755765141670EA629888E19417886555860765141061F7DB7568E1941788A760871765141828359561F8E1941C339255184765141AAB5C7A5038E194154CA21158E765141A5374B39D08D194174EB1A9DA1765141F645AAE0958D1941CBF046DDB7765141');

INSERT INTO sector (sector_id, code, "name", descript, macrosector_id, active, the_geom, created_at, created_by, updated_at, updated_by)
VALUES (1, '1', 'sector_01','sector_project_ud', 1, true, '0106000020E764000001000000010300000001000000310000004344FB8D57901941579E3EEE847551414952F8205C901941B8E002D4967551412BEA86DD5E901941F1B6390E9D7551413CD9D0716790194146526D5EA2755141C252A53388901941664752E5A675514191608F1EC4901941107C78DAAA755141CD78F02601911941C9594B57AD7551414B4A73286091194199E45D54AF75514196093983DB9119419860ED49B175514149511D00F9911941A04440BDAF755141B5BE46E8AD921941115C602EA47551413252FCBE16941941AC9DABDF94755141C78F577EA29419415AE606D58E755141FCEF873869951941DBF98480867551414E302882CF95194168805EE581755141F6C32938F4961941D22EAC8E75755141BEF2646F3C9719414D0EBC8972755141B8A7F68B9A971941C8CDBE026E755141B22277D1FD97194193B3528968755141A8344C506D981941BC3C94776275514160A9766BB2981941E2E516F45E755141CA43B6C34F991941615273F3557551410137653BB1991941816A8CAD50755141B0C634E3339A1941036077F54A755141BE58D480839A1941224D3F97477551410BFAD15B709B1941806778B53D755141C2A48EBD199C19410F36E0BE367551419E9C3986F39B19416CBC9C1C33755141EAE67282AE9B1941FBE7A8EA3575514124193708FA9A1941AC2FF50B2C75514107D9C6CECB9A194101574A97297551414723F9E6179A19412C13ABA61F755141CAB0FBC0ED991941446A39E61C755141309C88F89098194121ABAC8A087551411D554E735E98194151FB59B705755141962F594D3D9819415F273EE5037551410EC2A5985A971941C7A4626AF77451416E6AC5DC6F961941F6EF74CCEA745141D6D7D6B2959519417289B548EF745141BEEC10BC4995194190769F9CF07451415C5A0852729419413182684F02755141DCE1D4EF6B94194131C106B705755141F1E448C7A1931941A4154AA615755141D1BA81A24E9319415BFD9E7E1975514154BF5362D4911941BB61D7152975514169EECA68629019410ED2733838755141CEE8BC0E43901941490775783A755141253AB8DB34901941CEE66D84407551414344FB8D57901941579E3EEE84755141', '2024-02-21 12:09:27.095883', current_user, NULL, NULL);
INSERT INTO sector (sector_id, code, "name", descript, macrosector_id, active, the_geom, created_at, created_by, updated_at, updated_by)
VALUES (2, '2', 'sector_02', 'sector_project_ud', 2, true, '0106000020E76400000100000001030000000100000020000000F645AAE0958D1941CBF046DDB776514134E35C825D8D19414276DAABCE76514132074079A28B1941F4821D4EC8765141BBD70605668A1941BEB94A87BF765141584CD18B848919412D294EC3B57651411A1991F0AE881941D9ED61A0AB7651419CF220BC0E881941217A6E97A376514113D980EEA3871941BAB108279E7651418474A44FDB871941D13E8274997651410A7D84E9FE8719412ECCCADE95765141736CAD5B3088194158565FEF84765141E5C892064E88194185AA331D80765141380CC18979881941F15318EC7A7651416C3638E5B28819416C19991F74765141EDD15B46EA8819416A34F9106E76514186197A96278919413FC1A341687651410548E1BE72891941F8DB3416617651411213A8BBF98919415DF5BA5A5476514133A1A8E86F8A194150BA9D544B765141CC0E4EC7D48A1941CA7F1E8844765141F5F18F78498B1941BA7EE2144076514121AF4A9B968B1941E3F137E445765141CB473921268D1941F5F273574A765141A02F5445258E1941692CB7B04C765141DAFDCE9BB98E1941849ED00C4E76514132DC37DAA38E19418C2E2F9755765141670EA629888E19417886555860765141061F7DB7568E1941788A760871765141828359561F8E1941C339255184765141AAB5C7A5038E194154CA21158E765141A5374B39D08D194174EB1A9DA1765141F645AAE0958D1941CBF046DDB7765141', '2024-02-21 12:09:27.095883', current_user, NULL, NULL);

INSERT INTO plan_psector VALUES (2, 'ACT_02_F1', 1, 'Expanding the capacity of the conduits located on Francesc Layret street and General Prim avenue.', 1, '2', NULL, NULL, 'Action caused by the hydraulic insufficiency of the conduit.', 90.0000, 1000.00, '02', 19.00, 21.00, 4.50, true, '0106000020E76400000100000001030000000100000005000000736891EDC793194114AE47B16F755141736891EDC7931941AA48B1DF6175514137D7CD1817931941AA48B1DF6175514137D7CD181793194114AE47B16F755141736891EDC793194114AE47B16F755141', false, 2, NULL, NULL, NULL, NULL, NULL, NULL, NULL, NULL, '2024-02-21 12:09:27.095883', current_user, NULL, NULL);
INSERT INTO plan_psector VALUES (1, 'ACT_01_F0', 1, 'Expanding the capacity of the conduits located on Aragó avenue and Torre de la Vila avenue.', 1, '1', NULL, NULL, 'Action caused by the hydraulic insufficiency of the conduit and serious structural problems.', 0.0000, 1500.00, '01', 19.00, 21.00, 4.50, true, '0106000020E764000001000000010300000001000000050000001904560EAF9619416EA9DE8C127551411904560EAF9619412E91C16EF37451412FDD2486169419412E91C16EF37451412FDD2486169419416EA9DE8C127551411904560EAF9619416EA9DE8C12755141', false, 2, NULL, NULL, NULL, NULL, NULL, NULL, NULL, NULL, '2024-02-21 12:09:27.095883', current_user, NULL, NULL);

INSERT INTO drainzone (drainzone_id, code, "name", expl_id, drainzone_type, descript, link, graphconfig, stylesheet, active, the_geom, created_at, created_by, updated_at, updated_by)
VALUES(1, '1', 'drainzone1-a', 1, NULL, NULL, NULL, '{"use": [{"nodeParent": "240"}], "ignore": [], "forceClosed": []}'::json, NULL, false,  'SRID=25831;MULTIPOLYGON (((418837.12549 4576574.59636, 418837.12549 4576574.59641, 418837.12549 4576574.59642, 418838.30749 4576614.58636, 418838.30749 4576614.58638, 418838.30749 4576614.58641, 418839.48949 4576654.56641, 418840.67067 4576694.51884, 418841.57003 4576734.43022, 418841.57245 4576734.45014, 418841.57103 4576734.47014, 418842.6701 4576774.39642, 418843.42945 4576814.31216, 418843.43217 4576814.33525, 418843.43046 4576814.35849, 418844.42146 4576854.28849, 418844.45051 4576854.52346, 418844.44712 4576854.76017, 418849.35076 4576913.09084, 418849.57438 4576914.41176, 418850.01528 4576915.67683, 418850.66112 4576916.85059, 418858.58748 4576928.76992, 418859.57971 4576929.98439, 418860.78981 4576930.98196, 418862.17128 4576931.72428, 418863.67102 4576932.18283, 418865.2314 4576932.33998, 418866.79246 4576932.1897, 418868.2942 4576931.73775, 418869.67892 4576931.00152, 418870.89339 4576930.00929, 418871.89096 4576928.79919, 418872.63328 4576927.41772, 418873.09183 4576925.91798, 418873.24898 4576924.3576, 418873.0987 4576922.79654, 418872.64675 4576921.2948, 418871.91052 4576919.91008, 418865.12234 4576909.7023, 418860.41068 4576853.65534, 418859.42609 4576813.98371, 418858.66655 4576774.05784, 418858.66256 4576774.02394, 418858.66497 4576773.98986, 418857.56552 4576734.04998, 418856.82049 4576700.98714, 418894.37409 4576694.31671, 418894.49764 4576694.28199, 418894.62514 4576694.26796, 418938.68224 4576684.98068, 418983.13427 4576675.75856, 419012.44633 4576669.87883, 419018.12196 4576699.28603, 419018.1258 4576699.29895, 419018.12709 4576699.31238, 419025.83905 4576738.56216, 419025.83905 4576738.56219, 419025.83909 4576738.56238, 419032.06703 4576770.26341, 419006.79594 4576776.26312, 418967.75792 4576784.50244, 418967.75698 4576784.50274, 418967.75605 4576784.50284, 418928.76751 4576792.74147, 418889.49599 4576799.49576, 418887.98391 4576799.9118, 418886.58204 4576800.61483, 418885.34427 4576801.57785, 418884.31816 4576802.76384, 418883.54314 4576804.12723, 418883.04899 4576805.61562, 418882.85471 4576807.17181, 418882.96776 4576808.73601, 418883.3838 4576810.24809, 418884.08683 4576811.64996, 418885.04985 4576812.88773, 418886.23584 4576813.91384, 418887.59923 4576814.68886, 418889.08762 4576815.18301, 418890.64381 4576815.37729, 418892.20801 4576815.26424, 418926.38778 4576809.38568, 418947.70005 4576842.80182, 418947.73727 4576842.84919, 418947.76533 4576842.9025, 418972.49433 4576880.4225, 418973.48156 4576881.64104, 418974.68755 4576882.64358, 418976.06595 4576883.39157, 418977.56379 4576883.85628, 418979.12351 4576884.01984, 418980.68518 4576883.87598, 418982.18876 4576883.43021, 418983.5765 4576882.69967, 418984.79504 4576881.71244, 418985.79758 4576880.50645, 418986.54557 4576879.12805, 418987.01028 4576877.63021, 418987.17384 4576876.07049, 418987.02998 4576874.50882, 418986.58421 4576873.00524, 418985.85367 4576871.6175, 418961.15771 4576834.14763, 418943.23027 4576806.03867, 418971.06203 4576800.15757, 418971.06208 4576800.15756, 418971.06395 4576800.15716, 419010.19808 4576791.89756, 419010.29416 4576791.86719, 419010.39395 4576791.85364, 419037.73032 4576785.3636, 419061.6673 4576822.66096, 419062.63964 4576823.89142, 419063.83336 4576824.90854, 419065.20256 4576825.67324, 419066.69464 4576826.15612, 419068.25226 4576826.33864, 419069.81556 4576826.21377, 419071.32445 4576825.78631, 419072.72096 4576825.0727, 419073.95142 4576824.10036, 419074.96854 4576822.90664, 419075.73324 4576821.53744, 419076.21612 4576820.04536, 419076.39864 4576818.48774, 419076.27377 4576816.92444, 419075.84631 4576815.41555, 419075.1327 4576814.01904, 419048.95608 4576773.23199, 419041.53895 4576735.47781, 419041.53892 4576735.4777, 419041.53891 4576735.47762, 419033.82942 4576696.24037, 419028.11173 4576666.61523, 419054.61559 4576660.88166, 419088.80972 4576654.01333, 419126.38534 4576646.96278, 419126.41939 4576646.95285, 419126.45469 4576646.94945, 419126.45935 4576646.94805, 419126.46423 4576646.94757, 419165.29223 4576639.25757, 419165.30433 4576639.25391, 419165.31693 4576639.25264, 419202.70972 4576631.72449, 419210.84315 4576631.05237, 419223.21227 4576630.1556, 419213.38726 4576651.14895, 419213.36838 4576651.20241, 419213.34009 4576651.25161, 419213.10732 4576651.94145, 419212.86492 4576652.62768, 419212.85682 4576652.68383, 419212.83869 4576652.73757, 419212.74499 4576653.45946, 419212.64111 4576654.1799, 419212.64412 4576654.23654, 419212.63682 4576654.2928, 419212.68575 4576655.01912, 419212.72442 4576655.74596, 419212.73843 4576655.80093, 419212.74224 4576655.85753, 419220.97724 4576705.17753, 419221.38589 4576706.69162, 419222.08208 4576708.0969, 419223.03905 4576709.33936, 419224.22002 4576710.37124, 419225.57961 4576711.15291, 419227.06557 4576711.65431, 419228.6208 4576711.85618, 419230.18553 4576711.75076, 419231.69962 4576711.34211, 419233.1049 4576710.64592, 419234.34736 4576709.68895, 419235.37924 4576708.50798, 419236.16091 4576707.14839, 419236.66231 4576705.66243, 419236.86418 4576704.1072, 419236.75876 4576702.54247, 419228.93361 4576655.67709, 419241.06517 4576629.75527, 419277.29118 4576633.65325, 419277.40167 4576633.65425, 419277.51041 4576633.67379, 419320.1363 4576637.07678, 419340.87518 4576639.74522, 419322.94459 4576655.66361, 419322.84597 4576655.77019, 419322.73165 4576655.85966, 419311.2443 4576666.82612, 419300.48169 4576676.68751, 419289.93117 4576685.21611, 419257.25827 4576709.77245, 419224.16013 4576731.81111, 419224.16001 4576731.8112, 419224.15991 4576731.81126, 419190.86691 4576753.98126, 419157.574 4576776.1512, 419157.57391 4576776.15126, 419124.28 4576798.3212, 419124.27996 4576798.32123, 419124.27991 4576798.32126, 419090.98691 4576820.49126, 419057.69391 4576842.66126, 419024.40091 4576864.83126, 419024.40028 4576864.83177, 419024.39952 4576864.83218, 418991.10791 4576887.01126, 418991.10652 4576887.01218, 418991.10648 4576887.01221, 418957.815 4576909.1812, 418957.81491 4576909.18126, 418924.521 4576931.3512, 418923.30713 4576932.34418, 418922.3103 4576933.55489, 418921.56883 4576934.93681, 418921.1112 4576936.43683, 418920.95501 4576937.99731, 418921.10625 4576939.55827, 418921.55911 4576941.05974, 418922.2962 4576942.444, 418923.28918 4576943.65787, 418924.49989 4576944.6547, 418925.88181 4576945.39617, 418927.38183 4576945.8538, 418928.94231 4576946.00999, 418930.50327 4576945.85875, 418932.00474 4576945.40589, 418933.389 4576944.6688, 418966.683 4576922.4988, 418966.68304 4576922.49877, 418966.68309 4576922.49874, 418999.97609 4576900.32874, 418999.97672 4576900.32823, 418999.97748 4576900.32782, 419033.26909 4576878.14874, 419033.27048 4576878.14782, 419033.27052 4576878.14779, 419066.56209 4576855.97874, 419099.85509 4576833.80874, 419133.148 4576811.6388, 419133.14809 4576811.63874, 419166.442 4576789.4688, 419166.44204 4576789.46877, 419166.44209 4576789.46874, 419199.73509 4576767.29874, 419233.02784 4576745.1289, 419233.02787 4576745.12889, 419233.02809 4576745.12874, 419266.31595 4576722.96376, 419266.49309 4576722.81886, 419266.68854 4576722.70001, 419299.65701 4576697.92155, 419299.87974 4576697.74791, 419310.73275 4576688.97479, 419311.10806 4576688.6517, 419322.11371 4576678.56762, 419322.23334 4576678.45573, 419333.67531 4576667.53258, 419364.64645 4576640.03707, 419364.67465 4576640.00659, 419364.70802 4576639.98184, 419370.79008 4576634.46883, 419388.97744 4576619.00478, 419389.0387 4576618.94134, 419389.11007 4576618.88948, 419422.64882 4576589.0789, 419456.60189 4576563.58472, 419492.12985 4576539.74286, 419492.29956 4576539.60302, 419492.48725 4576539.48853, 419526.27744 4576514.01973, 419560.33752 4576493.90878, 419560.4457 4576493.82964, 419560.56529 4576493.76911, 419601.09702 4576467.97375, 419601.95653 4576467.42608, 419602.78667 4576466.91824, 419614.24806 4576459.90885, 419613.85587 4576460.72809, 419612.74916 4576463.03989, 419612.21389 4576464.51399, 419611.9765 4576466.0642, 419612.04609 4576467.63093, 419612.42001 4576469.15397, 419613.08386 4576470.57481, 419614.01216 4576471.83883, 419615.16922 4576472.89747, 419616.51057 4576473.71003, 419617.98467 4576474.24529, 419619.53487 4576474.48268, 419621.1016 4576474.41309, 419622.62465 4576474.03918, 419624.04549 4576473.37532, 419625.30951 4576472.44702, 419626.36814 4576471.28997, 419627.1807 4576469.94861, 419628.28742 4576467.63681, 419639.75803 4576443.67599, 419645.47704 4576437.9795, 419646.47433 4576436.76917, 419647.21634 4576435.38754, 419647.67455 4576433.8877, 419647.83135 4576432.32728, 419647.68071 4576430.76626, 419647.22843 4576429.26462, 419646.49188 4576427.88007, 419645.49937 4576426.66581, 419644.28904 4576425.66852, 419642.90741 4576424.92651, 419641.40757 4576424.46831, 419639.84715 4576424.31151, 419638.28613 4576424.46215, 419636.78449 4576424.91443, 419635.39994 4576425.65098, 419634.18568 4576426.64349, 419628.15889 4576432.64654, 419594.43849 4576453.26877, 419593.5443 4576453.8158, 419593.48568 4576453.8601, 419593.42011 4576453.89334, 419592.50458 4576454.47671, 419552.08744 4576480.19915, 419522.74012 4576497.52742, 419491.43457 4576470.09336, 419491.42393 4576470.08574, 419491.41491 4576470.07618, 419457.50048 4576440.55105, 419427.60992 4576414.02629, 419427.55419 4576413.98586, 419427.50656 4576413.93614, 419397.19044 4576387.9489, 419367.30399 4576361.46281, 419367.30285 4576361.46198, 419367.30188 4576361.46094, 419337.35588 4576334.94094, 419337.33546 4576334.92616, 419337.3182 4576334.90778, 419307.26439 4576308.62691, 419277.7015 4576281.78695, 419277.16661 4576281.38955, 419276.64377 4576280.97653, 419243.08377 4576259.44653, 419242.74373 4576259.27285, 419242.42291 4576259.06576, 419202.44691 4576238.50576, 419202.38286 4576238.48041, 419202.32435 4576238.44405, 419185.23539 4576230.0225, 419183.54923 4576229.41534, 419173.29503 4576226.97772, 419171.71011 4576226.76523, 419160.44147 4576226.39136, 419159.04451 4576226.46741, 419157.68216 4576226.78566, 419149.1578 4576229.58255, 419147.90294 4576230.11662, 419146.75703 4576230.85607, 419139.89708 4576236.16253, 419138.67367 4576237.33596, 419124.78178 4576253.82565, 419124.68898 4576253.96073, 419124.57634 4576254.07986, 419100.07434 4576285.69986, 419100.0253 4576285.7779, 419099.96356 4576285.84627, 419076.27421 4576317.91117, 419052.42057 4576348.08399, 419015.83653 4576370.68394, 419015.70793 4576370.78202, 419015.56561 4576370.85894, 418982.43365 4576393.22014, 418949.21597 4576415.44056, 418949.19718 4576415.45599, 418949.17581 4576415.4676, 418914.87282 4576438.71574, 418881.49164 4576460.65366, 418881.49034 4576460.65451, 418881.49031 4576460.65453, 418848.06264 4576482.61366, 418846.8426 4576483.59904, 418845.83824 4576484.80351, 418845.08815 4576486.18077, 418844.62118 4576487.67791, 418844.45525 4576489.23738, 418844.59674 4576490.79926, 418845.04023 4576492.30352, 418845.76866 4576493.69236, 418846.75404 4576494.9124, 418847.95851 4576495.91676, 418849.33577 4576496.66685, 418850.83291 4576497.13382, 418852.39238 4576497.29975, 418853.95426 4576497.15826, 418855.45852 4576496.71477, 418856.84736 4576495.98634, 418890.27636 4576474.02634, 418890.27695 4576474.02586, 418890.27766 4576474.02549, 418923.70766 4576452.05549, 418923.75204 4576452.01963, 418923.80219 4576451.9924, 418958.13222 4576428.72593, 418991.34403 4576406.50944, 418991.35681 4576406.49894, 418991.37139 4576406.49106, 419024.38276 4576384.21125, 419055.75535 4576364.83069, 419075.01547 4576390.97196, 419103.00547 4576432.17537, 419104.00963 4576433.38001, 419105.22951 4576434.3656, 419106.61822 4576435.09426, 419108.12241 4576435.538, 419109.68426 4576435.67977, 419111.24376 4576435.5141, 419112.74098 4576435.04738, 419114.11837 4576434.29753, 419115.32301 4576433.29337, 419116.3086 4576432.07349, 419117.03726 4576430.68478, 419117.481 4576429.18059, 419117.62277 4576427.61874, 419117.4571 4576426.05924, 419116.99038 4576424.56202, 419116.24053 4576423.18463, 419088.16453 4576381.85463, 419088.06619 4576381.73666, 419087.98767 4576381.60471, 419067.88584 4576354.32099, 419088.90672 4576327.73138, 419088.97756 4576327.62105, 419089.06544 4576327.52373, 419112.77776 4576295.42774, 419137.12364 4576264.00922, 419150.36092 4576248.29656, 419155.456 4576244.35529, 419161.32545 4576242.42949, 419170.37643 4576242.72978, 419178.97154 4576244.77301, 419195.19009 4576252.76561, 419218.91482 4576264.96745, 419197.51126 4576272.85329, 419197.19717 4576273.00547, 419196.86832 4576273.12253, 419196.49314 4576273.34658, 419196.09991 4576273.5371, 419195.82151 4576273.74766, 419195.52186 4576273.9266, 419195.19763 4576274.2195, 419194.84909 4576274.48311, 419194.61712 4576274.74393, 419194.35813 4576274.9779, 419194.09726 4576275.32845, 419193.80687 4576275.65496, 419193.63024 4576275.95603, 419193.42187 4576276.23603, 419193.23442 4576276.6307, 419193.01328 4576277.00763, 419192.89878 4576277.33737, 419192.74904 4576277.65264, 419192.64217 4576278.07636, 419192.49884 4576278.48913, 419192.45087 4576278.83485, 419192.36551 4576279.17329, 419192.34336 4576279.60967, 419192.2833 4576280.04252, 419192.3037 4576280.39099, 419192.28601 4576280.73955, 419194.65633 4576330.64416, 419196.19997 4576370.579, 419196.20498 4576370.61541, 419196.20313 4576370.65215, 419198.11413 4576410.61215, 419198.34223 4576412.16374, 419198.86864 4576413.64103, 419199.67315 4576414.98723, 419200.72482 4576416.15061, 419201.98325 4576417.08647, 419203.40008 4576417.75884, 419204.92086 4576418.14188, 419206.48715 4576418.22087, 419208.03874 4576417.99277, 419209.51603 4576417.46636, 419210.86223 4576416.66185, 419212.02561 4576415.61018, 419212.96147 4576414.35175, 419213.63384 4576412.93492, 419214.01688 4576411.41414, 419214.09587 4576409.84785, 419212.1866 4576369.92411, 419210.64303 4576329.991, 419210.63819 4576329.95586, 419210.63999 4576329.92045, 419208.54625 4576285.83902, 419237.79461 4576275.06287, 419267.4415 4576294.08246, 419296.5645 4576320.52305, 419296.62458 4576320.56769, 419296.6758 4576320.62222, 419326.76701 4576346.93579, 419356.69201 4576373.43719, 419356.69412 4576373.43906, 419386.62801 4576399.96719, 419386.68162 4576400.00603, 419386.72744 4576400.05386, 419417.04139 4576426.03924, 419446.90908 4576452.54371, 419446.93993 4576452.56609, 419446.96609 4576452.59382, 419480.90063 4576482.13645, 419509.15066 4576506.89286, 419483.03203 4576526.57936, 419447.51015 4576550.41714, 419447.34609 4576550.55233, 419447.16446 4576550.66266, 419418.52409 4576572.16771, 419396.22752 4576548.28757, 419370.1125 4576518.17823, 419369.73074 4576517.81673, 419369.37328 4576517.43129, 419339.43128 4576490.91129, 419339.39996 4576490.88862, 419339.37341 4576490.86053, 419309.19038 4576464.64093, 419275.35318 4576435.00214, 419275.32952 4576434.98521, 419275.30943 4576434.96409, 419274.69135 4576434.52848, 419274.07787 4576434.08942, 419274.05137 4576434.07743, 419274.02753 4576434.06063, 419273.33631 4576433.75395, 419272.649 4576433.44303, 419272.62066 4576433.43644, 419272.59402 4576433.42462, 419271.85657 4576433.25876, 419271.12148 4576433.08782, 419271.09239 4576433.08689, 419271.06396 4576433.08049, 419231.36496 4576428.17049, 419229.79717 4576428.13148, 419228.2519 4576428.39907, 419226.78852 4576428.96299, 419225.46327 4576429.80157, 419224.32709 4576430.88257, 419223.42363 4576432.16447, 419222.78762 4576433.59798, 419222.44349 4576435.12804, 419222.40448 4576436.69583, 419222.67207 4576438.2411, 419223.23599 4576439.70448, 419224.07457 4576441.02973, 419225.15557 4576442.16591, 419226.43747 4576443.06937, 419227.87098 4576443.70538, 419229.40104 4576444.04951, 419266.66017 4576448.65774, 419298.66082 4576476.68786, 419298.67424 4576476.69746, 419298.68559 4576476.70947, 419328.85145 4576502.91415, 419358.37052 4576529.05957, 419384.2365 4576558.88177, 419384.34328 4576558.98288, 419384.43259 4576559.09965, 419406.1385 4576582.34717, 419378.54663 4576606.87193, 419360.32919 4576622.36157, 419360.13854 4576622.52895, 419356.69643 4576625.64901, 419321.98669 4576621.18296, 419321.79306 4576621.17719, 419321.6024 4576621.14292, 419278.89352 4576617.73331, 419239.21661 4576613.464, 419223.84516 4576602.30156, 419223.26445 4576601.64828, 419223.02385 4576601.16709, 419222.56112 4576599.54758, 419221.29059 4576567.8397, 419221.28772 4576567.8191, 419221.28882 4576567.79841, 419219.48288 4576527.88392, 419218.1284 4576487.95875, 419218.12237 4576487.91337, 419218.12479 4576487.86765, 419218.11667 4576487.81147, 419218.11887 4576487.75481, 419215.74287 4576447.82481, 419215.49672 4576446.27597, 419214.95314 4576444.80492, 419214.13301 4576443.46818, 419213.06785 4576442.31712, 419211.79861 4576441.39599, 419210.37404 4576440.74017, 419208.8489 4576440.37487, 419207.28181 4576440.31413, 419205.73297 4576440.56028, 419204.26192 4576441.10386, 419202.92518 4576441.92399, 419201.77412 4576442.98915, 419200.85299 4576444.25839, 419200.19717 4576445.68296, 419199.83187 4576447.2081, 419199.77113 4576448.77519, 419201.66518 4576480.60572, 419175.80565 4576481.77821, 419175.80477 4576481.77834, 419175.80388 4576481.77829, 419141.78488 4576483.32829, 419141.37383 4576483.38777, 419140.959 4576483.409, 419101.404 4576489.359, 419101.17089 4576489.4179, 419100.93199 4576489.44455, 419061.85199 4576497.74455, 419061.48456 4576497.86122, 419061.1073 4576497.9406, 419033.5777 4576506.62484, 419031.68858 4576507.50547, 418995.24069 4576530.70583, 418972.86923 4576495.2049, 418972.81475 4576495.13477, 418972.77324 4576495.05624, 418945.18824 4576453.35624, 418944.19895 4576452.13936, 418942.99127 4576451.13887, 418941.61161 4576450.3932, 418940.11299 4576449.93102, 418938.55299 4576449.77009, 418936.99157 4576449.91658, 418935.48874 4576450.36489, 418934.10224 4576451.09776, 418932.88536 4576452.08705, 418931.88487 4576453.29473, 418931.1392 4576454.67439, 418930.67702 4576456.17301, 418930.51609 4576457.73301, 418930.66258 4576459.29443, 418931.11089 4576460.79726, 418931.84376 4576462.18376, 418959.38002 4576503.81008, 418981.78369 4576539.36213, 418946.4674 4576562.3229, 418946.4275 4576562.35482, 418946.38242 4576562.37892, 418920.33648 4576579.78801, 418904.82042 4576590.15892, 418904.81846 4576590.16053, 418904.81622 4576590.16173, 418879.65648 4576607.0015, 418863.26622 4576617.97173, 418863.19353 4576618.03148, 418863.1116 4576618.07786, 418862.5882 4576618.52906, 418862.05471 4576618.96759, 418861.99508 4576619.04037, 418861.92377 4576619.10184, 418861.49853 4576619.64638, 418861.06076 4576620.18066, 418861.01646 4576620.2637, 418860.95853 4576620.33788, 418860.64781 4576620.95468, 418860.32256 4576621.56433, 418860.2953 4576621.65445, 418860.25297 4576621.73848, 418854.93328 4576635.51628, 418854.30051 4576614.11364, 418854.30051 4576614.11359, 418854.30051 4576614.11358, 418853.11851 4576574.12364, 418853.11851 4576574.12362, 418853.11851 4576574.12359, 418851.93651 4576534.14359, 418851.73673 4576532.58809, 418851.23734 4576531.10145, 418850.45751 4576529.74081, 418849.42721 4576528.55845, 418848.18605 4576527.5998, 418846.78171 4576526.90172, 418845.26817 4576526.49102, 418843.70359 4576526.38349, 418842.14809 4576526.58327, 418840.66145 4576527.08266, 418839.30081 4576527.86249, 418838.11845 4576528.89279, 418837.1598 4576530.13395, 418836.46172 4576531.53829, 418836.05102 4576533.05183, 418835.94349 4576534.61641, 418837.12549 4576574.59636), (418874.26791 4576629.86128, 418888.55604 4576620.29804, 418913.71158 4576603.46108, 418913.7128 4576603.46026, 418913.71578 4576603.45827, 418929.22763 4576593.09017, 418955.23136 4576575.7093, 418958.91495 4576573.31443, 418957.98318 4576574.08519, 418956.99301 4576575.30135, 418956.25911 4576576.68731, 418955.80971 4576578.18981, 418955.66206 4576579.75112, 418955.82185 4576581.31123, 418965.76576 4576630.30585, 418965.7663 4576630.30854, 418965.76685 4576630.31123, 418972.11583 4576661.70378, 418935.41991 4576669.3168, 418935.40763 4576669.32063, 418935.39486 4576669.32204, 418891.45017 4576678.58562, 418856.39072 4576684.81303, 418855.71629 4576662.00113, 418856.71071 4576661.96059, 418858.24247 4576661.74857, 418859.70482 4576661.24582, 418861.04312 4576660.47112, 418862.20738 4576659.45341, 418863.15409 4576658.23073, 418863.84789 4576656.84875, 418874.26791 4576629.86128), (418959.63437 4576572.8467, 418997.08516 4576548.49819, 419039.39352 4576521.56743, 419065.55308 4576513.31537, 419104.02121 4576505.14532, 419142.92816 4576499.2928, 419176.53035 4576497.76179, 419176.53212 4576497.76171, 419202.41196 4576496.5883, 419203.4936 4576528.47125, 419203.49958 4576528.51627, 419203.49718 4576528.56159, 419205.30417 4576568.49927, 419206.61229 4576601.14499, 419206.9137 4576603.02252, 419207.84377 4576606.27766, 419208.38055 4576607.65759, 419209.42687 4576609.75018, 419210.60302 4576611.48737, 419212.46312 4576613.57995, 419213.74161 4576614.73825, 419213.81922 4576614.79461, 419209.64565 4576615.0972, 419209.60578 4576615.10407, 419209.56529 4576615.10343, 419200.92815 4576615.81718, 419200.47078 4576615.9007, 419200.00807 4576615.94736, 419162.17071 4576623.56502, 419131.21288 4576629.69631, 419125.03545 4576598.30531, 419125.01632 4576598.24179, 419125.00886 4576598.17582, 419116.64525 4576559.0957, 419108.5613 4576519.87503, 419108.09568 4576518.37747, 419107.34685 4576516.99952, 419106.34358 4576515.79414, 419105.12444 4576514.80765, 419103.73626 4576514.07796, 419102.2324 4576513.63311, 419100.67065 4576513.49019, 419099.11103 4576513.6547, 419097.61347 4576514.12032, 419096.23552 4576514.86915, 419095.03014 4576515.87242, 419094.04365 4576517.09156, 419093.31396 4576518.47974, 419092.86911 4576519.9836, 419092.72619 4576521.54535, 419092.8907 4576523.10497, 419100.9807 4576562.35497, 419100.98973 4576562.384, 419100.99314 4576562.41418, 419109.34938 4576601.45986, 419115.50216 4576632.72564, 419085.80866 4576638.29722, 419085.75952 4576638.31154, 419085.70856 4576638.31666, 419051.40656 4576645.20666, 419051.34963 4576645.22405, 419051.29049 4576645.23087, 419017.14207 4576652.61819, 418987.79291 4576658.50536, 418981.44824 4576627.13415, 418981.44743 4576627.13151, 418981.44715 4576627.12877, 418971.50215 4576578.12877, 418971.04107 4576576.62981, 418970.29642 4576575.2496, 418969.29681 4576574.04118, 418968.08065 4576573.05101, 418966.69469 4576572.31711, 418965.19219 4576571.86771, 418963.63088 4576571.72006, 418962.07077 4576571.87985, 418960.57181 4576572.34093, 418959.63437 4576572.8467)))'::public.geometry, '2024-08-23 13:43:36.960', 'postgres', '2024-08-23 13:46:04.054', 'postgres');

INSERT INTO drainzone (drainzone_id, code, "name", expl_id, drainzone_type, descript, link, graphconfig, stylesheet, active, the_geom, created_at, created_by, updated_at, updated_by)
VALUES(2, '2', 'drainzone1-b', 1, NULL, NULL, NULL, '{"use": [{"nodeParent": "236"}], "ignore": [], "forceClosed": []}'::json, NULL, false, 'SRID=25831;MULTIPOLYGON (((419220.84047 4576829.84738, 419220.8486 4576829.85528, 419264.75482 4576864.83391, 419266.0713 4576865.68617, 419267.52876 4576866.26522, 419269.07118 4576866.54882, 419270.63929 4576866.52605, 419272.17282 4576866.1978, 419273.61286 4576865.57667, 419274.90404 4576864.68655, 419275.99676 4576863.56163, 419276.84903 4576862.24514, 419277.42808 4576860.78769, 419277.71167 4576859.24527, 419277.68891 4576857.67716, 419277.36065 4576856.14362, 419276.73953 4576854.70359, 419275.8494 4576853.4124, 419274.72448 4576852.31968, 419230.82709 4576817.34809, 419191.27504 4576785.65526, 419265.21906 4576735.968, 419265.30463 4576735.9097, 419297.50252 4576713.66388, 419298.11651 4576713.19428, 419311.28838 4576702.07137, 419311.39927 4576701.97598, 419369.35548 4576651.19112, 419369.38166 4576651.16807, 419405.95274 4576618.83925, 419447.3245 4576582.69339, 419461.07888 4576573.05115, 419510.89157 4576540.18354, 419510.92325 4576540.16252, 419555.68228 4576510.32317, 419599.4077 4576481.65076, 419620.64854 4576474.68893, 419622.45656 4576474.09634, 419622.51404 4576474.07102, 419622.57516 4576474.05644, 419623.23117 4576473.75515, 419623.89178 4576473.46418, 419623.94323 4576473.42813, 419624.00031 4576473.40191, 419624.58488 4576472.97847, 419625.17609 4576472.56416, 419625.21952 4576472.51876, 419625.27039 4576472.48191, 419625.76117 4576471.95251, 419626.26014 4576471.43088, 419626.29387 4576471.37789, 419626.33658 4576471.33182, 419626.7146 4576470.71692, 419627.10227 4576470.10789, 419627.12502 4576470.04932, 419627.15791 4576469.99582, 419627.40868 4576469.31905, 419627.67011 4576468.64603, 419627.681 4576468.58416, 419627.70282 4576468.52526, 419627.81676 4576467.81249, 419627.94185 4576467.10147, 419627.94046 4576467.03866, 419627.95037 4576466.97664, 419627.92307 4576466.25544, 419627.90704 4576465.53359, 419627.89342 4576465.47225, 419627.89104 4576465.40949, 419627.72356 4576464.70747, 419627.56702 4576464.00262, 419627.54169 4576463.94512, 419627.52712 4576463.88403, 419627.22587 4576463.2281, 419626.93485 4576462.5674, 419626.8988 4576462.51595, 419626.87258 4576462.45887, 419626.44917 4576461.87434, 419626.03484 4576461.28309, 419625.98944 4576461.23966, 419625.95259 4576461.18879, 419625.42319 4576460.69801, 419624.90156 4576460.19904, 419624.84857 4576460.16531, 419624.8025 4576460.1226, 419624.1876 4576459.74458, 419623.57857 4576459.35691, 419623.52 4576459.33416, 419623.4665 4576459.30127, 419622.78971 4576459.05049, 419622.1167 4576458.78907, 419622.05483 4576458.77818, 419621.99593 4576458.75636, 419619.39841 4576458.07457, 419619.39759 4576458.07435, 419619.39563 4576458.07384, 419601.19718 4576453.29023, 419599.79172 4576452.91324, 419598.24446 4576452.65736, 419596.67702 4576452.70825, 419595.14962 4576453.06396, 419593.72096 4576453.71082, 419592.44595 4576454.62397, 419591.37358 4576455.76831, 419590.54507 4576457.09987, 419589.99226 4576458.56748, 419589.73638 4576460.11474, 419589.78727 4576461.68218, 419590.14299 4576463.20959, 419590.78984 4576464.63824, 419591.70299 4576465.91325, 419592.84733 4576466.98562, 419592.90644 4576467.0224, 419591.52112 4576467.68912, 419546.88313 4576496.95994, 419546.83239 4576496.99349, 419502.06386 4576526.83917, 419452.17299 4576559.75837, 419451.98668 4576559.8851, 419437.79034 4576569.83718, 419437.11902 4576570.36332, 419395.40811 4576606.80548, 419395.37314 4576606.83622, 419358.79769 4576639.16892, 419300.9096 4576689.89408, 419288.08926 4576700.72015, 419256.25231 4576722.71659, 419173.31252 4576778.44862, 419172.15332 4576779.39637, 419171.19103 4576780.54354, 419170.45936 4576781.84994, 419169.98395 4576783.26979, 419169.78145 4576784.75337, 419169.85895 4576786.24869, 419170.21374 4576787.70338, 419170.83339 4576789.06648, 419171.6962 4576790.29023, 419172.77193 4576791.33177, 419220.83095 4576829.84118, 419220.84047 4576829.84738)))'::public.geometry, '2024-08-23 13:44:07.310', 'postgres', '2024-08-23 13:46:04.054', 'postgres');

INSERT INTO dwfzone (dwfzone_id, code, "name", dwfzone_type, expl_id, descript, link, graphconfig, stylesheet, lock_level, active, the_geom, created_at, created_by, updated_at, updated_by) VALUES(1, '1', 'dwf1-a', NULL, 1, 'test', NULL, '{"use": [{"nodeParent": "236"}], "ignore": [], "forceClosed": []}'::json, NULL, 0, true, 'SRID=25831;MULTIPOLYGON (((418830.1285497629 4576574.803226794, 418831.31054800435 4576614.793167298, 418831.3105550951 4576614.793222512, 418831.31055127823 4576614.793278049, 418832.4925512782 4576654.773278049, 418833.6729939952 4576694.700604464, 418834.57180684165 4576734.587921228, 418834.5763344922 4576734.625249006, 418834.57368000795 4576734.662756557, 418835.67192596925 4576774.559037115, 418836.43071354495 4576814.445305075, 418836.4358159106 4576814.4886425, 418836.4326175263 4576814.532161884, 418837.4236175263 4576854.462161884, 418837.47807428247 4576854.902707779, 418837.4717242003 4576855.346561247, 418842.3753648269 4576913.6772387475, 418842.7946449024 4576916.153952234, 418843.62134844385 4576918.525969674, 418844.8322913569 4576920.726770151, 418852.75865073036 4576932.6460926505, 418854.61908757914 4576934.923239671, 418856.888026001 4576936.793678725, 418859.4782719647 4576938.1855298905, 418862.29028377053 4576939.045305106, 418865.21599738183 4576939.339963694, 418868.1429792652 4576939.058182089, 418870.9587471484 4576938.210789001, 418873.5550926507 4576936.830349269, 418875.8322396706 4576934.969912421, 418877.70267872507 4576932.700973999, 418879.0945298903 4576930.110728035, 418879.9543051064 4576927.298716229, 418880.2489636942 4576924.373002618, 418879.9671820893 4576921.4460207345, 418879.1197890007 4576918.630252851, 418877.73934926966 4576916.033907349, 418871.94706895127 4576907.323722273, 418867.4033901386 4576853.274927985, 418866.42446023034 4576813.8312637685, 418865.66528645507 4576773.924694926, 418865.6578001056 4576773.861108908, 418865.6623199921 4576773.797243443, 418864.56334994355 4576733.874658771, 418863.9539228581 4576706.829639001, 418895.59830279346 4576701.2088280665, 418895.82989585126 4576701.143742956, 418896.0690176409 4576701.117433524, 418940.11554279126 4576691.832382046, 418984.5336065232 4576682.617306112, 419006.90943020425 4576678.1289234925, 419011.2488010021 4576700.6125612175, 419011.2560027543 4576700.6367980335, 419011.2584222248 4576700.66196616, 419018.9703861721 4576739.911782671, 419023.90068261884 4576765.007637364, 419005.26421357936 4576769.432196276, 418966.31235875987 4576777.653330802, 418966.31063820637 4576777.6538747065, 418966.3088446508 4576777.654072925, 418927.4501510641 4576785.865264278, 418888.3094870021 4576792.597049426, 418885.4743300887 4576793.377119356, 418882.8458340142 4576794.695312136, 418880.52501040854 4576796.500970357, 418878.6010472215 4576798.724703586, 418877.14788127935 4576801.281055002, 418876.2213569342 4576804.071785454, 418875.8570799972 4576806.989648736, 418876.06904942665 4576809.922512998, 418876.8491193562 4576812.757669911, 418878.16731213604 4576815.386165986, 418879.97297035676 4576817.706989591, 418882.19670358574 4576819.630952778, 418884.7530550019 4576821.08411872, 418887.54378545407 4576822.010643066, 418890.4616487359 4576822.374920003, 418893.39451299794 4576822.1629505735, 418922.98821384285 4576817.07314332, 418941.7982182793 4576846.565910495, 418941.8679975184 4576846.654730526, 418941.9206129872 4576846.754679277, 418966.6496129872 4576884.274679276, 418968.5006736099 4576886.559454624, 418970.7619041801 4576888.439204641, 418973.3464068751 4576889.841691588, 418973.9477994863 4576890.028274564, 418953.9351519473 4576903.354811552, 418920.64124827494 4576925.524747409, 418918.3652427347 4576927.386580538, 418916.4961956275 4576929.656665719, 418915.10593338526 4576932.247764852, 418914.2478830064 4576935.06030345, 418913.9550188857 4576937.986197232, 418914.23859562725 4576940.913005741, 418915.0877155357 4576943.728253368, 418916.46974740934 4576946.323751725, 418918.3315805381 4576948.599757265, 418920.60166571924 4576950.4688043725, 418923.1927648521 4576951.859066615, 418926.0053034502 4576952.717116994, 418928.9311972325 4576953.009981114, 418931.85800574184 4576952.726404373, 418934.6732533685 4576951.877284464, 418937.2687517251 4576950.495252591, 418970.5627517251 4576928.325252591, 418970.5628325525 4576928.325186471, 418970.56292472675 4576928.32513739, 419003.85592472675 4576906.15513739, 419003.85713836516 4576906.154144573, 419003.85852221894 4576906.153407315, 419037.1502233497 4576883.97427263, 419070.44192472677 4576861.80513739, 419103.7349247267 4576839.63513739, 419137.02784030116 4576817.46519361, 419168.2625811939 4576796.666424895, 419168.39475437027 4576796.794396824, 419216.4537706267 4576835.303810293, 419216.4716041515 4576835.315426951, 419216.486870659 4576835.330256485, 419260.39309030556 4576870.308878152, 419262.8614979754 4576871.906872956, 419265.59422920493 4576872.992600291, 419268.48626666557 4576873.524336264, 419271.4264709795 4576873.481646559, 419274.3018517439 4576872.8661717195, 419277.00190968846 4576871.701564097, 419279.42288310063 4576870.03257891, 419281.47173532983 4576867.923354322, 419283.069730134 4576865.454946652, 419284.1554574688 4576862.722215422, 419284.68719344185 4576859.830177962, 419284.6445037378 4576856.889973648, 419284.029028898 4576854.014592884, 419282.86442127544 4576851.314534939, 419281.19543608796 4576848.893561527, 419279.0862115003 4576846.844709298, 419235.1965605602 4576811.879287368, 419203.0880810694 4576786.15094732, 419269.12322290416 4576741.778127146, 419269.283648183 4576741.6688147085, 419301.4815425911 4576719.422996754, 419302.632776809 4576718.542490421, 419315.8046427032 4576707.419581444, 419316.0125646732 4576707.240721057, 419373.96877460787 4576656.455860332, 419374.0178682053 4576656.412651883, 419410.5736786812 4576624.097315423, 419451.64868726785 4576588.210728974, 419465.0163481351 4576578.839585273, 419514.74674463517 4576546.026273799, 419514.8061490375 4576545.986874426, 419559.5430384805 4576516.162281464, 419602.4699606678 4576488.01348003, 419622.8287212441 4576481.340760783, 419622.8287212493 4576481.340760781, 419622.82872125163 4576481.3407607805, 419624.6367456094 4576480.748168766, 419624.7445359355 4576480.700690699, 419624.85910415533 4576480.673358579, 419626.0890993643 4576480.108455064, 419627.3277791339 4576479.562857672, 419627.42423578695 4576479.495263034, 419627.5312703794 4576479.446104942, 419628.6274243628 4576478.65209573, 419629.735862481 4576477.875327402, 419629.8172786879 4576477.790213815, 419629.91266637144 4576477.72111887, 419630.8328545366 4576476.728517305, 419631.768454358 4576475.750428798, 419631.8317013393 4576475.651067129, 419631.91177641915 4576475.564690611, 419632.6206364707 4576474.411641796, 419633.3474433989 4576473.26982052, 419633.3900906065 4576473.160029186, 419633.4517758444 4576473.059690494, 419633.92206668714 4576471.790505445, 419634.41214994056 4576470.528830954, 419634.4325584675 4576470.412829172, 419634.47348333284 4576470.302384268, 419634.68713194784 4576468.965837069, 419634.9216579075 4576467.632794793, 419634.91904346534 4576467.515040446, 419634.93763523886 4576467.398733664, 419634.88643123215 4576466.046187067, 419634.85638719436 4576464.69300508, 419634.83085025457 4576464.578023403, 419634.8263944649 4576464.460324348, 419634.51230557717 4576463.143755958, 419634.2188461181 4576461.822436287, 419634.1713680511 4576461.71464596, 419634.1440359315 4576461.600077741, 419633.5791324224 4576460.370082546, 419633.0335350246 4576459.131402763, 419632.96594038553 4576459.034946108, 419632.91678229446 4576458.927911517, 419632.1227730901 4576457.831757544, 419631.3460047546 4576456.723319416, 419631.260891168 4576456.641903209, 419631.1917962228 4576456.546515525, 419630.19919465843 4576455.626327361, 419629.22110614995 4576454.690727538, 419629.12174448126 4576454.627480557, 419629.0353679639 4576454.547405478, 419627.88231916405 4576453.838545435, 419626.7404978723 4576453.111738497, 419626.63070653664 4576453.069091289, 419626.53036784637 4576453.007406052, 419625.2611828262 4576452.53711522, 419623.9995083067 4576452.047031956, 419623.8835065217 4576452.026623428, 419623.7730616199 4576451.985698564, 419621.1753631188 4576451.303867765, 419602.9937379192 4576446.52467608, 419601.6052595968 4576446.152237697, 419601.27884081786 4576446.098256347, 419600.9643962357 4576445.995359266, 419599.8307209358 4576445.858774213, 419598.7041486507 4576445.672467859, 419598.37347067794 4576445.683204891, 419598.04499383585 4576445.643630044, 419596.90645536646 4576445.730838513, 419595.7651832858 4576445.7678953335, 419595.4429538897 4576445.842938128, 419595.1130679671 4576445.868206353, 419594.0134197208 4576446.175856973, 419592.90130629303 4576446.434852894, 419592.5999085675 4576446.571317599, 419592.2812908964 4576446.660457853, 419591.2627917424 4576447.176727784, 419590.222574859 4576447.6477097375, 419589.9535913492 4576447.840352091, 419589.65848622844 4576447.989938764, 419588.7445804554 4576448.572275859, 419548.42767895473 4576474.230912311, 419523.5434899767 4576488.923910564, 419496.04807708587 4576464.828799716, 419496.0280778387 4576464.814479485, 419496.01119811594 4576464.796587762, 419462.12187061814 4576435.293313815, 419432.2560973586 4576408.7905470105, 419432.151607253 4576408.714739897, 419432.06230299425 4576408.6215216005, 419401.79018852283 4576382.672001095, 419371.94673446764 4576356.224017527, 419371.94458076014 4576356.222457177, 419371.94277215557 4576356.220507279, 419341.9967721556 4576329.700507279, 419341.9584811662 4576329.67278626, 419341.9261172006 4576329.638330083, 419311.9213304559 4576303.400334899, 419282.4068110063 4576276.604284255, 419281.40394853754 4576275.859190968, 419280.4235718448 4576275.084750065, 419246.8635718448 4576253.554750064, 419246.22597868857 4576253.229085011, 419245.6244614545 4576252.840807047, 419205.6484614545 4576232.280807047, 419205.5283636826 4576232.233276013, 419205.4186609228 4576232.165099937, 419188.3296935218 4576223.743547356, 419185.168150255 4576222.6051194, 419174.91395426873 4576220.1674977485, 419171.94222273614 4576219.769074468, 419160.6735810959 4576219.395211143, 419158.0542876927 4576219.537803899, 419155.4998872182 4576220.134518941, 419146.97552704636 4576222.931409984, 419144.62266052316 4576223.93278904, 419142.47406933 4576225.319258215, 419135.61412413104 4576230.625715514, 419133.32022211753 4576232.825899519, 419119.4283325159 4576249.315588734, 419119.25430196186 4576249.568920597, 419119.04313878616 4576249.7922449885, 419094.5411387861 4576281.412244988, 419094.4492082037 4576281.558529767, 419094.3334174736 4576281.686759934, 419070.712037943 4576313.659654262, 419047.6934187129 4576342.7762405025, 419012.1576144628 4576364.728643001, 419011.9164568387 4576364.912561398, 419011.6496480809 4576365.05676981, 418978.53025886684 4576387.409484751, 418945.3239406525 4576409.622305342, 418945.28870990156 4576409.651249246, 418945.2486403612 4576409.673006718, 418910.98684142577 4576432.893230276, 418877.6471064302 4576454.803908644, 418844.21932990063 4576476.763104929, 418841.93174909585 4576478.610697384, 418840.0485709218 4576480.869073744, 418838.64216485963 4576483.451445872, 418837.76657830557 4576486.258574655, 418837.4554595599 4576489.182583708, 418837.7207647415 4576492.111105004, 418838.552298321 4576494.931597111, 418839.9181049293 4576497.535670099, 418841.7656973844 4576499.823250904, 418844.0240737444 4576501.706429078, 418846.6064458723 4576503.11283514, 418849.41357465537 4576503.988421694, 418852.3375837088 4576504.29954044, 418855.26610500447 4576504.034235259, 418858.0865971113 4576503.2027016785, 418860.6906700994 4576501.836895071, 418894.1196700994 4576479.876895071, 418894.1208145639 4576479.875970731, 418894.12211723387 4576479.8752871705, 418923.7686534916 4576460.39175736, 418923.79084674164 4576460.62829696, 418924.63141250703 4576463.446110477, 418926.0055551832 4576466.04579425, 418953.4990234335 4576507.607426516, 418972.1820540312 4576537.255242928, 418942.6518780699 4576556.454188687, 418942.5770478131 4576556.514042112, 418942.4925465771 4576556.559225516, 418900.93054657715 4576584.339225516, 418900.92686405167 4576584.342248625, 418900.9226639235 4576584.344497879, 418861.2093226095 4576610.925196362, 418860.11545199563 4576573.916832702, 418860.1154449049 4576573.916777488, 418860.11544872174 4576573.916721951, 418858.9334487218 4576533.936721951, 418858.5588745515 4576531.0201626755, 418857.6225052306 4576528.232720064, 418856.16032490693 4576525.681513973, 418854.2285243503 4576523.464585821, 418851.9013415728 4576521.667130915, 418849.2682089034 4576520.3582244385, 418846.4303161539 4576519.5881669335, 418843.4967219513 4576519.386551278, 418840.5801626754 4576519.761125448, 418837.79272006376 4576520.6974947695, 418835.2415139726 4576522.159675093, 418833.02458582126 4576524.09147565, 418831.22713091545 4576526.418658427, 418829.918224439 4576529.051791096, 418829.14816693397 4576531.889683846, 418828.94655127823 4576534.823278049, 418830.1285497629 4576574.803226794), (418917.60539604264 4576609.27813924, 418949.9653875838 4576587.648752661, 418958.9056913524 4576631.698514819, 418963.874052228 4576656.264577676, 418933.9979474658 4576662.462744611, 418933.97494066524 4576662.469930459, 418933.95098235906 4576662.472566477, 418890.1156092831 4576671.713106887, 418863.14809973654 4576676.503191978, 418862.47944872174 4576653.886721951, 418862.0243695076 4576638.494110291, 418864.8011884371 4576639.334070598, 418867.72776849504 4576639.619995384, 418870.6538962963 4576639.329478758, 418873.46712239046 4576638.473685115, 418876.0593360765 4576637.085502121, 418917.60539604264 4576609.27813924), (418975.6453767804 4576570.786554779, 419000.87258760235 4576554.385167505, 419042.376498902 4576527.966468778, 419067.33727228607 4576520.092568506, 419086.7945950874 4576515.96012789, 419085.99432701507 4576518.665498086, 419085.72635899263 4576521.593776925, 419086.0348187623 4576524.518067675, 419094.12481876224 4576563.768067675, 419094.14173559105 4576563.822476995, 419094.148141031 4576563.879094339, 419102.49220453436 4576602.867902417, 419107.27029532247 4576627.148076347, 419084.5177321062 4576631.417281054, 419084.42557240895 4576631.444146985, 419084.3300566964 4576631.453735384, 419050.0280566964 4576638.343735384, 419049.9213036665 4576638.376337338, 419049.81041897606 4576638.389131205, 419015.713210515 4576645.765369329, 418993.2685808894 4576650.267553783, 418988.3093287393 4576625.746529024, 418988.307811938 4576625.741585865, 418988.30728511483 4576625.736442133, 418978.3622851148 4576576.736442133, 418977.49775999336 4576573.9258870045, 418976.1015343746 4576571.337996388, 418975.6453767804 4576570.786554779), (419111.4994241882 4576511.09917013, 419143.60992103047 4576506.268998061, 419176.84907360293 4576504.754530072, 419195.65604348166 4576503.901807164, 419196.4976245741 4576528.708589069, 419196.50883628504 4576528.792975978, 419196.5043299588 4576528.877985071, 419198.31057880924 4576568.7992815655, 419199.6179048982 4576601.425257495, 419200.18304923584 4576604.945613956, 419201.1131158272 4576608.200753825, 419201.33067861863 4576608.760052134, 419200.35165457346 4576608.840955827, 419199.4939731892 4576608.997581139, 419198.62650698854 4576609.085052495, 419160.800651324 4576616.700392931, 419136.72790407966 4576621.4680715725, 419131.9037258843 4576596.953701535, 419131.8678477201 4576596.83455149, 419131.853858969 4576596.710905661, 419123.49573003675 4576557.656374892, 419115.4171812378 4576518.461932326, 419114.5441476121 4576515.654008519, 419113.140090323 4576513.070358591, 419111.4994241882 4576511.09917013), (419225.1130691763 4576487.636312461, 419225.1176053264 4576487.550586128, 419225.1023948317 4576487.445306712, 419225.1065147492 4576487.339013998, 419222.82804739435 4576449.048104284, 419222.9851251301 4576449.158810192, 419225.6729698035 4576450.351334753, 419228.5418182959 4576450.996572807, 419263.6660455715 4576455.340761727, 419294.04853244574 4576481.953486566, 419294.07371177763 4576481.971507129, 419294.0949842967 4576481.994006448, 419324.23550485045 4576508.176680869, 419353.3843673958 4576533.994189208, 419378.9484380765 4576563.468311369, 419379.1486170725 4576563.657866918, 419379.3161038751 4576563.876844326, 419396.12630281126 4576581.880954685, 419373.95332402125 4576601.589182721, 419355.79483530554 4576617.028683485, 419355.43736958975 4576617.342524032, 419354.3874476492 4576618.294213476, 419322.88000372745 4576614.240193091, 419322.51695054944 4576614.2293742495, 419322.1594647666 4576614.165120273, 419279.54655590263 4576610.763166766, 419241.8203025723 4576606.703756534, 419229.494842251 4576597.753263079, 419228.28497238556 4576567.559430461, 419228.2796097526 4576567.520881017, 419228.2816700412 4576567.482014929, 419226.4775013659 4576527.606693985, 419225.12437542586 4576487.721410932, 419225.1130691763 4576487.636312461), (419215.46701296483 4576435.450770338, 419215.335011293 4576435.354972196, 419212.66395228816 4576434.125310612, 419209.80432185874 4576433.440374392, 419206.8660139984 4576433.32648525, 419203.96194623044 4576433.788019883, 419201.2037202506 4576434.807241774, 419198.69733313634 4576436.344982797, 419196.53910393897 4576438.342148426, 419194.81197219616 4576440.721988707, 419193.58231061214 4576443.393047712, 419192.8973743921 4576446.252678141, 419192.7834852508 4576449.190986002, 419194.25582498487 4576473.934473201, 419175.48858612723 4576474.785394673, 419175.48693383095 4576474.785633393, 419175.4852666918 4576474.7855455475, 419141.46626669174 4576476.335545548, 419140.6955134874 4576476.447076266, 419139.9177503663 4576476.486877434, 419138.9378978991 4576476.634270233, 419139.4405906074 4576475.750131512, 419140.3673565775 4576472.9594812915, 419140.73188614903 4576470.04164956, 419140.52017065516 4576467.108766957, 419139.74034620344 4576464.273542514, 419123.62634620344 4576422.303542513, 419123.51245217276 4576422.0763870375, 419123.436828184 4576421.83379175, 419122.85437618167 4576420.763890115, 419122.30838101037 4576419.674932316, 419122.1523595871 4576419.474361192, 419122.03086069884 4576419.251180813, 419093.95486069884 4576377.921180813, 419093.7704991 4576377.700011265, 419093.62325231184 4576377.452577333, 419076.6908313014 4576354.470619968, 419094.3979805582 4576332.072589345, 419094.530813962 4576331.865709771, 419094.6955825264 4576331.683240065, 419118.36029699567 4576299.651689408, 419142.5691339551 4576268.410018335, 419155.2338201849 4576253.377020958, 419158.7846527398 4576250.63030203, 419162.3310525666 4576249.466708081, 419169.44157451816 4576249.70261614, 419176.58498258644 4576251.400743052, 419192.04194260895 4576259.018031945, 419201.5467959247 4576263.906459606, 419195.091233195 4576266.284921931, 419194.50227677403 4576266.570276775, 419193.8857311491 4576266.789750095, 419193.18229570845 4576267.209819836, 419192.44496473717 4576267.567063525, 419191.9229949186 4576267.961835054, 419191.3611131642 4576268.29737334, 419190.75314557593 4576268.8466050085, 419190.0996770023 4576269.340830495, 419189.66475279466 4576269.8298478555, 419189.17912771035 4576270.268556563, 419188.6899918302 4576270.925843493, 419188.1454980827 4576271.538057968, 419187.8143333762 4576272.102528501, 419187.42362726474 4576272.627548298, 419187.0721203135 4576273.367631318, 419186.6575259783 4576274.074307726, 419186.4428472456 4576274.692539148, 419186.16207472514 4576275.283693816, 419185.96170491644 4576276.0781319495, 419185.6929426227 4576276.852113113, 419185.60299984907 4576277.500347135, 419185.44295084814 4576278.134918932, 419185.40141828055 4576278.953182371, 419185.2888164133 4576279.764724625, 419185.32706604886 4576280.418049977, 419185.293891161 4576281.071652667, 419187.6627504141 4576330.945527498, 419189.2051934406 4576370.849377186, 419189.2145955536 4576370.917671994, 419189.21112330246 4576370.986523457, 419191.1221233024 4576410.946523458, 419191.54980186897 4576413.855769901, 419192.5368285371 4576416.625680039, 419194.0452724254 4576419.14980778, 419196.0171648812 4576421.331152311, 419198.37672718335 4576423.085885784, 419201.0332826757 4576424.346574776, 419203.8847414207 4576425.064771716, 419206.82152345765 4576425.212876698, 419209.73076989996 4576424.785198132, 419212.5006800384 4576423.798171463, 419215.0248077797 4576422.289727575, 419217.2061523103 4576420.31783512, 419218.96088578325 4576417.958272818, 419220.2215747752 4576415.301717325, 419220.93977171514 4576412.45025858, 419221.08787669754 4576409.513476543, 419219.1801554098 4576369.622036113, 419217.6378065594 4576329.720622813, 419217.6287382904 4576329.654752973, 419217.632108839 4576329.5883473335, 419215.7818541531 4576290.6331538195, 419236.94640045596 4576282.83537102, 419263.1693134819 4576299.658354258, 419291.8591889937 4576325.705715745, 419291.9718193999 4576325.789396371, 419292.0678827994 4576325.891669916, 419322.1424577499 4576352.1906921165, 419352.0512466354 4576378.677738174, 419381.9852655324 4576405.205982474, 419382.08580774494 4576405.278824774, 419382.17169700575 4576405.3684784, 419412.4400753973 4576431.314796305, 419442.2629026414 4576457.779452989, 419442.32075441675 4576457.821424198, 419442.36980188405 4576457.8734122375, 419476.2943360604 4576487.407336314, 419498.06323683576 4576506.484121205, 419478.97193124006 4576520.8738783365, 419443.6095377291 4576544.604635353, 419443.30197385186 4576544.85807685, 419442.9613597661 4576545.064983047, 419419.3492975533 4576562.794457742, 419401.4314719255 4576543.604053677, 419375.40056192357 4576513.59168863, 419374.68481026596 4576512.91392173, 419374.0145166705 4576512.191166661, 419344.07251667045 4576485.671166661, 419344.0138103677 4576485.628659908, 419343.96401570324 4576485.575993552, 419313.79228325794 4576459.3662057705, 419279.9654675542 4576429.736513433, 419279.9210627225 4576429.704733398, 419279.8834233608 4576429.665172827, 419278.7258700759 4576428.849347552, 419277.57426046877 4576428.025153595, 419277.52450888307 4576428.002647156, 419277.47987486987 4576427.971189808, 419276.1854040332 4576427.396867831, 419274.89513001515 4576426.813178418, 419274.84194360714 4576426.800810488, 419274.79203019646 4576426.778665246, 419273.41038754437 4576426.467917426, 419272.0310336743 4576426.1471634265, 419271.97645636497 4576426.145409295, 419271.92318170407 4576426.133427192, 419232.22418170405 4576421.223427193, 419229.2845776313 4576421.1502717845, 419226.38718531415 4576421.652010341, 419223.64334991446 4576422.709361332, 419221.158515488 4576424.281691352, 419219.02817282814 4576426.30857664, 419217.33418980864 4576428.71212513, 419216.1416652469 4576431.399969804, 419215.49642719317 4576434.2688182965, 419215.46701296483 4576435.450770338), (419028.18167653866 4576390.092414329, 419053.946163211 4576374.176287101, 419069.3004591738 4576395.016294266, 419096.2410147589 4576434.674834027, 419111.7336537966 4576475.026457487, 419113.0516189897 4576477.655067684, 419114.857076261 4576479.976047619, 419115.1332639271 4576480.215045663, 419100.36275036633 4576482.436877433, 419099.92571994057 4576482.54729671, 419099.4777352254 4576482.597273809, 419060.39773522544 4576490.89727381, 419059.7087865739 4576491.116027494, 419059.00143288 4576491.264870222, 419031.4718359642 4576499.949108379, 419027.92972593196 4576501.600299009, 418997.4139191019 4576521.024682924, 418978.7914255526 4576491.472931831, 418978.68926376157 4576491.341428196, 418978.6114448168 4576491.194205749, 418951.0264448168 4576449.494205749, 418949.17153276224 4576447.212556107, 418946.9071345593 4576445.336623113, 418946.4581369442 4576445.093952942, 418962.04178624635 4576434.532457869, 418995.2360593475 4576412.327694658, 418995.2600442396 4576412.307989815, 418995.28735191916 4576412.293230191, 419028.18167653866 4576390.092414329), (419166.67489326495 4576646.1173271965, 419166.69849301147 4576646.114947505, 419203.69201949076 4576638.667176844, 419211.3841752776 4576638.031519515, 419211.812137942 4576638.0004917355, 419207.04723396647 4576648.181780023, 419207.01180989336 4576648.282065454, 419206.9587985946 4576648.374270852, 419206.5224355738 4576649.667482501, 419206.06785346847 4576650.954402907, 419206.05267477594 4576651.0596722765, 419206.0186704554 4576651.160447964, 419205.8429851054 4576652.513941111, 419205.6482033834 4576653.864818277, 419205.65385338047 4576653.971026141, 419205.64016280475 4576654.076499366, 419205.73190661316 4576655.43826003, 419205.80441062874 4576656.8011805015, 419205.8306721893 4576656.904245352, 419205.8378214795 4576657.0103628365, 419214.0728214795 4576706.330362837, 419214.8390505675 4576709.16929165, 419216.1444043147 4576711.804187362, 419217.9387187086 4576714.133792409, 419220.15303925326 4576716.068581375, 419222.70227085205 4576717.534201406, 419225.48844796425 4576718.474329545, 419228.40449936583 4576718.852837196, 419231.282278942 4576718.658956975, 419220.2804880395 4576725.984587757, 419220.2802951919 4576725.984745505, 419220.28007527324 4576725.98486261, 419186.98707527324 4576748.15486261, 419153.6941596988 4576770.32480639, 419120.4002482747 4576792.49474741, 419120.4001674469 4576792.494813529, 419120.40007527324 4576792.4948626105, 419087.10707527323 4576814.66486261, 419083.2850536838 4576817.209968748, 419083.16331226315 4576815.6858313875, 419082.3618367485 4576812.85665115, 419081.02381567744 4576810.238192934, 419055.56764327467 4576770.573705045, 419048.40764871304 4576734.128394898, 419048.4075954657 4576734.128217861, 419048.40757777524 4576734.128033839, 419040.7004298345 4576694.902728254, 419036.28204086813 4576672.009672675, 419056.0449303966 4576667.734373149, 419090.14422178426 4576660.885089794, 419127.67626789375 4576653.842718946, 419127.74010804365 4576653.824108587, 419127.8062984644 4576653.817725884, 419127.81507113454 4576653.8150842795, 419127.8241895125 4576653.814193809, 419166.65218951256 4576646.12419381, 419166.67489326495 4576646.1173271965), (419245.2863312393 4576637.249879408, 419276.5422918106 4576640.613074928, 419276.7494475627 4576640.614942393, 419276.95334436547 4576640.651590509, 419319.41086840286 4576644.041139044, 419324.72261476977 4576644.724594297, 419318.29728976235 4576650.428859572, 419318.11240626534 4576650.62867628, 419317.89802181954 4576650.796449746, 419306.46251907345 4576661.713424644, 419295.91256840766 4576671.379964371, 419285.6267251586 4576679.694610419, 419253.21219598764 4576704.056745682, 419241.48423897586 4576711.865899997, 419242.5422014054 4576710.025729149, 419243.4823295446 4576707.239552036, 419243.86083719524 4576704.323500634, 419243.6631785205 4576701.389637164, 419236.19664494146 4576656.67203715, 419245.2863312393 4576637.249879408), (419034.51934917073 4576793.320508738, 419055.7761843226 4576826.441807066, 419057.5993315506 4576828.748917381, 419059.83754241 4576830.656018838, 419061.6080261373 4576831.644825947, 419053.8140752733 4576836.83486261, 419020.5210752733 4576859.00486261, 419020.5198616349 4576859.005855427, 419020.5184777811 4576859.006592685, 418994.12375765276 4576876.59091649, 418994.17370130285 4576876.114661633, 418993.90395381686 4576873.1865461795, 418993.06814246636 4576870.367318766, 418991.6983870128 4576867.765320723, 418967.03129218845 4576830.339246163, 418954.56788683485 4576810.797501048, 418972.509397917 4576807.006298436, 419011.6436412401 4576798.746669198, 419011.8237359694 4576798.689737355, 419012.0108985411 4576798.664330341, 419034.51934917073 4576793.320508738)))'::public.geometry, '2025-05-21 10:26:53.790', 'postgres', '2025-05-21 12:00:49.272', 'postgres');
INSERT INTO dwfzone (dwfzone_id, code, "name", dwfzone_type, expl_id, descript, link, graphconfig, stylesheet, lock_level, active, the_geom, created_at, created_by, updated_at, updated_by) VALUES(2, '2', 'dwf1-b', NULL, 1, 'test', NULL, '{"use": [{"nodeParent": "240"}], "ignore": [], "forceClosed": []}'::json, NULL, 0, true, 'SRID=25831;MULTIPOLYGON (((419606.4392181465 4576472.889743563, 419606.4680580226 4576472.872106092, 419607.06293312175 4576474.145297053, 419608.8034861569 4576476.515339025, 419610.9729672051 4576478.500276254, 419613.4880043263 4576480.023828713, 419616.25194605446 4576481.027447138, 419619.1585756589 4576481.472563034, 419622.0961929941 4576481.342070848, 419624.95190707315 4576480.640985319, 419627.61597440566 4576479.396248775, 419629.9860163779 4576477.655695739, 419631.9709536062 4576475.486214692, 419633.49450606585 4576472.9711775705, 419634.6012217378 4576470.659371645, 419634.60122180695 4576470.659371455, 419634.6012219105 4576470.659371284, 419645.55159735895 4576447.785253549, 419650.41701097024 4576442.939005521, 419652.2869355672 4576440.669643096, 419653.678199441 4576438.079081641, 419654.53733710106 4576435.26687498, 419654.831332369 4576432.34109464, 419654.5488871715 4576429.4141767165, 419653.70085571916 4576426.5986010255, 419652.3198273851 4576424.002568561, 419650.4588743136 4576421.725843393, 419648.18951188773 4576419.855918797, 419645.59895043273 4576418.4646549225, 419642.7867437725 4576417.605517263, 419639.860963432 4576417.311521995, 419636.93404550885 4576417.593967192, 419634.1184698174 4576418.441998645, 419631.52243735245 4576419.823026978, 419629.2457121858 4576421.6839800505, 419623.8032039668 4576427.105049425, 419590.7863615384 4576447.297008635, 419589.89134757844 4576447.84453928, 419587.545467828 4576449.61752321, 419585.590555505 4576451.814098187, 419584.1017367936 4576454.349851065, 419583.136226162 4576457.1273342855, 419582.73112764227 4576460.039810725, 419582.9020089434 4576462.975355546, 419583.64230319276 4576465.821157409, 419584.92356129753 4576468.467853744, 419586.69654522726 4576470.813733494, 419588.89312020387 4576472.768645817, 419591.42887308286 4576474.257464529, 419594.2063563031 4576475.22297516, 419597.11883274216 4576475.62807368, 419600.0543775637 4576475.457192379, 419602.9001794266 4576474.716898129, 419605.5468757612 4576473.435640025, 419606.4392181465 4576472.889743563)))'::public.geometry, '2025-05-21 10:26:29.561', 'postgres', '2025-05-21 12:00:49.272', 'postgres');


INSERT INTO dwfzone (dwfzone_id, code, name) VALUES(0, '0', 'Undefined');
