/*
This file is part of Giswater
The program is free software: you can redistribute it and/or modify it under the terms of the GNU General Public License as published by the Free Software Foundation, either version 3 of the License, or (at your option) any later version.
This version of Giswater is provided by Giswater Association
*/

SET search_path = "SCHEMA_NAME", public, pg_catalog;

INSERT INTO inp_gully VALUES ('30046', 'To_network', NULL, NULL, NULL, NULL, 'W_O', 1.6, 0.7, NULL, NULL, 90);
INSERT INTO inp_gully VALUES ('30131', 'To_network', NULL, NULL, NULL, NULL, 'W_O', 1.6, 0.7, NULL, NULL, 90);
INSERT INTO inp_gully VALUES ('30130', 'To_network', NULL, NULL, NULL, NULL, 'W_O', 1.6, 0.7, NULL, NULL, 90);
INSERT INTO inp_gully VALUES ('30129', 'To_network', NULL, NULL, NULL, NULL, 'W_O', 1.6, 0.7, NULL, NULL, 90);
INSERT INTO inp_gully VALUES ('30127', 'To_network', NULL, NULL, NULL, NULL, 'W_O', 1.6, 0.7, NULL, NULL, 90);
INSERT INTO inp_gully VALUES ('30126', 'To_network', NULL, NULL, NULL, NULL, 'W_O', 1.6, 0.7, NULL, NULL, 90);
INSERT INTO inp_gully VALUES ('30125', 'To_network', NULL, NULL, NULL, NULL, 'W_O', 1.6, 0.7, NULL, NULL, 90);
INSERT INTO inp_gully VALUES ('30124', 'To_network', NULL, NULL, NULL, NULL, 'W_O', 1.6, 0.7, NULL, NULL, 90);
INSERT INTO inp_gully VALUES ('30121', 'To_network', NULL, NULL, NULL, NULL, 'W_O', 1.6, 0.7, NULL, NULL, 90);
INSERT INTO inp_gully VALUES ('30120', 'To_network', NULL, NULL, NULL, NULL, 'W_O', 1.6, 0.7, NULL, NULL, 90);
INSERT INTO inp_gully VALUES ('30115', 'To_network', NULL, NULL, NULL, NULL, 'W_O', 1.6, 0.7, NULL, NULL, 90);
INSERT INTO inp_gully VALUES ('30114', 'To_network', NULL, NULL, NULL, NULL, 'W_O', 1.6, 0.7, NULL, NULL, 90);
INSERT INTO inp_gully VALUES ('30113', 'To_network', NULL, NULL, NULL, NULL, 'W_O', 1.6, 0.7, NULL, NULL, 90);
INSERT INTO inp_gully VALUES ('30112', 'To_network', NULL, NULL, NULL, NULL, 'W_O', 1.6, 0.7, NULL, NULL, 90);
INSERT INTO inp_gully VALUES ('30111', 'To_network', NULL, NULL, NULL, NULL, 'W_O', 1.6, 0.7, NULL, NULL, 90);
INSERT INTO inp_gully VALUES ('30109', 'To_network', NULL, NULL, NULL, NULL, 'W_O', 1.6, 0.7, NULL, NULL, 90);
INSERT INTO inp_gully VALUES ('30108', 'To_network', NULL, NULL, NULL, NULL, 'W_O', 1.6, 0.7, NULL, NULL, 90);
INSERT INTO inp_gully VALUES ('30107', 'To_network', NULL, NULL, NULL, NULL, 'W_O', 1.6, 0.7, NULL, NULL, 90);
INSERT INTO inp_gully VALUES ('30106', 'To_network', NULL, NULL, NULL, NULL, 'W_O', 1.6, 0.7, NULL, NULL, 90);
INSERT INTO inp_gully VALUES ('30105', 'To_network', NULL, NULL, NULL, NULL, 'W_O', 1.6, 0.7, NULL, NULL, 90);
INSERT INTO inp_gully VALUES ('30104', 'To_network', NULL, NULL, NULL, NULL, 'W_O', 1.6, 0.7, NULL, NULL, 90);
INSERT INTO inp_gully VALUES ('30103', 'To_network', NULL, NULL, NULL, NULL, 'W_O', 1.6, 0.7, NULL, NULL, 90);
INSERT INTO inp_gully VALUES ('30102', 'To_network', NULL, NULL, NULL, NULL, 'W_O', 1.6, 0.7, NULL, NULL, 90);
INSERT INTO inp_gully VALUES ('30101', 'To_network', NULL, NULL, NULL, NULL, 'W_O', 1.6, 0.7, NULL, NULL, 90);
INSERT INTO inp_gully VALUES ('30100', 'To_network', NULL, NULL, NULL, NULL, 'W_O', 1.6, 0.7, NULL, NULL, 90);
INSERT INTO inp_gully VALUES ('30099', 'To_network', NULL, NULL, NULL, NULL, 'W_O', 1.6, 0.7, NULL, NULL, 90);
INSERT INTO inp_gully VALUES ('30098', 'To_network', NULL, NULL, NULL, NULL, 'W_O', 1.6, 0.7, NULL, NULL, 90);
INSERT INTO inp_gully VALUES ('30097', 'To_network', NULL, NULL, NULL, NULL, 'W_O', 1.6, 0.7, NULL, NULL, 90);
INSERT INTO inp_gully VALUES ('30096', 'To_network', NULL, NULL, NULL, NULL, 'W_O', 1.6, 0.7, NULL, NULL, 90);
INSERT INTO inp_gully VALUES ('30095', 'To_network', NULL, NULL, NULL, NULL, 'W_O', 1.6, 0.7, NULL, NULL, 90);
INSERT INTO inp_gully VALUES ('30094', 'To_network', NULL, NULL, NULL, NULL, 'W_O', 1.6, 0.7, NULL, NULL, 90);
INSERT INTO inp_gully VALUES ('30093', 'To_network', NULL, NULL, NULL, NULL, 'W_O', 1.6, 0.7, NULL, NULL, 90);
INSERT INTO inp_gully VALUES ('30092', 'To_network', NULL, NULL, NULL, NULL, 'W_O', 1.6, 0.7, NULL, NULL, 90);
INSERT INTO inp_gully VALUES ('30091', 'To_network', NULL, NULL, NULL, NULL, 'W_O', 1.6, 0.7, NULL, NULL, 90);
INSERT INTO inp_gully VALUES ('30090', 'To_network', NULL, NULL, NULL, NULL, 'W_O', 1.6, 0.7, NULL, NULL, 90);
INSERT INTO inp_gully VALUES ('30089', 'To_network', NULL, NULL, NULL, NULL, 'W_O', 1.6, 0.7, NULL, NULL, 90);
INSERT INTO inp_gully VALUES ('30088', 'To_network', NULL, NULL, NULL, NULL, 'W_O', 1.6, 0.7, NULL, NULL, 90);
INSERT INTO inp_gully VALUES ('30087', 'To_network', NULL, NULL, NULL, NULL, 'W_O', 1.6, 0.7, NULL, NULL, 90);
INSERT INTO inp_gully VALUES ('30086', 'To_network', NULL, NULL, NULL, NULL, 'W_O', 1.6, 0.7, NULL, NULL, 90);
INSERT INTO inp_gully VALUES ('30085', 'To_network', NULL, NULL, NULL, NULL, 'W_O', 1.6, 0.7, NULL, NULL, 90);
INSERT INTO inp_gully VALUES ('30084', 'To_network', NULL, NULL, NULL, NULL, 'W_O', 1.6, 0.7, NULL, NULL, 90);
INSERT INTO inp_gully VALUES ('30083', 'To_network', NULL, NULL, NULL, NULL, 'W_O', 1.6, 0.7, NULL, NULL, 90);
INSERT INTO inp_gully VALUES ('30082', 'To_network', NULL, NULL, NULL, NULL, 'W_O', 1.6, 0.7, NULL, NULL, 90);
INSERT INTO inp_gully VALUES ('30081', 'To_network', NULL, NULL, NULL, NULL, 'W_O', 1.6, 0.7, NULL, NULL, 90);
INSERT INTO inp_gully VALUES ('30080', 'To_network', NULL, NULL, NULL, NULL, 'W_O', 1.6, 0.7, NULL, NULL, 90);
INSERT INTO inp_gully VALUES ('30079', 'To_network', NULL, NULL, NULL, NULL, 'W_O', 1.6, 0.7, NULL, NULL, 90);
INSERT INTO inp_gully VALUES ('30077', 'To_network', NULL, NULL, NULL, NULL, 'W_O', 1.6, 0.7, NULL, NULL, 90);
INSERT INTO inp_gully VALUES ('30076', 'To_network', NULL, NULL, NULL, NULL, 'W_O', 1.6, 0.7, NULL, NULL, 90);
INSERT INTO inp_gully VALUES ('30075', 'To_network', NULL, NULL, NULL, NULL, 'W_O', 1.6, 0.7, NULL, NULL, 90);
INSERT INTO inp_gully VALUES ('30074', 'To_network', NULL, NULL, NULL, NULL, 'W_O', 1.6, 0.7, NULL, NULL, 90);
INSERT INTO inp_gully VALUES ('30073', 'To_network', NULL, NULL, NULL, NULL, 'W_O', 1.6, 0.7, NULL, NULL, 90);
INSERT INTO inp_gully VALUES ('30069', 'To_network', NULL, NULL, NULL, NULL, 'W_O', 1.6, 0.7, NULL, NULL, 90);
INSERT INTO inp_gully VALUES ('30068', 'To_network', NULL, NULL, NULL, NULL, 'W_O', 1.6, 0.7, NULL, NULL, 90);
INSERT INTO inp_gully VALUES ('30067', 'To_network', NULL, NULL, NULL, NULL, 'W_O', 1.6, 0.7, NULL, NULL, 90);
INSERT INTO inp_gully VALUES ('30066', 'To_network', NULL, NULL, NULL, NULL, 'W_O', 1.6, 0.7, NULL, NULL, 90);
INSERT INTO inp_gully VALUES ('30062', 'To_network', NULL, NULL, NULL, NULL, 'W_O', 1.6, 0.7, NULL, NULL, 90);
INSERT INTO inp_gully VALUES ('30061', 'To_network', NULL, NULL, NULL, NULL, 'W_O', 1.6, 0.7, NULL, NULL, 90);
INSERT INTO inp_gully VALUES ('30060', 'To_network', NULL, NULL, NULL, NULL, 'W_O', 1.6, 0.7, NULL, NULL, 90);
INSERT INTO inp_gully VALUES ('30059', 'To_network', NULL, NULL, NULL, NULL, 'W_O', 1.6, 0.7, NULL, NULL, 90);
INSERT INTO inp_gully VALUES ('30058', 'To_network', NULL, NULL, NULL, NULL, 'W_O', 1.6, 0.7, NULL, NULL, 90);
INSERT INTO inp_gully VALUES ('30057', 'To_network', NULL, NULL, NULL, NULL, 'W_O', 1.6, 0.7, NULL, NULL, 90);
INSERT INTO inp_gully VALUES ('30056', 'To_network', NULL, NULL, NULL, NULL, 'W_O', 1.6, 0.7, NULL, NULL, 90);
INSERT INTO inp_gully VALUES ('30055', 'To_network', NULL, NULL, NULL, NULL, 'W_O', 1.6, 0.7, NULL, NULL, 90);
INSERT INTO inp_gully VALUES ('30054', 'To_network', NULL, NULL, NULL, NULL, 'W_O', 1.6, 0.7, NULL, NULL, 90);
INSERT INTO inp_gully VALUES ('30053', 'To_network', NULL, NULL, NULL, NULL, 'W_O', 1.6, 0.7, NULL, NULL, 90);
INSERT INTO inp_gully VALUES ('30052', 'To_network', NULL, NULL, NULL, NULL, 'W_O', 1.6, 0.7, NULL, NULL, 90);
INSERT INTO inp_gully VALUES ('30051', 'To_network', NULL, NULL, NULL, NULL, 'W_O', 1.6, 0.7, NULL, NULL, 90);
INSERT INTO inp_gully VALUES ('30050', 'To_network', NULL, NULL, NULL, NULL, 'W_O', 1.6, 0.7, NULL, NULL, 90);
INSERT INTO inp_gully VALUES ('30049', 'To_network', NULL, NULL, NULL, NULL, 'W_O', 1.6, 0.7, NULL, NULL, 90);
INSERT INTO inp_gully VALUES ('30048', 'To_network', NULL, NULL, NULL, NULL, 'W_O', 1.6, 0.7, NULL, NULL, 90);
INSERT INTO inp_gully VALUES ('30047', 'To_network', NULL, NULL, NULL, NULL, 'W_O', 1.6, 0.7, NULL, NULL, 90);
INSERT INTO inp_gully VALUES ('30045', 'To_network', NULL, NULL, NULL, NULL, 'W_O', 1.6, 0.7, NULL, NULL, 90);
INSERT INTO inp_gully VALUES ('30044', 'To_network', NULL, NULL, NULL, NULL, 'W_O', 1.6, 0.7, NULL, NULL, 90);
INSERT INTO inp_gully VALUES ('30043', 'To_network', NULL, NULL, NULL, NULL, 'W_O', 1.6, 0.7, NULL, NULL, 90);
INSERT INTO inp_gully VALUES ('30042', 'To_network', NULL, NULL, NULL, NULL, 'W_O', 1.6, 0.7, NULL, NULL, 90);
INSERT INTO inp_gully VALUES ('30041', 'To_network', NULL, NULL, NULL, NULL, 'W_O', 1.6, 0.7, NULL, NULL, 90);
INSERT INTO inp_gully VALUES ('30040', 'To_network', NULL, NULL, NULL, NULL, 'W_O', 1.6, 0.7, NULL, NULL, 90);
INSERT INTO inp_gully VALUES ('30039', 'To_network', NULL, NULL, NULL, NULL, 'W_O', 1.6, 0.7, NULL, NULL, 90);
INSERT INTO inp_gully VALUES ('30038', 'To_network', NULL, NULL, NULL, NULL, 'W_O', 1.6, 0.7, NULL, NULL, 90);
INSERT INTO inp_gully VALUES ('30037', 'To_network', NULL, NULL, NULL, NULL, 'W_O', 1.6, 0.7, NULL, NULL, 90);
INSERT INTO inp_gully VALUES ('30036', 'To_network', NULL, NULL, NULL, NULL, 'W_O', 1.6, 0.7, NULL, NULL, 90);
INSERT INTO inp_gully VALUES ('30035', 'To_network', NULL, NULL, NULL, NULL, 'W_O', 1.6, 0.7, NULL, NULL, 90);
INSERT INTO inp_gully VALUES ('30034', 'To_network', NULL, NULL, NULL, NULL, 'W_O', 1.6, 0.7, NULL, NULL, 90);
INSERT INTO inp_gully VALUES ('30033', 'To_network', NULL, NULL, NULL, NULL, 'W_O', 1.6, 0.7, NULL, NULL, 90);
INSERT INTO inp_gully VALUES ('30032', 'To_network', NULL, NULL, NULL, NULL, 'W_O', 1.6, 0.7, NULL, NULL, 90);
INSERT INTO inp_gully VALUES ('30031', 'To_network', NULL, NULL, NULL, NULL, 'W_O', 1.6, 0.7, NULL, NULL, 90);
INSERT INTO inp_gully VALUES ('30030', 'To_network', NULL, NULL, NULL, NULL, 'W_O', 1.6, 0.7, NULL, NULL, 90);
INSERT INTO inp_gully VALUES ('30029', 'To_network', NULL, NULL, NULL, NULL, 'W_O', 1.6, 0.7, NULL, NULL, 90);
INSERT INTO inp_gully VALUES ('30028', 'To_network', NULL, NULL, NULL, NULL, 'W_O', 1.6, 0.7, NULL, NULL, 90);
INSERT INTO inp_gully VALUES ('30027', 'To_network', NULL, NULL, NULL, NULL, 'W_O', 1.6, 0.7, NULL, NULL, 90);
INSERT INTO inp_gully VALUES ('30026', 'To_network', NULL, NULL, NULL, NULL, 'W_O', 1.6, 0.7, NULL, NULL, 90);
INSERT INTO inp_gully VALUES ('30025', 'To_network', NULL, NULL, NULL, NULL, 'W_O', 1.6, 0.7, NULL, NULL, 90);
INSERT INTO inp_gully VALUES ('30024', 'To_network', NULL, NULL, NULL, NULL, 'W_O', 1.6, 0.7, NULL, NULL, 90);
INSERT INTO inp_gully VALUES ('30023', 'To_network', NULL, NULL, NULL, NULL, 'W_O', 1.6, 0.7, NULL, NULL, 90);
INSERT INTO inp_gully VALUES ('30022', 'To_network', NULL, NULL, NULL, NULL, 'W_O', 1.6, 0.7, NULL, NULL, 90);
INSERT INTO inp_gully VALUES ('30021', 'To_network', NULL, NULL, NULL, NULL, 'W_O', 1.6, 0.7, NULL, NULL, 90);
INSERT INTO inp_gully VALUES ('30020', 'To_network', NULL, NULL, NULL, NULL, 'W_O', 1.6, 0.7, NULL, NULL, 90);
INSERT INTO inp_gully VALUES ('30019', 'To_network', NULL, NULL, NULL, NULL, 'W_O', 1.6, 0.7, NULL, NULL, 90);
INSERT INTO inp_gully VALUES ('30017', 'To_network', NULL, NULL, NULL, NULL, 'W_O', 1.6, 0.7, NULL, NULL, 90);
INSERT INTO inp_gully VALUES ('30016', 'To_network', NULL, NULL, NULL, NULL, 'W_O', 1.6, 0.7, NULL, NULL, 90);
INSERT INTO inp_gully VALUES ('30015', 'To_network', NULL, NULL, NULL, NULL, 'W_O', 1.6, 0.7, NULL, NULL, 90);
INSERT INTO inp_gully VALUES ('30013', 'To_network', NULL, NULL, NULL, NULL, 'W_O', 1.6, 0.7, NULL, NULL, 90);
INSERT INTO inp_gully VALUES ('30012', 'To_network', NULL, NULL, NULL, NULL, 'W_O', 1.6, 0.7, NULL, NULL, 90);
INSERT INTO inp_gully VALUES ('30011', 'To_network', NULL, NULL, NULL, NULL, 'W_O', 1.6, 0.7, NULL, NULL, 90);
INSERT INTO inp_gully VALUES ('30010', 'To_network', NULL, NULL, NULL, NULL, 'W_O', 1.6, 0.7, NULL, NULL, 90);
INSERT INTO inp_gully VALUES ('30009', 'To_network', NULL, NULL, NULL, NULL, 'W_O', 1.6, 0.7, NULL, NULL, 90);
INSERT INTO inp_gully VALUES ('10118', 'To_network', NULL, NULL, NULL, NULL, 'W_O', 1.6, 0.7, NULL, NULL, 90);
INSERT INTO inp_gully VALUES ('10117', 'To_network', NULL, NULL, NULL, NULL, 'W_O', 1.6, 0.7, NULL, NULL, 90);
INSERT INTO inp_gully VALUES ('10116', 'To_network', NULL, NULL, NULL, NULL, 'W_O', 1.6, 0.7, NULL, NULL, 90);
INSERT INTO inp_gully VALUES ('10065', 'To_network', NULL, NULL, NULL, NULL, 'W_O', 1.6, 0.7, NULL, NULL, 90);
INSERT INTO inp_gully VALUES ('10064', 'To_network', NULL, NULL, NULL, NULL, 'W_O', 1.6, 0.7, NULL, NULL, 90);
INSERT INTO inp_gully VALUES ('10063', 'To_network', NULL, NULL, NULL, NULL, 'W_O', 1.6, 0.7, NULL, NULL, 90);
INSERT INTO inp_gully VALUES ('30135', 'To_network', NULL, NULL, NULL, NULL, 'W_O', 1.6, 0.7, NULL, NULL, 90);
INSERT INTO inp_gully VALUES ('30918', 'To_network', NULL, NULL, NULL, NULL, 'W_O', 1.6, 0.7, NULL, NULL, 90);
INSERT INTO inp_gully VALUES ('30917', 'To_network', NULL, NULL, NULL, NULL, 'W_O', 1.6, 0.7, NULL, NULL, 90);
INSERT INTO inp_gully VALUES ('30915', 'To_network', NULL, NULL, NULL, NULL, 'W_O', 1.6, 0.7, NULL, NULL, 90);
INSERT INTO inp_gully VALUES ('30914', 'To_network', NULL, NULL, NULL, NULL, 'W_O', 1.6, 0.7, NULL, NULL, 90);
INSERT INTO inp_gully VALUES ('30913', 'To_network', NULL, NULL, NULL, NULL, 'W_O', 1.6, 0.7, NULL, NULL, 90);
INSERT INTO inp_gully VALUES ('30136', 'To_network', NULL, NULL, NULL, NULL, 'W_O', 1.6, 0.7, NULL, NULL, 90);
INSERT INTO inp_gully VALUES ('30134', 'To_network', NULL, NULL, NULL, NULL, 'W_O', 1.6, 0.7, NULL, NULL, 90);
INSERT INTO inp_gully VALUES ('30133', 'To_network', NULL, NULL, NULL, NULL, 'W_O', 1.6, 0.7, NULL, NULL, 90);
INSERT INTO inp_gully VALUES ('30132', 'To_network', NULL, NULL, NULL, NULL, 'W_O', 1.6, 0.7, NULL, NULL, 90);
INSERT INTO inp_gully VALUES ('50062', 'To_network', NULL, NULL, NULL, NULL, 'W_O', 1.6, 0.7, NULL, NULL, 90);
INSERT INTO inp_gully VALUES ('50061', 'To_network', NULL, NULL, NULL, NULL, 'W_O', 1.6, 0.7, NULL, NULL, 90);
INSERT INTO inp_gully VALUES ('50060', 'To_network', NULL, NULL, NULL, NULL, 'W_O', 1.6, 0.7, NULL, NULL, 90);
INSERT INTO inp_gully VALUES ('50059', 'To_network', NULL, NULL, NULL, NULL, 'W_O', 1.6, 0.7, NULL, NULL, 90);
INSERT INTO inp_gully VALUES ('50058', 'To_network', NULL, NULL, NULL, NULL, 'W_O', 1.6, 0.7, NULL, NULL, 90);
INSERT INTO inp_gully VALUES ('50057', 'To_network', NULL, NULL, NULL, NULL, 'W_O', 1.6, 0.7, NULL, NULL, 90);
INSERT INTO inp_gully VALUES ('50056', 'To_network', NULL, NULL, NULL, NULL, 'W_O', 1.6, 0.7, NULL, NULL, 90);
INSERT INTO inp_gully VALUES ('50055', 'To_network', NULL, NULL, NULL, NULL, 'W_O', 1.6, 0.7, NULL, NULL, 90);
INSERT INTO inp_gully VALUES ('50054', 'To_network', NULL, NULL, NULL, NULL, 'W_O', 1.6, 0.7, NULL, NULL, 90);
INSERT INTO inp_gully VALUES ('50053', 'To_network', NULL, NULL, NULL, NULL, 'W_O', 1.6, 0.7, NULL, NULL, 90);
INSERT INTO inp_gully VALUES ('50052', 'To_network', NULL, NULL, NULL, NULL, 'W_O', 1.6, 0.7, NULL, NULL, 90);
INSERT INTO inp_gully VALUES ('50051', 'To_network', NULL, NULL, NULL, NULL, 'W_O', 1.6, 0.7, NULL, NULL, 90);
INSERT INTO inp_gully VALUES ('50050', 'To_network', NULL, NULL, NULL, NULL, 'W_O', 1.6, 0.7, NULL, NULL, 90);
INSERT INTO inp_gully VALUES ('50049', 'To_network', NULL, NULL, NULL, NULL, 'W_O', 1.6, 0.7, NULL, NULL, 90);
INSERT INTO inp_gully VALUES ('50048', 'To_network', NULL, NULL, NULL, NULL, 'W_O', 1.6, 0.7, NULL, NULL, 90);
INSERT INTO inp_gully VALUES ('50047', 'To_network', NULL, NULL, NULL, NULL, 'W_O', 1.6, 0.7, NULL, NULL, 90);
INSERT INTO inp_gully VALUES ('50046', 'To_network', NULL, NULL, NULL, NULL, 'W_O', 1.6, 0.7, NULL, NULL, 90);
INSERT INTO inp_gully VALUES ('50045', 'To_network', NULL, NULL, NULL, NULL, 'W_O', 1.6, 0.7, NULL, NULL, 90);
INSERT INTO inp_gully VALUES ('50044', 'To_network', NULL, NULL, NULL, NULL, 'W_O', 1.6, 0.7, NULL, NULL, 90);
INSERT INTO inp_gully VALUES ('50043', 'To_network', NULL, NULL, NULL, NULL, 'W_O', 1.6, 0.7, NULL, NULL, 90);
INSERT INTO inp_gully VALUES ('50042', 'To_network', NULL, NULL, NULL, NULL, 'W_O', 1.6, 0.7, NULL, NULL, 90);
INSERT INTO inp_gully VALUES ('50041', 'To_network', NULL, NULL, NULL, NULL, 'W_O', 1.6, 0.7, NULL, NULL, 90);
INSERT INTO inp_gully VALUES ('50040', 'To_network', NULL, NULL, NULL, NULL, 'W_O', 1.6, 0.7, NULL, NULL, 90);
INSERT INTO inp_gully VALUES ('50039', 'To_network', NULL, NULL, NULL, NULL, 'W_O', 1.6, 0.7, NULL, NULL, 90);
INSERT INTO inp_gully VALUES ('50038', 'To_network', NULL, NULL, NULL, NULL, 'W_O', 1.6, 0.7, NULL, NULL, 90);
INSERT INTO inp_gully VALUES ('50037', 'To_network', NULL, NULL, NULL, NULL, 'W_O', 1.6, 0.7, NULL, NULL, 90);
INSERT INTO inp_gully VALUES ('50036', 'To_network', NULL, NULL, NULL, NULL, 'W_O', 1.6, 0.7, NULL, NULL, 90);
INSERT INTO inp_gully VALUES ('50035', 'To_network', NULL, NULL, NULL, NULL, 'W_O', 1.6, 0.7, NULL, NULL, 90);
INSERT INTO inp_gully VALUES ('50034', 'To_network', NULL, NULL, NULL, NULL, 'W_O', 1.6, 0.7, NULL, NULL, 90);
INSERT INTO inp_gully VALUES ('50033', 'To_network', NULL, NULL, NULL, NULL, 'W_O', 1.6, 0.7, NULL, NULL, 90);
INSERT INTO inp_gully VALUES ('50032', 'To_network', NULL, NULL, NULL, NULL, 'W_O', 1.6, 0.7, NULL, NULL, 90);
INSERT INTO inp_gully VALUES ('50031', 'To_network', NULL, NULL, NULL, NULL, 'W_O', 1.6, 0.7, NULL, NULL, 90);
INSERT INTO inp_gully VALUES ('50030', 'To_network', NULL, NULL, NULL, NULL, 'W_O', 1.6, 0.7, NULL, NULL, 90);
INSERT INTO inp_gully VALUES ('50029', 'To_network', NULL, NULL, NULL, NULL, 'W_O', 1.6, 0.7, NULL, NULL, 90);
INSERT INTO inp_gully VALUES ('50028', 'To_network', NULL, NULL, NULL, NULL, 'W_O', 1.6, 0.7, NULL, NULL, 90);
INSERT INTO inp_gully VALUES ('50027', 'To_network', NULL, NULL, NULL, NULL, 'W_O', 1.6, 0.7, NULL, NULL, 90);
INSERT INTO inp_gully VALUES ('50026', 'To_network', NULL, NULL, NULL, NULL, 'W_O', 1.6, 0.7, NULL, NULL, 90);
INSERT INTO inp_gully VALUES ('50025', 'To_network', NULL, NULL, NULL, NULL, 'W_O', 1.6, 0.7, NULL, NULL, 90);
INSERT INTO inp_gully VALUES ('50024', 'To_network', NULL, NULL, NULL, NULL, 'W_O', 1.6, 0.7, NULL, NULL, 90);
INSERT INTO inp_gully VALUES ('50023', 'To_network', NULL, NULL, NULL, NULL, 'W_O', 1.6, 0.7, NULL, NULL, 90);
INSERT INTO inp_gully VALUES ('50022', 'To_network', NULL, NULL, NULL, NULL, 'W_O', 1.6, 0.7, NULL, NULL, 90);
INSERT INTO inp_gully VALUES ('50021', 'To_network', NULL, NULL, NULL, NULL, 'W_O', 1.6, 0.7, NULL, NULL, 90);
INSERT INTO inp_gully VALUES ('50020', 'To_network', NULL, NULL, NULL, NULL, 'W_O', 1.6, 0.7, NULL, NULL, 90);
INSERT INTO inp_gully VALUES ('50019', 'To_network', NULL, NULL, NULL, NULL, 'W_O', 1.6, 0.7, NULL, NULL, 90);
INSERT INTO inp_gully VALUES ('50018', 'To_network', NULL, NULL, NULL, NULL, 'W_O', 1.6, 0.7, NULL, NULL, 90);
INSERT INTO inp_gully VALUES ('50017', 'To_network', NULL, NULL, NULL, NULL, 'W_O', 1.6, 0.7, NULL, NULL, 90);
INSERT INTO inp_gully VALUES ('50016', 'To_network', NULL, NULL, NULL, NULL, 'W_O', 1.6, 0.7, NULL, NULL, 90);
INSERT INTO inp_gully VALUES ('50015', 'To_network', NULL, NULL, NULL, NULL, 'W_O', 1.6, 0.7, NULL, NULL, 90);
INSERT INTO inp_gully VALUES ('50014', 'To_network', NULL, NULL, NULL, NULL, 'W_O', 1.6, 0.7, NULL, NULL, 90);
INSERT INTO inp_gully VALUES ('50013', 'To_network', NULL, NULL, NULL, NULL, 'W_O', 1.6, 0.7, NULL, NULL, 90);
INSERT INTO inp_gully VALUES ('50012', 'To_network', NULL, NULL, NULL, NULL, 'W_O', 1.6, 0.7, NULL, NULL, 90);
INSERT INTO inp_gully VALUES ('50011', 'To_network', NULL, NULL, NULL, NULL, 'W_O', 1.6, 0.7, NULL, NULL, 90);
INSERT INTO inp_gully VALUES ('50010', 'To_network', NULL, NULL, NULL, NULL, 'W_O', 1.6, 0.7, NULL, NULL, 90);
INSERT INTO inp_gully VALUES ('50008', 'To_network', NULL, NULL, NULL, NULL, 'W_O', 1.6, 0.7, NULL, NULL, 90);
INSERT INTO inp_gully VALUES ('50007', 'To_network', NULL, NULL, NULL, NULL, 'W_O', 1.6, 0.7, NULL, NULL, 90);
INSERT INTO inp_gully VALUES ('50006', 'To_network', NULL, NULL, NULL, NULL, 'W_O', 1.6, 0.7, NULL, NULL, 90);
INSERT INTO inp_gully VALUES ('50005', 'To_network', NULL, NULL, NULL, NULL, 'W_O', 1.6, 0.7, NULL, NULL, 90);
INSERT INTO inp_gully VALUES ('50004', 'To_network', NULL, NULL, NULL, NULL, 'W_O', 1.6, 0.7, NULL, NULL, 90);
INSERT INTO inp_gully VALUES ('50003', 'To_network', NULL, NULL, NULL, NULL, 'W_O', 1.6, 0.7, NULL, NULL, 90);
INSERT INTO inp_gully VALUES ('50002', 'To_network', NULL, NULL, NULL, NULL, 'W_O', 1.6, 0.7, NULL, NULL, 90);
INSERT INTO inp_gully VALUES ('50001', 'To_network', NULL, NULL, NULL, NULL, 'W_O', 1.6, 0.7, NULL, NULL, 90);
INSERT INTO inp_gully VALUES ('50000', 'To_network', NULL, NULL, NULL, NULL, 'W_O', 1.6, 0.7, NULL, NULL, 90);
INSERT INTO inp_gully VALUES ('49999', 'To_network', NULL, NULL, NULL, NULL, 'W_O', 1.6, 0.7, NULL, NULL, 90);
INSERT INTO inp_gully VALUES ('49996', 'To_network', NULL, NULL, NULL, NULL, 'W_O', 1.6, 0.7, NULL, NULL, 90);
INSERT INTO inp_gully VALUES ('49995', 'To_network', NULL, NULL, NULL, NULL, 'W_O', 1.6, 0.7, NULL, NULL, 90);
INSERT INTO inp_gully VALUES ('49994', 'To_network', NULL, NULL, NULL, NULL, 'W_O', 1.6, 0.7, NULL, NULL, 90);
INSERT INTO inp_gully VALUES ('49993', 'To_network', NULL, NULL, NULL, NULL, 'W_O', 1.6, 0.7, NULL, NULL, 90);
INSERT INTO inp_gully VALUES ('49992', 'To_network', NULL, NULL, NULL, NULL, 'W_O', 1.6, 0.7, NULL, NULL, 90);
INSERT INTO inp_gully VALUES ('49991', 'To_network', NULL, NULL, NULL, NULL, 'W_O', 1.6, 0.7, NULL, NULL, 90);
INSERT INTO inp_gully VALUES ('49990', 'To_network', NULL, NULL, NULL, NULL, 'W_O', 1.6, 0.7, NULL, NULL, 90);
INSERT INTO inp_gully VALUES ('49989', 'To_network', NULL, NULL, NULL, NULL, 'W_O', 1.6, 0.7, NULL, NULL, 90);
INSERT INTO inp_gully VALUES ('49988', 'To_network', NULL, NULL, NULL, NULL, 'W_O', 1.6, 0.7, NULL, NULL, 90);
INSERT INTO inp_gully VALUES ('49987', 'To_network', NULL, NULL, NULL, NULL, 'W_O', 1.6, 0.7, NULL, NULL, 90);
INSERT INTO inp_gully VALUES ('49986', 'To_network', NULL, NULL, NULL, NULL, 'W_O', 1.6, 0.7, NULL, NULL, 90);
INSERT INTO inp_gully VALUES ('49985', 'To_network', NULL, NULL, NULL, NULL, 'W_O', 1.6, 0.7, NULL, NULL, 90);
INSERT INTO inp_gully VALUES ('49984', 'To_network', NULL, NULL, NULL, NULL, 'W_O', 1.6, 0.7, NULL, NULL, 90);
INSERT INTO inp_gully VALUES ('49983', 'To_network', NULL, NULL, NULL, NULL, 'W_O', 1.6, 0.7, NULL, NULL, 90);
INSERT INTO inp_gully VALUES ('49834', 'To_network', NULL, NULL, NULL, NULL, 'W_O', 1.6, 0.7, NULL, NULL, 90);
INSERT INTO inp_gully VALUES ('49833', 'To_network', NULL, NULL, NULL, NULL, 'W_O', 1.6, 0.7, NULL, NULL, 90);
INSERT INTO inp_gully VALUES ('49832', 'To_network', NULL, NULL, NULL, NULL, 'W_O', 1.6, 0.7, NULL, NULL, 90);
INSERT INTO inp_gully VALUES ('49831', 'To_network', NULL, NULL, NULL, NULL, 'W_O', 1.6, 0.7, NULL, NULL, 90);
INSERT INTO inp_gully VALUES ('49830', 'To_network', NULL, NULL, NULL, NULL, 'W_O', 1.6, 0.7, NULL, NULL, 90);
INSERT INTO inp_gully VALUES ('49829', 'To_network', NULL, NULL, NULL, NULL, 'W_O', 1.6, 0.7, NULL, NULL, 90);
INSERT INTO inp_gully VALUES ('49828', 'To_network', NULL, NULL, NULL, NULL, 'W_O', 1.6, 0.7, NULL, NULL, 90);
INSERT INTO inp_gully VALUES ('49827', 'To_network', NULL, NULL, NULL, NULL, 'W_O', 1.6, 0.7, NULL, NULL, 90);
INSERT INTO inp_gully VALUES ('49826', 'To_network', NULL, NULL, NULL, NULL, 'W_O', 1.6, 0.7, NULL, NULL, 90);
INSERT INTO inp_gully VALUES ('49825', 'To_network', NULL, NULL, NULL, NULL, 'W_O', 1.6, 0.7, NULL, NULL, 90);
INSERT INTO inp_gully VALUES ('49824', 'To_network', NULL, NULL, NULL, NULL, 'W_O', 1.6, 0.7, NULL, NULL, 90);
INSERT INTO inp_gully VALUES ('49823', 'To_network', NULL, NULL, NULL, NULL, 'W_O', 1.6, 0.7, NULL, NULL, 90);
INSERT INTO inp_gully VALUES ('49822', 'To_network', NULL, NULL, NULL, NULL, 'W_O', 1.6, 0.7, NULL, NULL, 90);
INSERT INTO inp_gully VALUES ('49821', 'To_network', NULL, NULL, NULL, NULL, 'W_O', 1.6, 0.7, NULL, NULL, 90);
INSERT INTO inp_gully VALUES ('49820', 'To_network', NULL, NULL, NULL, NULL, 'W_O', 1.6, 0.7, NULL, NULL, 90);
INSERT INTO inp_gully VALUES ('49819', 'To_network', NULL, NULL, NULL, NULL, 'W_O', 1.6, 0.7, NULL, NULL, 90);
INSERT INTO inp_gully VALUES ('49818', 'To_network', NULL, NULL, NULL, NULL, 'W_O', 1.6, 0.7, NULL, NULL, 90);
INSERT INTO inp_gully VALUES ('49817', 'To_network', NULL, NULL, NULL, NULL, 'W_O', 1.6, 0.7, NULL, NULL, 90);
INSERT INTO inp_gully VALUES ('49816', 'To_network', NULL, NULL, NULL, NULL, 'W_O', 1.6, 0.7, NULL, NULL, 90);
INSERT INTO inp_gully VALUES ('49815', 'To_network', NULL, NULL, NULL, NULL, 'W_O', 1.6, 0.7, NULL, NULL, 90);
INSERT INTO inp_gully VALUES ('49814', 'To_network', NULL, NULL, NULL, NULL, 'W_O', 1.6, 0.7, NULL, NULL, 90);
INSERT INTO inp_gully VALUES ('49813', 'To_network', NULL, NULL, NULL, NULL, 'W_O', 1.6, 0.7, NULL, NULL, 90);
INSERT INTO inp_gully VALUES ('49812', 'To_network', NULL, NULL, NULL, NULL, 'W_O', 1.6, 0.7, NULL, NULL, 90);
INSERT INTO inp_gully VALUES ('50009', 'To_network', NULL, NULL, NULL, NULL, 'W_O', 1.6, 0.7, NULL, NULL, 90);
INSERT INTO inp_gully VALUES ('10119', 'To_network', NULL, NULL, NULL, NULL, 'W_O', 1.6, 0.7, NULL, NULL, 90);
INSERT INTO inp_gully VALUES ('30018', 'To_network', NULL, NULL, NULL, NULL, 'W_O', 1.6, 0.7, NULL, NULL, 90);
INSERT INTO inp_gully VALUES ('30122', 'To_network', NULL, NULL, NULL, NULL, 'W_O', 1.6, 0.7, NULL, NULL, 90);
INSERT INTO inp_gully VALUES ('30123', 'To_network', NULL, NULL, NULL, NULL, 'W_O', 1.6, 0.7, NULL, NULL, 90);
INSERT INTO inp_gully VALUES ('30128', 'To_network', NULL, NULL, NULL, NULL, 'W_O', 1.6, 0.7, NULL, NULL, 90);
INSERT INTO inp_gully VALUES ('30014', 'To_network', NULL, NULL, NULL, NULL, 'W_O', 1.6, 0.7, NULL, NULL, 90);
INSERT INTO inp_gully VALUES ('49998', 'To_network', NULL, NULL, NULL, NULL, 'W_O', 1.6, 0.7, NULL, NULL, 90);
INSERT INTO inp_gully VALUES ('49997', 'To_network', NULL, NULL, NULL, NULL, 'W_O', 1.6, 0.7, NULL, NULL, 90);

INSERT INTO sys_function VALUES (2916, 'gw_fct_fill_doc_tables','ud','function','void','void','Create example documents (used on sample creation)','role_admin',false);
INSERT INTO sys_function VALUES (2886, 'gw_fct_fill_om_tables','ud','function','void','void','Create example visits (used on sample creation)','role_admin',false);
UPDATE sys_function SET input_params ='void', return_type ='void' WHERE id =2916;
UPDATE sys_function SET input_params ='void', return_type ='void' WHERE id =2886;

INSERT INTO inp_dwf VALUES ('236', 0.0001000, NULL, NULL, NULL, NULL, 1);
INSERT INTO inp_dwf VALUES ('250', 0.0001000, NULL, NULL, NULL, NULL, 1);
INSERT INTO inp_dwf VALUES ('301', 0.0001000, NULL, NULL, NULL, NULL, 1);
INSERT INTO inp_dwf VALUES ('302', 0.0001000, NULL, NULL, NULL, NULL, 1);
INSERT INTO inp_dwf VALUES ('20587', 0.0001000, NULL, NULL, NULL, NULL, 1);
INSERT INTO inp_dwf VALUES ('20590', 0.0001000, NULL, NULL, NULL, NULL, 1);
INSERT INTO inp_dwf VALUES ('20593', 0.0001000, NULL, NULL, NULL, NULL, 1);
INSERT INTO inp_dwf VALUES ('18973', 0.0001000, NULL, NULL, NULL, NULL, 1);
INSERT INTO inp_dwf VALUES ('50', 0.0001000, NULL, NULL, NULL, NULL, 1);
INSERT INTO inp_dwf VALUES ('78', 0.0001000, NULL, NULL, NULL, NULL, 1);
INSERT INTO inp_dwf VALUES ('39', 0.0001000, NULL, NULL, NULL, NULL, 1);
INSERT INTO inp_dwf VALUES ('238', 0.0001000, NULL, NULL, NULL, NULL, 1);
INSERT INTO inp_dwf VALUES ('239', 0.0001000, NULL, NULL, NULL, NULL, 1);
INSERT INTO inp_dwf VALUES ('234', 0.0001000, NULL, NULL, NULL, NULL, 1);
INSERT INTO inp_dwf VALUES ('125', 0.0001000, NULL, NULL, NULL, NULL, 1);
INSERT INTO inp_dwf VALUES ('123', 0.0001000, NULL, NULL, NULL, NULL, 1);
INSERT INTO inp_dwf VALUES ('43', 0.0001000, NULL, NULL, NULL, NULL, 1);
INSERT INTO inp_dwf VALUES ('45', 0.0001000, NULL, NULL, NULL, NULL, 1);
INSERT INTO inp_dwf VALUES ('42', 0.0001000, NULL, NULL, NULL, NULL, 1);
INSERT INTO inp_dwf VALUES ('104', 0.0001000, NULL, NULL, NULL, NULL, 1);
INSERT INTO inp_dwf VALUES ('40', 0.0001000, NULL, NULL, NULL, NULL, 1);
INSERT INTO inp_dwf VALUES ('41', 0.0001000, NULL, NULL, NULL, NULL, 1);
INSERT INTO inp_dwf VALUES ('94', 0.0001000, NULL, NULL, NULL, NULL, 1);
INSERT INTO inp_dwf VALUES ('92', 0.0001000, NULL, NULL, NULL, NULL, 1);
INSERT INTO inp_dwf VALUES ('91', 0.0001000, NULL, NULL, NULL, NULL, 1);
INSERT INTO inp_dwf VALUES ('102', 0.0001000, NULL, NULL, NULL, NULL, 1);
INSERT INTO inp_dwf VALUES ('86', 0.0001000, NULL, NULL, NULL, NULL, 1);
INSERT INTO inp_dwf VALUES ('119', 0.0001000, NULL, NULL, NULL, NULL, 1);
INSERT INTO inp_dwf VALUES ('101', 0.0001000, NULL, NULL, NULL, NULL, 1);
INSERT INTO inp_dwf VALUES ('88', 0.0001000, NULL, NULL, NULL, NULL, 1);
INSERT INTO inp_dwf VALUES ('129', 0.0001000, NULL, NULL, NULL, NULL, 1);
INSERT INTO inp_dwf VALUES ('130', 0.0001000, NULL, NULL, NULL, NULL, 1);
INSERT INTO inp_dwf VALUES ('132', 0.0001000, NULL, NULL, NULL, NULL, 1);
INSERT INTO inp_dwf VALUES ('240', 0.0001000, NULL, NULL, NULL, NULL, 1);
INSERT INTO inp_dwf VALUES ('131', 0.0001000, NULL, NULL, NULL, NULL, 1);
INSERT INTO inp_dwf VALUES ('38', 0.0001000, NULL, NULL, NULL, NULL, 1);
INSERT INTO inp_dwf VALUES ('20607', 0.0001000, NULL, NULL, NULL, NULL, 1);
INSERT INTO inp_dwf VALUES ('118', 0.0001000, NULL, NULL, NULL, NULL, 1);
INSERT INTO inp_dwf VALUES ('60', 0.0001000, NULL, NULL, NULL, NULL, 1);
INSERT INTO inp_dwf VALUES ('57', 0.0001000, NULL, NULL, NULL, NULL, 1);
INSERT INTO inp_dwf VALUES ('35', 0.0001000, NULL, NULL, NULL, NULL, 1);
INSERT INTO inp_dwf VALUES ('64', 0.0001000, NULL, NULL, NULL, NULL, 1);
INSERT INTO inp_dwf VALUES ('75', 0.0001000, NULL, NULL, NULL, NULL, 1);
INSERT INTO inp_dwf VALUES ('37', 0.0001000, NULL, NULL, NULL, NULL, 1);
INSERT INTO inp_dwf VALUES ('68', 0.0001000, NULL, NULL, NULL, NULL, 1);
INSERT INTO inp_dwf VALUES ('20599', 0.0001000, NULL, NULL, NULL, NULL, 1);
INSERT INTO inp_dwf VALUES ('20596', 0.0001000, NULL, NULL, NULL, NULL, 1);
INSERT INTO inp_dwf VALUES ('20597', 0.0001000, NULL, NULL, NULL, NULL, 1);
INSERT INTO inp_dwf VALUES ('20598', 0.0001000, NULL, NULL, NULL, NULL, 1);
INSERT INTO inp_dwf VALUES ('18775', 0.0001000, NULL, NULL, NULL, NULL, 1);
INSERT INTO inp_dwf VALUES ('18976', 0.0001000, NULL, NULL, NULL, NULL, 1);
INSERT INTO inp_dwf VALUES ('120', 0.0001000, NULL, NULL, NULL, NULL, 1);
INSERT INTO inp_dwf VALUES ('44', 0.0001000, NULL, NULL, NULL, NULL, 1);
INSERT INTO inp_dwf VALUES ('113', 0.0001000, NULL, NULL, NULL, NULL, 1);
INSERT INTO inp_dwf VALUES ('124', 0.0001000, NULL, NULL, NULL, NULL, 1);
INSERT INTO inp_dwf VALUES ('106', 0.0001000, NULL, NULL, NULL, NULL, 1);
INSERT INTO inp_dwf VALUES ('107', 0.0001000, NULL, NULL, NULL, NULL, 1);
INSERT INTO inp_dwf VALUES ('108', 0.0001000, NULL, NULL, NULL, NULL, 1);
INSERT INTO inp_dwf VALUES ('110', 0.0001000, NULL, NULL, NULL, NULL, 1);
INSERT INTO inp_dwf VALUES ('109', 0.0001000, NULL, NULL, NULL, NULL, 1);
INSERT INTO inp_dwf VALUES ('233', 0.0001000, NULL, NULL, NULL, NULL, 1);
INSERT INTO inp_dwf VALUES ('79', 0.0001000, NULL, NULL, NULL, NULL, 1);
INSERT INTO inp_dwf VALUES ('85', 0.0001000, NULL, NULL, NULL, NULL, 1);
INSERT INTO inp_dwf VALUES ('84', 0.0001000, NULL, NULL, NULL, NULL, 1);
INSERT INTO inp_dwf VALUES ('81', 0.0001000, NULL, NULL, NULL, NULL, 1);
INSERT INTO inp_dwf VALUES ('80', 0.0001000, NULL, NULL, NULL, NULL, 1);
INSERT INTO inp_dwf VALUES ('83', 0.0001000, NULL, NULL, NULL, NULL, 1);
INSERT INTO inp_dwf VALUES ('63', 0.0001000, NULL, NULL, NULL, NULL, 1);
INSERT INTO inp_dwf VALUES ('235', 0.0001000, NULL, NULL, NULL, NULL, 1);
INSERT INTO inp_dwf VALUES ('237', 0.0001000, NULL, NULL, NULL, NULL, 1);
INSERT INTO inp_dwf VALUES ('55', 0.0001000, NULL, NULL, NULL, NULL, 1);
INSERT INTO inp_dwf VALUES ('31', 0.0001000, NULL, NULL, NULL, NULL, 1);
INSERT INTO inp_dwf VALUES ('29', 0.0001000, NULL, NULL, NULL, NULL, 1);
INSERT INTO inp_dwf VALUES ('56', 0.0001000, NULL, NULL, NULL, NULL, 1);
INSERT INTO inp_dwf VALUES ('30', 0.0001000, NULL, NULL, NULL, NULL, 1);
INSERT INTO inp_dwf VALUES ('72', 0.0001000, NULL, NULL, NULL, NULL, 1);
INSERT INTO inp_dwf VALUES ('48', 0.0001000, NULL, NULL, NULL, NULL, 1);
INSERT INTO inp_dwf VALUES ('49', 0.0001000, NULL, NULL, NULL, NULL, 1);
INSERT INTO inp_dwf VALUES ('71', 0.0001000, NULL, NULL, NULL, NULL, 1);
INSERT INTO inp_dwf VALUES ('62', 0.0001000, NULL, NULL, NULL, NULL, 1);
INSERT INTO inp_dwf VALUES ('66', 0.0001000, NULL, NULL, NULL, NULL, 1);
INSERT INTO inp_dwf VALUES ('74', 0.0001000, NULL, NULL, NULL, NULL, 1);
INSERT INTO inp_dwf VALUES ('76', 0.0001000, NULL, NULL, NULL, NULL, 1);
INSERT INTO inp_dwf VALUES ('77', 0.0001000, NULL, NULL, NULL, NULL, 1);
INSERT INTO inp_dwf VALUES ('58', 0.0001000, NULL, NULL, NULL, NULL, 1);
INSERT INTO inp_dwf VALUES ('70', 0.0001000, NULL, NULL, NULL, NULL, 1);
INSERT INTO inp_dwf VALUES ('116', 0.0001000, NULL, NULL, NULL, NULL, 1);
INSERT INTO inp_dwf VALUES ('61', 0.0001000, NULL, NULL, NULL, NULL, 1);
INSERT INTO inp_dwf VALUES ('52', 0.0001000, NULL, NULL, NULL, NULL, 1);
INSERT INTO inp_dwf VALUES ('34', 0.0001000, NULL, NULL, NULL, NULL, 1);
INSERT INTO inp_dwf VALUES ('46', 0.0001000, NULL, NULL, NULL, NULL, 1);
INSERT INTO inp_dwf VALUES ('47', 0.0001000, NULL, NULL, NULL, NULL, 1);
INSERT INTO inp_dwf VALUES ('32', 0.0001000, NULL, NULL, NULL, NULL, 1);
INSERT INTO inp_dwf VALUES ('115', 0.0001000, NULL, NULL, NULL, NULL, 1);
INSERT INTO inp_dwf VALUES ('33', 0.0001000, NULL, NULL, NULL, NULL, 1);
INSERT INTO inp_dwf VALUES ('54', 0.0001000, NULL, NULL, NULL, NULL, 1);
INSERT INTO inp_dwf VALUES ('117', 0.0001000, NULL, NULL, NULL, NULL, 1);
INSERT INTO inp_dwf VALUES ('59', 0.0001000, NULL, NULL, NULL, NULL, 1);
INSERT INTO inp_dwf VALUES ('51', 0.0001000, NULL, NULL, NULL, NULL, 1);
INSERT INTO inp_dwf VALUES ('53', 0.0001000, NULL, NULL, NULL, NULL, 1);
INSERT INTO inp_dwf VALUES ('112', 0.0001000, NULL, NULL, NULL, NULL, 1);
INSERT INTO inp_dwf VALUES ('111', 0.0001000, NULL, NULL, NULL, NULL, 1);
INSERT INTO inp_dwf VALUES ('114', 0.0001000, NULL, NULL, NULL, NULL, 1);
INSERT INTO inp_dwf VALUES ('67', 0.0001000, NULL, NULL, NULL, NULL, 1);
INSERT INTO inp_dwf VALUES ('99', 0.0001000, NULL, NULL, NULL, NULL, 1);
INSERT INTO inp_dwf VALUES ('93', 0.0001000, NULL, NULL, NULL, NULL, 1);
INSERT INTO inp_dwf VALUES ('73', 0.0001000, NULL, NULL, NULL, NULL, 1);
INSERT INTO inp_dwf VALUES ('82', 0.0001000, NULL, NULL, NULL, NULL, 1);
INSERT INTO inp_dwf VALUES ('87', 0.0001000, NULL, NULL, NULL, NULL, 1);
INSERT INTO inp_dwf VALUES ('89', 0.0001000, NULL, NULL, NULL, NULL, 1);
INSERT INTO inp_dwf VALUES ('65', 0.0001000, NULL, NULL, NULL, NULL, 1);
INSERT INTO inp_dwf VALUES ('98', 0.0001000, NULL, NULL, NULL, NULL, 1);
INSERT INTO inp_dwf VALUES ('90', 0.0001000, NULL, NULL, NULL, NULL, 1);
INSERT INTO inp_dwf VALUES ('128', 0.0001000, NULL, NULL, NULL, NULL, 1);
INSERT INTO inp_dwf VALUES ('126', 0.0001000, NULL, NULL, NULL, NULL, 1);
INSERT INTO inp_dwf VALUES ('127', 0.0001000, NULL, NULL, NULL, NULL, 1);
INSERT INTO inp_dwf VALUES ('97', 0.0001000, NULL, NULL, NULL, NULL, 1);
INSERT INTO inp_dwf VALUES ('95', 0.0001000, NULL, NULL, NULL, NULL, 1);
INSERT INTO inp_dwf VALUES ('96', 0.0001000, NULL, NULL, NULL, NULL, 1);
INSERT INTO inp_dwf VALUES ('100', 0.0001000, NULL, NULL, NULL, NULL, 1);
INSERT INTO inp_dwf VALUES ('69', 0.0001000, NULL, NULL, NULL, NULL, 1);
INSERT INTO inp_dwf VALUES ('105', 0.0001000, NULL, NULL, NULL, NULL, 1);
INSERT INTO inp_dwf VALUES ('18965', 0.0001000, NULL, NULL, NULL, NULL, 1);
INSERT INTO inp_dwf VALUES ('18860', 0.0001000, NULL, NULL, NULL, NULL, 1);
INSERT INTO inp_dwf VALUES ('18876', 0.0001000, NULL, NULL, NULL, NULL, 1);
INSERT INTO inp_dwf VALUES ('18835', 0.0001000, NULL, NULL, NULL, NULL, 1);
INSERT INTO inp_dwf VALUES ('18963', 0.0001000, NULL, NULL, NULL, NULL, 1);
INSERT INTO inp_dwf VALUES ('20575', 0.0001000, NULL, NULL, NULL, NULL, 1);
INSERT INTO inp_dwf VALUES ('20582', 0.0001000, NULL, NULL, NULL, NULL, 1);
INSERT INTO inp_dwf VALUES ('18846', 0.0001000, NULL, NULL, NULL, NULL, 1);
INSERT INTO inp_dwf VALUES ('18913', 0.0001000, NULL, NULL, NULL, NULL, 1);
INSERT INTO inp_dwf VALUES ('18845', 0.0001000, NULL, NULL, NULL, NULL, 1);
INSERT INTO inp_dwf VALUES ('18828', 0.0001000, NULL, NULL, NULL, NULL, 1);
INSERT INTO inp_dwf VALUES ('18868', 0.0001000, NULL, NULL, NULL, NULL, 1);
INSERT INTO inp_dwf VALUES ('18847', 0.0001000, NULL, NULL, NULL, NULL, 1);
INSERT INTO inp_dwf VALUES ('18841', 0.0001000, NULL, NULL, NULL, NULL, 1);
INSERT INTO inp_dwf VALUES ('18834', 0.0001000, NULL, NULL, NULL, NULL, 1);
INSERT INTO inp_dwf VALUES ('18833', 0.0001000, NULL, NULL, NULL, NULL, 1);
INSERT INTO inp_dwf VALUES ('18832', 0.0001000, NULL, NULL, NULL, NULL, 1);
INSERT INTO inp_dwf VALUES ('18842', 0.0001000, NULL, NULL, NULL, NULL, 1);
INSERT INTO inp_dwf VALUES ('18848', 0.0001000, NULL, NULL, NULL, NULL, 1);
INSERT INTO inp_dwf VALUES ('18844', 0.0001000, NULL, NULL, NULL, NULL, 1);
INSERT INTO inp_dwf VALUES ('18840', 0.0001000, NULL, NULL, NULL, NULL, 1);
INSERT INTO inp_dwf VALUES ('18843', 0.0001000, NULL, NULL, NULL, NULL, 1);
INSERT INTO inp_dwf VALUES ('18839', 0.0001000, NULL, NULL, NULL, NULL, 1);
INSERT INTO inp_dwf VALUES ('18849', 0.0001000, NULL, NULL, NULL, NULL, 1);
INSERT INTO inp_dwf VALUES ('18838', 0.0001000, NULL, NULL, NULL, NULL, 1);
INSERT INTO inp_dwf VALUES ('18836', 0.0001000, NULL, NULL, NULL, NULL, 1);
INSERT INTO inp_dwf VALUES ('18837', 0.0001000, NULL, NULL, NULL, NULL, 1);
INSERT INTO inp_dwf VALUES ('18859', 0.0001000, NULL, NULL, NULL, NULL, 1);
INSERT INTO inp_dwf VALUES ('18854', 0.0001000, NULL, NULL, NULL, NULL, 1);
INSERT INTO inp_dwf VALUES ('18850', 0.0001000, NULL, NULL, NULL, NULL, 1);
INSERT INTO inp_dwf VALUES ('18852', 0.0001000, NULL, NULL, NULL, NULL, 1);
INSERT INTO inp_dwf VALUES ('18856', 0.0001000, NULL, NULL, NULL, NULL, 1);
INSERT INTO inp_dwf VALUES ('18853', 0.0001000, NULL, NULL, NULL, NULL, 1);
INSERT INTO inp_dwf VALUES ('18855', 0.0001000, NULL, NULL, NULL, NULL, 1);
INSERT INTO inp_dwf VALUES ('18857', 0.0001000, NULL, NULL, NULL, NULL, 1);
INSERT INTO inp_dwf VALUES ('18851', 0.0001000, NULL, NULL, NULL, NULL, 1);
INSERT INTO inp_dwf VALUES ('18866', 0.0001000, NULL, NULL, NULL, NULL, 1);
INSERT INTO inp_dwf VALUES ('18861', 0.0001000, NULL, NULL, NULL, NULL, 1);
INSERT INTO inp_dwf VALUES ('18862', 0.0001000, NULL, NULL, NULL, NULL, 1);
INSERT INTO inp_dwf VALUES ('18863', 0.0001000, NULL, NULL, NULL, NULL, 1);
INSERT INTO inp_dwf VALUES ('18865', 0.0001000, NULL, NULL, NULL, NULL, 1);
INSERT INTO inp_dwf VALUES ('18877', 0.0001000, NULL, NULL, NULL, NULL, 1);
INSERT INTO inp_dwf VALUES ('18879', 0.0001000, NULL, NULL, NULL, NULL, 1);
INSERT INTO inp_dwf VALUES ('18882', 0.0001000, NULL, NULL, NULL, NULL, 1);
INSERT INTO inp_dwf VALUES ('18911', 0.0001000, NULL, NULL, NULL, NULL, 1);
INSERT INTO inp_dwf VALUES ('18864', 0.0001000, NULL, NULL, NULL, NULL, 1);
INSERT INTO inp_dwf VALUES ('18873', 0.0001000, NULL, NULL, NULL, NULL, 1);
INSERT INTO inp_dwf VALUES ('18869', 0.0001000, NULL, NULL, NULL, NULL, 1);
INSERT INTO inp_dwf VALUES ('18875', 0.0001000, NULL, NULL, NULL, NULL, 1);
INSERT INTO inp_dwf VALUES ('18874', 0.0001000, NULL, NULL, NULL, NULL, 1);
INSERT INTO inp_dwf VALUES ('18867', 0.0001000, NULL, NULL, NULL, NULL, 1);
INSERT INTO inp_dwf VALUES ('18883', 0.0001000, NULL, NULL, NULL, NULL, 1);
INSERT INTO inp_dwf VALUES ('18871', 0.0001000, NULL, NULL, NULL, NULL, 1);
INSERT INTO inp_dwf VALUES ('18872', 0.0001000, NULL, NULL, NULL, NULL, 1);
INSERT INTO inp_dwf VALUES ('18884', 0.0001000, NULL, NULL, NULL, NULL, 1);
INSERT INTO inp_dwf VALUES ('18887', 0.0001000, NULL, NULL, NULL, NULL, 1);
INSERT INTO inp_dwf VALUES ('18885', 0.0001000, NULL, NULL, NULL, NULL, 1);
INSERT INTO inp_dwf VALUES ('18967', 0.0001000, NULL, NULL, NULL, NULL, 1);
INSERT INTO inp_dwf VALUES ('18870', 0.0001000, NULL, NULL, NULL, NULL, 1);
INSERT INTO inp_dwf VALUES ('18858', 0.0001000, NULL, NULL, NULL, NULL, 1);
INSERT INTO inp_dwf VALUES ('18878', 0.0001000, NULL, NULL, NULL, NULL, 1);
INSERT INTO inp_dwf VALUES ('18881', 0.0001000, NULL, NULL, NULL, NULL, 1);
INSERT INTO inp_dwf VALUES ('18880', 0.0001000, NULL, NULL, NULL, NULL, 1);
INSERT INTO inp_dwf VALUES ('18886', 0.0001000, NULL, NULL, NULL, NULL, 1);
INSERT INTO inp_dwf VALUES ('18912', 0.0001000, NULL, NULL, NULL, NULL, 1);
INSERT INTO inp_dwf VALUES ('18888', 0.0001000, NULL, NULL, NULL, NULL, 1);
INSERT INTO inp_dwf VALUES ('18830', 0.0001000, NULL, NULL, NULL, NULL, 1);
INSERT INTO inp_dwf VALUES ('18960', 0.0001000, NULL, NULL, NULL, NULL, 1);

INSERT INTO cat_users VALUES ('user1','user1');
INSERT INTO cat_users VALUES ('user2','user2');
INSERT INTO cat_users VALUES ('user3','user3');
INSERT INTO cat_users VALUES ('user4','user4');

INSERT INTO cat_manager (idval, expl_id, rolename, active) VALUES ('general manager', '{1,2}', '{role_plan}', true);

UPDATE config_param_user SET value='false' WHERE "parameter"='edit_plan_order_control' AND cur_user=current_user;

TRUNCATE plan_psector_x_node;
INSERT INTO plan_psector_x_node (id, node_id, psector_id, state, doable, descript,active) VALUES (1, '20599', 1, 1, true, NULL, true);
INSERT INTO plan_psector_x_node (id, node_id, psector_id, state, doable, descript,active) VALUES (2, '20596', 1, 1, true, NULL, true);
INSERT INTO plan_psector_x_node (id, node_id, psector_id, state, doable, descript,active) VALUES (3, '20597', 1, 1, true, NULL, true);
INSERT INTO plan_psector_x_node (id, node_id, psector_id, state, doable, descript,active) VALUES (4, '20598', 1, 1, true, NULL, true);
INSERT INTO plan_psector_x_node (id, node_id, psector_id, state, doable, descript,active) VALUES (7, '94', 1, 0, false, NULL, true);
INSERT INTO plan_psector_x_node (id, node_id, psector_id, state, doable, descript,active) VALUES (6, '92', 1, 0, false, NULL, true);
INSERT INTO plan_psector_x_node (id, node_id, psector_id, state, doable, descript,active) VALUES (5, '91', 1, 0, false, NULL, true);

INSERT INTO plan_psector_x_connec (connec_id, arc_id, psector_id, state, doable, link_id, active) VALUES('3182', '20606', 1, 1, false, 708, true);
INSERT INTO plan_psector_x_connec (connec_id, arc_id, psector_id, state, doable, link_id, active) VALUES('3182', '179', 1, 0, false, 314, true);
INSERT INTO plan_psector_x_connec (connec_id, arc_id, psector_id, state, doable, link_id, active) VALUES('3183', '20606', 1, 1, false, 707, true);
INSERT INTO plan_psector_x_connec (connec_id, arc_id, psector_id, state, doable, link_id, active) VALUES('3183', '179', 1, 0, false, 315, true);
INSERT INTO plan_psector_x_connec (connec_id, arc_id, psector_id, state, doable, link_id, active) VALUES('3184', '20606', 1, 1, false, 709, true);
INSERT INTO plan_psector_x_connec (connec_id, arc_id, psector_id, state, doable, link_id, active) VALUES('3184', '179', 1, 0, false, 316, true);
INSERT INTO plan_psector_x_connec (connec_id, arc_id, psector_id, state, doable, link_id, active) VALUES('3181', '20606', 1, 1, false, 710, true);
INSERT INTO plan_psector_x_connec (connec_id, arc_id, psector_id, state, doable, link_id, active) VALUES('3181', '339', 1, 0, false, 443, true);
INSERT INTO plan_psector_x_connec (connec_id, arc_id, psector_id, state, doable, link_id, active) VALUES('3174', '20603', 1, 1, false, 711, true);
INSERT INTO plan_psector_x_connec (connec_id, arc_id, psector_id, state, doable, link_id, active) VALUES('3174', '178', 1, 0, false, 313, true);
INSERT INTO plan_psector_x_connec (connec_id, arc_id, psector_id, state, doable, link_id, active) VALUES('3175', '20604', 1, 1, false, 712, true);
INSERT INTO plan_psector_x_connec (connec_id, arc_id, psector_id, state, doable, link_id, active) VALUES('3175', '339', 1, 0, false, 444, true);

INSERT INTO plan_psector_x_gully (gully_id, arc_id, psector_id, state, doable, link_id, active) VALUES('30056', '339', 1, 0, false, 526, true);
INSERT INTO plan_psector_x_gully (gully_id, arc_id, psector_id, state, doable, link_id, active) VALUES('30057', '178', 1, 0, false, 527, true);
INSERT INTO plan_psector_x_gully (gully_id, arc_id, psector_id, state, doable, link_id, active) VALUES('30058', '178', 1, 0, false, 528, true);
INSERT INTO plan_psector_x_gully (gully_id, arc_id, psector_id, state, doable, link_id, active) VALUES('30059', '177', 1, 0, false, 529, true);
INSERT INTO plan_psector_x_gully (gully_id, arc_id, psector_id, state, doable, link_id, active) VALUES('30053', '179', 1, 0, false, 523, true);

TRUNCATE plan_psector_x_arc;
INSERT INTO plan_psector_x_arc VALUES (1, '20603', 1, 1, true, NULL, NULL, true);
INSERT INTO plan_psector_x_arc VALUES (2, '20604', 1, 1, true, NULL, NULL, true);
INSERT INTO plan_psector_x_arc VALUES (3, '20605', 1, 1, true, NULL, NULL, true);
INSERT INTO plan_psector_x_arc VALUES (5, '20602', 1, 1, true, NULL, NULL, true);
INSERT INTO plan_psector_x_arc VALUES (6, '20606', 1, 1, true, NULL, NULL, true);
INSERT INTO plan_psector_x_arc VALUES (4, '252', 2, 1, true, NULL, NULL, true);
INSERT INTO plan_psector_x_arc VALUES (7, '251', 2, 1, true, NULL, NULL, true);
INSERT INTO plan_psector_x_arc VALUES (8, '20608', 2, 0, false, NULL, NULL, true);
INSERT INTO plan_psector_x_arc VALUES (9, '157', 2, 0, false, NULL, NULL, true);
INSERT INTO plan_psector_x_arc VALUES (10, '177', 1, 0, false, NULL, NULL, true);
INSERT INTO plan_psector_x_arc VALUES (11, '178', 1, 0, false, NULL, NULL, true);
INSERT INTO plan_psector_x_arc VALUES (13, '179', 1, 0, false, NULL, NULL, true);
INSERT INTO plan_psector_x_arc VALUES (12, '339', 1, 0, false, NULL, NULL, true);

INSERT INTO doc (id, "name", doc_type, "path", observ, "date", user_name, tstamp, the_geom) VALUES('Demo document 1', 'Demo document 1', 'OTHER', 'https://github.com/Giswater/docs/blob/master/user/manual_usuario_giswater3.doc', NULL, '2018-03-11 19:40:20.449', current_user, '2018-03-11 19:40:20.449', NULL);
INSERT INTO doc (id, "name", doc_type, "path", observ, "date", user_name, tstamp, the_geom) VALUES('Demo document 3', 'Demo document 2', 'OTHER', 'https://github.com/Giswater/giswater/blob/master-2.1/legal/Licensing.txt', NULL, '2018-03-14 17:09:59.762', current_user, '2018-03-14 17:09:59.762', NULL);
INSERT INTO doc (id, "name", doc_type, "path", observ, "date", user_name, tstamp, the_geom) VALUES('Demo document 2', 'Demo document 3', 'OTHER', 'https://github.com/Giswater/giswater/blob/master-2.1/legal/Readme.txt', NULL, '2018-03-14 17:09:19.852', current_user, '2018-03-14 17:09:19.852', NULL);

-- rotate vnodes and connec labels
INSERT INTO config_param_user (parameter, value, cur_user) VALUES ('edit_link_connecrotation_update', TRUE, current_user);
UPDATE link SET the_geom=the_geom;

SELECT gw_fct_fill_doc_tables();
SELECT gw_fct_fill_om_tables();  -- 6 segons

INSERT INTO doc_x_visit (doc_id, visit_id)
SELECT
doc.id,
om_visit.id
FROM doc, om_visit;

UPDATE config_form_fields set layoutorder = layoutorder+1 WHERE formname in ('ve_arc', 've_node', 've_connec','ve_gully')
AND columnname in ('streetname','streetname2', 'postnumber','postnumber2','postcomplement','postcomplement2');

UPDATE config_form_fields set hidden = false  WHERE formname in ('ve_arc', 've_node', 've_connec','ve_gully')
AND columnname = 'district_id';

UPDATE config_form_fields set layoutorder = 2 WHERE formname in ('ve_arc', 've_node','ve_gully') AND columnname = 'district_id';

UPDATE config_form_fields set layoutorder = 3 WHERE formname in ('ve_connec') AND columnname = 'district_id';

SELECT gw_fct_admin_manage_addfields($${"client":{"lang":"ES"}, "feature":{"catFeature":"CHAMBER"},
"data":{"action":"CREATE", "multiCreate":"false", "parameters":{"columnname":"chamber_param_1", "datatype":"text",
"widgettype":"combo", "label":"Chamber param_1","ismandatory":"False",
"active":"True", "iseditable":"True",  "dv_isnullvalue":"True","layoutname":"lyt_data_1",
"dv_querytext":"SELECT id as id, idval as idval  FROM edit_typevalue WHERE typevalue='chamber_param_1'"}}}$$);

SELECT gw_fct_admin_manage_addfields($${"client":{"lang":"ES"}, "feature":{"catFeature":"CHAMBER"},
"data":{"action":"CREATE", "multiCreate":"false", "parameters":{"columnname":"chamber_param_2", "datatype":"date",
"widgettype":"datetime", "label":"Chamber param_2","ismandatory":"False",
"active":"True", "iseditable":"True", "layoutname":"lyt_data_1"}}}$$);

SELECT gw_fct_admin_manage_addfields($${"client":{"lang":"ES"}, "feature":{"catFeature":"CIRC_MANHOLE"},
"data":{"action":"CREATE", "multiCreate":"false", "parameters":{"columnname":"cirmanhole_param_1", "datatype":"integer",
"widgettype":"text", "label":"Cmanhole param_1","ismandatory":"False",
"fieldLength":"10", "numDecimals" :null,"active":"True", "iseditable":"True", "layoutname":"lyt_data_1"}}}$$);

SELECT gw_fct_admin_manage_addfields($${"client":{"lang":"ES"}, "feature":{"catFeature":"CIRC_MANHOLE"},
"data":{"action":"CREATE", "multiCreate":"false", "parameters":{"columnname":"cirmanhole_param_2", "datatype":"text",
"widgettype":"text", "label":"Cmanhole param_2","ismandatory":"False",
"active":"True", "iseditable":"True", "layoutname":"lyt_data_1"}}}$$);

SELECT gw_fct_admin_manage_addfields($${"client":{"lang":"ES"}, "feature":{"catFeature":"PGULLY"},
"data":{"action":"CREATE", "multiCreate":"false", "parameters":{"columnname":"grate_param_1", "datatype":"text",
"widgettype":"combo", "label":"Grate param_1","ismandatory":"False",
"active":"True", "iseditable":"True",  "dv_isnullvalue":"True","layoutname":"lyt_data_1",
"dv_querytext":"SELECT id as id, idval as idval  FROM edit_typevalue WHERE typevalue='grate_param_1'"}}}$$);

SELECT gw_fct_admin_manage_addfields($${"client":{"lang":"ES"}, "feature":{"catFeature":"PGULLY"},
"data":{"action":"CREATE", "multiCreate":"false", "parameters":{"columnname":"grate_param_2", "datatype":"boolean",
"widgettype":"check", "label":"Grate param_2","ismandatory":"False",
"active":"True", "iseditable":"True", "layoutname":"lyt_data_1"}}}$$);

SELECT gw_fct_admin_manage_addfields($${"client":{"lang":"ES"}, "feature":{"catFeature":"OVERFLOW_STORAGE"},
"data":{"action":"CREATE", "multiCreate":"false", "parameters":{"columnname":"ovestorage_param_1", "datatype":"integer",
"widgettype":"text", "label":"Owstorage param_1","ismandatory":"False",
"fieldLength":"10", "numDecimals" :null,"active":"True", "iseditable":"True", "layoutname":"lyt_data_1"}}}$$);

SELECT gw_fct_admin_manage_addfields($${"client":{"lang":"ES"}, "feature":{"catFeature":"OVERFLOW_STORAGE"},
"data":{"action":"CREATE", "multiCreate":"false", "parameters":{"columnname":"ovestorage_param_2", "datatype":"text",
"widgettype":"text", "label":"Owstorage param_2","ismandatory":"False",
"active":"True", "iseditable":"True", "layoutname":"lyt_data_1"}}}$$);

SELECT gw_fct_admin_manage_addfields($${"client":{"lang":"ES"}, "feature":{"catFeature":"PUMP_PIPE"},
"data":{"action":"CREATE", "multiCreate":"false", "parameters":{"columnname":"pumpipe_param_1", "datatype":"boolean",
"widgettype":"check", "label":"Ppipe param_1","ismandatory":"False",
"active":"True", "iseditable":"True", "layoutname":"lyt_data_1"}}}$$);

SELECT gw_fct_admin_manage_addfields($${"client":{"lang":"ES"}, "feature":{"catFeature":"PUMP_PIPE"},
"data":{"action":"CREATE", "multiCreate":"false", "parameters":{"columnname":"pumpipe_param_2", "datatype":"text",
"widgettype":"text", "label":"Ppipe param_2","ismandatory":"False",
"active":"True", "iseditable":"True", "layoutname":"lyt_data_1"}}}$$);

SELECT gw_fct_admin_manage_addfields($${"client":{"lang":"ES"}, "feature":{"catFeature":"RECT_MANHOLE"},
"data":{"action":"CREATE", "multiCreate":"false", "parameters":{"columnname":"recmanhole_param_1", "datatype":"text",
"widgettype":"text", "label":"Rect. mhole param_1","ismandatory":"False",
"fieldLength":"500", "numDecimals" :null,"active":"True", "iseditable":"True", "layoutname":"lyt_data_1"}}}$$);

SELECT gw_fct_admin_manage_addfields($${"client":{"lang":"ES"}, "feature":{"catFeature":"RECT_MANHOLE"},
"data":{"action":"CREATE", "multiCreate":"false", "parameters":{"columnname":"recmanhole_param_2", "datatype":"text",
"widgettype":"text", "label":"Rect. mhole param_2","ismandatory":"False",
"active":"True", "iseditable":"True", "layoutname":"lyt_data_1"}}}$$);

SELECT gw_fct_admin_manage_addfields($${"client":{"lang":"ES"}, "feature":{"catFeature":"REGISTER"},
"data":{"action":"CREATE", "multiCreate":"false", "parameters":{"columnname":"register_param_1", "datatype":"text",
"widgettype":"text", "label":"Register param_1","ismandatory":"False",
"fieldLength":"500", "numDecimals" :null,"active":"True", "iseditable":"True", "layoutname":"lyt_data_1"}}}$$);

SELECT gw_fct_admin_manage_addfields($${"client":{"lang":"ES"}, "feature":{"catFeature":"REGISTER"},
"data":{"action":"CREATE", "multiCreate":"false", "parameters":{"columnname":"register_param_2", "datatype":"text",
"widgettype":"text", "label":"Register param_2","ismandatory":"False",
"active":"True", "iseditable":"True", "layoutname":"lyt_data_1"}}}$$);

SELECT gw_fct_admin_manage_addfields($${"client":{"lang":"ES"}, "feature":{"catFeature":"SEWER_STORAGE"},
"data":{"action":"CREATE", "multiCreate":"false", "parameters":{"columnname":"sewstorage_param_1", "datatype":"text",
"widgettype":"combo", "label":"Sstorage param_1","ismandatory":"False",
"active":"True", "iseditable":"True",  "dv_isnullvalue":"True","layoutname":"lyt_data_1",
"dv_querytext":"SELECT id as id, idval as idval  FROM edit_typevalue WHERE typevalue='sewstorage_param_1'"}}}$$);

SELECT gw_fct_admin_manage_addfields($${"client":{"lang":"ES"}, "feature":{"catFeature":"SEWER_STORAGE"},
"data":{"action":"CREATE", "multiCreate":"false", "parameters":{"columnname":"sewstorage_param_2", "datatype":"text",
"widgettype":"text", "label":"Sstorage param_1","ismandatory":"False",
"active":"True", "iseditable":"True", "layoutname":"lyt_data_1"}}}$$);

SELECT gw_fct_admin_manage_addfields($${"client":{"lang":"ES"}, "feature":{"catFeature":"WEIR"},
"data":{"action":"CREATE", "multiCreate":"false", "parameters":{"columnname":"weir_param_1", "datatype":"integer",
"widgettype":"text", "label":"Weir param_1","ismandatory":"False",
"active":"True", "iseditable":"True", "layoutname":"lyt_data_1"}}}$$);

SELECT gw_fct_admin_manage_addfields($${"client":{"lang":"ES"}, "feature":{"catFeature":"WEIR"},
"data":{"action":"CREATE", "multiCreate":"false", "parameters":{"columnname":"weir_param_2", "datatype":"text",
"widgettype":"text", "label":"Weir param_2","ismandatory":"False",
"active":"True", "iseditable":"True", "layoutname":"lyt_data_1"}}}$$);


INSERT INTO edit_typevalue(typevalue, id, idval) VALUES('sewstorage_param_1','combo1','combo1');
INSERT INTO edit_typevalue(typevalue, id, idval) VALUES('sewstorage_param_1','combo2','combo2');
INSERT INTO edit_typevalue(typevalue, id, idval) VALUES('sewstorage_param_1','combo3','combo3');
INSERT INTO edit_typevalue(typevalue, id, idval) VALUES('sewstorage_param_1','combo4','combo4');

INSERT INTO edit_typevalue(typevalue, id, idval) VALUES('grate_param_1','1','combo1');
INSERT INTO edit_typevalue(typevalue, id, idval) VALUES('grate_param_1','2','combo2');
INSERT INTO edit_typevalue(typevalue, id, idval) VALUES('grate_param_1','3','combo3');

INSERT INTO edit_typevalue(typevalue, id, idval) VALUES('chamber_param_1','1','combo1');
INSERT INTO edit_typevalue(typevalue, id, idval) VALUES('chamber_param_1','2','combo2');
INSERT INTO edit_typevalue(typevalue, id, idval) VALUES('chamber_param_1','3','combo3');
INSERT INTO edit_typevalue(typevalue, id, idval) VALUES('chamber_param_1','4','combo4');

INSERT INTO sys_foreignkey(typevalue_table, typevalue_name, target_table, target_field) VALUES ('edit_typevalue','sewstorage_param_1','man_node_sewer_storage','sewstorage_param_1');
INSERT INTO sys_foreignkey(typevalue_table, typevalue_name, target_table, target_field) VALUES ('edit_typevalue','grate_param_1','man_gully_pgully','grate_param_1');
INSERT INTO sys_foreignkey(typevalue_table, typevalue_name, target_table, target_field) VALUES ('edit_typevalue','chamber_param_1','man_node_chamber','chamber_param_1');

UPDATE config_param_user SET value = 'TRUE' WHERE parameter = 'audit_project_user_control';

-- hidden
UPDATE config_form_fields SET hidden = true WHERE columnname
IN ('undelete', 'publish', 'buildercat_id', 'comment', 'num_value', 'svg', 'macrodqa_id', 'macrosector_id',
'macroexpl_id', 'custom_length', 'staticpressure1', 'staticpressure2', 'pipe_param_1');

UPDATE config_form_fields SET hidden = true WHERE columnname IN ('label_x', 'label_y') AND formname LIKE 've_arc%';

-- reorder sample
UPDATE config_form_fields SET layoutorder =90, layoutname = 'lyt_data_1' WHERE columnname ='link' AND (formname not in ('v_edit_link'));
UPDATE config_form_fields SET layoutorder =1 , layoutname ='lyt_bot_2' WHERE columnname ='sector_id' AND (formname not in ('v_edit_link','v_edit_inp_subcatchment'));
UPDATE config_form_fields SET layoutorder =4 , layoutname ='lyt_bot_1' , label = 'Dqa' WHERE columnname ='dqa_id' AND (formname not in ('v_edit_link'));
UPDATE config_form_fields SET layoutorder =70 , layoutname ='lyt_data_1' WHERE columnname ='macrosector_id' AND (formname not in ('v_edit_link'));
UPDATE config_form_fields SET stylesheet ='{"label":"color:red; font-weight:bold"}' WHERE columnname IN ('expl_id', 'sector_id') AND (formname not in ('v_edit_link'));

update config_form_fields SET layoutorder = 3 where columnname='state' and formname like '%ve_connec_%';
update config_form_fields SET layoutorder = 4 where columnname='state_type' and formname like '%ve_connec_%';

UPDATE cat_feature_node set isprofilesurface = true;

--refactor of forms
UPDATE config_form_fields SET layoutname = 'lyt_data_3', layoutorder = 11 where columnname ='pjoint_id';
UPDATE config_form_fields SET layoutname = 'lyt_data_3', layoutorder = 12 where columnname ='pjoint_type';
UPDATE config_form_fields SET layoutname = 'lyt_data_3', layoutorder = 13 where columnname ='descript' AND (formname not in ('v_edit_link','v_edit_inp_subcatchment'));
UPDATE config_form_fields SET layoutname = 'lyt_data_3', layoutorder = 14 where columnname = 'annotation';
UPDATE config_form_fields SET layoutname = 'lyt_data_3', layoutorder = 15 where columnname = 'observ' AND formname <> 'v_edit_dimensions';
UPDATE config_form_fields SET layoutname = 'lyt_data_3', layoutorder = 16 where columnname = 'lastupdate';
UPDATE config_form_fields SET layoutname ='lyt_data_3' , layoutorder = 17 where columnname = 'lastupdate_user';
UPDATE config_form_fields SET layoutname = 'lyt_data_3', layoutorder = 18 where columnname ='link';

UPDATE config_form_fields SET  hidden = true where columnname = 'macrodma_id';
UPDATE config_form_fields SET  hidden = true where columnname = 'inventory';
UPDATE config_form_fields SET  hidden = true where columnname = 'feature_id' and formname !='v_edit_link';
UPDATE config_form_fields SET  hidden = true where columnname = 'featurecat_id';
UPDATE config_form_fields SET  hidden = true where columnname = 'connec_length';

UPDATE config_form_fields SET  hidden = true where columnname = 'cmanhole_param_1';
UPDATE config_form_fields SET  hidden = true where columnname = 'cmanhole_param_2';

UPDATE config_form_fields SET  hidden = true where columnname IN ('accessibility', 'inlet');

UPDATE config_form_fields SET layoutname = 'lyt_data_2',  layoutorder = 50 where columnname ='bottom_channel' AND formname LIKE '%_node_%';
UPDATE config_form_fields SET layoutname = 'lyt_data_2' , layoutorder = 51 where columnname ='sander_depth' AND formname LIKE '%_node_%';
UPDATE config_form_fields SET layoutname = 'lyt_data_2' , layoutorder = 52 where columnname ='length' AND formname LIKE '%_node_%';
UPDATE config_form_fields SET layoutname = 'lyt_data_2' , layoutorder = 53 where columnname ='width' AND formname LIKE '%_node_%';

UPDATE config_form_fields SET layoutname = 'lyt_data_2',  layoutorder = 40 where columnname ='workcat_id_end' AND formname LIKE '%_connec_%';
UPDATE config_form_fields SET layoutname = 'lyt_data_2' , layoutorder = 40 where columnname ='workcat_id_end' AND formname LIKE '%_gully_%';
UPDATE config_form_fields SET layoutname = 'lyt_data_2' , layoutorder = 40 where columnname ='workcat_id_end' AND formname LIKE '%_arc_%';

UPDATE config_form_fields SET  hidden = true where columnname = 'cat_shape' AND formname LIKE '%_arc_%';
UPDATE config_form_fields SET  hidden = true where columnname = 'soilcat_id' AND formname LIKE '%_arc_%';

UPDATE config_form_fields SET  hidden = true where columnname = 'depth' AND formname LIKE '%_connec_%';
UPDATE config_form_fields SET  hidden = true where columnname = 'function_type' AND formname LIKE '%_connec_%';
UPDATE config_form_fields SET  hidden = true where columnname = 'descript' AND formname LIKE '%_connec_%';
UPDATE config_form_fields SET  hidden = true where columnname = 'annotation' AND formname LIKE '%_connec_%';

UPDATE config_form_fields SET layoutname = 'lyt_bot_1', layoutorder = 3 where columnname ='state' AND (formname not in ('v_edit_dimensions','v_edit_link'));
UPDATE config_form_fields SET layoutname = 'lyt_bot_1', layoutorder = 4 where columnname ='state_type';
UPDATE config_form_fields SET layoutname = 'lyt_bot_1' where columnname ='sector_id';
UPDATE config_form_fields SET layoutname = 'lyt_data_1',layoutorder = 997 where columnname ='hemisphere';
UPDATE config_form_fields SET layoutorder = 2 where columnname ='dma_id' and formname !='v_edit_link';

UPDATE config_form_fields SET layoutname = 'lyt_data_2', layoutorder = 30, hidden = true where columnname ='verified';
UPDATE config_form_fields SET layoutname = 'lyt_data_2', layoutorder = 32 where columnname ='dqa_id';
UPDATE config_form_fields SET layoutname = 'lyt_data_2', layoutorder = 33 where columnname ='expl_id' AND (formname not in ('v_edit_dimensions','v_edit_link','v_edit_inp_subcatchment','v_edit_raingage'));
UPDATE config_form_fields SET layoutname = 'lyt_data_1', layoutorder = 998 where columnname ='parent_id';

update config_form_fields SET widgettype = 'text', dv_querytext = null, placeholder  ='Ex.macrosector_id' WHERE columnname  = 'macrosector_id';

-- add tooltips for specific fields
UPDATE config_form_fields SET tooltip = 'accessibility - Para establecer si es accesible o no' WHERE columnname = 'accessibility' AND tooltip IS NULL;
UPDATE config_form_fields SET tooltip = 'bottom_channel - Para establecer si tiene canal al fondo o no' WHERE columnname = 'bottom_channel' AND tooltip IS NULL;
UPDATE config_form_fields SET tooltip = 'length - Longitud total' WHERE columnname = 'length' AND tooltip IS NULL;
UPDATE config_form_fields SET tooltip = 'max_volume - Volumen mximo' WHERE columnname = 'max_volume' AND tooltip IS NULL;
UPDATE config_form_fields SET tooltip = 'sander_depth - Profundidad del arenero' WHERE columnname = 'sander_depth' AND tooltip IS NULL AND formtype='feature';
UPDATE config_form_fields SET tooltip = 'util_volume - Volumen til' WHERE columnname = 'util_volume' AND tooltip IS NULL AND formtype='feature';
UPDATE config_form_fields SET tooltip = 'width - Anchura total' WHERE columnname = 'width' AND tooltip IS NULL AND formtype='feature';
UPDATE config_form_fields SET tooltip = 'prot_surface - Para establecer si existe un protector en superfcie' WHERE columnname = 'prot_surface' AND tooltip IS NULL AND formtype='feature';
UPDATE config_form_fields SET tooltip = 'serial_number - Nmero de serie del elemento' WHERE columnname = 'serial_number' AND tooltip IS NULL AND formtype='feature';
UPDATE config_form_fields SET tooltip = 'siphon - Para establecer si tiene sifn o no' WHERE columnname = 'siphon' AND (tooltip IS NULL OR tooltip='siphon') AND formtype='feature';
UPDATE config_form_fields SET tooltip = 'units - Nmero de rejas' WHERE columnname = 'units' AND (tooltip IS NULL OR tooltip = 'units') AND formtype='feature';
UPDATE config_form_fields SET tooltip = 'sander_length - Longitud del arenero' WHERE columnname = 'sander_length' AND tooltip IS NULL AND formtype='feature';
UPDATE config_form_fields SET tooltip = 'min_height - Altura mnima' WHERE columnname = 'min_height' AND tooltip IS NULL AND formtype='feature';
UPDATE config_form_fields SET tooltip = 'custom_area - Area til del depsito' WHERE columnname = 'custom_area' AND tooltip IS NULL AND formtype='feature';
UPDATE config_form_fields SET tooltip = 'groove - Para establecer si hay ranura en el encintado' WHERE columnname = 'groove' AND tooltip = 'groove' AND formtype='feature';
UPDATE config_form_fields SET tooltip = 'inlet - Elemento con aportaciones' WHERE columnname = 'inlet' AND tooltip IS NULL;

UPDATE config_form_fields set layoutname = 'lyt_data_1' WHERE columnname = 'width' AND formname ='ve_node_chamber';
UPDATE config_form_fields set layoutname = 'lyt_data_1' WHERE columnname = 'width' AND formname ='ve_node_pump_station';
UPDATE config_form_fields set layoutname = 'lyt_data_1' WHERE columnname = 'width' AND formname ='ve_node_weir';

UPDATE config_param_system SET value='TRUE' WHERE parameter='sys_raster_dem';
INSERT INTO config_param_user (parameter, value, cur_user) VALUES ('edit_insert_elevation_from_dem', 'true', current_user)
ON CONFLICT (parameter, cur_user) DO NOTHING;

INSERT INTO config_param_user (parameter, value, cur_user) VALUES ('edit_update_elevation_from_dem', 'true', current_user)
ON CONFLICT (parameter, cur_user) DO NOTHING;

UPDATE config_param_user SET value = 'TRUE' WHERE parameter = 'qgis_form_docker' AND cur_user = current_user;

-- updates to manage matcat_id separately from catalog
UPDATE config_form_fields SET iseditable=TRUE, widgettype='combo', dv_isnullvalue=TRUE, dv_querytext='SELECT id, id AS idval FROM cat_material WHERE ''NODE'' = ANY(feature_type)'
WHERE columnname='matcat_id' AND formname LIKE 've_node%';

UPDATE config_form_fields SET iseditable=TRUE, widgettype='combo', dv_isnullvalue=TRUE, dv_querytext='SELECT id, id AS idval FROM cat_material WHERE ''ARC'' = ANY(feature_type)'
WHERE columnname='matcat_id' AND formname LIKE 've_connec%';

UPDATE config_form_fields SET iseditable=TRUE, widgettype='combo', dv_isnullvalue=TRUE, dv_querytext='SELECT id, id AS idval FROM cat_material WHERE ''ARC'' = ANY(feature_type)'
WHERE columnname='matcat_id' AND formname LIKE 've_arc%';

UPDATE config_form_fields SET dv_querytext = replace (dv_querytext, ' arc_type', ' cat_feature_arc') WHERE dv_querytext like'% arc_type%';
UPDATE config_form_fields SET dv_querytext = replace (dv_querytext, ' node_type', ' cat_feature_node') WHERE dv_querytext like'% node_type%';
UPDATE config_form_fields SET dv_querytext = replace (dv_querytext, ' connec_type', ' cat_feature_connec') WHERE dv_querytext like'% connec_type%';
UPDATE config_form_fields SET dv_querytext = replace (dv_querytext, ' gully_type', ' cat_feature_gully') WHERE dv_querytext like'% gully_type%';

UPDATE sys_param_user SET dv_querytext = replace (dv_querytext, ' arc_type', ' cat_feature_arc') WHERE dv_querytext like'% arc_type%';
UPDATE sys_param_user SET dv_querytext = replace (dv_querytext, ' node_type', ' cat_feature_node') WHERE dv_querytext like'% node_type%';
UPDATE sys_param_user SET dv_querytext = replace (dv_querytext, ' connec_type', ' cat_feature_connec') WHERE dv_querytext like'% connec_type%';
UPDATE sys_param_user SET dv_querytext = replace (dv_querytext, ' gully_type', ' cat_feature_gully') WHERE dv_querytext like'% gully_type%';

--arc
UPDATE config_form_fields SET layoutname = 'lyt_none' where columnname = 'arc_id' and formname like '%ve_arc_%';
UPDATE config_form_fields SET layoutname = 'lyt_none' where columnname = 'arc_id' and formname like '%v_edit_arc%';
UPDATE config_form_fields SET placeholder = NULL where formname like '%v_edit_arc%';
UPDATE config_form_fields SET placeholder = NULL where formname like '%ve_arc%';
UPDATE config_form_fields SET layoutorder = layoutorder +1  where (formname ilike 've_arc%' or formname='v_edit_arc') AND
layoutname='lyt_data_2' and layoutorder > 12 and columnname!='fluid_type';

--node
UPDATE config_form_fields SET layoutname = 'lyt_none' where columnname = 'node_id' and formname like '%ve_node_%';
UPDATE config_form_fields SET layoutname = 'lyt_none' where columnname = 'node_id' and formname like '%v_edit_node%';
UPDATE config_form_fields SET placeholder = NULL where formname like '%v_edit_node%';
UPDATE config_form_fields SET placeholder = NULL where formname like '%ve_node%';

--connec
UPDATE config_form_fields SET layoutname = 'lyt_none' where columnname = 'connec_id' and formname like '%ve_connec_%';
UPDATE config_form_fields SET layoutname = 'lyt_none' where columnname = 'connec_id' and formname like '%v_edit_connec%';
UPDATE config_form_fields SET layoutname = 'lyt_top_1', layoutorder = 9 where columnname = 'arc_id' and formname like '%ve_connec_%';
UPDATE config_form_fields SET layoutname = 'lyt_top_1', layoutorder = 9 where columnname = 'arc_id' and formname like '%v_edit_connec%';
update config_form_fields SET layoutorder = 1 where columnname = 'soilcat_id' and formname like '%ve_connec_%';
update config_form_fields SET layoutorder = 1 where columnname = 'soilcat_id' and formname like '%v_edit_connec%';
UPDATE config_form_fields SET placeholder = NULL where formname like '%v_edit_connec%';
UPDATE config_form_fields SET placeholder = NULL where formname like '%ve_connec%';

--gully
UPDATE config_form_fields SET layoutname = 'lyt_none' where columnname = 'gully_id' and formname like '%ve_gully_%';
UPDATE config_form_fields SET layoutname = 'lyt_none' where columnname = 'gully_id' and formname like '%v_edit_gully%';
UPDATE config_form_fields SET layoutname = 'lyt_top_1', layoutorder = 9 where columnname = 'arc_id' and formname like '%ve_gully_%';
UPDATE config_form_fields SET layoutname = 'lyt_top_1', layoutorder = 9 where columnname = 'arc_id' and formname like '%v_edit_gully%';
update config_form_fields SET layoutorder = 1 where columnname = 'soilcat_id' and formname like '%ve_gully_%';
update config_form_fields SET layoutorder = 1 where columnname = 'soilcat_id' and formname like '%ve_gully_%';
UPDATE config_form_fields SET placeholder = NULL where formname like '%v_edit_gully%';
UPDATE config_form_fields SET placeholder = NULL where formname like '%ve_gully%';

UPDATE config_form_fields SET widgettype = 'typeahead',
dv_querytext = 'SELECT id, id as idval FROM cat_gully WHERE id IS NOT NULL' FROM cat_feature WHERE
feature_class = 'NETGULLY' AND formname = child_layer and columnname = 'gullycat_id';

--placeholder
UPDATE config_form_fields SET placeholder = 'Only when state is obsolete' where columnname = 'workcat_id_end';
UPDATE config_form_fields SET placeholder = 'Catalog of the private part of connection' where columnname = 'private_connecat_id' AND formname like '%ve_connec%';

UPDATE config_param_system SET value = 'false' WHERE parameter = 'admin_utils_schema';

UPDATE config_info_layer SET addparam = '{"forceWhenActive":true}' WHERE layer_id IN ('v_edit_dimensions','v_edit_om_visit');

UPDATE config_param_system SET value = '{"activated" : "TRUE", "updateField" : "top_elev"}' WHERE parameter  = 'admin_raster_dem';

UPDATE config_param_user SET value = null WHERE value ='COVER' and parameter = 'edit_elementcat_vdefault';

UPDATE cat_feature_node SET double_geom = '{"activated":true,"value":4}' WHERE id IN ('SEWER_STORAGE');
UPDATE cat_feature_node SET double_geom = '{"activated":true,"value":2}' WHERE id IN ('REGISTER');
UPDATE cat_feature_gully SET double_geom = '{"activated":true,"value":1}' WHERE id = 'GULLY';

INSERT INTO config_param_user (parameter, value, cur_user) VALUES ('om_visit_status_vdefault', '4', current_user) ON CONFLICT (parameter, cur_user) DO NOTHING;

SELECT setval('SCHEMA_NAME.urn_id_seq', gw_fct_setvalurn(),true);;

INSERT INTO inp_lid VALUES ('BIO-RETENTION','BC');
INSERT INTO inp_lid VALUES ('VEGE-SWALE','VS');
INSERT INTO inp_lid VALUES ('RAIN-GARDEN','RG');
INSERT INTO inp_lid VALUES ('PAV-PERMEABLE','PP');
INSERT INTO inp_lid VALUES ('GREEN-ROOF','GR');
INSERT INTO inp_lid VALUES ('INFIL-TRENCH','IT');
INSERT INTO inp_lid VALUES ('RAIN-BARREL','RB');

INSERT INTO inp_lid_value VALUES (1,'GREEN-ROOF','SURFACE',3,0,0,0,0);
INSERT INTO inp_lid_value VALUES (2,'GREEN-ROOF','SOIL',3,0.5,0.1,0.05,1.2,2.4,0);
INSERT INTO inp_lid_value VALUES (4,'GREEN-ROOF','DRAINMAT',5,0.5,0);
INSERT INTO inp_lid_value VALUES (5,'PAV-PERMEABLE','SURFACE',3,0,0,0,0);
INSERT INTO inp_lid_value VALUES (6,'PAV-PERMEABLE','PAVEMENT',40,0.5,0.1,0.5,0);
INSERT INTO inp_lid_value VALUES (7,'PAV-PERMEABLE','STORAGE',30,0.5,0,0);
INSERT INTO inp_lid_value VALUES (8,'INFIL-TRENCH','SURFACE',3,0,0,0,0);
INSERT INTO inp_lid_value VALUES (9,'INFIL-TRENCH','STORAGE',30,0.5,0,0);
INSERT INTO inp_lid_value VALUES (10,'RAIN-GARDEN','SURFACE',3,0,0,0,0);
INSERT INTO inp_lid_value VALUES (11,'RAIN-GARDEN','SOIL',3,0.5,0.1,0.05,1.2,2.4,0);
INSERT INTO inp_lid_value VALUES (12,'VEGE-SWALE','SURFACE',3,0.5,0.03,0.5,0.5);
INSERT INTO inp_lid_value VALUES (14,'BIO-RETENTION','SURFACE',3,0,0,0,0);
INSERT INTO inp_lid_value VALUES (15,'BIO-RETENTION','SOIL',3,0.5,0.1,0.05,1.2,2.4,0);
INSERT INTO inp_lid_value VALUES (16,'BIO-RETENTION','STORAGE',30,0.5,0,0);
INSERT INTO inp_lid_value VALUES (17,'RAIN-BARREL','STORAGE',30,1,0,0);
INSERT INTO inp_lid_value VALUES (18,'RAIN-BARREL','DRAIN',5,0.5,0,6);

SELECT gw_fct_admin_schema_lastprocess($${"client":{"lang":"ES"},
"data":{"isNewProject":"FALSE", "projectType":"UD", "epsg":25831, "isSample":"TRUE"}}$$);

UPDATE config_param_system SET value = '{"usePsectors":false, "ignoreGraphanalytics":false, "ignoreEpa":false, "ignorePlan":false}'
WHERE parameter = 'admin_checkproject';

UPDATE config_form_fields
SET widgetcontrols = '{"labelPosition": "top"}'
WHERE formname LIKE 've_%' AND (layoutname LIKE 'lyt_top%' OR layoutname LIKE 'lyt_bot%') AND widgetcontrols IS NULL;

UPDATE config_form_fields
SET widgetcontrols = jsonb_set(widgetcontrols::jsonb, '{labelPosition}', '"top"', true)
WHERE formname LIKE 've_%' AND (layoutname LIKE 'lyt_top%' OR layoutname LIKE 'lyt_bot%');

UPDATE config_param_user SET value='true' WHERE "parameter"='edit_plan_order_control' AND cur_user=current_user;

UPDATE config_form_fields SET web_layoutorder=NULL
	WHERE columnname='asset_id';
UPDATE config_form_fields SET web_layoutorder=4
	WHERE columnname='connec_id';

-- 24/05/2023

UPDATE config_form_tabs SET device = '{4,5}' where formname = 've_node_water_connection';
UPDATE config_form_tabs SET device = '{5}' where formname like 'visit_%';
UPDATE config_form_tabs SET device = '{5}' where formname like 'incident_%';
UPDATE config_form_tabs SET device = '{4}' where formname like 'v_edit_%' and tabname = 'tab_plan';

-- 01/08/23

UPDATE config_form_fields
SET layoutorder = (SELECT attnum FROM pg_attribute WHERE attrelid = formname::regclass AND attname = columnname and attnum > 0 AND NOT attisdropped ORDER BY attnum LIMIT 1)
WHERE formname IN ('v_edit_inp_flwreg_orifice', 'v_edit_inp_dscenario_flwreg_orifice', 'v_edit_inp_flwreg_outlet', 'v_edit_inp_dscenario_flwreg_outlet', 'v_edit_inp_flwreg_pump', 'v_edit_inp_dscenario_flwreg_pump', 'v_edit_inp_flwreg_weir', 'v_edit_inp_dscenario_flwreg_weir', 'v_edit_inp_dscenario_demand', 'v_edit_inp_dscenario_pump_additional', 'v_edit_inp_dscenario_pump','v_edit_inp_pump_additional', 'v_edit_inp_dscenario_virtualvalve', 'v_edit_inp_dscenario_virtualpump', 'v_edit_inp_dscenario_valve', 'v_edit_inp_dscenario_tank', 'v_edit_inp_dscenario_shortpipe', 'v_edit_inp_dscenario_rules', 'v_edit_inp_dscenario_reservoir', 'v_edit_inp_dscenario_pipe', 'v_edit_inp_dscenario_junction', 'v_edit_inp_dscenario_inlet', 'v_edit_inp_dscenario_controls', 'v_edit_inp_dscenario_connec', 'inp_dscenario_virtualvalve', 'v_edit_inp_dscenario_conduit', 'v_edit_inp_dscenario_inflows', 'v_edit_inp_dscenario_inflows_poll', 'v_edit_inp_dscenario_lids', 'v_edit_inp_dscenario_outfall', 'v_edit_inp_dscenario_raingage', 'v_edit_inp_dscenario_storage', 'v_edit_inp_dscenario_treatment');

-- set hiden and iseditable for dscenario arc_id/node_id/connec_id/feature_id
UPDATE config_form_fields
SET iseditable = false, hidden = false
WHERE formname IN ('v_edit_inp_flwreg_orifice', 'v_edit_inp_dscenario_flwreg_orifice', 'v_edit_inp_flwreg_outlet', 'v_edit_inp_dscenario_flwreg_outlet', 'v_edit_inp_flwreg_pump', 'v_edit_inp_dscenario_flwreg_pump', 'v_edit_inp_flwreg_weir', 'v_edit_inp_dscenario_flwreg_weir', 'v_edit_inp_dscenario_demand', 'v_edit_inp_dscenario_pump_additional', 'v_edit_inp_dscenario_pump','v_edit_inp_pump_additional', 'v_edit_inp_dscenario_virtualvalve', 'v_edit_inp_dscenario_virtualpump', 'v_edit_inp_dscenario_valve', 'v_edit_inp_dscenario_tank', 'v_edit_inp_dscenario_shortpipe', 'v_edit_inp_dscenario_rules', 'v_edit_inp_dscenario_reservoir', 'v_edit_inp_dscenario_pipe', 'v_edit_inp_dscenario_junction', 'v_edit_inp_dscenario_inlet', 'v_edit_inp_dscenario_controls', 'v_edit_inp_dscenario_connec', 'inp_dscenario_virtualvalve', 'v_edit_inp_dscenario_conduit', 'v_edit_inp_dscenario_inflows', 'v_edit_inp_dscenario_inflows_poll', 'v_edit_inp_dscenario_lids', 'v_edit_inp_dscenario_outfall', 'v_edit_inp_dscenario_raingage', 'v_edit_inp_dscenario_storage', 'v_edit_inp_dscenario_treatment') AND columnname IN ('arc_id', 'node_id', 'connec_id','feature_id');
UPDATE config_form_fields
SET hidden=true
WHERE formname='v_edit_inp_dscenario_junction' AND formtype='form_feature' AND columnname='peak_factor' AND tabname='tab_none';

UPDATE config_form_fields
SET ismandatory=true
WHERE columnname='flwreg_length' OR columnname = 'order_id' OR columnname = 'to_arc' AND (tabname='tab_none' AND formname ilike 'v_edit_inp_flwreg%');

UPDATE config_form_fields
	SET iseditable=true
	WHERE formname='v_edit_inp_dscenario_inflows' AND columnname='order_id';

UPDATE config_form_fields SET iseditable = true WHERE layoutname = 'lyt_epa_dsc_1' AND widgettype = 'button';

UPDATE config_param_system SET value = (replace(value, 'Disable', 'Random')) WHERE parameter='utils_graphanalytics_style';

update config_toolbox set inputparams= '[{"widgetname":"graphClass", "label":"Graph class:", "widgettype":"combo","datatype":"text","tooltip": "Graphanalytics method used", "layoutname":"grl_option_parameters","layoutorder":1,"comboIds":["DRAINZONE"],
"comboNames":["Drainage area (DRAINZONE)"], "selectedId":""},{"widgetname":"exploitation", "label":"Exploitation:","widgettype":"combo","datatype":"text","tooltip": "Choose exploitation to work with", "layoutname":"grl_option_parameters","layoutorder":2, "dvQueryText":"SELECT id, idval FROM ( SELECT -901 AS id, ''User selected expl'' AS idval, ''a'' AS sort_order UNION SELECT -902 AS id, ''All exploitations'' AS idval, ''b'' AS sort_order UNION SELECT expl_id AS id, name AS idval, ''c'' AS sort_order FROM exploitation WHERE active IS NOT FALSE ) a ORDER BY sort_order ASC, idval ASC", "selectedId":""}, {"widgetname":"floodOnlyMapzone", "label":"Flood only one mapzone: (*)","widgettype":"linetext","datatype":"text", "isMandatory":false, "tooltip":"Flood only identified mapzones. The purpose of this is update only network elements affected by this flooding keeping rest of network as is. Recommended to gain performance when mapzones ecosystem is under work", "placeholder":"1001", "layoutname":"grl_option_parameters","layoutorder":3, "value":""}, {"widgetname":"forceOpen", "label":"Force open nodes: (*)","widgettype":"linetext","datatype":"text", "isMandatory":false, "tooltip":"Optative node id(s) to temporary open closed node(s) in order to force algorithm to continue there", "placeholder":"1015,2231,3123", "layoutname":"grl_option_parameters","layoutorder":5, "value":""}, {"widgetname":"forceClosed", "label":"Force closed nodes: (*)","widgettype":"text","datatype":"text", "isMandatory":false, "tooltip":"Optative node id(s) to temporary close open node(s) to force algorithm to stop there","placeholder":"1015,2231,3123", "layoutname":"grl_option_parameters","layoutorder":6,"value":""}, {"widgetname":"usePlanPsector", "label":"Use selected psectors:", "widgettype":"check","datatype":"boolean","tooltip":"If true, use selected psectors. If false ignore selected psectors and only works with on-service network" , "layoutname":"grl_option_parameters","layoutorder":7,"value":""}, {"widgetname":"commitChanges", "label":"Commit changes:", "widgettype":"check","datatype":"boolean","tooltip":"If true, changes will be applied to DB. If false, algorithm results will be saved in anl tables" , "layoutname":"grl_option_parameters","layoutorder":8,"value":""}, {"widgetname":"valueForDisconnected", "label":"Value for disconn. and conflict: (*)","widgettype":"linetext","datatype":"text", "isMandatory":false, "tooltip":"Value to use for disconnected features. Usefull for work in progress with dynamic mpzonesnode" , "placeholder":"", "layoutname":"grl_option_parameters","layoutorder":9, "value":""}, {"widgetname":"updateMapZone", "label":"Mapzone constructor method:","widgettype":"combo","datatype":"integer","layoutname":"grl_option_parameters","layoutorder":10,"comboIds":[0,1,2,6], "comboNames":["NONE", "CONCAVE POLYGON", "PIPE BUFFER", "EPA SUBCATCH"], "selectedId":""}, {"widgetname":"geomParamUpdate", "label":"Pipe buffer","widgettype":"text","datatype":"float","tooltip":"Buffer from arcs to create mapzone geometry using [PIPE BUFFER] options. Normal values maybe between 3-20 mts.", "layoutname":"grl_option_parameters","layoutorder":11, "isMandatory":false, "placeholder":"5-30", "value":""}]'::json where id=2768;

INSERT INTO sys_style (layername, styleconfig_id, styletype) VALUES ('v_edit_arc', 107, 'qml') ON CONFLICT (layername, styleconfig_id) DO NOTHING;
INSERT INTO sys_style (layername, styleconfig_id, styletype) VALUES ('v_edit_arc', 108, 'qml') ON CONFLICT (layername, styleconfig_id) DO NOTHING;

UPDATE config_form_fields SET hidden=false WHERE formtype='form_featuretype_change' AND columnname='featurecat_id';

UPDATE config_form_fields SET layoutname='lyt_nvo_curves_1', layoutorder= 2, stylesheet= NULL WHERE formtype='nvo_curves' AND columnname = 'expl_id';
UPDATE config_form_fields SET layoutname='lyt_nvo_curves_2', layoutorder= 0, stylesheet= NULL WHERE formtype='nvo_curves' AND columnname = 'descript';
UPDATE config_form_fields SET layoutname='lyt_nvo_patterns_1', layoutorder= 2, stylesheet= NULL WHERE formtype='nvo_paprinttterns' AND columnname = 'expl_id';
UPDATE config_form_fields SET layoutname='lyt_nvo_patterns_1', layoutorder= 1, stylesheet= NULL WHERE formtype='nvo_patterns' AND columnname = 'observ';
UPDATE config_form_fields SET layoutname='lyt_nvo_controls_1', layoutorder= 0, stylesheet= NULL WHERE formtype='nvo_controls' AND columnname = 'sector_id';
UPDATE config_form_fields SET layoutname='lyt_nvo_timeseries_3', layoutorder= 0, stylesheet= NULL WHERE formtype='nvo_timeseries' AND columnname = 'expl_id';
UPDATE config_form_fields SET layoutname='lyt_nvo_timeseries_4', layoutorder= 0, stylesheet= NULL WHERE formtype='nvo_timeseries' AND columnname = 'descript';



UPDATE config_form_fields SET layoutname='lyt_data_1', layoutorder=1, hidden=false WHERE formname='v_ui_drainzone' AND formtype='form_feature' AND columnname='drainzone_id' AND tabname='tab_none';
UPDATE config_form_fields SET layoutname='lyt_data_1', layoutorder=2, hidden=false WHERE formname='v_ui_drainzone' AND formtype='form_feature' AND columnname='name' AND tabname='tab_none';
UPDATE config_form_fields SET layoutname='lyt_data_1', layoutorder=3, hidden=false WHERE formname='v_ui_drainzone' AND formtype='form_feature' AND columnname='drainzone_type' AND tabname='tab_none';
UPDATE config_form_fields SET layoutname='lyt_data_1', layoutorder=4, hidden=false WHERE formname='v_ui_drainzone' AND formtype='form_feature' AND columnname='descript' AND tabname='tab_none';
UPDATE config_form_fields SET layoutname='lyt_data_1', layoutorder=5, hidden=false WHERE formname='v_ui_drainzone' AND formtype='form_feature' AND columnname='active' AND tabname='tab_none';
UPDATE config_form_fields SET layoutname='lyt_data_1', layoutorder=6, hidden=false WHERE formname='v_ui_drainzone' AND formtype='form_feature' AND columnname='lock_level' AND tabname='tab_none';
UPDATE config_form_fields SET layoutname='lyt_data_1', layoutorder=7, hidden=false WHERE formname='v_ui_drainzone' AND formtype='form_feature' AND columnname='graphconfig' AND tabname='tab_none';
UPDATE config_form_fields SET layoutname='lyt_data_1', layoutorder=8, hidden=false WHERE formname='v_ui_drainzone' AND formtype='form_feature' AND columnname='stylesheet' AND tabname='tab_none';
UPDATE config_form_fields SET layoutname='lyt_data_1', layoutorder=9, hidden=false WHERE formname='v_ui_drainzone' AND formtype='form_feature' AND columnname='link' AND tabname='tab_none';
UPDATE config_form_fields SET layoutname='lyt_data_1', layoutorder=10, hidden=false WHERE formname='v_ui_drainzone' AND formtype='form_feature' AND columnname='expl_id' AND tabname='tab_none';

UPDATE config_form_fields SET layoutname='lyt_workspace_open_1', layoutorder= 1, stylesheet= NULL WHERE formtype='workspace_open' AND columnname = 'descript';

UPDATE config_form_fields SET layoutname='lyt_data_1', layoutorder=1, hidden=false WHERE formname='v_ui_macrosector' AND formtype='form_feature' AND columnname='macrosector_id' AND tabname='tab_none';
UPDATE config_form_fields SET layoutname='lyt_data_1', layoutorder=2, hidden=false WHERE formname='v_ui_macrosector' AND formtype='form_feature' AND columnname='name' AND tabname='tab_none';
UPDATE config_form_fields SET layoutname='lyt_data_1', layoutorder=3, hidden=false WHERE formname='v_ui_macrosector' AND formtype='form_feature' AND columnname='descript' AND tabname='tab_none';
UPDATE config_form_fields SET layoutname='lyt_data_1', layoutorder=4, hidden=false WHERE formname='v_ui_macrosector' AND formtype='form_feature' AND columnname='active' AND tabname='tab_none';
UPDATE config_form_fields SET layoutname='lyt_data_1', layoutorder=5, hidden=false WHERE formname='v_ui_macrosector' AND formtype='form_feature' AND columnname='lock_level' AND tabname='tab_none';

UPDATE config_form_fields SET layoutname='lyt_data_1', layoutorder=1, hidden=false WHERE formname='v_ui_sector' AND formtype='form_feature' AND columnname='sector_id' AND tabname='tab_none';
UPDATE config_form_fields SET layoutname='lyt_data_1', layoutorder=2, hidden=false WHERE formname='v_ui_sector' AND formtype='form_feature' AND columnname='name' AND tabname='tab_none';
UPDATE config_form_fields SET layoutname='lyt_data_1', layoutorder=3, hidden=false WHERE formname='v_ui_sector' AND formtype='form_feature' AND columnname='sector_type' AND tabname='tab_none';
UPDATE config_form_fields SET layoutname='lyt_data_1', layoutorder=4, hidden=false WHERE formname='v_ui_sector' AND formtype='form_feature' AND columnname='macrosector' AND tabname='tab_none';
UPDATE config_form_fields SET layoutname='lyt_data_1', layoutorder=5, hidden=false WHERE formname='v_ui_sector' AND formtype='form_feature' AND columnname='descript' AND tabname='tab_none';
UPDATE config_form_fields SET layoutname='lyt_data_1', layoutorder=6, hidden=false WHERE formname='v_ui_sector' AND formtype='form_feature' AND columnname='active' AND tabname='tab_none';
UPDATE config_form_fields SET layoutname='lyt_data_1', layoutorder=7, hidden=false WHERE formname='v_ui_sector' AND formtype='form_feature' AND columnname='lock_level' AND tabname='tab_none';
UPDATE config_form_fields SET layoutname='lyt_data_1', layoutorder=8, hidden=false WHERE formname='v_ui_sector' AND formtype='form_feature' AND columnname='graphconfig' AND tabname='tab_none';
UPDATE config_form_fields SET layoutname='lyt_data_1', layoutorder=9, hidden=false WHERE formname='v_ui_sector' AND formtype='form_feature' AND columnname='stylesheet' AND tabname='tab_none';
UPDATE config_form_fields SET layoutname='lyt_data_1', layoutorder=10, hidden=false WHERE formname='v_ui_sector' AND formtype='form_feature' AND columnname='parent_id' AND tabname='tab_none';
UPDATE config_form_fields SET layoutname='lyt_data_1', layoutorder=11, hidden=false WHERE formname='v_ui_sector' AND formtype='form_feature' AND columnname='link' AND tabname='tab_none';

UPDATE config_form_fields SET layoutname='lyt_data_1', layoutorder=1, hidden=false WHERE formname='v_ui_dwfzone' AND formtype='form_feature' AND columnname='dwfzone_id' AND tabname='tab_none';
UPDATE config_form_fields SET layoutname='lyt_data_1', layoutorder=2, hidden=false WHERE formname='v_ui_dwfzone' AND formtype='form_feature' AND columnname='name' AND tabname='tab_none';
UPDATE config_form_fields SET layoutname='lyt_data_1', layoutorder=3, hidden=false WHERE formname='v_ui_dwfzone' AND formtype='form_feature' AND columnname='dwfzone_type' AND tabname='tab_none';
UPDATE config_form_fields SET layoutname='lyt_data_1', layoutorder=4, hidden=false WHERE formname='v_ui_dwfzone' AND formtype='form_feature' AND columnname='descript' AND tabname='tab_none';
UPDATE config_form_fields SET layoutname='lyt_data_1', layoutorder=5, hidden=false WHERE formname='v_ui_dwfzone' AND formtype='form_feature' AND columnname='active' AND tabname='tab_none';
UPDATE config_form_fields SET layoutname='lyt_data_1', layoutorder=6, hidden=false WHERE formname='v_ui_dwfzone' AND formtype='form_feature' AND columnname='lock_level' AND tabname='tab_none';
UPDATE config_form_fields SET layoutname='lyt_data_1', layoutorder=7, hidden=false WHERE formname='v_ui_dwfzone' AND formtype='form_feature' AND columnname='graphconfig' AND tabname='tab_none';
UPDATE config_form_fields SET layoutname='lyt_data_1', layoutorder=8, hidden=false WHERE formname='v_ui_dwfzone' AND formtype='form_feature' AND columnname='stylesheet' AND tabname='tab_none';
UPDATE config_form_fields SET layoutname='lyt_data_1', layoutorder=9, hidden=false WHERE formname='v_ui_dwfzone' AND formtype='form_feature' AND columnname='link' AND tabname='tab_none';
UPDATE config_form_fields SET layoutname='lyt_data_1', layoutorder=10, hidden=false WHERE formname='v_ui_dwfzone' AND formtype='form_feature' AND columnname='expl_id' AND tabname='tab_none';


-- 04/02/2025
UPDATE config_toolbox SET alias='Mapzones analysis', functionparams='{"featureType":[]}'::json, inputparams='[{"widgetname":"graphClass", "label":"Graph class:", "widgettype":"combo","datatype":"text","tooltip": "Graphanalytics method used", "layoutname":"grl_option_parameters","layoutorder":1,"comboIds":["DRAINZONE","MACROSECTOR","SECTOR","DWFZONE"],
"comboNames":["Drainage area (DRAINZONE)","(MACROSECTOR)","(SECTOR)","(DWFZONE)"], "selectedId":""},{"widgetname":"exploitation", "label":"Exploitation:","widgettype":"combo","datatype":"text","tooltip": "Choose exploitation to work with", "layoutname":"grl_option_parameters","layoutorder":2, "dvQueryText":"SELECT id, idval FROM ( SELECT -901 AS id, ''User selected expl'' AS idval, ''a'' AS sort_order UNION SELECT -902 AS id, ''All exploitations'' AS idval, ''b'' AS sort_order UNION SELECT expl_id AS id, name AS idval, ''c'' AS sort_order FROM exploitation WHERE active IS NOT FALSE ) a ORDER BY sort_order ASC, idval ASC", "selectedId":""}, {"widgetname":"floodOnlyMapzone", "label":"Flood only one mapzone: (*)","widgettype":"linetext","datatype":"text", "isMandatory":false, "tooltip":"Flood only identified mapzones. The purpose of this is update only network elements affected by this flooding keeping rest of network as is. Recommended to gain performance when mapzones ecosystem is under work", "placeholder":"1001", "layoutname":"grl_option_parameters","layoutorder":3, "value":""}, {"widgetname":"forceOpen", "label":"Force open nodes: (*)","widgettype":"linetext","datatype":"text", "isMandatory":false, "tooltip":"Optative node id(s) to temporary open closed node(s) in order to force algorithm to continue there", "placeholder":"1015,2231,3123", "layoutname":"grl_option_parameters","layoutorder":5, "value":""}, {"widgetname":"forceClosed", "label":"Force closed nodes: (*)","widgettype":"text","datatype":"text", "isMandatory":false, "tooltip":"Optative node id(s) to temporary close open node(s) to force algorithm to stop there","placeholder":"1015,2231,3123", "layoutname":"grl_option_parameters","layoutorder":6,"value":""}, {"widgetname":"usePlanPsector", "label":"Use selected psectors:", "widgettype":"check","datatype":"boolean","tooltip":"If true, use selected psectors. If false ignore selected psectors and only works with on-service network" , "layoutname":"grl_option_parameters","layoutorder":7,"value":""}, {"widgetname":"commitChanges", "label":"Commit changes:", "widgettype":"check","datatype":"boolean","tooltip":"If true, changes will be applied to DB. If false, algorithm results will be saved in anl tables" , "layoutname":"grl_option_parameters","layoutorder":8,"value":""}, {"widgetname":"valueForDisconnected", "label":"Value for disconn. and conflict: (*)","widgettype":"linetext","datatype":"text", "isMandatory":false, "tooltip":"Value to use for disconnected features. Usefull for work in progress with dynamic mpzonesnode" , "placeholder":"", "layoutname":"grl_option_parameters","layoutorder":9, "value":""}, {"widgetname":"updateMapZone", "label":"Mapzone constructor method:","widgettype":"combo","datatype":"integer","layoutname":"grl_option_parameters","layoutorder":10,"comboIds":[0,1,2,6], "comboNames":["NONE", "CONCAVE POLYGON", "PIPE BUFFER", "EPA SUBCATCH"], "selectedId":""}, {"widgetname":"geomParamUpdate", "label":"Pipe buffer","widgettype":"text","datatype":"float","tooltip":"Buffer from arcs to create mapzone geometry using [PIPE BUFFER] options. Normal values maybe between 3-20 mts.", "layoutname":"grl_option_parameters","layoutorder":11, "isMandatory":false, "placeholder":"5-30", "value":""}]'::json, observ=NULL, active=true, device='{4}' WHERE id=2768;


UPDATE config_form_fields SET "datatype"='integer', widgettype='combo', dv_querytext='SELECT id, idval FROM edit_typevalue WHERE typevalue = ''value_lock_level''', dv_orderby_id=true, dv_isnullvalue=true, dv_querytext_filterc=NULL
WHERE (formname='v_edit_arc' OR formname ILIKE 've_arc_%' OR formname='v_edit_connec' OR formname ILIKE 've_connec_%' OR formname='v_edit_node' OR formname ILIKE 've_node_%' OR formname='v_edit_element' OR formname ILIKE 've_element_%' OR formname='v_edit_gully' OR formname ILIKE 've_gully_%')
AND formtype='form_feature' AND columnname='lock_level' AND tabname='tab_data';
-- 18/02/2025.
UPDATE config_form_fields SET widgetcontrols= '{"setMultiline": false, "valueRelation": {"layer": "v_edit_exploitation", "activated": true, "keyColumn": "expl_id", "nullValue": false, "valueColumn": "name", "filterExpression": null}}' where columnname ='expl_id' AND (formname LIKE '%_connec_%' OR formname LIKE '%_node_%' OR formname LIKE '%_arc_%');

-- 19/02/2025
UPDATE config_form_fields SET layoutname='lyt_general_6', layoutorder=0, "datatype"='text', widgettype='textarea', "label"='Descript:', tooltip='Descript', placeholder=NULL, ismandatory=false, isparent=false, iseditable=false, isautoupdate=false, isfilter=false, dv_querytext=NULL, dv_orderby_id=NULL, dv_isnullvalue=NULL, dv_parent_id=NULL, dv_querytext_filterc=NULL, stylesheet=NULL, widgetcontrols='{"setMultiline":false}'::json, widgetfunction=NULL, linkedobject=NULL, hidden=false, web_layoutorder=0 WHERE formname='generic' AND formtype='psector' AND columnname='descript' AND tabname='tab_general';
UPDATE config_form_fields SET layoutname='lyt_general_6', layoutorder=3, "datatype"='text', widgettype='textarea', "label"='Observation', tooltip='Observation', placeholder=NULL, ismandatory=false, isparent=false, iseditable=false, isautoupdate=false, isfilter=false, dv_querytext=NULL, dv_orderby_id=NULL, dv_isnullvalue=NULL, dv_parent_id=NULL, dv_querytext_filterc=NULL, stylesheet=NULL, widgetcontrols='{"setMultiline":false}'::json, widgetfunction=NULL, linkedobject=NULL, hidden=false, web_layoutorder=3 WHERE formname='generic' AND formtype='psector' AND columnname='observ' AND tabname='tab_general';
UPDATE config_form_fields SET layoutname='lyt_general_4', layoutorder=1, "datatype"='string', widgettype='combo', "label"='Exploitation:', tooltip='Exploitation', placeholder=NULL, ismandatory=false, isparent=false, iseditable=false, isautoupdate=false, isfilter=false, dv_querytext='SELECT expl_id as id, name as idval FROM exploitation WHERE expl_id != 0', dv_orderby_id=NULL, dv_isnullvalue=NULL, dv_parent_id=NULL, dv_querytext_filterc=NULL, stylesheet='{"label":"color:red; font-weight:bold"}'::json, widgetcontrols='{"setMultiline":false}'::json, widgetfunction=NULL, linkedobject=NULL, hidden=false, web_layoutorder=0 WHERE formname='generic' AND formtype='psector' AND columnname='expl_id' AND tabname='tab_general';


-- 27/02/2025
UPDATE config_form_fields SET widgettype='combo', dv_querytext='SELECT id, idval FROM edit_typevalue WHERE typevalue = ''man_wwtp_wwtptype''', dv_isnullvalue=True WHERE formname ILIKE 've_node%_wwtp' AND formtype='form_feature' AND columnname='wwtp_type' AND tabname='tab_data';

UPDATE config_form_fields SET widgettype='combo', dv_querytext='SELECT id, idval FROM edit_typevalue WHERE typevalue = ''man_wwtp_treatmenttype''', dv_isnullvalue=True WHERE formname ILIKE 've_node%_wwtp' AND formtype='form_feature' AND columnname='treatment_type' AND tabname='tab_data';

-- arc
UPDATE config_form_fields SET widgettype='datetime' WHERE (formname ILIKE 've_arc%' OR formname='v_edit_arc') AND formtype='form_feature' AND columnname='registre_date' AND tabname='tab_data';

-- 10/03/2025
UPDATE config_form_fields SET layoutname='lyt_data_1', widgettype='combo', dv_querytext='SELECT id, idval FROM edit_typevalue WHERE typevalue = ''discharge_medium_typevalue''', dv_isnullvalue=TRUE WHERE columnname='discharge_medium' AND formname ILIKE '%outfall%';

-- 26/03/2025
UPDATE config_form_fields SET layoutname='lyt_data_1', layoutorder=37, "datatype"='double', widgettype='text', "label"='Custom length', tooltip='Custom length', placeholder=NULL, ismandatory=false, isparent=false, iseditable=true, isautoupdate=false, isfilter=NULL, dv_querytext=NULL, dv_orderby_id=NULL, dv_isnullvalue=NULL, dv_parent_id=NULL, dv_querytext_filterc=NULL, stylesheet=NULL, widgetcontrols='{"setMultiline":false}'::json, widgetfunction=NULL, linkedobject=NULL, hidden=false, web_layoutorder=NULL WHERE formname='v_edit_link' AND formtype='form_feature' AND columnname='custom_length' AND tabname='tab_none';

-- 07/04/2025
UPDATE config_form_fields SET layoutname='lyt_general_5', layoutorder=2, "datatype"='text', widgettype='text', "label"='Parent id:', tooltip='Parent id', placeholder=NULL, ismandatory=false, isparent=false, iseditable=false, isautoupdate=false, isfilter=false, dv_querytext=NULL, dv_orderby_id=NULL, dv_isnullvalue=NULL, dv_parent_id=NULL, dv_querytext_filterc=NULL, stylesheet=NULL, widgetcontrols='{"setMultiline":false}'::json, widgetfunction=NULL, linkedobject=NULL, hidden=false, web_layoutorder=1 WHERE formname='generic' AND formtype='psector' AND columnname='parent_id' AND tabname='tab_general';
