/*
This file is part of Giswater
The program is free software: you can redistribute it and/or modify it under the terms of the GNU
General Public License as published by the Free Software Foundation, either version 3 of the License,
or (at your option) any later version.
*/


SET search_path = "SCHEMA_NAME", public, pg_catalog;


--
-- Name: ve_arc_conducto; Type: VIEW; Schema: ; Owner: -
--

CREATE VIEW ve_arc_conducto AS
 SELECT ve_arc.arc_id,
    ve_arc.code,
    ve_arc.node_1,
    ve_arc.nodetype_1,
    ve_arc.y1,
    ve_arc.custom_y1,
    ve_arc.elev1,
    ve_arc.custom_elev1,
    ve_arc.sys_elev1,
    ve_arc.sys_y1,
    ve_arc.r1,
    ve_arc.z1,
    ve_arc.node_2,
    ve_arc.nodetype_2,
    ve_arc.y2,
    ve_arc.custom_y2,
    ve_arc.elev2,
    ve_arc.custom_elev2,
    ve_arc.sys_elev2,
    ve_arc.sys_y2,
    ve_arc.r2,
    ve_arc.z2,
    ve_arc.slope,
    ve_arc.arc_type,
    ve_arc.sys_type,
    ve_arc.arccat_id,
    ve_arc.matcat_id,
    ve_arc.cat_shape,
    ve_arc.cat_geom1,
    ve_arc.cat_geom2,
    ve_arc.width,
    ve_arc.epa_type,
    ve_arc.expl_id,
    ve_arc.macroexpl_id,
    ve_arc.sector_id,
    ve_arc.macrosector_id,
    ve_arc.state,
    ve_arc.state_type,
    ve_arc.annotation,
    ve_arc.gis_length,
    ve_arc.custom_length,
    ve_arc.inverted_slope,
    ve_arc.observ,
    ve_arc.comment,
    ve_arc.dma_id,
    ve_arc.macrodma_id,
    ve_arc.soilcat_id,
    ve_arc.function_type,
    ve_arc.category_type,
    ve_arc.fluid_type,
    ve_arc.location_type,
    ve_arc.workcat_id,
    ve_arc.workcat_id_end,
    ve_arc.builtdate,
    ve_arc.enddate,
    ve_arc.buildercat_id,
    ve_arc.ownercat_id,
    ve_arc.muni_id,
    ve_arc.postcode,
    ve_arc.district_id,
    ve_arc.streetname,
    ve_arc.postnumber,
    ve_arc.postcomplement,
    ve_arc.streetname2,
    ve_arc.postnumber2,
    ve_arc.postcomplement2,
    ve_arc.descript,
    ve_arc.link,
    ve_arc.verified,
    ve_arc.undelete,
    ve_arc.label,
    ve_arc.label_x,
    ve_arc.label_y,
    ve_arc.label_rotation,
    ve_arc.publish,
    ve_arc.inventory,
    ve_arc.uncertain,
    ve_arc.num_value,
    ve_arc.tstamp,
    ve_arc.insert_user,
    ve_arc.lastupdate,
    ve_arc.lastupdate_user,
    ve_arc.the_geom,
    ve_arc.workcat_id_plan,
    ve_arc.asset_id,
    ve_arc.pavcat_id,
    ve_arc.drainzone_id,
    ve_arc.cat_area,
    ve_arc.parent_id,
    ve_arc.expl_id2,
    ve_arc.is_operative,
    ve_arc.region_id,
    ve_arc.province_id,
    ve_arc.adate,
    ve_arc.adescript,
    ve_arc.visitability,
    man_conduit.inlet_offset,
    man_conduit.bottom_mat
   FROM (ve_arc
     JOIN man_conduit ON (((man_conduit.arc_id)::text = (ve_arc.arc_id)::text)))
  WHERE ((ve_arc.arc_type)::text = 'CONDUCTO'::text);


--
-- Name: ve_arc_ficticio; Type: VIEW; Schema: ; Owner: -
--

CREATE VIEW ve_arc_ficticio AS
 SELECT ve_arc.arc_id,
    ve_arc.code,
    ve_arc.node_1,
    ve_arc.nodetype_1,
    ve_arc.y1,
    ve_arc.custom_y1,
    ve_arc.elev1,
    ve_arc.custom_elev1,
    ve_arc.sys_elev1,
    ve_arc.sys_y1,
    ve_arc.r1,
    ve_arc.z1,
    ve_arc.node_2,
    ve_arc.nodetype_2,
    ve_arc.y2,
    ve_arc.custom_y2,
    ve_arc.elev2,
    ve_arc.custom_elev2,
    ve_arc.sys_elev2,
    ve_arc.sys_y2,
    ve_arc.r2,
    ve_arc.z2,
    ve_arc.slope,
    ve_arc.arc_type,
    ve_arc.sys_type,
    ve_arc.arccat_id,
    ve_arc.matcat_id,
    ve_arc.cat_shape,
    ve_arc.cat_geom1,
    ve_arc.cat_geom2,
    ve_arc.width,
    ve_arc.epa_type,
    ve_arc.expl_id,
    ve_arc.macroexpl_id,
    ve_arc.sector_id,
    ve_arc.macrosector_id,
    ve_arc.state,
    ve_arc.state_type,
    ve_arc.annotation,
    ve_arc.gis_length,
    ve_arc.custom_length,
    ve_arc.inverted_slope,
    ve_arc.observ,
    ve_arc.comment,
    ve_arc.dma_id,
    ve_arc.macrodma_id,
    ve_arc.soilcat_id,
    ve_arc.function_type,
    ve_arc.category_type,
    ve_arc.fluid_type,
    ve_arc.location_type,
    ve_arc.workcat_id,
    ve_arc.workcat_id_end,
    ve_arc.builtdate,
    ve_arc.enddate,
    ve_arc.buildercat_id,
    ve_arc.ownercat_id,
    ve_arc.muni_id,
    ve_arc.postcode,
    ve_arc.district_id,
    ve_arc.streetname,
    ve_arc.postnumber,
    ve_arc.postcomplement,
    ve_arc.streetname2,
    ve_arc.postnumber2,
    ve_arc.postcomplement2,
    ve_arc.descript,
    ve_arc.link,
    ve_arc.verified,
    ve_arc.undelete,
    ve_arc.label,
    ve_arc.label_x,
    ve_arc.label_y,
    ve_arc.label_rotation,
    ve_arc.publish,
    ve_arc.inventory,
    ve_arc.uncertain,
    ve_arc.num_value,
    ve_arc.tstamp,
    ve_arc.insert_user,
    ve_arc.lastupdate,
    ve_arc.lastupdate_user,
    ve_arc.the_geom,
    ve_arc.workcat_id_plan,
    ve_arc.asset_id,
    ve_arc.pavcat_id,
    ve_arc.drainzone_id,
    ve_arc.cat_area,
    ve_arc.parent_id,
    ve_arc.expl_id2,
    ve_arc.is_operative,
    ve_arc.region_id,
    ve_arc.province_id,
    ve_arc.adate,
    ve_arc.adescript,
    ve_arc.visitability
   FROM (ve_arc
     JOIN man_varc ON (((man_varc.arc_id)::text = (ve_arc.arc_id)::text)))
  WHERE ((ve_arc.arc_type)::text = 'FICTICIO'::text);


--
-- Name: ve_arc_impulsion; Type: VIEW; Schema: ; Owner: -
--

CREATE VIEW ve_arc_impulsion AS
 SELECT ve_arc.arc_id,
    ve_arc.code,
    ve_arc.node_1,
    ve_arc.nodetype_1,
    ve_arc.y1,
    ve_arc.custom_y1,
    ve_arc.elev1,
    ve_arc.custom_elev1,
    ve_arc.sys_elev1,
    ve_arc.sys_y1,
    ve_arc.r1,
    ve_arc.z1,
    ve_arc.node_2,
    ve_arc.nodetype_2,
    ve_arc.y2,
    ve_arc.custom_y2,
    ve_arc.elev2,
    ve_arc.custom_elev2,
    ve_arc.sys_elev2,
    ve_arc.sys_y2,
    ve_arc.r2,
    ve_arc.z2,
    ve_arc.slope,
    ve_arc.arc_type,
    ve_arc.sys_type,
    ve_arc.arccat_id,
    ve_arc.matcat_id,
    ve_arc.cat_shape,
    ve_arc.cat_geom1,
    ve_arc.cat_geom2,
    ve_arc.width,
    ve_arc.epa_type,
    ve_arc.expl_id,
    ve_arc.macroexpl_id,
    ve_arc.sector_id,
    ve_arc.macrosector_id,
    ve_arc.state,
    ve_arc.state_type,
    ve_arc.annotation,
    ve_arc.gis_length,
    ve_arc.custom_length,
    ve_arc.inverted_slope,
    ve_arc.observ,
    ve_arc.comment,
    ve_arc.dma_id,
    ve_arc.macrodma_id,
    ve_arc.soilcat_id,
    ve_arc.function_type,
    ve_arc.category_type,
    ve_arc.fluid_type,
    ve_arc.location_type,
    ve_arc.workcat_id,
    ve_arc.workcat_id_end,
    ve_arc.builtdate,
    ve_arc.enddate,
    ve_arc.buildercat_id,
    ve_arc.ownercat_id,
    ve_arc.muni_id,
    ve_arc.postcode,
    ve_arc.district_id,
    ve_arc.streetname,
    ve_arc.postnumber,
    ve_arc.postcomplement,
    ve_arc.streetname2,
    ve_arc.postnumber2,
    ve_arc.postcomplement2,
    ve_arc.descript,
    ve_arc.link,
    ve_arc.verified,
    ve_arc.undelete,
    ve_arc.label,
    ve_arc.label_x,
    ve_arc.label_y,
    ve_arc.label_rotation,
    ve_arc.publish,
    ve_arc.inventory,
    ve_arc.uncertain,
    ve_arc.num_value,
    ve_arc.tstamp,
    ve_arc.insert_user,
    ve_arc.lastupdate,
    ve_arc.lastupdate_user,
    ve_arc.the_geom,
    ve_arc.workcat_id_plan,
    ve_arc.asset_id,
    ve_arc.pavcat_id,
    ve_arc.drainzone_id,
    ve_arc.cat_area,
    ve_arc.parent_id,
    ve_arc.expl_id2,
    ve_arc.is_operative,
    ve_arc.region_id,
    ve_arc.province_id,
    ve_arc.adate,
    ve_arc.adescript,
    ve_arc.visitability,
    man_conduit.inlet_offset,
    man_conduit.bottom_mat
   FROM (ve_arc
     JOIN man_conduit ON (((man_conduit.arc_id)::text = (ve_arc.arc_id)::text)))
  WHERE ((ve_arc.arc_type)::text = 'IMPULSION'::text);


--
-- Name: ve_arc_rapido; Type: VIEW; Schema: ; Owner: -
--

CREATE VIEW ve_arc_rapido AS
 SELECT ve_arc.arc_id,
    ve_arc.code,
    ve_arc.node_1,
    ve_arc.nodetype_1,
    ve_arc.y1,
    ve_arc.custom_y1,
    ve_arc.elev1,
    ve_arc.custom_elev1,
    ve_arc.sys_elev1,
    ve_arc.sys_y1,
    ve_arc.r1,
    ve_arc.z1,
    ve_arc.node_2,
    ve_arc.nodetype_2,
    ve_arc.y2,
    ve_arc.custom_y2,
    ve_arc.elev2,
    ve_arc.custom_elev2,
    ve_arc.sys_elev2,
    ve_arc.sys_y2,
    ve_arc.r2,
    ve_arc.z2,
    ve_arc.slope,
    ve_arc.arc_type,
    ve_arc.sys_type,
    ve_arc.arccat_id,
    ve_arc.matcat_id,
    ve_arc.cat_shape,
    ve_arc.cat_geom1,
    ve_arc.cat_geom2,
    ve_arc.width,
    ve_arc.epa_type,
    ve_arc.expl_id,
    ve_arc.macroexpl_id,
    ve_arc.sector_id,
    ve_arc.macrosector_id,
    ve_arc.state,
    ve_arc.state_type,
    ve_arc.annotation,
    ve_arc.gis_length,
    ve_arc.custom_length,
    ve_arc.inverted_slope,
    ve_arc.observ,
    ve_arc.comment,
    ve_arc.dma_id,
    ve_arc.macrodma_id,
    ve_arc.soilcat_id,
    ve_arc.function_type,
    ve_arc.category_type,
    ve_arc.fluid_type,
    ve_arc.location_type,
    ve_arc.workcat_id,
    ve_arc.workcat_id_end,
    ve_arc.builtdate,
    ve_arc.enddate,
    ve_arc.buildercat_id,
    ve_arc.ownercat_id,
    ve_arc.muni_id,
    ve_arc.postcode,
    ve_arc.district_id,
    ve_arc.streetname,
    ve_arc.postnumber,
    ve_arc.postcomplement,
    ve_arc.streetname2,
    ve_arc.postnumber2,
    ve_arc.postcomplement2,
    ve_arc.descript,
    ve_arc.link,
    ve_arc.verified,
    ve_arc.undelete,
    ve_arc.label,
    ve_arc.label_x,
    ve_arc.label_y,
    ve_arc.label_rotation,
    ve_arc.publish,
    ve_arc.inventory,
    ve_arc.uncertain,
    ve_arc.num_value,
    ve_arc.tstamp,
    ve_arc.insert_user,
    ve_arc.lastupdate,
    ve_arc.lastupdate_user,
    ve_arc.the_geom,
    ve_arc.workcat_id_plan,
    ve_arc.asset_id,
    ve_arc.pavcat_id,
    ve_arc.drainzone_id,
    ve_arc.cat_area,
    ve_arc.parent_id,
    ve_arc.expl_id2,
    ve_arc.is_operative,
    ve_arc.region_id,
    ve_arc.province_id,
    ve_arc.adate,
    ve_arc.adescript,
    ve_arc.visitability,
    man_waccel.sander_length,
    man_waccel.sander_depth,
    man_waccel.prot_surface,
    man_waccel.accessibility,
    man_waccel.name
   FROM (ve_arc
     JOIN man_waccel ON (((man_waccel.arc_id)::text = (ve_arc.arc_id)::text)))
  WHERE ((ve_arc.arc_type)::text = 'RAPIDO'::text);


--
-- Name: ve_arc_sifon; Type: VIEW; Schema: ; Owner: -
--

CREATE VIEW ve_arc_sifon AS
 SELECT ve_arc.arc_id,
    ve_arc.code,
    ve_arc.node_1,
    ve_arc.nodetype_1,
    ve_arc.y1,
    ve_arc.custom_y1,
    ve_arc.elev1,
    ve_arc.custom_elev1,
    ve_arc.sys_elev1,
    ve_arc.sys_y1,
    ve_arc.r1,
    ve_arc.z1,
    ve_arc.node_2,
    ve_arc.nodetype_2,
    ve_arc.y2,
    ve_arc.custom_y2,
    ve_arc.elev2,
    ve_arc.custom_elev2,
    ve_arc.sys_elev2,
    ve_arc.sys_y2,
    ve_arc.r2,
    ve_arc.z2,
    ve_arc.slope,
    ve_arc.arc_type,
    ve_arc.sys_type,
    ve_arc.arccat_id,
    ve_arc.matcat_id,
    ve_arc.cat_shape,
    ve_arc.cat_geom1,
    ve_arc.cat_geom2,
    ve_arc.width,
    ve_arc.epa_type,
    ve_arc.expl_id,
    ve_arc.macroexpl_id,
    ve_arc.sector_id,
    ve_arc.macrosector_id,
    ve_arc.state,
    ve_arc.state_type,
    ve_arc.annotation,
    ve_arc.gis_length,
    ve_arc.custom_length,
    ve_arc.inverted_slope,
    ve_arc.observ,
    ve_arc.comment,
    ve_arc.dma_id,
    ve_arc.macrodma_id,
    ve_arc.soilcat_id,
    ve_arc.function_type,
    ve_arc.category_type,
    ve_arc.fluid_type,
    ve_arc.location_type,
    ve_arc.workcat_id,
    ve_arc.workcat_id_end,
    ve_arc.builtdate,
    ve_arc.enddate,
    ve_arc.buildercat_id,
    ve_arc.ownercat_id,
    ve_arc.muni_id,
    ve_arc.postcode,
    ve_arc.district_id,
    ve_arc.streetname,
    ve_arc.postnumber,
    ve_arc.postcomplement,
    ve_arc.streetname2,
    ve_arc.postnumber2,
    ve_arc.postcomplement2,
    ve_arc.descript,
    ve_arc.link,
    ve_arc.verified,
    ve_arc.undelete,
    ve_arc.label,
    ve_arc.label_x,
    ve_arc.label_y,
    ve_arc.label_rotation,
    ve_arc.publish,
    ve_arc.inventory,
    ve_arc.uncertain,
    ve_arc.num_value,
    ve_arc.tstamp,
    ve_arc.insert_user,
    ve_arc.lastupdate,
    ve_arc.lastupdate_user,
    ve_arc.the_geom,
    ve_arc.workcat_id_plan,
    ve_arc.asset_id,
    ve_arc.pavcat_id,
    ve_arc.drainzone_id,
    ve_arc.cat_area,
    ve_arc.parent_id,
    ve_arc.expl_id2,
    ve_arc.is_operative,
    ve_arc.region_id,
    ve_arc.province_id,
    ve_arc.adate,
    ve_arc.adescript,
    ve_arc.visitability,
    man_siphon.name
   FROM (ve_arc
     JOIN man_siphon ON (((man_siphon.arc_id)::text = (ve_arc.arc_id)::text)))
  WHERE ((ve_arc.arc_type)::text = 'SIFON'::text);


--
-- Name: ve_connec_acometida; Type: VIEW; Schema: ; Owner: -
--

CREATE VIEW ve_connec_acometida AS
 SELECT ve_connec.connec_id,
    ve_connec.code,
    ve_connec.customer_code,
    ve_connec.top_elev,
    ve_connec.y1,
    ve_connec.y2,
    ve_connec.connecat_id,
    ve_connec.connec_type,
    ve_connec.sys_type,
    ve_connec.private_connecat_id,
    ve_connec.matcat_id,
    ve_connec.expl_id,
    ve_connec.macroexpl_id,
    ve_connec.sector_id,
    ve_connec.macrosector_id,
    ve_connec.demand,
    ve_connec.state,
    ve_connec.state_type,
    ve_connec.connec_depth,
    ve_connec.connec_length,
    ve_connec.arc_id,
    ve_connec.annotation,
    ve_connec.observ,
    ve_connec.comment,
    ve_connec.dma_id,
    ve_connec.macrodma_id,
    ve_connec.soilcat_id,
    ve_connec.function_type,
    ve_connec.category_type,
    ve_connec.fluid_type,
    ve_connec.location_type,
    ve_connec.workcat_id,
    ve_connec.workcat_id_end,
    ve_connec.buildercat_id,
    ve_connec.builtdate,
    ve_connec.enddate,
    ve_connec.ownercat_id,
    ve_connec.muni_id,
    ve_connec.postcode,
    ve_connec.district_id,
    ve_connec.streetname,
    ve_connec.postnumber,
    ve_connec.postcomplement,
    ve_connec.streetname2,
    ve_connec.postnumber2,
    ve_connec.postcomplement2,
    ve_connec.descript,
    ve_connec.svg,
    ve_connec.rotation,
    ve_connec.link,
    ve_connec.verified,
    ve_connec.undelete,
    ve_connec.label,
    ve_connec.label_x,
    ve_connec.label_y,
    ve_connec.label_rotation,
    ve_connec.accessibility,
    ve_connec.diagonal,
    ve_connec.publish,
    ve_connec.inventory,
    ve_connec.uncertain,
    ve_connec.num_value,
    ve_connec.pjoint_id,
    ve_connec.pjoint_type,
    ve_connec.tstamp,
    ve_connec.insert_user,
    ve_connec.lastupdate,
    ve_connec.lastupdate_user,
    ve_connec.the_geom,
    ve_connec.workcat_id_plan,
    ve_connec.asset_id,
    ve_connec.drainzone_id,
    ve_connec.expl_id2,
    ve_connec.is_operative,
    ve_connec.region_id,
    ve_connec.province_id,
    ve_connec.adate,
    ve_connec.adescript,
    ve_connec.plot_code
   FROM ve_connec
  WHERE ((ve_connec.connec_type)::text = 'ACOMETIDA'::text);


--
-- Name: ve_connec_acometida_ficticia; Type: VIEW; Schema: ; Owner: -
--

CREATE VIEW ve_connec_acometida_ficticia AS
 SELECT ve_connec.connec_id,
    ve_connec.code,
    ve_connec.customer_code,
    ve_connec.top_elev,
    ve_connec.y1,
    ve_connec.y2,
    ve_connec.connecat_id,
    ve_connec.connec_type,
    ve_connec.sys_type,
    ve_connec.private_connecat_id,
    ve_connec.matcat_id,
    ve_connec.expl_id,
    ve_connec.macroexpl_id,
    ve_connec.sector_id,
    ve_connec.macrosector_id,
    ve_connec.demand,
    ve_connec.state,
    ve_connec.state_type,
    ve_connec.connec_depth,
    ve_connec.connec_length,
    ve_connec.arc_id,
    ve_connec.annotation,
    ve_connec.observ,
    ve_connec.comment,
    ve_connec.dma_id,
    ve_connec.macrodma_id,
    ve_connec.soilcat_id,
    ve_connec.function_type,
    ve_connec.category_type,
    ve_connec.fluid_type,
    ve_connec.location_type,
    ve_connec.workcat_id,
    ve_connec.workcat_id_end,
    ve_connec.buildercat_id,
    ve_connec.builtdate,
    ve_connec.enddate,
    ve_connec.ownercat_id,
    ve_connec.muni_id,
    ve_connec.postcode,
    ve_connec.district_id,
    ve_connec.streetname,
    ve_connec.postnumber,
    ve_connec.postcomplement,
    ve_connec.streetname2,
    ve_connec.postnumber2,
    ve_connec.postcomplement2,
    ve_connec.descript,
    ve_connec.svg,
    ve_connec.rotation,
    ve_connec.link,
    ve_connec.verified,
    ve_connec.undelete,
    ve_connec.label,
    ve_connec.label_x,
    ve_connec.label_y,
    ve_connec.label_rotation,
    ve_connec.accessibility,
    ve_connec.diagonal,
    ve_connec.publish,
    ve_connec.inventory,
    ve_connec.uncertain,
    ve_connec.num_value,
    ve_connec.pjoint_id,
    ve_connec.pjoint_type,
    ve_connec.tstamp,
    ve_connec.insert_user,
    ve_connec.lastupdate,
    ve_connec.lastupdate_user,
    ve_connec.the_geom,
    ve_connec.workcat_id_plan,
    ve_connec.asset_id,
    ve_connec.drainzone_id,
    ve_connec.expl_id2,
    ve_connec.is_operative,
    ve_connec.region_id,
    ve_connec.province_id,
    ve_connec.adate,
    ve_connec.adescript,
    ve_connec.plot_code
   FROM ve_connec
  WHERE ((ve_connec.connec_type)::text = 'ACOMETIDA_FICTICIA'::text);



--
-- Name: ve_node_arqueta_arenal; Type: VIEW; Schema: ; Owner: -
--

CREATE VIEW ve_node_arqueta_arenal AS
 SELECT ve_node.node_id,
    ve_node.code,
    ve_node.top_elev,
    ve_node.custom_top_elev,
    ve_node.sys_top_elev,
    ve_node.ymax,
    ve_node.custom_ymax,
    ve_node.sys_ymax,
    ve_node.elev,
    ve_node.custom_elev,
    ve_node.sys_elev,
    ve_node.node_type,
    ve_node.sys_type,
    ve_node.nodecat_id,
    ve_node.matcat_id,
    ve_node.epa_type,
    ve_node.expl_id,
    ve_node.macroexpl_id,
    ve_node.sector_id,
    ve_node.macrosector_id,
    ve_node.state,
    ve_node.state_type,
    ve_node.annotation,
    ve_node.observ,
    ve_node.comment,
    ve_node.dma_id,
    ve_node.macrodma_id,
    ve_node.soilcat_id,
    ve_node.function_type,
    ve_node.category_type,
    ve_node.fluid_type,
    ve_node.location_type,
    ve_node.workcat_id,
    ve_node.workcat_id_end,
    ve_node.buildercat_id,
    ve_node.builtdate,
    ve_node.enddate,
    ve_node.ownercat_id,
    ve_node.muni_id,
    ve_node.postcode,
    ve_node.district_id,
    ve_node.streetname,
    ve_node.postnumber,
    ve_node.postcomplement,
    ve_node.streetname2,
    ve_node.postnumber2,
    ve_node.postcomplement2,
    ve_node.descript,
    ve_node.svg,
    ve_node.rotation,
    ve_node.link,
    ve_node.verified,
    ve_node.the_geom,
    ve_node.undelete,
    ve_node.label,
    ve_node.label_x,
    ve_node.label_y,
    ve_node.label_rotation,
    ve_node.publish,
    ve_node.inventory,
    ve_node.uncertain,
    ve_node.xyz_date,
    ve_node.unconnected,
    ve_node.num_value,
    ve_node.tstamp,
    ve_node.insert_user,
    ve_node.lastupdate,
    ve_node.lastupdate_user,
    ve_node.workcat_id_plan,
    ve_node.asset_id,
    ve_node.drainzone_id,
    ve_node.parent_id,
    ve_node.arc_id,
    ve_node.expl_id2,
    ve_node.is_operative,
    ve_node.region_id,
    ve_node.province_id,
    ve_node.adate,
    ve_node.adescript,
    man_manhole.length,
    man_manhole.width,
    man_manhole.sander_depth,
    man_manhole.prot_surface,
    man_manhole.inlet,
    man_manhole.bottom_channel,
    man_manhole.accessibility,
    man_manhole.step_pp,
    man_manhole.step_fe,
    man_manhole.step_replace,
    man_manhole.cover,
    man_manhole.bottom_mat
   FROM (ve_node
     JOIN man_manhole ON (((man_manhole.node_id)::text = (ve_node.node_id)::text)))
  WHERE ((ve_node.node_type)::text = 'ARQUETA_ARENAL'::text);


--
-- Name: ve_node_cambio_seccion; Type: VIEW; Schema: ; Owner: -
--

CREATE VIEW ve_node_cambio_seccion AS
 SELECT ve_node.node_id,
    ve_node.code,
    ve_node.top_elev,
    ve_node.custom_top_elev,
    ve_node.sys_top_elev,
    ve_node.ymax,
    ve_node.custom_ymax,
    ve_node.sys_ymax,
    ve_node.elev,
    ve_node.custom_elev,
    ve_node.sys_elev,
    ve_node.node_type,
    ve_node.sys_type,
    ve_node.nodecat_id,
    ve_node.matcat_id,
    ve_node.epa_type,
    ve_node.expl_id,
    ve_node.macroexpl_id,
    ve_node.sector_id,
    ve_node.macrosector_id,
    ve_node.state,
    ve_node.state_type,
    ve_node.annotation,
    ve_node.observ,
    ve_node.comment,
    ve_node.dma_id,
    ve_node.macrodma_id,
    ve_node.soilcat_id,
    ve_node.function_type,
    ve_node.category_type,
    ve_node.fluid_type,
    ve_node.location_type,
    ve_node.workcat_id,
    ve_node.workcat_id_end,
    ve_node.buildercat_id,
    ve_node.builtdate,
    ve_node.enddate,
    ve_node.ownercat_id,
    ve_node.muni_id,
    ve_node.postcode,
    ve_node.district_id,
    ve_node.streetname,
    ve_node.postnumber,
    ve_node.postcomplement,
    ve_node.streetname2,
    ve_node.postnumber2,
    ve_node.postcomplement2,
    ve_node.descript,
    ve_node.svg,
    ve_node.rotation,
    ve_node.link,
    ve_node.verified,
    ve_node.the_geom,
    ve_node.undelete,
    ve_node.label,
    ve_node.label_x,
    ve_node.label_y,
    ve_node.label_rotation,
    ve_node.publish,
    ve_node.inventory,
    ve_node.uncertain,
    ve_node.xyz_date,
    ve_node.unconnected,
    ve_node.num_value,
    ve_node.tstamp,
    ve_node.insert_user,
    ve_node.lastupdate,
    ve_node.lastupdate_user,
    ve_node.workcat_id_plan,
    ve_node.asset_id,
    ve_node.drainzone_id,
    ve_node.parent_id,
    ve_node.arc_id,
    ve_node.expl_id2,
    ve_node.is_operative,
    ve_node.region_id,
    ve_node.province_id,
    ve_node.adate,
    ve_node.adescript
   FROM (ve_node
     JOIN man_junction ON (((man_junction.node_id)::text = (ve_node.node_id)::text)))
  WHERE ((ve_node.node_type)::text = 'CAMBIO_SECCION'::text);


--
-- Name: ve_node_camera; Type: VIEW; Schema: ; Owner: -
--

CREATE VIEW ve_node_camera AS
 SELECT ve_node.node_id,
    ve_node.code,
    ve_node.top_elev,
    ve_node.custom_top_elev,
    ve_node.sys_top_elev,
    ve_node.ymax,
    ve_node.custom_ymax,
    ve_node.sys_ymax,
    ve_node.elev,
    ve_node.custom_elev,
    ve_node.sys_elev,
    ve_node.node_type,
    ve_node.sys_type,
    ve_node.nodecat_id,
    ve_node.matcat_id,
    ve_node.epa_type,
    ve_node.expl_id,
    ve_node.macroexpl_id,
    ve_node.sector_id,
    ve_node.macrosector_id,
    ve_node.state,
    ve_node.state_type,
    ve_node.annotation,
    ve_node.observ,
    ve_node.comment,
    ve_node.dma_id,
    ve_node.macrodma_id,
    ve_node.soilcat_id,
    ve_node.function_type,
    ve_node.category_type,
    ve_node.fluid_type,
    ve_node.location_type,
    ve_node.workcat_id,
    ve_node.workcat_id_end,
    ve_node.buildercat_id,
    ve_node.builtdate,
    ve_node.enddate,
    ve_node.ownercat_id,
    ve_node.muni_id,
    ve_node.postcode,
    ve_node.district_id,
    ve_node.streetname,
    ve_node.postnumber,
    ve_node.postcomplement,
    ve_node.streetname2,
    ve_node.postnumber2,
    ve_node.postcomplement2,
    ve_node.descript,
    ve_node.svg,
    ve_node.rotation,
    ve_node.link,
    ve_node.verified,
    ve_node.the_geom,
    ve_node.undelete,
    ve_node.label,
    ve_node.label_x,
    ve_node.label_y,
    ve_node.label_rotation,
    ve_node.publish,
    ve_node.inventory,
    ve_node.uncertain,
    ve_node.xyz_date,
    ve_node.unconnected,
    ve_node.num_value,
    ve_node.tstamp,
    ve_node.insert_user,
    ve_node.lastupdate,
    ve_node.lastupdate_user,
    ve_node.workcat_id_plan,
    ve_node.asset_id,
    ve_node.drainzone_id,
    ve_node.parent_id,
    ve_node.arc_id,
    ve_node.expl_id2,
    ve_node.is_operative,
    ve_node.region_id,
    ve_node.province_id,
    ve_node.adate,
    ve_node.adescript,
    man_chamber.length,
    man_chamber.width,
    man_chamber.sander_depth,
    man_chamber.max_volume,
    man_chamber.util_volume,
    man_chamber.inlet,
    man_chamber.bottom_channel,
    man_chamber.accessibility,
    man_chamber.name,
    man_chamber.bottom_mat,
    man_chamber.slope
   FROM (ve_node
     JOIN man_chamber ON (((man_chamber.node_id)::text = (ve_node.node_id)::text)))
  WHERE ((ve_node.node_type)::text = 'CAMERA'::text);


--
-- Name: ve_node_deposito; Type: VIEW; Schema: ; Owner: -
--

CREATE VIEW ve_node_deposito AS
 SELECT ve_node.node_id,
    ve_node.code,
    ve_node.top_elev,
    ve_node.custom_top_elev,
    ve_node.sys_top_elev,
    ve_node.ymax,
    ve_node.custom_ymax,
    ve_node.sys_ymax,
    ve_node.elev,
    ve_node.custom_elev,
    ve_node.sys_elev,
    ve_node.node_type,
    ve_node.sys_type,
    ve_node.nodecat_id,
    ve_node.matcat_id,
    ve_node.epa_type,
    ve_node.expl_id,
    ve_node.macroexpl_id,
    ve_node.sector_id,
    ve_node.macrosector_id,
    ve_node.state,
    ve_node.state_type,
    ve_node.annotation,
    ve_node.observ,
    ve_node.comment,
    ve_node.dma_id,
    ve_node.macrodma_id,
    ve_node.soilcat_id,
    ve_node.function_type,
    ve_node.category_type,
    ve_node.fluid_type,
    ve_node.location_type,
    ve_node.workcat_id,
    ve_node.workcat_id_end,
    ve_node.buildercat_id,
    ve_node.builtdate,
    ve_node.enddate,
    ve_node.ownercat_id,
    ve_node.muni_id,
    ve_node.postcode,
    ve_node.district_id,
    ve_node.streetname,
    ve_node.postnumber,
    ve_node.postcomplement,
    ve_node.streetname2,
    ve_node.postnumber2,
    ve_node.postcomplement2,
    ve_node.descript,
    ve_node.svg,
    ve_node.rotation,
    ve_node.link,
    ve_node.verified,
    ve_node.the_geom,
    ve_node.undelete,
    ve_node.label,
    ve_node.label_x,
    ve_node.label_y,
    ve_node.label_rotation,
    ve_node.publish,
    ve_node.inventory,
    ve_node.uncertain,
    ve_node.xyz_date,
    ve_node.unconnected,
    ve_node.num_value,
    ve_node.tstamp,
    ve_node.insert_user,
    ve_node.lastupdate,
    ve_node.lastupdate_user,
    ve_node.workcat_id_plan,
    ve_node.asset_id,
    ve_node.drainzone_id,
    ve_node.parent_id,
    ve_node.arc_id,
    ve_node.expl_id2,
    ve_node.is_operative,
    ve_node.region_id,
    ve_node.province_id,
    ve_node.adate,
    ve_node.adescript,
    man_storage.length,
    man_storage.width,
    man_storage.custom_area,
    man_storage.max_volume,
    man_storage.util_volume,
    man_storage.min_height,
    man_storage.accessibility,
    man_storage.name
   FROM (ve_node
     JOIN man_storage ON (((man_storage.node_id)::text = (ve_node.node_id)::text)))
  WHERE ((ve_node.node_type)::text = 'DEPOSITO'::text);


--
-- Name: ve_node_deposito_desbordamiento; Type: VIEW; Schema: ; Owner: -
--

CREATE VIEW ve_node_deposito_desbordamiento AS
 SELECT ve_node.node_id,
    ve_node.code,
    ve_node.top_elev,
    ve_node.custom_top_elev,
    ve_node.sys_top_elev,
    ve_node.ymax,
    ve_node.custom_ymax,
    ve_node.sys_ymax,
    ve_node.elev,
    ve_node.custom_elev,
    ve_node.sys_elev,
    ve_node.node_type,
    ve_node.sys_type,
    ve_node.nodecat_id,
    ve_node.matcat_id,
    ve_node.epa_type,
    ve_node.expl_id,
    ve_node.macroexpl_id,
    ve_node.sector_id,
    ve_node.macrosector_id,
    ve_node.state,
    ve_node.state_type,
    ve_node.annotation,
    ve_node.observ,
    ve_node.comment,
    ve_node.dma_id,
    ve_node.macrodma_id,
    ve_node.soilcat_id,
    ve_node.function_type,
    ve_node.category_type,
    ve_node.fluid_type,
    ve_node.location_type,
    ve_node.workcat_id,
    ve_node.workcat_id_end,
    ve_node.buildercat_id,
    ve_node.builtdate,
    ve_node.enddate,
    ve_node.ownercat_id,
    ve_node.muni_id,
    ve_node.postcode,
    ve_node.district_id,
    ve_node.streetname,
    ve_node.postnumber,
    ve_node.postcomplement,
    ve_node.streetname2,
    ve_node.postnumber2,
    ve_node.postcomplement2,
    ve_node.descript,
    ve_node.svg,
    ve_node.rotation,
    ve_node.link,
    ve_node.verified,
    ve_node.the_geom,
    ve_node.undelete,
    ve_node.label,
    ve_node.label_x,
    ve_node.label_y,
    ve_node.label_rotation,
    ve_node.publish,
    ve_node.inventory,
    ve_node.uncertain,
    ve_node.xyz_date,
    ve_node.unconnected,
    ve_node.num_value,
    ve_node.tstamp,
    ve_node.insert_user,
    ve_node.lastupdate,
    ve_node.lastupdate_user,
    ve_node.workcat_id_plan,
    ve_node.asset_id,
    ve_node.drainzone_id,
    ve_node.parent_id,
    ve_node.arc_id,
    ve_node.expl_id2,
    ve_node.is_operative,
    ve_node.region_id,
    ve_node.province_id,
    ve_node.adate,
    ve_node.adescript,
    man_storage.length,
    man_storage.width,
    man_storage.custom_area,
    man_storage.max_volume,
    man_storage.util_volume,
    man_storage.min_height,
    man_storage.accessibility,
    man_storage.name
   FROM (ve_node
     JOIN man_storage ON (((man_storage.node_id)::text = (ve_node.node_id)::text)))
  WHERE ((ve_node.node_type)::text = 'DEPOSITO_DESBORDAMIENTO'::text);


--
-- Name: ve_node_desague; Type: VIEW; Schema: ; Owner: -
--

CREATE VIEW ve_node_desague AS
 SELECT ve_node.node_id,
    ve_node.code,
    ve_node.top_elev,
    ve_node.custom_top_elev,
    ve_node.sys_top_elev,
    ve_node.ymax,
    ve_node.custom_ymax,
    ve_node.sys_ymax,
    ve_node.elev,
    ve_node.custom_elev,
    ve_node.sys_elev,
    ve_node.node_type,
    ve_node.sys_type,
    ve_node.nodecat_id,
    ve_node.matcat_id,
    ve_node.epa_type,
    ve_node.expl_id,
    ve_node.macroexpl_id,
    ve_node.sector_id,
    ve_node.macrosector_id,
    ve_node.state,
    ve_node.state_type,
    ve_node.annotation,
    ve_node.observ,
    ve_node.comment,
    ve_node.dma_id,
    ve_node.macrodma_id,
    ve_node.soilcat_id,
    ve_node.function_type,
    ve_node.category_type,
    ve_node.fluid_type,
    ve_node.location_type,
    ve_node.workcat_id,
    ve_node.workcat_id_end,
    ve_node.buildercat_id,
    ve_node.builtdate,
    ve_node.enddate,
    ve_node.ownercat_id,
    ve_node.muni_id,
    ve_node.postcode,
    ve_node.district_id,
    ve_node.streetname,
    ve_node.postnumber,
    ve_node.postcomplement,
    ve_node.streetname2,
    ve_node.postnumber2,
    ve_node.postcomplement2,
    ve_node.descript,
    ve_node.svg,
    ve_node.rotation,
    ve_node.link,
    ve_node.verified,
    ve_node.the_geom,
    ve_node.undelete,
    ve_node.label,
    ve_node.label_x,
    ve_node.label_y,
    ve_node.label_rotation,
    ve_node.publish,
    ve_node.inventory,
    ve_node.uncertain,
    ve_node.xyz_date,
    ve_node.unconnected,
    ve_node.num_value,
    ve_node.tstamp,
    ve_node.insert_user,
    ve_node.lastupdate,
    ve_node.lastupdate_user,
    ve_node.workcat_id_plan,
    ve_node.asset_id,
    ve_node.drainzone_id,
    ve_node.parent_id,
    ve_node.arc_id,
    ve_node.expl_id2,
    ve_node.is_operative,
    ve_node.region_id,
    ve_node.province_id,
    ve_node.adate,
    ve_node.adescript,
    man_outfall.name
   FROM (ve_node
     JOIN man_outfall ON (((man_outfall.node_id)::text = (ve_node.node_id)::text)))
  WHERE ((ve_node.node_type)::text = 'DESAGUE'::text);


--
-- Name: ve_node_edar; Type: VIEW; Schema: ; Owner: -
--

CREATE VIEW ve_node_edar AS
 SELECT ve_node.node_id,
    ve_node.code,
    ve_node.top_elev,
    ve_node.custom_top_elev,
    ve_node.sys_top_elev,
    ve_node.ymax,
    ve_node.custom_ymax,
    ve_node.sys_ymax,
    ve_node.elev,
    ve_node.custom_elev,
    ve_node.sys_elev,
    ve_node.node_type,
    ve_node.sys_type,
    ve_node.nodecat_id,
    ve_node.matcat_id,
    ve_node.epa_type,
    ve_node.expl_id,
    ve_node.macroexpl_id,
    ve_node.sector_id,
    ve_node.macrosector_id,
    ve_node.state,
    ve_node.state_type,
    ve_node.annotation,
    ve_node.observ,
    ve_node.comment,
    ve_node.dma_id,
    ve_node.macrodma_id,
    ve_node.soilcat_id,
    ve_node.function_type,
    ve_node.category_type,
    ve_node.fluid_type,
    ve_node.location_type,
    ve_node.workcat_id,
    ve_node.workcat_id_end,
    ve_node.buildercat_id,
    ve_node.builtdate,
    ve_node.enddate,
    ve_node.ownercat_id,
    ve_node.muni_id,
    ve_node.postcode,
    ve_node.district_id,
    ve_node.streetname,
    ve_node.postnumber,
    ve_node.postcomplement,
    ve_node.streetname2,
    ve_node.postnumber2,
    ve_node.postcomplement2,
    ve_node.descript,
    ve_node.svg,
    ve_node.rotation,
    ve_node.link,
    ve_node.verified,
    ve_node.the_geom,
    ve_node.undelete,
    ve_node.label,
    ve_node.label_x,
    ve_node.label_y,
    ve_node.label_rotation,
    ve_node.publish,
    ve_node.inventory,
    ve_node.uncertain,
    ve_node.xyz_date,
    ve_node.unconnected,
    ve_node.num_value,
    ve_node.tstamp,
    ve_node.insert_user,
    ve_node.lastupdate,
    ve_node.lastupdate_user,
    ve_node.workcat_id_plan,
    ve_node.asset_id,
    ve_node.drainzone_id,
    ve_node.parent_id,
    ve_node.arc_id,
    ve_node.expl_id2,
    ve_node.is_operative,
    ve_node.region_id,
    ve_node.province_id,
    ve_node.adate,
    ve_node.adescript,
    man_wwtp.name
   FROM (ve_node
     JOIN man_wwtp ON (((man_wwtp.node_id)::text = (ve_node.node_id)::text)))
  WHERE ((ve_node.node_type)::text = 'EDAR'::text);


--
-- Name: ve_node_elemento_topo; Type: VIEW; Schema: ; Owner: -
--

CREATE VIEW ve_node_elemento_topo AS
 SELECT ve_node.node_id,
    ve_node.code,
    ve_node.top_elev,
    ve_node.custom_top_elev,
    ve_node.sys_top_elev,
    ve_node.ymax,
    ve_node.custom_ymax,
    ve_node.sys_ymax,
    ve_node.elev,
    ve_node.custom_elev,
    ve_node.sys_elev,
    ve_node.node_type,
    ve_node.sys_type,
    ve_node.nodecat_id,
    ve_node.matcat_id,
    ve_node.epa_type,
    ve_node.expl_id,
    ve_node.macroexpl_id,
    ve_node.sector_id,
    ve_node.macrosector_id,
    ve_node.state,
    ve_node.state_type,
    ve_node.annotation,
    ve_node.observ,
    ve_node.comment,
    ve_node.dma_id,
    ve_node.macrodma_id,
    ve_node.soilcat_id,
    ve_node.function_type,
    ve_node.category_type,
    ve_node.fluid_type,
    ve_node.location_type,
    ve_node.workcat_id,
    ve_node.workcat_id_end,
    ve_node.buildercat_id,
    ve_node.builtdate,
    ve_node.enddate,
    ve_node.ownercat_id,
    ve_node.muni_id,
    ve_node.postcode,
    ve_node.district_id,
    ve_node.streetname,
    ve_node.postnumber,
    ve_node.postcomplement,
    ve_node.streetname2,
    ve_node.postnumber2,
    ve_node.postcomplement2,
    ve_node.descript,
    ve_node.svg,
    ve_node.rotation,
    ve_node.link,
    ve_node.verified,
    ve_node.the_geom,
    ve_node.undelete,
    ve_node.label,
    ve_node.label_x,
    ve_node.label_y,
    ve_node.label_rotation,
    ve_node.publish,
    ve_node.inventory,
    ve_node.uncertain,
    ve_node.xyz_date,
    ve_node.unconnected,
    ve_node.num_value,
    ve_node.tstamp,
    ve_node.insert_user,
    ve_node.lastupdate,
    ve_node.lastupdate_user,
    ve_node.workcat_id_plan,
    ve_node.asset_id,
    ve_node.drainzone_id,
    ve_node.parent_id,
    ve_node.arc_id,
    ve_node.expl_id2,
    ve_node.is_operative,
    ve_node.region_id,
    ve_node.province_id,
    ve_node.adate,
    ve_node.adescript,
    man_netelement.serial_number
   FROM (ve_node
     JOIN man_netelement ON (((man_netelement.node_id)::text = (ve_node.node_id)::text)))
  WHERE ((ve_node.node_type)::text = 'ELEMENTO_TOPO'::text);


--
-- Name: ve_node_estacion_bombeo; Type: VIEW; Schema: ; Owner: -
--

CREATE VIEW ve_node_estacion_bombeo AS
 SELECT ve_node.node_id,
    ve_node.code,
    ve_node.top_elev,
    ve_node.custom_top_elev,
    ve_node.sys_top_elev,
    ve_node.ymax,
    ve_node.custom_ymax,
    ve_node.sys_ymax,
    ve_node.elev,
    ve_node.custom_elev,
    ve_node.sys_elev,
    ve_node.node_type,
    ve_node.sys_type,
    ve_node.nodecat_id,
    ve_node.matcat_id,
    ve_node.epa_type,
    ve_node.expl_id,
    ve_node.macroexpl_id,
    ve_node.sector_id,
    ve_node.macrosector_id,
    ve_node.state,
    ve_node.state_type,
    ve_node.annotation,
    ve_node.observ,
    ve_node.comment,
    ve_node.dma_id,
    ve_node.macrodma_id,
    ve_node.soilcat_id,
    ve_node.function_type,
    ve_node.category_type,
    ve_node.fluid_type,
    ve_node.location_type,
    ve_node.workcat_id,
    ve_node.workcat_id_end,
    ve_node.buildercat_id,
    ve_node.builtdate,
    ve_node.enddate,
    ve_node.ownercat_id,
    ve_node.muni_id,
    ve_node.postcode,
    ve_node.district_id,
    ve_node.streetname,
    ve_node.postnumber,
    ve_node.postcomplement,
    ve_node.streetname2,
    ve_node.postnumber2,
    ve_node.postcomplement2,
    ve_node.descript,
    ve_node.svg,
    ve_node.rotation,
    ve_node.link,
    ve_node.verified,
    ve_node.the_geom,
    ve_node.undelete,
    ve_node.label,
    ve_node.label_x,
    ve_node.label_y,
    ve_node.label_rotation,
    ve_node.publish,
    ve_node.inventory,
    ve_node.uncertain,
    ve_node.xyz_date,
    ve_node.unconnected,
    ve_node.num_value,
    ve_node.tstamp,
    ve_node.insert_user,
    ve_node.lastupdate,
    ve_node.lastupdate_user,
    ve_node.workcat_id_plan,
    ve_node.asset_id,
    ve_node.drainzone_id,
    ve_node.parent_id,
    ve_node.arc_id,
    ve_node.expl_id2,
    ve_node.is_operative,
    ve_node.region_id,
    ve_node.province_id,
    ve_node.adate,
    ve_node.adescript,
    man_chamber.length,
    man_chamber.width,
    man_chamber.sander_depth,
    man_chamber.max_volume,
    man_chamber.util_volume,
    man_chamber.inlet,
    man_chamber.bottom_channel,
    man_chamber.accessibility,
    man_chamber.name,
    man_chamber.bottom_mat,
    man_chamber.slope
   FROM (ve_node
     JOIN man_chamber ON (((man_chamber.node_id)::text = (ve_node.node_id)::text)))
  WHERE ((ve_node.node_type)::text = 'ESTACION_BOMBEO'::text);


--
-- Name: ve_node_inicio; Type: VIEW; Schema: ; Owner: -
--

CREATE VIEW ve_node_inicio AS
 SELECT ve_node.node_id,
    ve_node.code,
    ve_node.top_elev,
    ve_node.custom_top_elev,
    ve_node.sys_top_elev,
    ve_node.ymax,
    ve_node.custom_ymax,
    ve_node.sys_ymax,
    ve_node.elev,
    ve_node.custom_elev,
    ve_node.sys_elev,
    ve_node.node_type,
    ve_node.sys_type,
    ve_node.nodecat_id,
    ve_node.matcat_id,
    ve_node.epa_type,
    ve_node.expl_id,
    ve_node.macroexpl_id,
    ve_node.sector_id,
    ve_node.macrosector_id,
    ve_node.state,
    ve_node.state_type,
    ve_node.annotation,
    ve_node.observ,
    ve_node.comment,
    ve_node.dma_id,
    ve_node.macrodma_id,
    ve_node.soilcat_id,
    ve_node.function_type,
    ve_node.category_type,
    ve_node.fluid_type,
    ve_node.location_type,
    ve_node.workcat_id,
    ve_node.workcat_id_end,
    ve_node.buildercat_id,
    ve_node.builtdate,
    ve_node.enddate,
    ve_node.ownercat_id,
    ve_node.muni_id,
    ve_node.postcode,
    ve_node.district_id,
    ve_node.streetname,
    ve_node.postnumber,
    ve_node.postcomplement,
    ve_node.streetname2,
    ve_node.postnumber2,
    ve_node.postcomplement2,
    ve_node.descript,
    ve_node.svg,
    ve_node.rotation,
    ve_node.link,
    ve_node.verified,
    ve_node.the_geom,
    ve_node.undelete,
    ve_node.label,
    ve_node.label_x,
    ve_node.label_y,
    ve_node.label_rotation,
    ve_node.publish,
    ve_node.inventory,
    ve_node.uncertain,
    ve_node.xyz_date,
    ve_node.unconnected,
    ve_node.num_value,
    ve_node.tstamp,
    ve_node.insert_user,
    ve_node.lastupdate,
    ve_node.lastupdate_user,
    ve_node.workcat_id_plan,
    ve_node.asset_id,
    ve_node.drainzone_id,
    ve_node.parent_id,
    ve_node.arc_id,
    ve_node.expl_id2,
    ve_node.is_operative,
    ve_node.region_id,
    ve_node.province_id,
    ve_node.adate,
    ve_node.adescript,
    man_netinit.length,
    man_netinit.width,
    man_netinit.inlet,
    man_netinit.bottom_channel,
    man_netinit.accessibility,
    man_netinit.name,
    man_netinit.sander_depth
   FROM (ve_node
     JOIN man_netinit ON (((man_netinit.node_id)::text = (ve_node.node_id)::text)))
  WHERE ((ve_node.node_type)::text = 'INICIO'::text);


--
-- Name: ve_node_nodo_ficticio; Type: VIEW; Schema: ; Owner: -
--

CREATE VIEW ve_node_nodo_ficticio AS
 SELECT ve_node.node_id,
    ve_node.code,
    ve_node.top_elev,
    ve_node.custom_top_elev,
    ve_node.sys_top_elev,
    ve_node.ymax,
    ve_node.custom_ymax,
    ve_node.sys_ymax,
    ve_node.elev,
    ve_node.custom_elev,
    ve_node.sys_elev,
    ve_node.node_type,
    ve_node.sys_type,
    ve_node.nodecat_id,
    ve_node.matcat_id,
    ve_node.epa_type,
    ve_node.expl_id,
    ve_node.macroexpl_id,
    ve_node.sector_id,
    ve_node.macrosector_id,
    ve_node.state,
    ve_node.state_type,
    ve_node.annotation,
    ve_node.observ,
    ve_node.comment,
    ve_node.dma_id,
    ve_node.macrodma_id,
    ve_node.soilcat_id,
    ve_node.function_type,
    ve_node.category_type,
    ve_node.fluid_type,
    ve_node.location_type,
    ve_node.workcat_id,
    ve_node.workcat_id_end,
    ve_node.buildercat_id,
    ve_node.builtdate,
    ve_node.enddate,
    ve_node.ownercat_id,
    ve_node.muni_id,
    ve_node.postcode,
    ve_node.district_id,
    ve_node.streetname,
    ve_node.postnumber,
    ve_node.postcomplement,
    ve_node.streetname2,
    ve_node.postnumber2,
    ve_node.postcomplement2,
    ve_node.descript,
    ve_node.svg,
    ve_node.rotation,
    ve_node.link,
    ve_node.verified,
    ve_node.the_geom,
    ve_node.undelete,
    ve_node.label,
    ve_node.label_x,
    ve_node.label_y,
    ve_node.label_rotation,
    ve_node.publish,
    ve_node.inventory,
    ve_node.uncertain,
    ve_node.xyz_date,
    ve_node.unconnected,
    ve_node.num_value,
    ve_node.tstamp,
    ve_node.insert_user,
    ve_node.lastupdate,
    ve_node.lastupdate_user,
    ve_node.workcat_id_plan,
    ve_node.asset_id,
    ve_node.drainzone_id,
    ve_node.parent_id,
    ve_node.arc_id,
    ve_node.expl_id2,
    ve_node.is_operative,
    ve_node.region_id,
    ve_node.province_id,
    ve_node.adate,
    ve_node.adescript
   FROM (ve_node
     JOIN man_junction ON (((man_junction.node_id)::text = (ve_node.node_id)::text)))
  WHERE ((ve_node.node_type)::text = 'NODO_FICTICIO'::text);


--
-- Name: ve_node_pozo_circular; Type: VIEW; Schema: ; Owner: -
--

CREATE VIEW ve_node_pozo_circular AS
 SELECT ve_node.node_id,
    ve_node.code,
    ve_node.top_elev,
    ve_node.custom_top_elev,
    ve_node.sys_top_elev,
    ve_node.ymax,
    ve_node.custom_ymax,
    ve_node.sys_ymax,
    ve_node.elev,
    ve_node.custom_elev,
    ve_node.sys_elev,
    ve_node.node_type,
    ve_node.sys_type,
    ve_node.nodecat_id,
    ve_node.matcat_id,
    ve_node.epa_type,
    ve_node.expl_id,
    ve_node.macroexpl_id,
    ve_node.sector_id,
    ve_node.macrosector_id,
    ve_node.state,
    ve_node.state_type,
    ve_node.annotation,
    ve_node.observ,
    ve_node.comment,
    ve_node.dma_id,
    ve_node.macrodma_id,
    ve_node.soilcat_id,
    ve_node.function_type,
    ve_node.category_type,
    ve_node.fluid_type,
    ve_node.location_type,
    ve_node.workcat_id,
    ve_node.workcat_id_end,
    ve_node.buildercat_id,
    ve_node.builtdate,
    ve_node.enddate,
    ve_node.ownercat_id,
    ve_node.muni_id,
    ve_node.postcode,
    ve_node.district_id,
    ve_node.streetname,
    ve_node.postnumber,
    ve_node.postcomplement,
    ve_node.streetname2,
    ve_node.postnumber2,
    ve_node.postcomplement2,
    ve_node.descript,
    ve_node.svg,
    ve_node.rotation,
    ve_node.link,
    ve_node.verified,
    ve_node.the_geom,
    ve_node.undelete,
    ve_node.label,
    ve_node.label_x,
    ve_node.label_y,
    ve_node.label_rotation,
    ve_node.publish,
    ve_node.inventory,
    ve_node.uncertain,
    ve_node.xyz_date,
    ve_node.unconnected,
    ve_node.num_value,
    ve_node.tstamp,
    ve_node.insert_user,
    ve_node.lastupdate,
    ve_node.lastupdate_user,
    ve_node.workcat_id_plan,
    ve_node.asset_id,
    ve_node.drainzone_id,
    ve_node.parent_id,
    ve_node.arc_id,
    ve_node.expl_id2,
    ve_node.is_operative,
    ve_node.region_id,
    ve_node.province_id,
    ve_node.adate,
    ve_node.adescript,
    man_manhole.length,
    man_manhole.width,
    man_manhole.sander_depth,
    man_manhole.prot_surface,
    man_manhole.inlet,
    man_manhole.bottom_channel,
    man_manhole.accessibility,
    man_manhole.step_pp,
    man_manhole.step_fe,
    man_manhole.step_replace,
    man_manhole.cover,
    man_manhole.bottom_mat
   FROM (ve_node
     JOIN man_manhole ON (((man_manhole.node_id)::text = (ve_node.node_id)::text)))
  WHERE ((ve_node.node_type)::text = 'POZO_CIRCULAR'::text);


--
-- Name: ve_node_pozo_rectangular; Type: VIEW; Schema: ; Owner: -
--

CREATE VIEW ve_node_pozo_rectangular AS
 SELECT ve_node.node_id,
    ve_node.code,
    ve_node.top_elev,
    ve_node.custom_top_elev,
    ve_node.sys_top_elev,
    ve_node.ymax,
    ve_node.custom_ymax,
    ve_node.sys_ymax,
    ve_node.elev,
    ve_node.custom_elev,
    ve_node.sys_elev,
    ve_node.node_type,
    ve_node.sys_type,
    ve_node.nodecat_id,
    ve_node.matcat_id,
    ve_node.epa_type,
    ve_node.expl_id,
    ve_node.macroexpl_id,
    ve_node.sector_id,
    ve_node.macrosector_id,
    ve_node.state,
    ve_node.state_type,
    ve_node.annotation,
    ve_node.observ,
    ve_node.comment,
    ve_node.dma_id,
    ve_node.macrodma_id,
    ve_node.soilcat_id,
    ve_node.function_type,
    ve_node.category_type,
    ve_node.fluid_type,
    ve_node.location_type,
    ve_node.workcat_id,
    ve_node.workcat_id_end,
    ve_node.buildercat_id,
    ve_node.builtdate,
    ve_node.enddate,
    ve_node.ownercat_id,
    ve_node.muni_id,
    ve_node.postcode,
    ve_node.district_id,
    ve_node.streetname,
    ve_node.postnumber,
    ve_node.postcomplement,
    ve_node.streetname2,
    ve_node.postnumber2,
    ve_node.postcomplement2,
    ve_node.descript,
    ve_node.svg,
    ve_node.rotation,
    ve_node.link,
    ve_node.verified,
    ve_node.the_geom,
    ve_node.undelete,
    ve_node.label,
    ve_node.label_x,
    ve_node.label_y,
    ve_node.label_rotation,
    ve_node.publish,
    ve_node.inventory,
    ve_node.uncertain,
    ve_node.xyz_date,
    ve_node.unconnected,
    ve_node.num_value,
    ve_node.tstamp,
    ve_node.insert_user,
    ve_node.lastupdate,
    ve_node.lastupdate_user,
    ve_node.workcat_id_plan,
    ve_node.asset_id,
    ve_node.drainzone_id,
    ve_node.parent_id,
    ve_node.arc_id,
    ve_node.expl_id2,
    ve_node.is_operative,
    ve_node.region_id,
    ve_node.province_id,
    ve_node.adate,
    ve_node.adescript,
    man_manhole.length,
    man_manhole.width,
    man_manhole.sander_depth,
    man_manhole.prot_surface,
    man_manhole.inlet,
    man_manhole.bottom_channel,
    man_manhole.accessibility,
    man_manhole.step_pp,
    man_manhole.step_fe,
    man_manhole.step_replace,
    man_manhole.cover,
    man_manhole.bottom_mat
   FROM (ve_node
     JOIN man_manhole ON (((man_manhole.node_id)::text = (ve_node.node_id)::text)))
  WHERE ((ve_node.node_type)::text = 'POZO_RECTANGULAR'::text);


--
-- Name: ve_node_aliviadero; Type: VIEW; Schema: ; Owner: -
--

CREATE VIEW ve_node_aliviadero AS
 SELECT ve_node.node_id,
    ve_node.code,
    ve_node.top_elev,
    ve_node.custom_top_elev,
    ve_node.sys_top_elev,
    ve_node.ymax,
    ve_node.custom_ymax,
    ve_node.sys_ymax,
    ve_node.elev,
    ve_node.custom_elev,
    ve_node.sys_elev,
    ve_node.node_type,
    ve_node.sys_type,
    ve_node.nodecat_id,
    ve_node.matcat_id,
    ve_node.epa_type,
    ve_node.expl_id,
    ve_node.macroexpl_id,
    ve_node.sector_id,
    ve_node.macrosector_id,
    ve_node.state,
    ve_node.state_type,
    ve_node.annotation,
    ve_node.observ,
    ve_node.comment,
    ve_node.dma_id,
    ve_node.macrodma_id,
    ve_node.soilcat_id,
    ve_node.function_type,
    ve_node.category_type,
    ve_node.fluid_type,
    ve_node.location_type,
    ve_node.workcat_id,
    ve_node.workcat_id_end,
    ve_node.buildercat_id,
    ve_node.builtdate,
    ve_node.enddate,
    ve_node.ownercat_id,
    ve_node.muni_id,
    ve_node.postcode,
    ve_node.district_id,
    ve_node.streetname,
    ve_node.postnumber,
    ve_node.postcomplement,
    ve_node.streetname2,
    ve_node.postnumber2,
    ve_node.postcomplement2,
    ve_node.descript,
    ve_node.svg,
    ve_node.rotation,
    ve_node.link,
    ve_node.verified,
    ve_node.the_geom,
    ve_node.undelete,
    ve_node.label,
    ve_node.label_x,
    ve_node.label_y,
    ve_node.label_rotation,
    ve_node.publish,
    ve_node.inventory,
    ve_node.uncertain,
    ve_node.xyz_date,
    ve_node.unconnected,
    ve_node.num_value,
    ve_node.tstamp,
    ve_node.insert_user,
    ve_node.lastupdate,
    ve_node.lastupdate_user,
    ve_node.workcat_id_plan,
    ve_node.asset_id,
    ve_node.drainzone_id,
    ve_node.parent_id,
    ve_node.arc_id,
    ve_node.expl_id2,
    ve_node.is_operative,
    ve_node.region_id,
    ve_node.province_id,
    ve_node.adate,
    ve_node.adescript
   FROM (ve_node
     JOIN man_junction ON (((man_junction.node_id)::text = (ve_node.node_id)::text)))
  WHERE ((ve_node.node_type)::text = 'ALIVIADERO'::text);


--
-- Name: ve_node_punto_alto; Type: VIEW; Schema: ; Owner: -
--

CREATE VIEW ve_node_punto_alto AS
 SELECT ve_node.node_id,
    ve_node.code,
    ve_node.top_elev,
    ve_node.custom_top_elev,
    ve_node.sys_top_elev,
    ve_node.ymax,
    ve_node.custom_ymax,
    ve_node.sys_ymax,
    ve_node.elev,
    ve_node.custom_elev,
    ve_node.sys_elev,
    ve_node.node_type,
    ve_node.sys_type,
    ve_node.nodecat_id,
    ve_node.matcat_id,
    ve_node.epa_type,
    ve_node.expl_id,
    ve_node.macroexpl_id,
    ve_node.sector_id,
    ve_node.macrosector_id,
    ve_node.state,
    ve_node.state_type,
    ve_node.annotation,
    ve_node.observ,
    ve_node.comment,
    ve_node.dma_id,
    ve_node.macrodma_id,
    ve_node.soilcat_id,
    ve_node.function_type,
    ve_node.category_type,
    ve_node.fluid_type,
    ve_node.location_type,
    ve_node.workcat_id,
    ve_node.workcat_id_end,
    ve_node.buildercat_id,
    ve_node.builtdate,
    ve_node.enddate,
    ve_node.ownercat_id,
    ve_node.muni_id,
    ve_node.postcode,
    ve_node.district_id,
    ve_node.streetname,
    ve_node.postnumber,
    ve_node.postcomplement,
    ve_node.streetname2,
    ve_node.postnumber2,
    ve_node.postcomplement2,
    ve_node.descript,
    ve_node.svg,
    ve_node.rotation,
    ve_node.link,
    ve_node.verified,
    ve_node.the_geom,
    ve_node.undelete,
    ve_node.label,
    ve_node.label_x,
    ve_node.label_y,
    ve_node.label_rotation,
    ve_node.publish,
    ve_node.inventory,
    ve_node.uncertain,
    ve_node.xyz_date,
    ve_node.unconnected,
    ve_node.num_value,
    ve_node.tstamp,
    ve_node.insert_user,
    ve_node.lastupdate,
    ve_node.lastupdate_user,
    ve_node.workcat_id_plan,
    ve_node.asset_id,
    ve_node.drainzone_id,
    ve_node.parent_id,
    ve_node.arc_id,
    ve_node.expl_id2,
    ve_node.is_operative,
    ve_node.region_id,
    ve_node.province_id,
    ve_node.adate,
    ve_node.adescript
   FROM (ve_node
     JOIN man_junction ON (((man_junction.node_id)::text = (ve_node.node_id)::text)))
  WHERE ((ve_node.node_type)::text = 'PUNTO_ALTO'::text);


--
-- Name: ve_node_registro; Type: VIEW; Schema: ; Owner: -
--

CREATE VIEW ve_node_registro AS
 SELECT ve_node.node_id,
    ve_node.code,
    ve_node.top_elev,
    ve_node.custom_top_elev,
    ve_node.sys_top_elev,
    ve_node.ymax,
    ve_node.custom_ymax,
    ve_node.sys_ymax,
    ve_node.elev,
    ve_node.custom_elev,
    ve_node.sys_elev,
    ve_node.node_type,
    ve_node.sys_type,
    ve_node.nodecat_id,
    ve_node.matcat_id,
    ve_node.epa_type,
    ve_node.expl_id,
    ve_node.macroexpl_id,
    ve_node.sector_id,
    ve_node.macrosector_id,
    ve_node.state,
    ve_node.state_type,
    ve_node.annotation,
    ve_node.observ,
    ve_node.comment,
    ve_node.dma_id,
    ve_node.macrodma_id,
    ve_node.soilcat_id,
    ve_node.function_type,
    ve_node.category_type,
    ve_node.fluid_type,
    ve_node.location_type,
    ve_node.workcat_id,
    ve_node.workcat_id_end,
    ve_node.buildercat_id,
    ve_node.builtdate,
    ve_node.enddate,
    ve_node.ownercat_id,
    ve_node.muni_id,
    ve_node.postcode,
    ve_node.district_id,
    ve_node.streetname,
    ve_node.postnumber,
    ve_node.postcomplement,
    ve_node.streetname2,
    ve_node.postnumber2,
    ve_node.postcomplement2,
    ve_node.descript,
    ve_node.svg,
    ve_node.rotation,
    ve_node.link,
    ve_node.verified,
    ve_node.the_geom,
    ve_node.undelete,
    ve_node.label,
    ve_node.label_x,
    ve_node.label_y,
    ve_node.label_rotation,
    ve_node.publish,
    ve_node.inventory,
    ve_node.uncertain,
    ve_node.xyz_date,
    ve_node.unconnected,
    ve_node.num_value,
    ve_node.tstamp,
    ve_node.insert_user,
    ve_node.lastupdate,
    ve_node.lastupdate_user,
    ve_node.workcat_id_plan,
    ve_node.asset_id,
    ve_node.drainzone_id,
    ve_node.parent_id,
    ve_node.arc_id,
    ve_node.expl_id2,
    ve_node.is_operative,
    ve_node.region_id,
    ve_node.province_id,
    ve_node.adate,
    ve_node.adescript
   FROM (ve_node
     JOIN man_junction ON (((man_junction.node_id)::text = (ve_node.node_id)::text)))
  WHERE ((ve_node.node_type)::text = 'REGISTRO'::text);


--
-- Name: ve_node_salto; Type: VIEW; Schema: ; Owner: -
--

CREATE VIEW ve_node_salto AS
 SELECT ve_node.node_id,
    ve_node.code,
    ve_node.top_elev,
    ve_node.custom_top_elev,
    ve_node.sys_top_elev,
    ve_node.ymax,
    ve_node.custom_ymax,
    ve_node.sys_ymax,
    ve_node.elev,
    ve_node.custom_elev,
    ve_node.sys_elev,
    ve_node.node_type,
    ve_node.sys_type,
    ve_node.nodecat_id,
    ve_node.matcat_id,
    ve_node.epa_type,
    ve_node.expl_id,
    ve_node.macroexpl_id,
    ve_node.sector_id,
    ve_node.macrosector_id,
    ve_node.state,
    ve_node.state_type,
    ve_node.annotation,
    ve_node.observ,
    ve_node.comment,
    ve_node.dma_id,
    ve_node.macrodma_id,
    ve_node.soilcat_id,
    ve_node.function_type,
    ve_node.category_type,
    ve_node.fluid_type,
    ve_node.location_type,
    ve_node.workcat_id,
    ve_node.workcat_id_end,
    ve_node.buildercat_id,
    ve_node.builtdate,
    ve_node.enddate,
    ve_node.ownercat_id,
    ve_node.muni_id,
    ve_node.postcode,
    ve_node.district_id,
    ve_node.streetname,
    ve_node.postnumber,
    ve_node.postcomplement,
    ve_node.streetname2,
    ve_node.postnumber2,
    ve_node.postcomplement2,
    ve_node.descript,
    ve_node.svg,
    ve_node.rotation,
    ve_node.link,
    ve_node.verified,
    ve_node.the_geom,
    ve_node.undelete,
    ve_node.label,
    ve_node.label_x,
    ve_node.label_y,
    ve_node.label_rotation,
    ve_node.publish,
    ve_node.inventory,
    ve_node.uncertain,
    ve_node.xyz_date,
    ve_node.unconnected,
    ve_node.num_value,
    ve_node.tstamp,
    ve_node.insert_user,
    ve_node.lastupdate,
    ve_node.lastupdate_user,
    ve_node.workcat_id_plan,
    ve_node.asset_id,
    ve_node.drainzone_id,
    ve_node.parent_id,
    ve_node.arc_id,
    ve_node.expl_id2,
    ve_node.is_operative,
    ve_node.region_id,
    ve_node.province_id,
    ve_node.adate,
    ve_node.adescript,
    man_wjump.length,
    man_wjump.width,
    man_wjump.sander_depth,
    man_wjump.prot_surface,
    man_wjump.accessibility,
    man_wjump.name
   FROM (ve_node
     JOIN man_wjump ON (((man_wjump.node_id)::text = (ve_node.node_id)::text)))
  WHERE ((ve_node.node_type)::text = 'SALTO'::text);


--
-- Name: ve_node_sumidero_topo; Type: VIEW; Schema: ; Owner: -
--

CREATE VIEW ve_node_sumidero_topo AS
 SELECT ve_node.node_id,
    ve_node.code,
    ve_node.top_elev,
    ve_node.custom_top_elev,
    ve_node.sys_top_elev,
    ve_node.ymax,
    ve_node.custom_ymax,
    ve_node.sys_ymax,
    ve_node.elev,
    ve_node.custom_elev,
    ve_node.sys_elev,
    ve_node.node_type,
    ve_node.sys_type,
    ve_node.nodecat_id,
    ve_node.matcat_id,
    ve_node.epa_type,
    ve_node.expl_id,
    ve_node.macroexpl_id,
    ve_node.sector_id,
    ve_node.macrosector_id,
    ve_node.state,
    ve_node.state_type,
    ve_node.annotation,
    ve_node.observ,
    ve_node.comment,
    ve_node.dma_id,
    ve_node.macrodma_id,
    ve_node.soilcat_id,
    ve_node.function_type,
    ve_node.category_type,
    ve_node.fluid_type,
    ve_node.location_type,
    ve_node.workcat_id,
    ve_node.workcat_id_end,
    ve_node.buildercat_id,
    ve_node.builtdate,
    ve_node.enddate,
    ve_node.ownercat_id,
    ve_node.muni_id,
    ve_node.postcode,
    ve_node.district_id,
    ve_node.streetname,
    ve_node.postnumber,
    ve_node.postcomplement,
    ve_node.streetname2,
    ve_node.postnumber2,
    ve_node.postcomplement2,
    ve_node.descript,
    ve_node.svg,
    ve_node.rotation,
    ve_node.link,
    ve_node.verified,
    ve_node.the_geom,
    ve_node.undelete,
    ve_node.label,
    ve_node.label_x,
    ve_node.label_y,
    ve_node.label_rotation,
    ve_node.publish,
    ve_node.inventory,
    ve_node.uncertain,
    ve_node.xyz_date,
    ve_node.unconnected,
    ve_node.num_value,
    ve_node.tstamp,
    ve_node.insert_user,
    ve_node.lastupdate,
    ve_node.lastupdate_user,
    ve_node.workcat_id_plan,
    ve_node.asset_id,
    ve_node.drainzone_id,
    ve_node.parent_id,
    ve_node.arc_id,
    ve_node.expl_id2,
    ve_node.is_operative,
    ve_node.region_id,
    ve_node.province_id,
    ve_node.adate,
    ve_node.adescript,
    man_netgully.sander_depth,
    man_netgully.gratecat_id,
    man_netgully.units,
    man_netgully.groove,
    man_netgully.siphon,
    man_netgully.gratecat2_id,
    man_netgully.groove_height,
    man_netgully.groove_length,
    man_netgully.units_placement
   FROM (ve_node
     JOIN man_netgully ON (((man_netgully.node_id)::text = (ve_node.node_id)::text)))
  WHERE ((ve_node.node_type)::text = 'SUMIDERO_TOPO'::text);


--
-- Name: ve_node_union; Type: VIEW; Schema: ; Owner: -
--

CREATE VIEW ve_node_union AS
 SELECT ve_node.node_id,
    ve_node.code,
    ve_node.top_elev,
    ve_node.custom_top_elev,
    ve_node.sys_top_elev,
    ve_node.ymax,
    ve_node.custom_ymax,
    ve_node.sys_ymax,
    ve_node.elev,
    ve_node.custom_elev,
    ve_node.sys_elev,
    ve_node.node_type,
    ve_node.sys_type,
    ve_node.nodecat_id,
    ve_node.matcat_id,
    ve_node.epa_type,
    ve_node.expl_id,
    ve_node.macroexpl_id,
    ve_node.sector_id,
    ve_node.macrosector_id,
    ve_node.state,
    ve_node.state_type,
    ve_node.annotation,
    ve_node.observ,
    ve_node.comment,
    ve_node.dma_id,
    ve_node.macrodma_id,
    ve_node.soilcat_id,
    ve_node.function_type,
    ve_node.category_type,
    ve_node.fluid_type,
    ve_node.location_type,
    ve_node.workcat_id,
    ve_node.workcat_id_end,
    ve_node.buildercat_id,
    ve_node.builtdate,
    ve_node.enddate,
    ve_node.ownercat_id,
    ve_node.muni_id,
    ve_node.postcode,
    ve_node.district_id,
    ve_node.streetname,
    ve_node.postnumber,
    ve_node.postcomplement,
    ve_node.streetname2,
    ve_node.postnumber2,
    ve_node.postcomplement2,
    ve_node.descript,
    ve_node.svg,
    ve_node.rotation,
    ve_node.link,
    ve_node.verified,
    ve_node.the_geom,
    ve_node.undelete,
    ve_node.label,
    ve_node.label_x,
    ve_node.label_y,
    ve_node.label_rotation,
    ve_node.publish,
    ve_node.inventory,
    ve_node.uncertain,
    ve_node.xyz_date,
    ve_node.unconnected,
    ve_node.num_value,
    ve_node.tstamp,
    ve_node.insert_user,
    ve_node.lastupdate,
    ve_node.lastupdate_user,
    ve_node.workcat_id_plan,
    ve_node.asset_id,
    ve_node.drainzone_id,
    ve_node.parent_id,
    ve_node.arc_id,
    ve_node.expl_id2,
    ve_node.is_operative,
    ve_node.region_id,
    ve_node.province_id,
    ve_node.adate,
    ve_node.adescript
   FROM (ve_node
     JOIN man_junction ON (((man_junction.node_id)::text = (ve_node.node_id)::text)))
  WHERE ((ve_node.node_type)::text = 'UNION'::text);


--
-- Name: ve_node_valvula; Type: VIEW; Schema: ; Owner: -
--

CREATE VIEW ve_node_valvula AS
 SELECT ve_node.node_id,
    ve_node.code,
    ve_node.top_elev,
    ve_node.custom_top_elev,
    ve_node.sys_top_elev,
    ve_node.ymax,
    ve_node.custom_ymax,
    ve_node.sys_ymax,
    ve_node.elev,
    ve_node.custom_elev,
    ve_node.sys_elev,
    ve_node.node_type,
    ve_node.sys_type,
    ve_node.nodecat_id,
    ve_node.matcat_id,
    ve_node.epa_type,
    ve_node.expl_id,
    ve_node.macroexpl_id,
    ve_node.sector_id,
    ve_node.macrosector_id,
    ve_node.state,
    ve_node.state_type,
    ve_node.annotation,
    ve_node.observ,
    ve_node.comment,
    ve_node.dma_id,
    ve_node.macrodma_id,
    ve_node.soilcat_id,
    ve_node.function_type,
    ve_node.category_type,
    ve_node.fluid_type,
    ve_node.location_type,
    ve_node.workcat_id,
    ve_node.workcat_id_end,
    ve_node.buildercat_id,
    ve_node.builtdate,
    ve_node.enddate,
    ve_node.ownercat_id,
    ve_node.muni_id,
    ve_node.postcode,
    ve_node.district_id,
    ve_node.streetname,
    ve_node.postnumber,
    ve_node.postcomplement,
    ve_node.streetname2,
    ve_node.postnumber2,
    ve_node.postcomplement2,
    ve_node.descript,
    ve_node.svg,
    ve_node.rotation,
    ve_node.link,
    ve_node.verified,
    ve_node.the_geom,
    ve_node.undelete,
    ve_node.label,
    ve_node.label_x,
    ve_node.label_y,
    ve_node.label_rotation,
    ve_node.publish,
    ve_node.inventory,
    ve_node.uncertain,
    ve_node.xyz_date,
    ve_node.unconnected,
    ve_node.num_value,
    ve_node.tstamp,
    ve_node.insert_user,
    ve_node.lastupdate,
    ve_node.lastupdate_user,
    ve_node.workcat_id_plan,
    ve_node.asset_id,
    ve_node.drainzone_id,
    ve_node.parent_id,
    ve_node.arc_id,
    ve_node.expl_id2,
    ve_node.is_operative,
    ve_node.region_id,
    ve_node.province_id,
    ve_node.adate,
    ve_node.adescript,
    man_valve.name
   FROM (ve_node
     JOIN man_valve ON (((man_valve.node_id)::text = (ve_node.node_id)::text)))
  WHERE ((ve_node.node_type)::text = 'VALVULA'::text);


--
-- Name: ve_gully_reja; Type: VIEW; Schema: ; Owner: -
--

CREATE VIEW ve_gully_reja AS
 SELECT ve_gully.gully_id,
    ve_gully.code,
    ve_gully.top_elev,
    ve_gully.ymax,
    ve_gully.sandbox,
    ve_gully.matcat_id,
    ve_gully.gully_type,
    ve_gully.sys_type,
    ve_gully.gratecat_id,
    ve_gully.cat_grate_matcat,
    ve_gully.units,
    ve_gully.groove,
    ve_gully.siphon,
    ve_gully.connec_arccat_id,
    ve_gully.connec_length,
    ve_gully.connec_depth,
    ve_gully.arc_id,
    ve_gully.expl_id,
    ve_gully.macroexpl_id,
    ve_gully.sector_id,
    ve_gully.macrosector_id,
    ve_gully.state,
    ve_gully.state_type,
    ve_gully.annotation,
    ve_gully.observ,
    ve_gully.comment,
    ve_gully.dma_id,
    ve_gully.macrodma_id,
    ve_gully.soilcat_id,
    ve_gully.function_type,
    ve_gully.category_type,
    ve_gully.fluid_type,
    ve_gully.location_type,
    ve_gully.workcat_id,
    ve_gully.workcat_id_end,
    ve_gully.buildercat_id,
    ve_gully.builtdate,
    ve_gully.enddate,
    ve_gully.ownercat_id,
    ve_gully.muni_id,
    ve_gully.postcode,
    ve_gully.district_id,
    ve_gully.streetname,
    ve_gully.postnumber,
    ve_gully.postcomplement,
    ve_gully.streetname2,
    ve_gully.postnumber2,
    ve_gully.postcomplement2,
    ve_gully.descript,
    ve_gully.svg,
    ve_gully.rotation,
    ve_gully.link,
    ve_gully.verified,
    ve_gully.undelete,
    ve_gully.label,
    ve_gully.label_x,
    ve_gully.label_y,
    ve_gully.label_rotation,
    ve_gully.publish,
    ve_gully.inventory,
    ve_gully.uncertain,
    ve_gully.num_value,
    ve_gully.pjoint_id,
    ve_gully.pjoint_type,
    ve_gully.tstamp,
    ve_gully.insert_user,
    ve_gully.lastupdate,
    ve_gully.lastupdate_user,
    ve_gully.the_geom,
    ve_gully.workcat_id_plan,
    ve_gully.asset_id,
    ve_gully.connec_matcat_id,
    ve_gully.gratecat2_id,
    ve_gully.connec_y1,
    ve_gully.connec_y2,
    ve_gully.epa_type,
    ve_gully.groove_height,
    ve_gully.groove_length,
    ve_gully.grate_width,
    ve_gully.grate_length,
    ve_gully.units_placement,
    ve_gully.drainzone_id,
    ve_gully.expl_id2,
    ve_gully.is_operative,
    ve_gully.region_id,
    ve_gully.province_id,
    ve_gully.adate,
    ve_gully.adescript,
    ve_gully.siphon_type,
    ve_gully.odorflap
   FROM ve_gully
  WHERE ((ve_gully.gully_type)::text = 'REJA'::text);


--
-- Name: ve_gully_sumidero; Type: VIEW; Schema: ; Owner: -
--

CREATE VIEW ve_gully_sumidero AS
 SELECT ve_gully.gully_id,
    ve_gully.code,
    ve_gully.top_elev,
    ve_gully.ymax,
    ve_gully.sandbox,
    ve_gully.matcat_id,
    ve_gully.gully_type,
    ve_gully.sys_type,
    ve_gully.gratecat_id,
    ve_gully.cat_grate_matcat,
    ve_gully.units,
    ve_gully.groove,
    ve_gully.siphon,
    ve_gully.connec_arccat_id,
    ve_gully.connec_length,
    ve_gully.connec_depth,
    ve_gully.arc_id,
    ve_gully.expl_id,
    ve_gully.macroexpl_id,
    ve_gully.sector_id,
    ve_gully.macrosector_id,
    ve_gully.state,
    ve_gully.state_type,
    ve_gully.annotation,
    ve_gully.observ,
    ve_gully.comment,
    ve_gully.dma_id,
    ve_gully.macrodma_id,
    ve_gully.soilcat_id,
    ve_gully.function_type,
    ve_gully.category_type,
    ve_gully.fluid_type,
    ve_gully.location_type,
    ve_gully.workcat_id,
    ve_gully.workcat_id_end,
    ve_gully.buildercat_id,
    ve_gully.builtdate,
    ve_gully.enddate,
    ve_gully.ownercat_id,
    ve_gully.muni_id,
    ve_gully.postcode,
    ve_gully.district_id,
    ve_gully.streetname,
    ve_gully.postnumber,
    ve_gully.postcomplement,
    ve_gully.streetname2,
    ve_gully.postnumber2,
    ve_gully.postcomplement2,
    ve_gully.descript,
    ve_gully.svg,
    ve_gully.rotation,
    ve_gully.link,
    ve_gully.verified,
    ve_gully.undelete,
    ve_gully.label,
    ve_gully.label_x,
    ve_gully.label_y,
    ve_gully.label_rotation,
    ve_gully.publish,
    ve_gully.inventory,
    ve_gully.uncertain,
    ve_gully.num_value,
    ve_gully.pjoint_id,
    ve_gully.pjoint_type,
    ve_gully.tstamp,
    ve_gully.insert_user,
    ve_gully.lastupdate,
    ve_gully.lastupdate_user,
    ve_gully.the_geom,
    ve_gully.workcat_id_plan,
    ve_gully.asset_id,
    ve_gully.connec_matcat_id,
    ve_gully.gratecat2_id,
    ve_gully.connec_y1,
    ve_gully.connec_y2,
    ve_gully.epa_type,
    ve_gully.groove_height,
    ve_gully.groove_length,
    ve_gully.grate_width,
    ve_gully.grate_length,
    ve_gully.units_placement,
    ve_gully.drainzone_id,
    ve_gully.expl_id2,
    ve_gully.is_operative,
    ve_gully.region_id,
    ve_gully.province_id,
    ve_gully.adate,
    ve_gully.adescript,
    ve_gully.siphon_type,
    ve_gully.odorflap
   FROM ve_gully
  WHERE ((ve_gully.gully_type)::text = 'SUMIDERO'::text);


--
-- Name: ve_gully_sumidero_ficticio; Type: VIEW; Schema: ; Owner: -
--

CREATE VIEW ve_gully_sumidero_ficticio AS
 SELECT ve_gully.gully_id,
    ve_gully.code,
    ve_gully.top_elev,
    ve_gully.ymax,
    ve_gully.sandbox,
    ve_gully.matcat_id,
    ve_gully.gully_type,
    ve_gully.sys_type,
    ve_gully.gratecat_id,
    ve_gully.cat_grate_matcat,
    ve_gully.units,
    ve_gully.groove,
    ve_gully.siphon,
    ve_gully.connec_arccat_id,
    ve_gully.connec_length,
    ve_gully.connec_depth,
    ve_gully.arc_id,
    ve_gully.expl_id,
    ve_gully.macroexpl_id,
    ve_gully.sector_id,
    ve_gully.macrosector_id,
    ve_gully.state,
    ve_gully.state_type,
    ve_gully.annotation,
    ve_gully.observ,
    ve_gully.comment,
    ve_gully.dma_id,
    ve_gully.macrodma_id,
    ve_gully.soilcat_id,
    ve_gully.function_type,
    ve_gully.category_type,
    ve_gully.fluid_type,
    ve_gully.location_type,
    ve_gully.workcat_id,
    ve_gully.workcat_id_end,
    ve_gully.buildercat_id,
    ve_gully.builtdate,
    ve_gully.enddate,
    ve_gully.ownercat_id,
    ve_gully.muni_id,
    ve_gully.postcode,
    ve_gully.district_id,
    ve_gully.streetname,
    ve_gully.postnumber,
    ve_gully.postcomplement,
    ve_gully.streetname2,
    ve_gully.postnumber2,
    ve_gully.postcomplement2,
    ve_gully.descript,
    ve_gully.svg,
    ve_gully.rotation,
    ve_gully.link,
    ve_gully.verified,
    ve_gully.undelete,
    ve_gully.label,
    ve_gully.label_x,
    ve_gully.label_y,
    ve_gully.label_rotation,
    ve_gully.publish,
    ve_gully.inventory,
    ve_gully.uncertain,
    ve_gully.num_value,
    ve_gully.pjoint_id,
    ve_gully.pjoint_type,
    ve_gully.tstamp,
    ve_gully.insert_user,
    ve_gully.lastupdate,
    ve_gully.lastupdate_user,
    ve_gully.the_geom,
    ve_gully.workcat_id_plan,
    ve_gully.asset_id,
    ve_gully.connec_matcat_id,
    ve_gully.gratecat2_id,
    ve_gully.connec_y1,
    ve_gully.connec_y2,
    ve_gully.epa_type,
    ve_gully.groove_height,
    ve_gully.groove_length,
    ve_gully.grate_width,
    ve_gully.grate_length,
    ve_gully.units_placement,
    ve_gully.drainzone_id,
    ve_gully.expl_id2,
    ve_gully.is_operative,
    ve_gully.region_id,
    ve_gully.province_id,
    ve_gully.adate,
    ve_gully.adescript,
    ve_gully.siphon_type,
    ve_gully.odorflap
   FROM ve_gully
  WHERE ((ve_gully.gully_type)::text = 'SUMIDERO_FICTICIO'::text);



--
-- Data for Name: config_info_layer_x_type; Type: TABLE DATA; Schema: ; Owner: -
--

INSERT INTO config_info_layer_x_type VALUES ('ve_connec_acometida', 1, 've_connec_acometida');
INSERT INTO config_info_layer_x_type VALUES ('ve_connec_acometida_ficticia', 1, 've_connec_acometida_ficticia');
INSERT INTO config_info_layer_x_type VALUES ('ve_node_arqueta_arenal', 1, 've_node_arqueta_arenal');
INSERT INTO config_info_layer_x_type VALUES ('ve_node_cambio_seccion', 1, 've_node_cambio_seccion');
INSERT INTO config_info_layer_x_type VALUES ('ve_node_camera', 1, 've_node_camera');
INSERT INTO config_info_layer_x_type VALUES ('ve_arc_conducto', 1, 've_arc_conducto');
INSERT INTO config_info_layer_x_type VALUES ('ve_node_deposito', 1, 've_node_deposito');
INSERT INTO config_info_layer_x_type VALUES ('ve_node_deposito_desbordamiento', 1, 've_node_deposito_desbordamiento');
INSERT INTO config_info_layer_x_type VALUES ('ve_node_desague', 1, 've_node_desague');
INSERT INTO config_info_layer_x_type VALUES ('ve_node_edar', 1, 've_node_edar');
INSERT INTO config_info_layer_x_type VALUES ('ve_node_elemento_topo', 1, 've_node_elemento_topo');
INSERT INTO config_info_layer_x_type VALUES ('ve_node_estacion_bombeo', 1, 've_node_estacion_bombeo');
INSERT INTO config_info_layer_x_type VALUES ('ve_arc_ficticio', 1, 've_arc_ficticio');
INSERT INTO config_info_layer_x_type VALUES ('ve_arc_impulsion', 1, 've_arc_impulsion');
INSERT INTO config_info_layer_x_type VALUES ('ve_node_inicio', 1, 've_node_inicio');
INSERT INTO config_info_layer_x_type VALUES ('ve_node_nodo_ficticio', 1, 've_node_nodo_ficticio');
INSERT INTO config_info_layer_x_type VALUES ('ve_node_pozo_circular', 1, 've_node_pozo_circular');
INSERT INTO config_info_layer_x_type VALUES ('ve_node_pozo_rectangular', 1, 've_node_pozo_rectangular');
INSERT INTO config_info_layer_x_type VALUES ('ve_node_aliviadero', 1, 've_node_aliviadero');
INSERT INTO config_info_layer_x_type VALUES ('ve_node_punto_alto', 1, 've_node_punto_alto');
INSERT INTO config_info_layer_x_type VALUES ('ve_arc_rapido', 1, 've_arc_rapido');
INSERT INTO config_info_layer_x_type VALUES ('ve_node_registro', 1, 've_node_registro');
INSERT INTO config_info_layer_x_type VALUES ('ve_gully_reja', 1, 've_gully_reja');
INSERT INTO config_info_layer_x_type VALUES ('ve_node_salto', 1, 've_node_salto');
INSERT INTO config_info_layer_x_type VALUES ('ve_arc_sifon', 1, 've_arc_sifon');
INSERT INTO config_info_layer_x_type VALUES ('ve_gully_sumidero', 1, 've_gully_sumidero');
INSERT INTO config_info_layer_x_type VALUES ('ve_gully_sumidero_ficticio', 1, 've_gully_sumidero_ficticio');
INSERT INTO config_info_layer_x_type VALUES ('ve_node_sumidero_topo', 1, 've_node_sumidero_topo');
INSERT INTO config_info_layer_x_type VALUES ('ve_node_union', 1, 've_node_union');
INSERT INTO config_info_layer_x_type VALUES ('ve_node_valvula', 1, 've_node_valvula');


INSERT INTO config_form_fields (formname, formtype, tabname, columnname, layoutname, layoutorder, "datatype", widgettype, "label", tooltip, placeholder, ismandatory, isparent, iseditable, isautoupdate, isfilter, dv_querytext, dv_orderby_id, dv_isnullvalue, dv_parent_id, dv_querytext_filterc, stylesheet, widgetcontrols, widgetfunction, linkedobject, hidden, web_layoutorder) VALUES('ve_connec_acometida', 'form_feature', 'tab_data', 'region_id', 'lyt_data_3', 9, 'integer', 'combo', 'Region', 'region_id', NULL, false, false, false, false, NULL, 'SELECT region_id as id, name as idval FROM ext_region WHERE region_id IS NOT NULL', true, true, NULL, NULL, NULL, NULL, NULL, NULL, true, NULL);
INSERT INTO config_form_fields (formname, formtype, tabname, columnname, layoutname, layoutorder, "datatype", widgettype, "label", tooltip, placeholder, ismandatory, isparent, iseditable, isautoupdate, isfilter, dv_querytext, dv_orderby_id, dv_isnullvalue, dv_parent_id, dv_querytext_filterc, stylesheet, widgetcontrols, widgetfunction, linkedobject, hidden, web_layoutorder) VALUES('ve_connec_acometida_ficticia', 'form_feature', 'tab_data', 'region_id', 'lyt_data_3', 9, 'integer', 'combo', 'Region', 'region_id', NULL, false, false, false, false, NULL, 'SELECT region_id as id, name as idval FROM ext_region WHERE region_id IS NOT NULL', true, true, NULL, NULL, NULL, NULL, NULL, NULL, true, NULL);
INSERT INTO config_form_fields (formname, formtype, tabname, columnname, layoutname, layoutorder, "datatype", widgettype, "label", tooltip, placeholder, ismandatory, isparent, iseditable, isautoupdate, isfilter, dv_querytext, dv_orderby_id, dv_isnullvalue, dv_parent_id, dv_querytext_filterc, stylesheet, widgetcontrols, widgetfunction, linkedobject, hidden, web_layoutorder) VALUES('ve_node_arqueta_arenal', 'form_feature', 'tab_data', 'region_id', 'lyt_data_3', 9, 'integer', 'combo', 'Region', 'region_id', NULL, false, false, false, false, NULL, 'SELECT region_id as id, name as idval FROM ext_region WHERE region_id IS NOT NULL', true, true, NULL, NULL, NULL, NULL, NULL, NULL, true, NULL);
INSERT INTO config_form_fields (formname, formtype, tabname, columnname, layoutname, layoutorder, "datatype", widgettype, "label", tooltip, placeholder, ismandatory, isparent, iseditable, isautoupdate, isfilter, dv_querytext, dv_orderby_id, dv_isnullvalue, dv_parent_id, dv_querytext_filterc, stylesheet, widgetcontrols, widgetfunction, linkedobject, hidden, web_layoutorder) VALUES('ve_node_cambio_seccion', 'form_feature', 'tab_data', 'region_id', 'lyt_data_3', 9, 'integer', 'combo', 'Region', 'region_id', NULL, false, false, false, false, NULL, 'SELECT region_id as id, name as idval FROM ext_region WHERE region_id IS NOT NULL', true, true, NULL, NULL, NULL, NULL, NULL, NULL, true, NULL);
INSERT INTO config_form_fields (formname, formtype, tabname, columnname, layoutname, layoutorder, "datatype", widgettype, "label", tooltip, placeholder, ismandatory, isparent, iseditable, isautoupdate, isfilter, dv_querytext, dv_orderby_id, dv_isnullvalue, dv_parent_id, dv_querytext_filterc, stylesheet, widgetcontrols, widgetfunction, linkedobject, hidden, web_layoutorder) VALUES('ve_node_camera', 'form_feature', 'tab_data', 'region_id', 'lyt_data_3', 9, 'integer', 'combo', 'Region', 'region_id', NULL, false, false, false, false, NULL, 'SELECT region_id as id, name as idval FROM ext_region WHERE region_id IS NOT NULL', true, true, NULL, NULL, NULL, NULL, NULL, NULL, true, NULL);
INSERT INTO config_form_fields (formname, formtype, tabname, columnname, layoutname, layoutorder, "datatype", widgettype, "label", tooltip, placeholder, ismandatory, isparent, iseditable, isautoupdate, isfilter, dv_querytext, dv_orderby_id, dv_isnullvalue, dv_parent_id, dv_querytext_filterc, stylesheet, widgetcontrols, widgetfunction, linkedobject, hidden, web_layoutorder) VALUES('ve_arc_conducto', 'form_feature', 'tab_data', 'region_id', 'lyt_data_3', 8, 'integer', 'combo', 'Region', 'region_id', NULL, false, false, false, false, NULL, 'SELECT region_id as id, name as idval FROM ext_region WHERE region_id IS NOT NULL', true, true, NULL, NULL, NULL, NULL, NULL, NULL, true, NULL);
INSERT INTO config_form_fields (formname, formtype, tabname, columnname, layoutname, layoutorder, "datatype", widgettype, "label", tooltip, placeholder, ismandatory, isparent, iseditable, isautoupdate, isfilter, dv_querytext, dv_orderby_id, dv_isnullvalue, dv_parent_id, dv_querytext_filterc, stylesheet, widgetcontrols, widgetfunction, linkedobject, hidden, web_layoutorder) VALUES('ve_node_deposito', 'form_feature', 'tab_data', 'region_id', 'lyt_data_3', 9, 'integer', 'combo', 'Region', 'region_id', NULL, false, false, false, false, NULL, 'SELECT region_id as id, name as idval FROM ext_region WHERE region_id IS NOT NULL', true, true, NULL, NULL, NULL, NULL, NULL, NULL, true, NULL);
INSERT INTO config_form_fields (formname, formtype, tabname, columnname, layoutname, layoutorder, "datatype", widgettype, "label", tooltip, placeholder, ismandatory, isparent, iseditable, isautoupdate, isfilter, dv_querytext, dv_orderby_id, dv_isnullvalue, dv_parent_id, dv_querytext_filterc, stylesheet, widgetcontrols, widgetfunction, linkedobject, hidden, web_layoutorder) VALUES('ve_node_deposito_desbordamiento', 'form_feature', 'tab_data', 'region_id', 'lyt_data_3', 9, 'integer', 'combo', 'Region', 'region_id', NULL, false, false, false, false, NULL, 'SELECT region_id as id, name as idval FROM ext_region WHERE region_id IS NOT NULL', true, true, NULL, NULL, NULL, NULL, NULL, NULL, true, NULL);
INSERT INTO config_form_fields (formname, formtype, tabname, columnname, layoutname, layoutorder, "datatype", widgettype, "label", tooltip, placeholder, ismandatory, isparent, iseditable, isautoupdate, isfilter, dv_querytext, dv_orderby_id, dv_isnullvalue, dv_parent_id, dv_querytext_filterc, stylesheet, widgetcontrols, widgetfunction, linkedobject, hidden, web_layoutorder) VALUES('ve_node_desague', 'form_feature', 'tab_data', 'region_id', 'lyt_data_3', 9, 'integer', 'combo', 'Region', 'region_id', NULL, false, false, false, false, NULL, 'SELECT region_id as id, name as idval FROM ext_region WHERE region_id IS NOT NULL', true, true, NULL, NULL, NULL, NULL, NULL, NULL, true, NULL);
INSERT INTO config_form_fields (formname, formtype, tabname, columnname, layoutname, layoutorder, "datatype", widgettype, "label", tooltip, placeholder, ismandatory, isparent, iseditable, isautoupdate, isfilter, dv_querytext, dv_orderby_id, dv_isnullvalue, dv_parent_id, dv_querytext_filterc, stylesheet, widgetcontrols, widgetfunction, linkedobject, hidden, web_layoutorder) VALUES('ve_node_edar', 'form_feature', 'tab_data', 'region_id', 'lyt_data_3', 9, 'integer', 'combo', 'Region', 'region_id', NULL, false, false, false, false, NULL, 'SELECT region_id as id, name as idval FROM ext_region WHERE region_id IS NOT NULL', true, true, NULL, NULL, NULL, NULL, NULL, NULL, true, NULL);
INSERT INTO config_form_fields (formname, formtype, tabname, columnname, layoutname, layoutorder, "datatype", widgettype, "label", tooltip, placeholder, ismandatory, isparent, iseditable, isautoupdate, isfilter, dv_querytext, dv_orderby_id, dv_isnullvalue, dv_parent_id, dv_querytext_filterc, stylesheet, widgetcontrols, widgetfunction, linkedobject, hidden, web_layoutorder) VALUES('ve_node_elemento_topo', 'form_feature', 'tab_data', 'region_id', 'lyt_data_3', 9, 'integer', 'combo', 'Region', 'region_id', NULL, false, false, false, false, NULL, 'SELECT region_id as id, name as idval FROM ext_region WHERE region_id IS NOT NULL', true, true, NULL, NULL, NULL, NULL, NULL, NULL, true, NULL);
INSERT INTO config_form_fields (formname, formtype, tabname, columnname, layoutname, layoutorder, "datatype", widgettype, "label", tooltip, placeholder, ismandatory, isparent, iseditable, isautoupdate, isfilter, dv_querytext, dv_orderby_id, dv_isnullvalue, dv_parent_id, dv_querytext_filterc, stylesheet, widgetcontrols, widgetfunction, linkedobject, hidden, web_layoutorder) VALUES('ve_node_estacion_bombeo', 'form_feature', 'tab_data', 'region_id', 'lyt_data_3', 9, 'integer', 'combo', 'Region', 'region_id', NULL, false, false, false, false, NULL, 'SELECT region_id as id, name as idval FROM ext_region WHERE region_id IS NOT NULL', true, true, NULL, NULL, NULL, NULL, NULL, NULL, true, NULL);
INSERT INTO config_form_fields (formname, formtype, tabname, columnname, layoutname, layoutorder, "datatype", widgettype, "label", tooltip, placeholder, ismandatory, isparent, iseditable, isautoupdate, isfilter, dv_querytext, dv_orderby_id, dv_isnullvalue, dv_parent_id, dv_querytext_filterc, stylesheet, widgetcontrols, widgetfunction, linkedobject, hidden, web_layoutorder) VALUES('ve_arc_ficticio', 'form_feature', 'tab_data', 'region_id', 'lyt_data_3', 8, 'integer', 'combo', 'Region', 'region_id', NULL, false, false, false, false, NULL, 'SELECT region_id as id, name as idval FROM ext_region WHERE region_id IS NOT NULL', true, true, NULL, NULL, NULL, NULL, NULL, NULL, true, NULL);
INSERT INTO config_form_fields (formname, formtype, tabname, columnname, layoutname, layoutorder, "datatype", widgettype, "label", tooltip, placeholder, ismandatory, isparent, iseditable, isautoupdate, isfilter, dv_querytext, dv_orderby_id, dv_isnullvalue, dv_parent_id, dv_querytext_filterc, stylesheet, widgetcontrols, widgetfunction, linkedobject, hidden, web_layoutorder) VALUES('ve_arc_impulsion', 'form_feature', 'tab_data', 'region_id', 'lyt_data_3', 8, 'integer', 'combo', 'Region', 'region_id', NULL, false, false, false, false, NULL, 'SELECT region_id as id, name as idval FROM ext_region WHERE region_id IS NOT NULL', true, true, NULL, NULL, NULL, NULL, NULL, NULL, true, NULL);
INSERT INTO config_form_fields (formname, formtype, tabname, columnname, layoutname, layoutorder, "datatype", widgettype, "label", tooltip, placeholder, ismandatory, isparent, iseditable, isautoupdate, isfilter, dv_querytext, dv_orderby_id, dv_isnullvalue, dv_parent_id, dv_querytext_filterc, stylesheet, widgetcontrols, widgetfunction, linkedobject, hidden, web_layoutorder) VALUES('ve_node_inicio', 'form_feature', 'tab_data', 'region_id', 'lyt_data_3', 9, 'integer', 'combo', 'Region', 'region_id', NULL, false, false, false, false, NULL, 'SELECT region_id as id, name as idval FROM ext_region WHERE region_id IS NOT NULL', true, true, NULL, NULL, NULL, NULL, NULL, NULL, true, NULL);
INSERT INTO config_form_fields (formname, formtype, tabname, columnname, layoutname, layoutorder, "datatype", widgettype, "label", tooltip, placeholder, ismandatory, isparent, iseditable, isautoupdate, isfilter, dv_querytext, dv_orderby_id, dv_isnullvalue, dv_parent_id, dv_querytext_filterc, stylesheet, widgetcontrols, widgetfunction, linkedobject, hidden, web_layoutorder) VALUES('ve_node_nodo_ficticio', 'form_feature', 'tab_data', 'region_id', 'lyt_data_3', 9, 'integer', 'combo', 'Region', 'region_id', NULL, false, false, false, false, NULL, 'SELECT region_id as id, name as idval FROM ext_region WHERE region_id IS NOT NULL', true, true, NULL, NULL, NULL, NULL, NULL, NULL, true, NULL);
INSERT INTO config_form_fields (formname, formtype, tabname, columnname, layoutname, layoutorder, "datatype", widgettype, "label", tooltip, placeholder, ismandatory, isparent, iseditable, isautoupdate, isfilter, dv_querytext, dv_orderby_id, dv_isnullvalue, dv_parent_id, dv_querytext_filterc, stylesheet, widgetcontrols, widgetfunction, linkedobject, hidden, web_layoutorder) VALUES('ve_node_pozo_circular', 'form_feature', 'tab_data', 'region_id', 'lyt_data_3', 9, 'integer', 'combo', 'Region', 'region_id', NULL, false, false, false, false, NULL, 'SELECT region_id as id, name as idval FROM ext_region WHERE region_id IS NOT NULL', true, true, NULL, NULL, NULL, NULL, NULL, NULL, true, NULL);
INSERT INTO config_form_fields (formname, formtype, tabname, columnname, layoutname, layoutorder, "datatype", widgettype, "label", tooltip, placeholder, ismandatory, isparent, iseditable, isautoupdate, isfilter, dv_querytext, dv_orderby_id, dv_isnullvalue, dv_parent_id, dv_querytext_filterc, stylesheet, widgetcontrols, widgetfunction, linkedobject, hidden, web_layoutorder) VALUES('ve_node_pozo_rectangular', 'form_feature', 'tab_data', 'region_id', 'lyt_data_3', 9, 'integer', 'combo', 'Region', 'region_id', NULL, false, false, false, false, NULL, 'SELECT region_id as id, name as idval FROM ext_region WHERE region_id IS NOT NULL', true, true, NULL, NULL, NULL, NULL, NULL, NULL, true, NULL);
INSERT INTO config_form_fields (formname, formtype, tabname, columnname, layoutname, layoutorder, "datatype", widgettype, "label", tooltip, placeholder, ismandatory, isparent, iseditable, isautoupdate, isfilter, dv_querytext, dv_orderby_id, dv_isnullvalue, dv_parent_id, dv_querytext_filterc, stylesheet, widgetcontrols, widgetfunction, linkedobject, hidden, web_layoutorder) VALUES('ve_node_aliviadero', 'form_feature', 'tab_data', 'region_id', 'lyt_data_3', 9, 'integer', 'combo', 'Region', 'region_id', NULL, false, false, false, false, NULL, 'SELECT region_id as id, name as idval FROM ext_region WHERE region_id IS NOT NULL', true, true, NULL, NULL, NULL, NULL, NULL, NULL, true, NULL);
INSERT INTO config_form_fields (formname, formtype, tabname, columnname, layoutname, layoutorder, "datatype", widgettype, "label", tooltip, placeholder, ismandatory, isparent, iseditable, isautoupdate, isfilter, dv_querytext, dv_orderby_id, dv_isnullvalue, dv_parent_id, dv_querytext_filterc, stylesheet, widgetcontrols, widgetfunction, linkedobject, hidden, web_layoutorder) VALUES('ve_node_punto_alto', 'form_feature', 'tab_data', 'region_id', 'lyt_data_3', 9, 'integer', 'combo', 'Region', 'region_id', NULL, false, false, false, false, NULL, 'SELECT region_id as id, name as idval FROM ext_region WHERE region_id IS NOT NULL', true, true, NULL, NULL, NULL, NULL, NULL, NULL, true, NULL);
INSERT INTO config_form_fields (formname, formtype, tabname, columnname, layoutname, layoutorder, "datatype", widgettype, "label", tooltip, placeholder, ismandatory, isparent, iseditable, isautoupdate, isfilter, dv_querytext, dv_orderby_id, dv_isnullvalue, dv_parent_id, dv_querytext_filterc, stylesheet, widgetcontrols, widgetfunction, linkedobject, hidden, web_layoutorder) VALUES('ve_arc_rapido', 'form_feature', 'tab_data', 'region_id', 'lyt_data_3', 8, 'integer', 'combo', 'Region', 'region_id', NULL, false, false, false, false, NULL, 'SELECT region_id as id, name as idval FROM ext_region WHERE region_id IS NOT NULL', true, true, NULL, NULL, NULL, NULL, NULL, NULL, true, NULL);
INSERT INTO config_form_fields (formname, formtype, tabname, columnname, layoutname, layoutorder, "datatype", widgettype, "label", tooltip, placeholder, ismandatory, isparent, iseditable, isautoupdate, isfilter, dv_querytext, dv_orderby_id, dv_isnullvalue, dv_parent_id, dv_querytext_filterc, stylesheet, widgetcontrols, widgetfunction, linkedobject, hidden, web_layoutorder) VALUES('ve_node_registro', 'form_feature', 'tab_data', 'region_id', 'lyt_data_3', 9, 'integer', 'combo', 'Region', 'region_id', NULL, false, false, false, false, NULL, 'SELECT region_id as id, name as idval FROM ext_region WHERE region_id IS NOT NULL', true, true, NULL, NULL, NULL, NULL, NULL, NULL, true, NULL);
INSERT INTO config_form_fields (formname, formtype, tabname, columnname, layoutname, layoutorder, "datatype", widgettype, "label", tooltip, placeholder, ismandatory, isparent, iseditable, isautoupdate, isfilter, dv_querytext, dv_orderby_id, dv_isnullvalue, dv_parent_id, dv_querytext_filterc, stylesheet, widgetcontrols, widgetfunction, linkedobject, hidden, web_layoutorder) VALUES('ve_gully_reja', 'form_feature', 'tab_data', 'region_id', 'lyt_data_3', 8, 'integer', 'combo', 'Region', 'region_id', NULL, false, false, false, false, NULL, 'SELECT region_id as id, name as idval FROM ext_region WHERE region_id IS NOT NULL', true, true, NULL, NULL, NULL, NULL, NULL, NULL, true, NULL);
INSERT INTO config_form_fields (formname, formtype, tabname, columnname, layoutname, layoutorder, "datatype", widgettype, "label", tooltip, placeholder, ismandatory, isparent, iseditable, isautoupdate, isfilter, dv_querytext, dv_orderby_id, dv_isnullvalue, dv_parent_id, dv_querytext_filterc, stylesheet, widgetcontrols, widgetfunction, linkedobject, hidden, web_layoutorder) VALUES('ve_node_salto', 'form_feature', 'tab_data', 'region_id', 'lyt_data_3', 9, 'integer', 'combo', 'Region', 'region_id', NULL, false, false, false, false, NULL, 'SELECT region_id as id, name as idval FROM ext_region WHERE region_id IS NOT NULL', true, true, NULL, NULL, NULL, NULL, NULL, NULL, true, NULL);
INSERT INTO config_form_fields (formname, formtype, tabname, columnname, layoutname, layoutorder, "datatype", widgettype, "label", tooltip, placeholder, ismandatory, isparent, iseditable, isautoupdate, isfilter, dv_querytext, dv_orderby_id, dv_isnullvalue, dv_parent_id, dv_querytext_filterc, stylesheet, widgetcontrols, widgetfunction, linkedobject, hidden, web_layoutorder) VALUES('ve_arc_sifon', 'form_feature', 'tab_data', 'region_id', 'lyt_data_3', 8, 'integer', 'combo', 'Region', 'region_id', NULL, false, false, false, false, NULL, 'SELECT region_id as id, name as idval FROM ext_region WHERE region_id IS NOT NULL', true, true, NULL, NULL, NULL, NULL, NULL, NULL, true, NULL);
INSERT INTO config_form_fields (formname, formtype, tabname, columnname, layoutname, layoutorder, "datatype", widgettype, "label", tooltip, placeholder, ismandatory, isparent, iseditable, isautoupdate, isfilter, dv_querytext, dv_orderby_id, dv_isnullvalue, dv_parent_id, dv_querytext_filterc, stylesheet, widgetcontrols, widgetfunction, linkedobject, hidden, web_layoutorder) VALUES('ve_gully_sumidero', 'form_feature', 'tab_data', 'region_id', 'lyt_data_3', 8, 'integer', 'combo', 'Region', 'region_id', NULL, false, false, false, false, NULL, 'SELECT region_id as id, name as idval FROM ext_region WHERE region_id IS NOT NULL', true, true, NULL, NULL, NULL, NULL, NULL, NULL, true, NULL);
INSERT INTO config_form_fields (formname, formtype, tabname, columnname, layoutname, layoutorder, "datatype", widgettype, "label", tooltip, placeholder, ismandatory, isparent, iseditable, isautoupdate, isfilter, dv_querytext, dv_orderby_id, dv_isnullvalue, dv_parent_id, dv_querytext_filterc, stylesheet, widgetcontrols, widgetfunction, linkedobject, hidden, web_layoutorder) VALUES('ve_gully_sumidero_ficticio', 'form_feature', 'tab_data', 'region_id', 'lyt_data_3', 8, 'integer', 'combo', 'Region', 'region_id', NULL, false, false, false, false, NULL, 'SELECT region_id as id, name as idval FROM ext_region WHERE region_id IS NOT NULL', true, true, NULL, NULL, NULL, NULL, NULL, NULL, true, NULL);
INSERT INTO config_form_fields (formname, formtype, tabname, columnname, layoutname, layoutorder, "datatype", widgettype, "label", tooltip, placeholder, ismandatory, isparent, iseditable, isautoupdate, isfilter, dv_querytext, dv_orderby_id, dv_isnullvalue, dv_parent_id, dv_querytext_filterc, stylesheet, widgetcontrols, widgetfunction, linkedobject, hidden, web_layoutorder) VALUES('ve_node_sumidero_topo', 'form_feature', 'tab_data', 'region_id', 'lyt_data_3', 9, 'integer', 'combo', 'Region', 'region_id', NULL, false, false, false, false, NULL, 'SELECT region_id as id, name as idval FROM ext_region WHERE region_id IS NOT NULL', true, true, NULL, NULL, NULL, NULL, NULL, NULL, true, NULL);
INSERT INTO config_form_fields (formname, formtype, tabname, columnname, layoutname, layoutorder, "datatype", widgettype, "label", tooltip, placeholder, ismandatory, isparent, iseditable, isautoupdate, isfilter, dv_querytext, dv_orderby_id, dv_isnullvalue, dv_parent_id, dv_querytext_filterc, stylesheet, widgetcontrols, widgetfunction, linkedobject, hidden, web_layoutorder) VALUES('ve_node_union', 'form_feature', 'tab_data', 'region_id', 'lyt_data_3', 9, 'integer', 'combo', 'Region', 'region_id', NULL, false, false, false, false, NULL, 'SELECT region_id as id, name as idval FROM ext_region WHERE region_id IS NOT NULL', true, true, NULL, NULL, NULL, NULL, NULL, NULL, true, NULL);
INSERT INTO config_form_fields (formname, formtype, tabname, columnname, layoutname, layoutorder, "datatype", widgettype, "label", tooltip, placeholder, ismandatory, isparent, iseditable, isautoupdate, isfilter, dv_querytext, dv_orderby_id, dv_isnullvalue, dv_parent_id, dv_querytext_filterc, stylesheet, widgetcontrols, widgetfunction, linkedobject, hidden, web_layoutorder) VALUES('ve_node_valvula', 'form_feature', 'tab_data', 'region_id', 'lyt_data_3', 9, 'integer', 'combo', 'Region', 'region_id', NULL, false, false, false, false, NULL, 'SELECT region_id as id, name as idval FROM ext_region WHERE region_id IS NOT NULL', true, true, NULL, NULL, NULL, NULL, NULL, NULL, true, NULL);

INSERT INTO config_form_fields (formname, formtype, tabname, columnname, layoutname, layoutorder, "datatype", widgettype, "label", tooltip, placeholder, ismandatory, isparent, iseditable, isautoupdate, isfilter, dv_querytext, dv_orderby_id, dv_isnullvalue, dv_parent_id, dv_querytext_filterc, stylesheet, widgetcontrols, widgetfunction, linkedobject, hidden, web_layoutorder) VALUES('ve_connec_acometida', 'form_feature', 'tab_data', 'province_id', 'lyt_data_3', 10, 'integer', 'combo', 'Province', 'province_id', NULL, false, false, false, false, NULL, 'SELECT province_id as id, name as idval FROM ext_province WHERE province_id IS NOT NULL', true, true, NULL, NULL, NULL, NULL, NULL, NULL, true, NULL);
INSERT INTO config_form_fields (formname, formtype, tabname, columnname, layoutname, layoutorder, "datatype", widgettype, "label", tooltip, placeholder, ismandatory, isparent, iseditable, isautoupdate, isfilter, dv_querytext, dv_orderby_id, dv_isnullvalue, dv_parent_id, dv_querytext_filterc, stylesheet, widgetcontrols, widgetfunction, linkedobject, hidden, web_layoutorder) VALUES('ve_connec_acometida_ficticia', 'form_feature', 'tab_data', 'province_id', 'lyt_data_3', 10, 'integer', 'combo', 'Province', 'province_id', NULL, false, false, false, false, NULL, 'SELECT province_id as id, name as idval FROM ext_province WHERE province_id IS NOT NULL', true, true, NULL, NULL, NULL, NULL, NULL, NULL, true, NULL);
INSERT INTO config_form_fields (formname, formtype, tabname, columnname, layoutname, layoutorder, "datatype", widgettype, "label", tooltip, placeholder, ismandatory, isparent, iseditable, isautoupdate, isfilter, dv_querytext, dv_orderby_id, dv_isnullvalue, dv_parent_id, dv_querytext_filterc, stylesheet, widgetcontrols, widgetfunction, linkedobject, hidden, web_layoutorder) VALUES('ve_node_arqueta_arenal', 'form_feature', 'tab_data', 'province_id', 'lyt_data_3', 10, 'integer', 'combo', 'Province', 'province_id', NULL, false, false, false, false, NULL, 'SELECT province_id as id, name as idval FROM ext_province WHERE province_id IS NOT NULL', true, true, NULL, NULL, NULL, NULL, NULL, NULL, true, NULL);
INSERT INTO config_form_fields (formname, formtype, tabname, columnname, layoutname, layoutorder, "datatype", widgettype, "label", tooltip, placeholder, ismandatory, isparent, iseditable, isautoupdate, isfilter, dv_querytext, dv_orderby_id, dv_isnullvalue, dv_parent_id, dv_querytext_filterc, stylesheet, widgetcontrols, widgetfunction, linkedobject, hidden, web_layoutorder) VALUES('ve_node_cambio_seccion', 'form_feature', 'tab_data', 'province_id', 'lyt_data_3', 10, 'integer', 'combo', 'Province', 'province_id', NULL, false, false, false, false, NULL, 'SELECT province_id as id, name as idval FROM ext_province WHERE province_id IS NOT NULL', true, true, NULL, NULL, NULL, NULL, NULL, NULL, true, NULL);
INSERT INTO config_form_fields (formname, formtype, tabname, columnname, layoutname, layoutorder, "datatype", widgettype, "label", tooltip, placeholder, ismandatory, isparent, iseditable, isautoupdate, isfilter, dv_querytext, dv_orderby_id, dv_isnullvalue, dv_parent_id, dv_querytext_filterc, stylesheet, widgetcontrols, widgetfunction, linkedobject, hidden, web_layoutorder) VALUES('ve_node_camera', 'form_feature', 'tab_data', 'province_id', 'lyt_data_3', 10, 'integer', 'combo', 'Province', 'province_id', NULL, false, false, false, false, NULL, 'SELECT province_id as id, name as idval FROM ext_province WHERE province_id IS NOT NULL', true, true, NULL, NULL, NULL, NULL, NULL, NULL, true, NULL);
INSERT INTO config_form_fields (formname, formtype, tabname, columnname, layoutname, layoutorder, "datatype", widgettype, "label", tooltip, placeholder, ismandatory, isparent, iseditable, isautoupdate, isfilter, dv_querytext, dv_orderby_id, dv_isnullvalue, dv_parent_id, dv_querytext_filterc, stylesheet, widgetcontrols, widgetfunction, linkedobject, hidden, web_layoutorder) VALUES('ve_arc_conducto', 'form_feature', 'tab_data', 'province_id', 'lyt_data_3', 9, 'integer', 'combo', 'Province', 'province_id', NULL, false, false, false, false, NULL, 'SELECT province_id as id, name as idval FROM ext_province WHERE province_id IS NOT NULL', true, true, NULL, NULL, NULL, NULL, NULL, NULL, true, NULL);
INSERT INTO config_form_fields (formname, formtype, tabname, columnname, layoutname, layoutorder, "datatype", widgettype, "label", tooltip, placeholder, ismandatory, isparent, iseditable, isautoupdate, isfilter, dv_querytext, dv_orderby_id, dv_isnullvalue, dv_parent_id, dv_querytext_filterc, stylesheet, widgetcontrols, widgetfunction, linkedobject, hidden, web_layoutorder) VALUES('ve_node_deposito', 'form_feature', 'tab_data', 'province_id', 'lyt_data_3', 10, 'integer', 'combo', 'Province', 'province_id', NULL, false, false, false, false, NULL, 'SELECT province_id as id, name as idval FROM ext_province WHERE province_id IS NOT NULL', true, true, NULL, NULL, NULL, NULL, NULL, NULL, true, NULL);
INSERT INTO config_form_fields (formname, formtype, tabname, columnname, layoutname, layoutorder, "datatype", widgettype, "label", tooltip, placeholder, ismandatory, isparent, iseditable, isautoupdate, isfilter, dv_querytext, dv_orderby_id, dv_isnullvalue, dv_parent_id, dv_querytext_filterc, stylesheet, widgetcontrols, widgetfunction, linkedobject, hidden, web_layoutorder) VALUES('ve_node_deposito_desbordamiento', 'form_feature', 'tab_data', 'province_id', 'lyt_data_3', 10, 'integer', 'combo', 'Province', 'province_id', NULL, false, false, false, false, NULL, 'SELECT province_id as id, name as idval FROM ext_province WHERE province_id IS NOT NULL', true, true, NULL, NULL, NULL, NULL, NULL, NULL, true, NULL);
INSERT INTO config_form_fields (formname, formtype, tabname, columnname, layoutname, layoutorder, "datatype", widgettype, "label", tooltip, placeholder, ismandatory, isparent, iseditable, isautoupdate, isfilter, dv_querytext, dv_orderby_id, dv_isnullvalue, dv_parent_id, dv_querytext_filterc, stylesheet, widgetcontrols, widgetfunction, linkedobject, hidden, web_layoutorder) VALUES('ve_node_desague', 'form_feature', 'tab_data', 'province_id', 'lyt_data_3', 10, 'integer', 'combo', 'Province', 'province_id', NULL, false, false, false, false, NULL, 'SELECT province_id as id, name as idval FROM ext_province WHERE province_id IS NOT NULL', true, true, NULL, NULL, NULL, NULL, NULL, NULL, true, NULL);
INSERT INTO config_form_fields (formname, formtype, tabname, columnname, layoutname, layoutorder, "datatype", widgettype, "label", tooltip, placeholder, ismandatory, isparent, iseditable, isautoupdate, isfilter, dv_querytext, dv_orderby_id, dv_isnullvalue, dv_parent_id, dv_querytext_filterc, stylesheet, widgetcontrols, widgetfunction, linkedobject, hidden, web_layoutorder) VALUES('ve_node_edar', 'form_feature', 'tab_data', 'province_id', 'lyt_data_3', 10, 'integer', 'combo', 'Province', 'province_id', NULL, false, false, false, false, NULL, 'SELECT province_id as id, name as idval FROM ext_province WHERE province_id IS NOT NULL', true, true, NULL, NULL, NULL, NULL, NULL, NULL, true, NULL);
INSERT INTO config_form_fields (formname, formtype, tabname, columnname, layoutname, layoutorder, "datatype", widgettype, "label", tooltip, placeholder, ismandatory, isparent, iseditable, isautoupdate, isfilter, dv_querytext, dv_orderby_id, dv_isnullvalue, dv_parent_id, dv_querytext_filterc, stylesheet, widgetcontrols, widgetfunction, linkedobject, hidden, web_layoutorder) VALUES('ve_node_elemento_topo', 'form_feature', 'tab_data', 'province_id', 'lyt_data_3', 10, 'integer', 'combo', 'Province', 'province_id', NULL, false, false, false, false, NULL, 'SELECT province_id as id, name as idval FROM ext_province WHERE province_id IS NOT NULL', true, true, NULL, NULL, NULL, NULL, NULL, NULL, true, NULL);
INSERT INTO config_form_fields (formname, formtype, tabname, columnname, layoutname, layoutorder, "datatype", widgettype, "label", tooltip, placeholder, ismandatory, isparent, iseditable, isautoupdate, isfilter, dv_querytext, dv_orderby_id, dv_isnullvalue, dv_parent_id, dv_querytext_filterc, stylesheet, widgetcontrols, widgetfunction, linkedobject, hidden, web_layoutorder) VALUES('ve_node_estacion_bombeo', 'form_feature', 'tab_data', 'province_id', 'lyt_data_3', 10, 'integer', 'combo', 'Province', 'province_id', NULL, false, false, false, false, NULL, 'SELECT province_id as id, name as idval FROM ext_province WHERE province_id IS NOT NULL', true, true, NULL, NULL, NULL, NULL, NULL, NULL, true, NULL);
INSERT INTO config_form_fields (formname, formtype, tabname, columnname, layoutname, layoutorder, "datatype", widgettype, "label", tooltip, placeholder, ismandatory, isparent, iseditable, isautoupdate, isfilter, dv_querytext, dv_orderby_id, dv_isnullvalue, dv_parent_id, dv_querytext_filterc, stylesheet, widgetcontrols, widgetfunction, linkedobject, hidden, web_layoutorder) VALUES('ve_arc_ficticio', 'form_feature', 'tab_data', 'province_id', 'lyt_data_3', 9, 'integer', 'combo', 'Province', 'province_id', NULL, false, false, false, false, NULL, 'SELECT province_id as id, name as idval FROM ext_province WHERE province_id IS NOT NULL', true, true, NULL, NULL, NULL, NULL, NULL, NULL, true, NULL);
INSERT INTO config_form_fields (formname, formtype, tabname, columnname, layoutname, layoutorder, "datatype", widgettype, "label", tooltip, placeholder, ismandatory, isparent, iseditable, isautoupdate, isfilter, dv_querytext, dv_orderby_id, dv_isnullvalue, dv_parent_id, dv_querytext_filterc, stylesheet, widgetcontrols, widgetfunction, linkedobject, hidden, web_layoutorder) VALUES('ve_arc_impulsion', 'form_feature', 'tab_data', 'province_id', 'lyt_data_3', 9, 'integer', 'combo', 'Province', 'province_id', NULL, false, false, false, false, NULL, 'SELECT province_id as id, name as idval FROM ext_province WHERE province_id IS NOT NULL', true, true, NULL, NULL, NULL, NULL, NULL, NULL, true, NULL);
INSERT INTO config_form_fields (formname, formtype, tabname, columnname, layoutname, layoutorder, "datatype", widgettype, "label", tooltip, placeholder, ismandatory, isparent, iseditable, isautoupdate, isfilter, dv_querytext, dv_orderby_id, dv_isnullvalue, dv_parent_id, dv_querytext_filterc, stylesheet, widgetcontrols, widgetfunction, linkedobject, hidden, web_layoutorder) VALUES('ve_node_inicio', 'form_feature', 'tab_data', 'province_id', 'lyt_data_3', 10, 'integer', 'combo', 'Province', 'province_id', NULL, false, false, false, false, NULL, 'SELECT province_id as id, name as idval FROM ext_province WHERE province_id IS NOT NULL', true, true, NULL, NULL, NULL, NULL, NULL, NULL, true, NULL);
INSERT INTO config_form_fields (formname, formtype, tabname, columnname, layoutname, layoutorder, "datatype", widgettype, "label", tooltip, placeholder, ismandatory, isparent, iseditable, isautoupdate, isfilter, dv_querytext, dv_orderby_id, dv_isnullvalue, dv_parent_id, dv_querytext_filterc, stylesheet, widgetcontrols, widgetfunction, linkedobject, hidden, web_layoutorder) VALUES('ve_node_nodo_ficticio', 'form_feature', 'tab_data', 'province_id', 'lyt_data_3', 10, 'integer', 'combo', 'Province', 'province_id', NULL, false, false, false, false, NULL, 'SELECT province_id as id, name as idval FROM ext_province WHERE province_id IS NOT NULL', true, true, NULL, NULL, NULL, NULL, NULL, NULL, true, NULL);
INSERT INTO config_form_fields (formname, formtype, tabname, columnname, layoutname, layoutorder, "datatype", widgettype, "label", tooltip, placeholder, ismandatory, isparent, iseditable, isautoupdate, isfilter, dv_querytext, dv_orderby_id, dv_isnullvalue, dv_parent_id, dv_querytext_filterc, stylesheet, widgetcontrols, widgetfunction, linkedobject, hidden, web_layoutorder) VALUES('ve_node_pozo_circular', 'form_feature', 'tab_data', 'province_id', 'lyt_data_3', 10, 'integer', 'combo', 'Province', 'province_id', NULL, false, false, false, false, NULL, 'SELECT province_id as id, name as idval FROM ext_province WHERE province_id IS NOT NULL', true, true, NULL, NULL, NULL, NULL, NULL, NULL, true, NULL);
INSERT INTO config_form_fields (formname, formtype, tabname, columnname, layoutname, layoutorder, "datatype", widgettype, "label", tooltip, placeholder, ismandatory, isparent, iseditable, isautoupdate, isfilter, dv_querytext, dv_orderby_id, dv_isnullvalue, dv_parent_id, dv_querytext_filterc, stylesheet, widgetcontrols, widgetfunction, linkedobject, hidden, web_layoutorder) VALUES('ve_node_pozo_rectangular', 'form_feature', 'tab_data', 'province_id', 'lyt_data_3', 10, 'integer', 'combo', 'Province', 'province_id', NULL, false, false, false, false, NULL, 'SELECT province_id as id, name as idval FROM ext_province WHERE province_id IS NOT NULL', true, true, NULL, NULL, NULL, NULL, NULL, NULL, true, NULL);
INSERT INTO config_form_fields (formname, formtype, tabname, columnname, layoutname, layoutorder, "datatype", widgettype, "label", tooltip, placeholder, ismandatory, isparent, iseditable, isautoupdate, isfilter, dv_querytext, dv_orderby_id, dv_isnullvalue, dv_parent_id, dv_querytext_filterc, stylesheet, widgetcontrols, widgetfunction, linkedobject, hidden, web_layoutorder) VALUES('ve_node_aliviadero', 'form_feature', 'tab_data', 'province_id', 'lyt_data_3', 10, 'integer', 'combo', 'Province', 'province_id', NULL, false, false, false, false, NULL, 'SELECT province_id as id, name as idval FROM ext_province WHERE province_id IS NOT NULL', true, true, NULL, NULL, NULL, NULL, NULL, NULL, true, NULL);
INSERT INTO config_form_fields (formname, formtype, tabname, columnname, layoutname, layoutorder, "datatype", widgettype, "label", tooltip, placeholder, ismandatory, isparent, iseditable, isautoupdate, isfilter, dv_querytext, dv_orderby_id, dv_isnullvalue, dv_parent_id, dv_querytext_filterc, stylesheet, widgetcontrols, widgetfunction, linkedobject, hidden, web_layoutorder) VALUES('ve_node_punto_alto', 'form_feature', 'tab_data', 'province_id', 'lyt_data_3', 10, 'integer', 'combo', 'Province', 'province_id', NULL, false, false, false, false, NULL, 'SELECT province_id as id, name as idval FROM ext_province WHERE province_id IS NOT NULL', true, true, NULL, NULL, NULL, NULL, NULL, NULL, true, NULL);
INSERT INTO config_form_fields (formname, formtype, tabname, columnname, layoutname, layoutorder, "datatype", widgettype, "label", tooltip, placeholder, ismandatory, isparent, iseditable, isautoupdate, isfilter, dv_querytext, dv_orderby_id, dv_isnullvalue, dv_parent_id, dv_querytext_filterc, stylesheet, widgetcontrols, widgetfunction, linkedobject, hidden, web_layoutorder) VALUES('ve_arc_rapido', 'form_feature', 'tab_data', 'province_id', 'lyt_data_3', 9, 'integer', 'combo', 'Province', 'province_id', NULL, false, false, false, false, NULL, 'SELECT province_id as id, name as idval FROM ext_province WHERE province_id IS NOT NULL', true, true, NULL, NULL, NULL, NULL, NULL, NULL, true, NULL);
INSERT INTO config_form_fields (formname, formtype, tabname, columnname, layoutname, layoutorder, "datatype", widgettype, "label", tooltip, placeholder, ismandatory, isparent, iseditable, isautoupdate, isfilter, dv_querytext, dv_orderby_id, dv_isnullvalue, dv_parent_id, dv_querytext_filterc, stylesheet, widgetcontrols, widgetfunction, linkedobject, hidden, web_layoutorder) VALUES('ve_node_registro', 'form_feature', 'tab_data', 'province_id', 'lyt_data_3', 10, 'integer', 'combo', 'Province', 'province_id', NULL, false, false, false, false, NULL, 'SELECT province_id as id, name as idval FROM ext_province WHERE province_id IS NOT NULL', true, true, NULL, NULL, NULL, NULL, NULL, NULL, true, NULL);
INSERT INTO config_form_fields (formname, formtype, tabname, columnname, layoutname, layoutorder, "datatype", widgettype, "label", tooltip, placeholder, ismandatory, isparent, iseditable, isautoupdate, isfilter, dv_querytext, dv_orderby_id, dv_isnullvalue, dv_parent_id, dv_querytext_filterc, stylesheet, widgetcontrols, widgetfunction, linkedobject, hidden, web_layoutorder) VALUES('ve_gully_reja', 'form_feature', 'tab_data', 'province_id', 'lyt_data_3', 9, 'integer', 'combo', 'Province', 'province_id', NULL, false, false, false, false, NULL, 'SELECT province_id as id, name as idval FROM ext_province WHERE province_id IS NOT NULL', true, true, NULL, NULL, NULL, NULL, NULL, NULL, true, NULL);
INSERT INTO config_form_fields (formname, formtype, tabname, columnname, layoutname, layoutorder, "datatype", widgettype, "label", tooltip, placeholder, ismandatory, isparent, iseditable, isautoupdate, isfilter, dv_querytext, dv_orderby_id, dv_isnullvalue, dv_parent_id, dv_querytext_filterc, stylesheet, widgetcontrols, widgetfunction, linkedobject, hidden, web_layoutorder) VALUES('ve_node_salto', 'form_feature', 'tab_data', 'province_id', 'lyt_data_3', 10, 'integer', 'combo', 'Province', 'province_id', NULL, false, false, false, false, NULL, 'SELECT province_id as id, name as idval FROM ext_province WHERE province_id IS NOT NULL', true, true, NULL, NULL, NULL, NULL, NULL, NULL, true, NULL);
INSERT INTO config_form_fields (formname, formtype, tabname, columnname, layoutname, layoutorder, "datatype", widgettype, "label", tooltip, placeholder, ismandatory, isparent, iseditable, isautoupdate, isfilter, dv_querytext, dv_orderby_id, dv_isnullvalue, dv_parent_id, dv_querytext_filterc, stylesheet, widgetcontrols, widgetfunction, linkedobject, hidden, web_layoutorder) VALUES('ve_arc_sifon', 'form_feature', 'tab_data', 'province_id', 'lyt_data_3', 9, 'integer', 'combo', 'Province', 'province_id', NULL, false, false, false, false, NULL, 'SELECT province_id as id, name as idval FROM ext_province WHERE province_id IS NOT NULL', true, true, NULL, NULL, NULL, NULL, NULL, NULL, true, NULL);
INSERT INTO config_form_fields (formname, formtype, tabname, columnname, layoutname, layoutorder, "datatype", widgettype, "label", tooltip, placeholder, ismandatory, isparent, iseditable, isautoupdate, isfilter, dv_querytext, dv_orderby_id, dv_isnullvalue, dv_parent_id, dv_querytext_filterc, stylesheet, widgetcontrols, widgetfunction, linkedobject, hidden, web_layoutorder) VALUES('ve_gully_sumidero', 'form_feature', 'tab_data', 'province_id', 'lyt_data_3', 9, 'integer', 'combo', 'Province', 'province_id', NULL, false, false, false, false, NULL, 'SELECT province_id as id, name as idval FROM ext_province WHERE province_id IS NOT NULL', true, true, NULL, NULL, NULL, NULL, NULL, NULL, true, NULL);
INSERT INTO config_form_fields (formname, formtype, tabname, columnname, layoutname, layoutorder, "datatype", widgettype, "label", tooltip, placeholder, ismandatory, isparent, iseditable, isautoupdate, isfilter, dv_querytext, dv_orderby_id, dv_isnullvalue, dv_parent_id, dv_querytext_filterc, stylesheet, widgetcontrols, widgetfunction, linkedobject, hidden, web_layoutorder) VALUES('ve_gully_sumidero_ficticio', 'form_feature', 'tab_data', 'province_id', 'lyt_data_3', 9, 'integer', 'combo', 'Province', 'province_id', NULL, false, false, false, false, NULL, 'SELECT province_id as id, name as idval FROM ext_province WHERE province_id IS NOT NULL', true, true, NULL, NULL, NULL, NULL, NULL, NULL, true, NULL);
INSERT INTO config_form_fields (formname, formtype, tabname, columnname, layoutname, layoutorder, "datatype", widgettype, "label", tooltip, placeholder, ismandatory, isparent, iseditable, isautoupdate, isfilter, dv_querytext, dv_orderby_id, dv_isnullvalue, dv_parent_id, dv_querytext_filterc, stylesheet, widgetcontrols, widgetfunction, linkedobject, hidden, web_layoutorder) VALUES('ve_node_sumidero_topo', 'form_feature', 'tab_data', 'province_id', 'lyt_data_3', 10, 'integer', 'combo', 'Province', 'province_id', NULL, false, false, false, false, NULL, 'SELECT province_id as id, name as idval FROM ext_province WHERE province_id IS NOT NULL', true, true, NULL, NULL, NULL, NULL, NULL, NULL, true, NULL);
INSERT INTO config_form_fields (formname, formtype, tabname, columnname, layoutname, layoutorder, "datatype", widgettype, "label", tooltip, placeholder, ismandatory, isparent, iseditable, isautoupdate, isfilter, dv_querytext, dv_orderby_id, dv_isnullvalue, dv_parent_id, dv_querytext_filterc, stylesheet, widgetcontrols, widgetfunction, linkedobject, hidden, web_layoutorder) VALUES('ve_node_union', 'form_feature', 'tab_data', 'province_id', 'lyt_data_3', 10, 'integer', 'combo', 'Province', 'province_id', NULL, false, false, false, false, NULL, 'SELECT province_id as id, name as idval FROM ext_province WHERE province_id IS NOT NULL', true, true, NULL, NULL, NULL, NULL, NULL, NULL, true, NULL);
INSERT INTO config_form_fields (formname, formtype, tabname, columnname, layoutname, layoutorder, "datatype", widgettype, "label", tooltip, placeholder, ismandatory, isparent, iseditable, isautoupdate, isfilter, dv_querytext, dv_orderby_id, dv_isnullvalue, dv_parent_id, dv_querytext_filterc, stylesheet, widgetcontrols, widgetfunction, linkedobject, hidden, web_layoutorder) VALUES('ve_node_valvula', 'form_feature', 'tab_data', 'province_id', 'lyt_data_3', 10, 'integer', 'combo', 'Province', 'province_id', NULL, false, false, false, false, NULL, 'SELECT province_id as id, name as idval FROM ext_province WHERE province_id IS NOT NULL', true, true, NULL, NULL, NULL, NULL, NULL, NULL, true, NULL);

-- triggers
DROP TRIGGER IF EXISTS gw_trg_edit_arc ON v_edit_arc;
CREATE TRIGGER gw_trg_edit_arc INSTEAD OF INSERT OR DELETE OR UPDATE ON v_edit_arc FOR EACH ROW EXECUTE FUNCTION gw_trg_edit_arc('parent');

DROP TRIGGER IF EXISTS gw_trg_edit_arc_conducto ON ve_arc_conducto;
CREATE TRIGGER gw_trg_edit_arc_conducto INSTEAD OF INSERT OR DELETE OR UPDATE ON ve_arc_conducto FOR EACH ROW EXECUTE FUNCTION gw_trg_edit_arc('CONDUCTO');

DROP TRIGGER IF EXISTS gw_trg_edit_arc_ficticio ON ve_arc_ficticio;
CREATE TRIGGER gw_trg_edit_arc_ficticio INSTEAD OF INSERT OR DELETE OR UPDATE ON ve_arc_ficticio FOR EACH ROW EXECUTE FUNCTION gw_trg_edit_arc('FICTICIO');

DROP TRIGGER IF EXISTS gw_trg_edit_arc_impulsion ON ve_arc_impulsion;
CREATE TRIGGER gw_trg_edit_arc_impulsion INSTEAD OF INSERT OR DELETE OR UPDATE ON ve_arc_impulsion FOR EACH ROW EXECUTE FUNCTION gw_trg_edit_arc('IMPULSION');

DROP TRIGGER IF EXISTS gw_trg_edit_arc_rapido ON ve_arc_rapido;
CREATE TRIGGER gw_trg_edit_arc_rapido INSTEAD OF INSERT OR DELETE OR UPDATE ON ve_arc_rapido FOR EACH ROW EXECUTE FUNCTION gw_trg_edit_arc('RAPIDO');

DROP TRIGGER IF EXISTS gw_trg_edit_arc_sifon ON ve_arc_sifon;
CREATE TRIGGER gw_trg_edit_arc_sifon INSTEAD OF INSERT OR DELETE OR UPDATE ON ve_arc_sifon FOR EACH ROW EXECUTE FUNCTION gw_trg_edit_arc('SIFON');

DROP TRIGGER IF EXISTS gw_trg_edit_connec ON v_edit_connec;
CREATE TRIGGER gw_trg_edit_connec INSTEAD OF INSERT OR DELETE OR UPDATE ON v_edit_connec FOR EACH ROW EXECUTE FUNCTION gw_trg_edit_connec('parent');

DROP TRIGGER IF EXISTS gw_trg_edit_connec_acometida ON ve_connec_acometida;
CREATE TRIGGER gw_trg_edit_connec_acometida INSTEAD OF INSERT OR DELETE OR UPDATE ON ve_connec_acometida FOR EACH ROW EXECUTE FUNCTION gw_trg_edit_connec('ACOMETIDA');

DROP TRIGGER IF EXISTS gw_trg_edit_connec_acometida_ficticia ON ve_connec_acometida_ficticia;
CREATE TRIGGER gw_trg_edit_connec_acometida_ficticia INSTEAD OF INSERT OR DELETE OR UPDATE ON ve_connec_acometida_ficticia FOR EACH ROW EXECUTE FUNCTION gw_trg_edit_connec('ACOMETIDA_FICTICIA');

DROP TRIGGER IF EXISTS gw_trg_edit_gully ON v_edit_gully;
CREATE TRIGGER gw_trg_edit_gully INSTEAD OF INSERT OR DELETE OR UPDATE ON v_edit_gully FOR EACH ROW EXECUTE FUNCTION gw_trg_edit_gully('parent');

DROP TRIGGER IF EXISTS gw_trg_edit_gully_reja ON ve_gully_reja;
CREATE TRIGGER gw_trg_edit_gully_reja INSTEAD OF INSERT OR DELETE OR UPDATE ON ve_gully_reja FOR EACH ROW EXECUTE FUNCTION gw_trg_edit_gully('REJA');

DROP TRIGGER IF EXISTS gw_trg_edit_gully_sumidero ON ve_gully_sumidero;
CREATE TRIGGER gw_trg_edit_gully_sumidero INSTEAD OF INSERT OR DELETE OR UPDATE ON ve_gully_sumidero FOR EACH ROW EXECUTE FUNCTION gw_trg_edit_gully('SUMIDERO');

DROP TRIGGER IF EXISTS gw_trg_edit_gully_sumidero_ficticio ON ve_gully_sumidero_ficticio;
CREATE TRIGGER gw_trg_edit_gully_sumidero_ficticio INSTEAD OF INSERT OR DELETE OR UPDATE ON ve_gully_sumidero_ficticio FOR EACH ROW EXECUTE FUNCTION gw_trg_edit_gully('SUMIDERO_FICTICIO');

DROP TRIGGER IF EXISTS gw_trg_edit_node ON v_edit_node;
CREATE TRIGGER gw_trg_edit_node INSTEAD OF INSERT OR DELETE OR UPDATE ON v_edit_node FOR EACH ROW EXECUTE FUNCTION gw_trg_edit_node('parent');

DROP TRIGGER IF EXISTS gw_trg_edit_node_arqueta_arenal ON ve_node_arqueta_arenal;
CREATE TRIGGER gw_trg_edit_node_arqueta_arenal INSTEAD OF INSERT OR DELETE OR UPDATE ON ve_node_arqueta_arenal FOR EACH ROW EXECUTE FUNCTION gw_trg_edit_node('ARQUETA_ARENAL');

DROP TRIGGER IF EXISTS gw_trg_edit_node_cambio_seccion ON ve_node_cambio_seccion;
CREATE TRIGGER gw_trg_edit_node_cambio_seccion INSTEAD OF INSERT OR DELETE OR UPDATE ON ve_node_cambio_seccion FOR EACH ROW EXECUTE FUNCTION gw_trg_edit_node('CAMBIO_SECCION');

DROP TRIGGER IF EXISTS gw_trg_edit_node_camera ON ve_node_camera;
CREATE TRIGGER gw_trg_edit_node_camera INSTEAD OF INSERT OR DELETE OR UPDATE ON ve_node_camera FOR EACH ROW EXECUTE FUNCTION gw_trg_edit_node('CAMERA');

DROP TRIGGER IF EXISTS gw_trg_edit_node_deposito ON ve_node_deposito;
CREATE TRIGGER gw_trg_edit_node_deposito INSTEAD OF INSERT OR DELETE OR UPDATE ON ve_node_deposito FOR EACH ROW EXECUTE FUNCTION gw_trg_edit_node('DEPOSITO');

DROP TRIGGER IF EXISTS gw_trg_edit_node_deposito_desbordamiento ON ve_node_deposito_desbordamiento;
CREATE TRIGGER gw_trg_edit_node_deposito_desbordamiento INSTEAD OF INSERT OR DELETE OR UPDATE ON ve_node_deposito_desbordamiento FOR EACH ROW EXECUTE FUNCTION gw_trg_edit_node('DEPOSITO_DESBORDAMIENTO');

DROP TRIGGER IF EXISTS gw_trg_edit_node_desague ON ve_node_desague;
CREATE TRIGGER gw_trg_edit_node_desague INSTEAD OF INSERT OR DELETE OR UPDATE ON ve_node_desague FOR EACH ROW EXECUTE FUNCTION gw_trg_edit_node('DESAGUE');

DROP TRIGGER IF EXISTS gw_trg_edit_node_edar ON ve_node_edar;
CREATE TRIGGER gw_trg_edit_node_edar INSTEAD OF INSERT OR DELETE OR UPDATE ON ve_node_edar FOR EACH ROW EXECUTE FUNCTION gw_trg_edit_node('EDAR');

DROP TRIGGER IF EXISTS gw_trg_edit_node_elemento_topo ON ve_node_elemento_topo;
CREATE TRIGGER gw_trg_edit_node_elemento_topo INSTEAD OF INSERT OR DELETE OR UPDATE ON ve_node_elemento_topo FOR EACH ROW EXECUTE FUNCTION gw_trg_edit_node('ELEMENTO_TOPO');

DROP TRIGGER IF EXISTS gw_trg_edit_node_estacion_bombeo ON ve_node_estacion_bombeo;
CREATE TRIGGER gw_trg_edit_node_estacion_bombeo INSTEAD OF INSERT OR DELETE OR UPDATE ON ve_node_estacion_bombeo FOR EACH ROW EXECUTE FUNCTION gw_trg_edit_node('ESTACION_BOMBEO');

DROP TRIGGER IF EXISTS gw_trg_edit_node_inicio ON ve_node_inicio;
CREATE TRIGGER gw_trg_edit_node_inicio INSTEAD OF INSERT OR DELETE OR UPDATE ON ve_node_inicio FOR EACH ROW EXECUTE FUNCTION gw_trg_edit_node('INICIO');

DROP TRIGGER IF EXISTS gw_trg_edit_node_nodo_ficticio ON ve_node_nodo_ficticio;
CREATE TRIGGER gw_trg_edit_node_nodo_ficticio INSTEAD OF INSERT OR DELETE OR UPDATE ON ve_node_nodo_ficticio FOR EACH ROW EXECUTE FUNCTION gw_trg_edit_node('NODO_FICTICIO');

DROP TRIGGER IF EXISTS gw_trg_edit_node_pozo_circular ON ve_node_pozo_circular;
CREATE TRIGGER gw_trg_edit_node_pozo_circular INSTEAD OF INSERT OR DELETE OR UPDATE ON ve_node_pozo_circular FOR EACH ROW EXECUTE FUNCTION gw_trg_edit_node('POZO_CIRCULAR');

DROP TRIGGER IF EXISTS gw_trg_edit_node_pozo_rectangular ON ve_node_pozo_rectangular;
CREATE TRIGGER gw_trg_edit_node_pozo_rectangular INSTEAD OF INSERT OR DELETE OR UPDATE ON ve_node_pozo_rectangular FOR EACH ROW EXECUTE FUNCTION gw_trg_edit_node('POZO_RECTANGULAR');

DROP TRIGGER IF EXISTS gw_trg_edit_node_aliviadero ON ve_node_aliviadero;
CREATE TRIGGER gw_trg_edit_node_aliviadero INSTEAD OF INSERT OR DELETE OR UPDATE ON ve_node_aliviadero FOR EACH ROW EXECUTE FUNCTION gw_trg_edit_node('ALIVIADERO');

DROP TRIGGER IF EXISTS gw_trg_edit_node_punto_alto ON ve_node_punto_alto;
CREATE TRIGGER gw_trg_edit_node_punto_alto INSTEAD OF INSERT OR DELETE OR UPDATE ON ve_node_punto_alto FOR EACH ROW EXECUTE FUNCTION gw_trg_edit_node('PUNTO_ALTO');

DROP TRIGGER IF EXISTS gw_trg_edit_node_registro ON ve_node_registro;
CREATE TRIGGER gw_trg_edit_node_registro INSTEAD OF INSERT OR DELETE OR UPDATE ON ve_node_registro FOR EACH ROW EXECUTE FUNCTION gw_trg_edit_node('REGISTRO');

DROP TRIGGER IF EXISTS gw_trg_edit_node_salto ON ve_node_salto;
CREATE TRIGGER gw_trg_edit_node_salto INSTEAD OF INSERT OR DELETE OR UPDATE ON ve_node_salto FOR EACH ROW EXECUTE FUNCTION gw_trg_edit_node('SALTO');

DROP TRIGGER IF EXISTS gw_trg_edit_node_sumidero_topo ON ve_node_sumidero_topo;
CREATE TRIGGER gw_trg_edit_node_sumidero_topo INSTEAD OF INSERT OR DELETE OR UPDATE ON ve_node_sumidero_topo FOR EACH ROW EXECUTE FUNCTION gw_trg_edit_node('SUMIDERO_TOPO');

DROP TRIGGER IF EXISTS gw_trg_edit_node_union ON ve_node_union;
CREATE TRIGGER gw_trg_edit_node_union INSTEAD OF INSERT OR DELETE OR UPDATE ON ve_node_union FOR EACH ROW EXECUTE FUNCTION gw_trg_edit_node('UNION');

DROP TRIGGER IF EXISTS gw_trg_edit_node_valvula ON ve_node_valvula;
CREATE TRIGGER gw_trg_edit_node_valvula INSTEAD OF INSERT OR DELETE OR UPDATE ON ve_node_valvula FOR EACH ROW EXECUTE FUNCTION gw_trg_edit_node('VALVULA');


-- sys_table
INSERT INTO sys_table VALUES ('ve_connec_acometida', 'Custom editable view for ACOMETIDA', 'role_edit',0, '{"level_1":"INVENTORY","level_2":"NETWORK","level_3":"CONNEC"}', NULL, 'Acometida', NULL, NULL, NULL, NULL, NULL, NULL);
INSERT INTO sys_table VALUES ('ve_connec_acometida_ficticia', 'Custom editable view for ACOMETIDA_FICTICIA', 'role_edit', 0, '{"level_1":"INVENTORY","level_2":"NETWORK","level_3":"CONNEC"}', NULL, 'Acometida_Ficticia', NULL, NULL, NULL, NULL, NULL, NULL);
INSERT INTO sys_table VALUES ('ve_node_arqueta_arenal', 'Custom editable view for ARQUETA_ARENAL', 'role_edit', 0, '{"level_1":"INVENTORY","level_2":"NETWORK","level_3":"NODE"}', NULL, 'Arqueta_Arenal', NULL, NULL, NULL, NULL, NULL, NULL);
INSERT INTO sys_table VALUES ('ve_node_cambio_seccion', 'Custom editable view for CAMBIO_SECCION', 'role_edit', 0, '{"level_1":"INVENTORY","level_2":"NETWORK","level_3":"NODE"}', NULL, 'Cambio_Seccion', NULL, NULL, NULL, NULL, NULL, NULL);
INSERT INTO sys_table VALUES ('ve_node_camera', 'Custom editable view for CAMERA', 'role_edit', 0, '{"level_1":"INVENTORY","level_2":"NETWORK","level_3":"NODE"}', NULL, 'Camera', NULL, NULL, NULL, NULL, NULL, NULL);
INSERT INTO sys_table VALUES ('ve_arc_conducto', 'Custom editable view for CONDUCTO', 'role_edit', 0, '{"level_1":"INVENTORY","level_2":"NETWORK","level_3":"ARC"}', NULL, 'Conducto', NULL, NULL, NULL, NULL, NULL, NULL);
INSERT INTO sys_table VALUES ('ve_node_deposito', 'Custom editable view for DEPOSITO', 'role_edit', 0, '{"level_1":"INVENTORY","level_2":"NETWORK","level_3":"NODE"}', NULL, 'Deposito', NULL, NULL, NULL, NULL, NULL, NULL);
INSERT INTO sys_table VALUES ('ve_node_deposito_desbordamiento', 'Custom editable view for DEPOSITO_DESBORDAMIENTO', 'role_edit', 0, '{"level_1":"INVENTORY","level_2":"NETWORK","level_3":"NODE"}', NULL, 'Deposito_Desbordamiento', NULL, NULL, NULL, NULL, NULL, NULL);
INSERT INTO sys_table VALUES ('ve_node_desague', 'Custom editable view for DESAGUE', 'role_edit', 0, '{"level_1":"INVENTORY","level_2":"NETWORK","level_3":"NODE"}', NULL, 'Desague', NULL, NULL, NULL, NULL, NULL, NULL);
INSERT INTO sys_table VALUES ('ve_node_edar', 'Custom editable view for EDAR', 'role_edit', 0, '{"level_1":"INVENTORY","level_2":"NETWORK","level_3":"NODE"}', NULL, 'Edar', NULL, NULL, NULL, NULL, NULL, NULL);
INSERT INTO sys_table VALUES ('ve_node_elemento_topo', 'Custom editable view for ELEMENTO_TOPO', 'role_edit', 0, '{"level_1":"INVENTORY","level_2":"NETWORK","level_3":"NODE"}', NULL, 'Elemento_Topo', NULL, NULL, NULL, NULL, NULL, NULL);
INSERT INTO sys_table VALUES ('ve_node_estacion_bombeo', 'Custom editable view for ESTACION_BOMBEO', 'role_edit', 0, '{"level_1":"INVENTORY","level_2":"NETWORK","level_3":"NODE"}', NULL, 'Estacion_Bombeo', NULL, NULL, NULL, NULL, NULL, NULL);
INSERT INTO sys_table VALUES ('ve_arc_ficticio', 'Custom editable view for FICTICIO', 'role_edit', 0, '{"level_1":"INVENTORY","level_2":"NETWORK","level_3":"ARC"}', NULL, 'Ficticio', NULL, NULL, NULL, NULL, NULL, NULL);
INSERT INTO sys_table VALUES ('ve_arc_impulsion', 'Custom editable view for IMPULSION', 'role_edit', 0, '{"level_1":"INVENTORY","level_2":"NETWORK","level_3":"ARC"}', NULL, 'Impulsion', NULL, NULL, NULL, NULL, NULL, NULL);
INSERT INTO sys_table VALUES ('ve_node_inicio', 'Custom editable view for INICIO', 'role_edit', 0, '{"level_1":"INVENTORY","level_2":"NETWORK","level_3":"NODE"}', NULL, 'Inicio', NULL, NULL, NULL, NULL, NULL, NULL);
INSERT INTO sys_table VALUES ('ve_node_nodo_ficticio', 'Custom editable view for NODO_FICTICIO', 'role_edit', 0, '{"level_1":"INVENTORY","level_2":"NETWORK","level_3":"NODE"}', NULL, 'Nodo_Ficticio', NULL, NULL, NULL, NULL, NULL, NULL);
INSERT INTO sys_table VALUES ('ve_node_pozo_circular', 'Custom editable view for POZO_CIRCULAR', 'role_edit', 0, '{"level_1":"INVENTORY","level_2":"NETWORK","level_3":"NODE"}', NULL, 'Pozo_Circular', NULL, NULL, NULL, NULL, NULL, NULL);
INSERT INTO sys_table VALUES ('ve_node_pozo_rectangular', 'Custom editable view for POZO_RECTANGULAR', 'role_edit', 0, '{"level_1":"INVENTORY","level_2":"NETWORK","level_3":"NODE"}', NULL, 'Pozo_Rectangular', NULL, NULL, NULL, NULL, NULL, NULL);
INSERT INTO sys_table VALUES ('ve_node_aliviadero', 'Custom editable view for ALIVIADERO', 'role_edit', 0, '{"level_1":"INVENTORY","level_2":"NETWORK","level_3":"NODE"}', NULL, 'Aliviadero', NULL, NULL, NULL, NULL, NULL, NULL);
INSERT INTO sys_table VALUES ('ve_node_punto_alto', 'Custom editable view for PUNTO_ALTO', 'role_edit', 0, '{"level_1":"INVENTORY","level_2":"NETWORK","level_3":"NODE"}', NULL, 'Punto_Alto', NULL, NULL, NULL, NULL, NULL, NULL);
INSERT INTO sys_table VALUES ('ve_arc_rapido', 'Custom editable view for RAPIDO', 'role_edit', 0, '{"level_1":"INVENTORY","level_2":"NETWORK","level_3":"ARC"}', NULL, 'Rapido', NULL, NULL, NULL, NULL, NULL, NULL);
INSERT INTO sys_table VALUES ('ve_node_registro', 'Custom editable view for REGISTRO', 'role_edit', 0, '{"level_1":"INVENTORY","level_2":"NETWORK","level_3":"NODE"}', NULL, 'Registro', NULL, NULL, NULL, NULL, NULL, NULL);
INSERT INTO sys_table VALUES ('ve_gully_reja', 'Custom editable view for REJA', 'role_edit', 0, '{"level_1":"INVENTORY","level_2":"NETWORK","level_3":"GULLY"}', NULL, 'Reja', NULL, NULL, NULL, NULL, NULL, NULL);
INSERT INTO sys_table VALUES ('ve_node_salto', 'Custom editable view for SALTO', 'role_edit', 0, '{"level_1":"INVENTORY","level_2":"NETWORK","level_3":"NODE"}', NULL, 'Salto', NULL, NULL, NULL, NULL, NULL, NULL);
INSERT INTO sys_table VALUES ('ve_arc_sifon', 'Custom editable view for SIFON', 'role_edit', 0, '{"level_1":"INVENTORY","level_2":"NETWORK","level_3":"ARC"}', NULL, 'Sifon', NULL, NULL, NULL, NULL, NULL, NULL);
INSERT INTO sys_table VALUES ('ve_gully_sumidero', 'Custom editable view for SUMIDERO', 'role_edit', 0, '{"level_1":"INVENTORY","level_2":"NETWORK","level_3":"GULLY"}', NULL, 'Sumidero', NULL, NULL, NULL, NULL, NULL, NULL);
INSERT INTO sys_table VALUES ('ve_gully_sumidero_ficticio', 'Custom editable view for SUMIDERO_FICTICIO', 'role_edit', 0, '{"level_1":"INVENTORY","level_2":"NETWORK","level_3":"GULLY"}', NULL, 'Sumidero_Ficticio', NULL, NULL, NULL, NULL, NULL, NULL);
INSERT INTO sys_table VALUES ('ve_node_sumidero_topo', 'Custom editable view for SUMIDERO_TOPO', 'role_edit', 0, '{"level_1":"INVENTORY","level_2":"NETWORK","level_3":"NODE"}', NULL, 'Sumidero_Topo', NULL, NULL, NULL, NULL, NULL, NULL);
INSERT INTO sys_table VALUES ('ve_node_union', 'Custom editable view for UNION', 'role_edit', 0, '{"level_1":"INVENTORY","level_2":"NETWORK","level_3":"NODE"}', NULL, 'Union', NULL, NULL, NULL, NULL, NULL, NULL);
INSERT INTO sys_table VALUES ('ve_node_valvula', 'Custom editable view for VALVULA', 'role_edit', 0, '{"level_1":"INVENTORY","level_2":"NETWORK","level_3":"NODE"}', NULL, 'Valvula', NULL, NULL, NULL, NULL, NULL, NULL);
